2026-05-11 22:57:41,622 | 1748411 | 139859943147328 | [open_context_base.py:410] _init_connect_sync: New connect ready: conn=7459617737519461030(1) context=<futu.quote.open_quote_context.OpenQuoteContext object at 0x7f33303cd250>
2026-05-11 22:57:42,014 | 1748411 | 139857820628672 | [open_context_base.py:518] on_disconnect: Disconnected: conn=0(1) reason=CallClose
2026-05-11 22:57:42,018 | 1748411 | 139859943147328 | [open_context_base.py:410] _init_connect_sync: New connect ready: conn=7459617739187058860(2) context=<futu.quote.open_quote_context.OpenQuoteContext object at 0x7f3330443c50>
2026-05-11 22:57:42,388 | 1748411 | 139857820628672 | [open_context_base.py:518] on_disconnect: Disconnected: conn=0(2) reason=CallClose
/projects/vnpy/state/runs/candidate_inputs.prepare.report.json
{
  "schema_version": "candidate_prepare_report_v3",
  "generated_at": "2026-05-11T22:57:41.619555+08:00",
  "as_of_date": "2026-05-11",
  "report_path": "/projects/vnpy/state/runs/candidate_inputs.prepare.report.json",
  "per_market_report_paths": {
    "hong_kong": "/projects/vnpy/state/runs/candidate_inputs.prepare.report.hong_kong.json"
  },
  "per_market_dynamic_paths": {
    "hong_kong": "/projects/vnpy/state/runs/candidate_inputs.dynamic.hong_kong.json"
  },
  "mode": "dynamic_market_scoped",
  "strategy_requested": "knot_first",
  "target_markets": [
    "hong_kong"
  ],
  "dynamic_path": "/projects/vnpy/state/runs/candidate_inputs.dynamic.json",
  "dry_run": false,
  "written": true,
  "market_runs": [
    {
      "market": "hong_kong",
      "strategy_requested": "knot_first",
      "strategy_used": "score_first",
      "knot_status": "unavailable_fallback_to_score_first:knot_client_unconfigured",
      "knot_seed_count": 0,
      "universe_size": 200,
      "universe_preset": "large_cap",
      "scored_count": 200,
      "kept_count": 20,
      "source_files": [
        "/projects/vnpy/state/runs/candidate_inputs.dynamic.hong_kong.seed.json"
      ],
      "warnings": [
        "Knot seed unavailable for hong_kong; downgraded to score_first (knot_client_unconfigured)."
      ],
      "written": true,
      "output_path": "/projects/vnpy/state/runs/candidate_inputs.dynamic.hong_kong.json",
      "top_symbols": [
        {
          "symbol": "00148.HK",
          "raw_score": 0.7574
        },
        {
          "symbol": "00169.HK",
          "raw_score": 0.7402
        },
        {
          "symbol": "00022.HK",
          "raw_score": 0.7217
        },
        {
          "symbol": "00182.HK",
          "raw_score": 0.7152
        },
        {
          "symbol": "00133.HK",
          "raw_score": 0.7147
        },
        {
          "symbol": "00048.HK",
          "raw_score": 0.7139
        },
        {
          "symbol": "00119.HK",
          "raw_score": 0.6926
        },
        {
          "symbol": "00201.HK",
          "raw_score": 0.6863
        },
        {
          "symbol": "00031.HK",
          "raw_score": 0.6789
        },
        {
          "symbol": "00188.HK",
          "raw_score": 0.6753
        }
      ]
    }
  ],
  "summary": {
    "total_items": 20,
    "market_counts": {
      "hong_kong": 20
    },
    "include_market_data": true,
    "knot_runtime": "auto",
    "warnings": [
      "Knot seed unavailable for hong_kong; downgraded to score_first (knot_client_unconfigured)."
    ]
  }
}
2026-05-11 22:58:47,794 | 1749559 | 140011791353664 | [open_context_base.py:410] _init_connect_sync: New connect ready: conn=7459618015071148052(1) context=<futu.quote.open_quote_context.OpenQuoteContext object at 0x7f568b17d590>
2026-05-11 22:58:48,178 | 1749559 | 140009668830912 | [open_context_base.py:518] on_disconnect: Disconnected: conn=0(1) reason=CallClose
2026-05-11 22:58:48,181 | 1749559 | 140011791353664 | [open_context_base.py:410] _init_connect_sync: New connect ready: conn=7459618016695466857(2) context=<futu.quote.open_quote_context.OpenQuoteContext object at 0x7f568b1b7c50>
2026-05-11 22:58:48,503 | 1749559 | 140009668830912 | [open_context_base.py:518] on_disconnect: Disconnected: conn=0(2) reason=CallClose
/projects/vnpy/state/runs/candidate_inputs.prepare.report.json
{
  "schema_version": "candidate_prepare_report_v3",
  "generated_at": "2026-05-11T22:58:47.774493+08:00",
  "as_of_date": "2026-05-11",
  "report_path": "/projects/vnpy/state/runs/candidate_inputs.prepare.report.json",
  "per_market_report_paths": {
    "hong_kong": "/projects/vnpy/state/runs/candidate_inputs.prepare.report.hong_kong.json"
  },
  "per_market_dynamic_paths": {
    "hong_kong": "/projects/vnpy/state/runs/candidate_inputs.dynamic.hong_kong.json"
  },
  "mode": "dynamic_market_scoped",
  "strategy_requested": "knot_first",
  "target_markets": [
    "hong_kong"
  ],
  "dynamic_path": "/projects/vnpy/state/runs/candidate_inputs.dynamic.json",
  "dry_run": false,
  "written": true,
  "market_runs": [
    {
      "market": "hong_kong",
      "strategy_requested": "knot_first",
      "strategy_used": "score_first",
      "knot_status": "unavailable_fallback_to_score_first:knot_client_unconfigured",
      "knot_seed_count": 0,
      "universe_size": 200,
      "universe_preset": "large_cap",
      "scored_count": 200,
      "kept_count": 20,
      "source_files": [
        "/projects/vnpy/state/runs/candidate_inputs.dynamic.hong_kong.seed.json"
      ],
      "warnings": [
        "Knot seed unavailable for hong_kong; downgraded to score_first (knot_client_unconfigured)."
      ],
      "written": true,
      "output_path": "/projects/vnpy/state/runs/candidate_inputs.dynamic.hong_kong.json",
      "top_symbols": [
        {
          "symbol": "00148.HK",
          "raw_score": 0.7574
        },
        {
          "symbol": "00169.HK",
          "raw_score": 0.7402
        },
        {
          "symbol": "00022.HK",
          "raw_score": 0.7217
        },
        {
          "symbol": "00182.HK",
          "raw_score": 0.7152
        },
        {
          "symbol": "00133.HK",
          "raw_score": 0.7147
        },
        {
          "symbol": "00048.HK",
          "raw_score": 0.7139
        },
        {
          "symbol": "00119.HK",
          "raw_score": 0.6926
        },
        {
          "symbol": "00201.HK",
          "raw_score": 0.6863
        },
        {
          "symbol": "00031.HK",
          "raw_score": 0.6789
        },
        {
          "symbol": "00188.HK",
          "raw_score": 0.6753
        }
      ]
    }
  ],
  "summary": {
    "total_items": 20,
    "market_counts": {
      "hong_kong": 20
    },
    "include_market_data": true,
    "knot_runtime": "auto",
    "warnings": [
      "Knot seed unavailable for hong_kong; downgraded to score_first (knot_client_unconfigured)."
    ]
  }
}
2026-05-11 23:03:49,119 | 1754439 | 139688730605376 | [open_context_base.py:410] _init_connect_sync: New connect ready: conn=7459619278917707211(1) context=<futu.quote.open_quote_context.OpenQuoteContext object at 0x7f0b532d4d50>
2026-05-11 23:03:50,150 | 1754439 | 139686608074432 | [open_context_base.py:518] on_disconnect: Disconnected: conn=0(1) reason=CallClose
2026-05-11 23:03:50,154 | 1754439 | 139688730605376 | [open_context_base.py:410] _init_connect_sync: New connect ready: conn=7459619283259716593(2) context=<futu.quote.open_quote_context.OpenQuoteContext object at 0x7f0b53350750>
2026-05-11 23:03:50,160 | 1754439 | 139686608074432 | [open_context_base.py:518] on_disconnect: Disconnected: conn=0(2) reason=CallClose
2026-05-11 23:03:50,161 | 1754439 | 139688730605376 | [open_context_base.py:410] _init_connect_sync: New connect ready: conn=7459619283295789006(3) context=<futu.quote.open_quote_context.OpenQuoteContext object at 0x7f0b53353990>
2026-05-11 23:03:50,173 | 1754439 | 139686608074432 | [open_context_base.py:518] on_disconnect: Disconnected: conn=0(3) reason=CallClose
2026-05-11 23:03:50,175 | 1754439 | 139688730605376 | [open_context_base.py:410] _init_connect_sync: New connect ready: conn=7459619283347059648(4) context=<futu.quote.open_quote_context.OpenQuoteContext object at 0x7f0b53354050>
2026-05-11 23:03:50,177 | 1754439 | 139686608074432 | [open_context_base.py:518] on_disconnect: Disconnected: conn=0(4) reason=CallClose
2026-05-11 23:03:50,178 | 1754439 | 139688730605376 | [open_context_base.py:410] _init_connect_sync: New connect ready: conn=7459619283361242583(5) context=<futu.quote.open_quote_context.OpenQuoteContext object at 0x7f0b53354550>
2026-05-11 23:03:50,180 | 1754439 | 139686608074432 | [open_context_base.py:518] on_disconnect: Disconnected: conn=0(5) reason=CallClose
2026-05-11 23:03:50,180 | 1754439 | 139688730605376 | [open_context_base.py:410] _init_connect_sync: New connect ready: conn=7459619283373771137(6) context=<futu.quote.open_quote_context.OpenQuoteContext object at 0x7f0b53356c10>
2026-05-11 23:03:50,182 | 1754439 | 139686608074432 | [open_context_base.py:518] on_disconnect: Disconnected: conn=0(6) reason=CallClose
2026-05-11 23:03:50,183 | 1754439 | 139688730605376 | [open_context_base.py:410] _init_connect_sync: New connect ready: conn=7459619283387605608(7) context=<futu.quote.open_quote_context.OpenQuoteContext object at 0x7f0b5335a950>
2026-05-11 23:03:50,184 | 1754439 | 139686608074432 | [open_context_base.py:518] on_disconnect: Disconnected: conn=0(7) reason=CallClose
2026-05-11 23:03:50,185 | 1754439 | 139688730605376 | [open_context_base.py:410] _init_connect_sync: New connect ready: conn=7459619283393836772(8) context=<futu.quote.open_quote_context.OpenQuoteContext object at 0x7f0b5335a150>
2026-05-11 23:03:50,186 | 1754439 | 139686608074432 | [open_context_base.py:518] on_disconnect: Disconnected: conn=0(8) reason=CallClose
2026-05-11 23:03:50,188 | 1754439 | 139688730605376 | [open_context_base.py:410] _init_connect_sync: New connect ready: conn=7459619283403098398(9) context=<futu.quote.open_quote_context.OpenQuoteContext object at 0x7f0b5335abd0>
2026-05-11 23:03:50,295 | 1754439 | 139686608074432 | [open_context_base.py:518] on_disconnect: Disconnected: conn=0(9) reason=CallClose
2026-05-11 23:03:50,296 | 1754439 | 139688730605376 | [open_context_base.py:410] _init_connect_sync: New connect ready: conn=7459619283854116693(10) context=<futu.quote.open_quote_context.OpenQuoteContext object at 0x7f0b55bf35d0>
2026-05-11 23:03:50,298 | 1754439 | 139686608074432 | [open_context_base.py:518] on_disconnect: Disconnected: conn=0(10) reason=CallClose
2026-05-11 23:03:50,299 | 1754439 | 139688730605376 | [open_context_base.py:410] _init_connect_sync: New connect ready: conn=7459619283866986106(11) context=<futu.quote.open_quote_context.OpenQuoteContext object at 0x7f0b5335b810>
2026-05-11 23:03:50,300 | 1754439 | 139686608074432 | [open_context_base.py:518] on_disconnect: Disconnected: conn=0(11) reason=CallClose
2026-05-11 23:03:50,301 | 1754439 | 139688730605376 | [open_context_base.py:410] _init_connect_sync: New connect ready: conn=7459619283878592318(12) context=<futu.quote.open_quote_context.OpenQuoteContext object at 0x7f0b53303f50>
2026-05-11 23:03:50,403 | 1754439 | 139686608074432 | [open_context_base.py:518] on_disconnect: Disconnected: conn=0(12) reason=CallClose
2026-05-11 23:03:50,405 | 1754439 | 139688730605376 | [open_context_base.py:410] _init_connect_sync: New connect ready: conn=7459619284311171398(13) context=<futu.quote.open_quote_context.OpenQuoteContext object at 0x7f0b54b29b50>
2026-05-11 23:03:50,507 | 1754439 | 139686608074432 | [open_context_base.py:518] on_disconnect: Disconnected: conn=0(13) reason=CallClose
2026-05-11 23:03:50,512 | 1754439 | 139688730605376 | [open_context_base.py:410] _init_connect_sync: New connect ready: conn=7459619284749476541(14) context=<futu.quote.open_quote_context.OpenQuoteContext object at 0x7f0b53359a50>
2026-05-11 23:03:50,513 | 1754439 | 139686608074432 | [open_context_base.py:518] on_disconnect: Disconnected: conn=0(14) reason=CallClose
2026-05-11 23:03:50,515 | 1754439 | 139688730605376 | [open_context_base.py:410] _init_connect_sync: New connect ready: conn=7459619284773878626(15) context=<futu.quote.open_quote_context.OpenQuoteContext object at 0x7f0b5335a6d0>
2026-05-11 23:03:50,517 | 1754439 | 139686608074432 | [open_context_base.py:518] on_disconnect: Disconnected: conn=0(15) reason=CallClose
2026-05-11 23:03:50,518 | 1754439 | 139688730605376 | [open_context_base.py:410] _init_connect_sync: New connect ready: conn=7459619284792865670(16) context=<futu.quote.open_quote_context.OpenQuoteContext object at 0x7f0b5198b350>
2026-05-11 23:03:50,520 | 1754439 | 139686608074432 | [open_context_base.py:518] on_disconnect: Disconnected: conn=0(16) reason=CallClose
2026-05-11 23:03:50,521 | 1754439 | 139688730605376 | [open_context_base.py:410] _init_connect_sync: New connect ready: conn=7459619284797685998(17) context=<futu.quote.open_quote_context.OpenQuoteContext object at 0x7f0b519896d0>
2026-05-11 23:03:50,523 | 1754439 | 139686608074432 | [open_context_base.py:518] on_disconnect: Disconnected: conn=0(17) reason=CallClose
2026-05-11 23:03:50,524 | 1754439 | 139688730605376 | [open_context_base.py:410] _init_connect_sync: New connect ready: conn=7459619284812662643(18) context=<futu.quote.open_quote_context.OpenQuoteContext object at 0x7f0b5198a550>
2026-05-11 23:03:50,525 | 1754439 | 139686608074432 | [open_context_base.py:518] on_disconnect: Disconnected: conn=0(18) reason=CallClose
2026-05-11 23:03:50,527 | 1754439 | 139688730605376 | [open_context_base.py:410] _init_connect_sync: New connect ready: conn=7459619284824545089(19) context=<futu.quote.open_quote_context.OpenQuoteContext object at 0x7f0b5198a510>
2026-05-11 23:03:50,601 | 1754439 | 139686608074432 | [open_context_base.py:518] on_disconnect: Disconnected: conn=0(19) reason=CallClose
2026-05-11 23:03:50,603 | 1754439 | 139688730605376 | [open_context_base.py:410] _init_connect_sync: New connect ready: conn=7459619285142500841(20) context=<futu.quote.open_quote_context.OpenQuoteContext object at 0x7f0b53305d10>
2026-05-11 23:03:50,673 | 1754439 | 139686608074432 | [open_context_base.py:518] on_disconnect: Disconnected: conn=0(20) reason=CallClose
2026-05-11 23:03:50,675 | 1754439 | 139688730605376 | [open_context_base.py:410] _init_connect_sync: New connect ready: conn=7459619285443539460(21) context=<futu.quote.open_quote_context.OpenQuoteContext object at 0x7f0b54b29b50>
2026-05-11 23:03:50,677 | 1754439 | 139686608074432 | [open_context_base.py:518] on_disconnect: Disconnected: conn=0(21) reason=CallClose
2026-05-11 23:03:50,678 | 1754439 | 139688730605376 | [open_context_base.py:410] _init_connect_sync: New connect ready: conn=7459619285459394409(22) context=<futu.quote.open_quote_context.OpenQuoteContext object at 0x7f0b519905d0>
2026-05-11 23:03:50,680 | 1754439 | 139686608074432 | [open_context_base.py:518] on_disconnect: Disconnected: conn=0(22) reason=CallClose
2026-05-11 23:03:50,681 | 1754439 | 139688730605376 | [open_context_base.py:410] _init_connect_sync: New connect ready: conn=7459619285469876285(23) context=<futu.quote.open_quote_context.OpenQuoteContext object at 0x7f0b53302650>
2026-05-11 23:03:50,754 | 1754439 | 139686608074432 | [open_context_base.py:518] on_disconnect: Disconnected: conn=0(23) reason=CallClose
2026-05-11 23:03:50,755 | 1754439 | 139688730605376 | [open_context_base.py:410] _init_connect_sync: New connect ready: conn=7459619285782847441(24) context=<futu.quote.open_quote_context.OpenQuoteContext object at 0x7f0b51992290>
2026-05-11 23:03:50,757 | 1754439 | 139686608074432 | [open_context_base.py:518] on_disconnect: Disconnected: conn=0(24) reason=CallClose
2026-05-11 23:03:50,758 | 1754439 | 139688730605376 | [open_context_base.py:410] _init_connect_sync: New connect ready: conn=7459619285795478940(25) context=<futu.quote.open_quote_context.OpenQuoteContext object at 0x7f0b51993ed0>
2026-05-11 23:03:50,865 | 1754439 | 139686608074432 | [open_context_base.py:518] on_disconnect: Disconnected: conn=0(25) reason=CallClose
2026-05-11 23:03:50,866 | 1754439 | 139688730605376 | [open_context_base.py:410] _init_connect_sync: New connect ready: conn=7459619286244796797(26) context=<futu.quote.open_quote_context.OpenQuoteContext object at 0x7f0b519927d0>
2026-05-11 23:03:50,868 | 1754439 | 139686608074432 | [open_context_base.py:518] on_disconnect: Disconnected: conn=0(26) reason=CallClose
2026-05-11 23:03:50,869 | 1754439 | 139688730605376 | [open_context_base.py:410] _init_connect_sync: New connect ready: conn=7459619286257498751(27) context=<futu.quote.open_quote_context.OpenQuoteContext object at 0x7f0b5333a4d0>
2026-05-11 23:03:50,948 | 1754439 | 139686608074432 | [open_context_base.py:518] on_disconnect: Disconnected: conn=0(27) reason=CallClose
2026-05-11 23:03:50,949 | 1754439 | 139688730605376 | [open_context_base.py:410] _init_connect_sync: New connect ready: conn=7459619286593656979(28) context=<futu.quote.open_quote_context.OpenQuoteContext object at 0x7f0b5198a410>
2026-05-11 23:03:50,951 | 1754439 | 139686608074432 | [open_context_base.py:518] on_disconnect: Disconnected: conn=0(28) reason=CallClose
2026-05-11 23:03:50,952 | 1754439 | 139688730605376 | [open_context_base.py:410] _init_connect_sync: New connect ready: conn=7459619286605977350(29) context=<futu.quote.open_quote_context.OpenQuoteContext object at 0x7f0b5198a290>
2026-05-11 23:03:50,954 | 1754439 | 139686608074432 | [open_context_base.py:518] on_disconnect: Disconnected: conn=0(29) reason=CallClose
2026-05-11 23:03:50,955 | 1754439 | 139688730605376 | [open_context_base.py:410] _init_connect_sync: New connect ready: conn=7459619286620845889(30) context=<futu.quote.open_quote_context.OpenQuoteContext object at 0x7f0b53318110>
2026-05-11 23:03:50,956 | 1754439 | 139686608074432 | [open_context_base.py:518] on_disconnect: Disconnected: conn=0(30) reason=CallClose
2026-05-11 23:03:50,958 | 1754439 | 139688730605376 | [open_context_base.py:410] _init_connect_sync: New connect ready: conn=7459619286631138098(31) context=<futu.quote.open_quote_context.OpenQuoteContext object at 0x7f0b53319490>
2026-05-11 23:03:50,959 | 1754439 | 139686608074432 | [open_context_base.py:518] on_disconnect: Disconnected: conn=0(31) reason=CallClose
2026-05-11 23:03:50,960 | 1754439 | 139688730605376 | [open_context_base.py:410] _init_connect_sync: New connect ready: conn=7459619286646295864(32) context=<futu.quote.open_quote_context.OpenQuoteContext object at 0x7f0b5331a490>
2026-05-11 23:03:50,962 | 1754439 | 139686608074432 | [open_context_base.py:518] on_disconnect: Disconnected: conn=0(32) reason=CallClose
2026-05-11 23:03:50,963 | 1754439 | 139688730605376 | [open_context_base.py:410] _init_connect_sync: New connect ready: conn=7459619286652163281(33) context=<futu.quote.open_quote_context.OpenQuoteContext object at 0x7f0b5336d710>
2026-05-11 23:03:50,964 | 1754439 | 139686608074432 | [open_context_base.py:518] on_disconnect: Disconnected: conn=0(33) reason=CallClose
2026-05-11 23:03:50,965 | 1754439 | 139688730605376 | [open_context_base.py:410] _init_connect_sync: New connect ready: conn=7459619286661158259(34) context=<futu.quote.open_quote_context.OpenQuoteContext object at 0x7f0b5336ee90>
2026-05-11 23:03:50,966 | 1754439 | 139686608074432 | [open_context_base.py:518] on_disconnect: Disconnected: conn=0(34) reason=CallClose
2026-05-11 23:03:50,967 | 1754439 | 139688730605376 | [open_context_base.py:410] _init_connect_sync: New connect ready: conn=7459619286669824816(35) context=<futu.quote.open_quote_context.OpenQuoteContext object at 0x7f0b53318410>
2026-05-11 23:03:50,969 | 1754439 | 139686608074432 | [open_context_base.py:518] on_disconnect: Disconnected: conn=0(35) reason=CallClose
2026-05-11 23:03:50,980 | 1754439 | 139688730605376 | [open_context_base.py:410] _init_connect_sync: New connect ready: conn=7459619286724996604(36) context=<futu.quote.open_quote_context.OpenQuoteContext object at 0x7f0b519aec50>
2026-05-11 23:03:50,982 | 1754439 | 139686608074432 | [open_context_base.py:518] on_disconnect: Disconnected: conn=0(36) reason=CallClose
2026-05-11 23:03:50,983 | 1754439 | 139688730605376 | [open_context_base.py:410] _init_connect_sync: New connect ready: conn=7459619286736244361(37) context=<futu.quote.open_quote_context.OpenQuoteContext object at 0x7f0b519af850>
2026-05-11 23:03:50,985 | 1754439 | 139686608074432 | [open_context_base.py:518] on_disconnect: Disconnected: conn=0(37) reason=CallClose
2026-05-11 23:03:50,986 | 1754439 | 139688730605376 | [open_context_base.py:410] _init_connect_sync: New connect ready: conn=7459619286751053821(38) context=<futu.quote.open_quote_context.OpenQuoteContext object at 0x7f0b519af0d0>
2026-05-11 23:03:50,988 | 1754439 | 139686608074432 | [open_context_base.py:518] on_disconnect: Disconnected: conn=0(38) reason=CallClose
2026-05-11 23:03:50,989 | 1754439 | 139688730605376 | [open_context_base.py:410] _init_connect_sync: New connect ready: conn=7459619286762563797(39) context=<futu.quote.open_quote_context.OpenQuoteContext object at 0x7f0b519aea50>
2026-05-11 23:03:50,991 | 1754439 | 139686608074432 | [open_context_base.py:518] on_disconnect: Disconnected: conn=0(39) reason=CallClose
2026-05-11 23:03:50,992 | 1754439 | 139688730605376 | [open_context_base.py:410] _init_connect_sync: New connect ready: conn=7459619286777964850(40) context=<futu.quote.open_quote_context.OpenQuoteContext object at 0x7f0b519ac5d0>
2026-05-11 23:03:51,063 | 1754439 | 139686608074432 | [open_context_base.py:518] on_disconnect: Disconnected: conn=0(40) reason=CallClose
2026-05-11 23:03:51,065 | 1754439 | 139688730605376 | [open_context_base.py:410] _init_connect_sync: New connect ready: conn=7459619287082575683(41) context=<futu.quote.open_quote_context.OpenQuoteContext object at 0x7f0b5198b6d0>
2026-05-11 23:03:51,066 | 1754439 | 139686608074432 | [open_context_base.py:518] on_disconnect: Disconnected: conn=0(41) reason=CallClose
2026-05-11 23:03:51,067 | 1754439 | 139688730605376 | [open_context_base.py:410] _init_connect_sync: New connect ready: conn=7459619287091986709(42) context=<futu.quote.open_quote_context.OpenQuoteContext object at 0x7f0b53305d10>
2026-05-11 23:03:51,070 | 1754439 | 139686608074432 | [open_context_base.py:518] on_disconnect: Disconnected: conn=0(42) reason=CallClose
2026-05-11 23:03:51,071 | 1754439 | 139688730605376 | [open_context_base.py:410] _init_connect_sync: New connect ready: conn=7459619287104249117(43) context=<futu.quote.open_quote_context.OpenQuoteContext object at 0x7f0b519ac7d0>
2026-05-11 23:03:51,073 | 1754439 | 139686608074432 | [open_context_base.py:518] on_disconnect: Disconnected: conn=0(43) reason=CallClose
2026-05-11 23:03:51,074 | 1754439 | 139688730605376 | [open_context_base.py:410] _init_connect_sync: New connect ready: conn=7459619287120837605(44) context=<futu.quote.open_quote_context.OpenQuoteContext object at 0x7f0b519ac6d0>
2026-05-11 23:03:51,076 | 1754439 | 139686608074432 | [open_context_base.py:518] on_disconnect: Disconnected: conn=0(44) reason=CallClose
2026-05-11 23:03:51,077 | 1754439 | 139688730605376 | [open_context_base.py:410] _init_connect_sync: New connect ready: conn=7459619287131307831(45) context=<futu.quote.open_quote_context.OpenQuoteContext object at 0x7f0b5336ab90>
2026-05-11 23:03:51,078 | 1754439 | 139686608074432 | [open_context_base.py:518] on_disconnect: Disconnected: conn=0(45) reason=CallClose
2026-05-11 23:03:51,079 | 1754439 | 139688730605376 | [open_context_base.py:410] _init_connect_sync: New connect ready: conn=7459619287143901278(46) context=<futu.quote.open_quote_context.OpenQuoteContext object at 0x7f0b5336b1d0>
2026-05-11 23:03:51,158 | 1754439 | 139686608074432 | [open_context_base.py:518] on_disconnect: Disconnected: conn=0(46) reason=CallClose
2026-05-11 23:03:51,160 | 1754439 | 139688730605376 | [open_context_base.py:410] _init_connect_sync: New connect ready: conn=7459619287481551025(47) context=<futu.quote.open_quote_context.OpenQuoteContext object at 0x7f0b53369890>
2026-05-11 23:03:51,162 | 1754439 | 139686608074432 | [open_context_base.py:518] on_disconnect: Disconnected: conn=0(47) reason=CallClose
2026-05-11 23:03:51,164 | 1754439 | 139688730605376 | [open_context_base.py:410] _init_connect_sync: New connect ready: conn=7459619287496758428(48) context=<futu.quote.open_quote_context.OpenQuoteContext object at 0x7f0b5331a750>
2026-05-11 23:03:51,166 | 1754439 | 139686608074432 | [open_context_base.py:518] on_disconnect: Disconnected: conn=0(48) reason=CallClose
2026-05-11 23:03:51,167 | 1754439 | 139688730605376 | [open_context_base.py:410] _init_connect_sync: New connect ready: conn=7459619287510180016(49) context=<futu.quote.open_quote_context.OpenQuoteContext object at 0x7f0b5331a950>
2026-05-11 23:03:51,169 | 1754439 | 139686608074432 | [open_context_base.py:518] on_disconnect: Disconnected: conn=0(49) reason=CallClose
2026-05-11 23:03:51,171 | 1754439 | 139688730605376 | [open_context_base.py:410] _init_connect_sync: New connect ready: conn=7459619287526047937(50) context=<futu.quote.open_quote_context.OpenQuoteContext object at 0x7f0b5336c5d0>
2026-05-11 23:03:51,244 | 1754439 | 139686608074432 | [open_context_base.py:518] on_disconnect: Disconnected: conn=0(50) reason=CallClose
2026-05-11 23:03:51,246 | 1754439 | 139688730605376 | [open_context_base.py:410] _init_connect_sync: New connect ready: conn=7459619287839143695(51) context=<futu.quote.open_quote_context.OpenQuoteContext object at 0x7f0b53339a10>
2026-05-11 23:03:51,248 | 1754439 | 139686608074432 | [open_context_base.py:518] on_disconnect: Disconnected: conn=0(51) reason=CallClose
2026-05-11 23:03:51,249 | 1754439 | 139688730605376 | [open_context_base.py:410] _init_connect_sync: New connect ready: conn=7459619287852404803(52) context=<futu.quote.open_quote_context.OpenQuoteContext object at 0x7f0b5336e450>
2026-05-11 23:03:51,333 | 1754439 | 139686608074432 | [open_context_base.py:518] on_disconnect: Disconnected: conn=0(52) reason=CallClose
2026-05-11 23:03:51,335 | 1754439 | 139688730605376 | [open_context_base.py:410] _init_connect_sync: New connect ready: conn=7459619288213599469(53) context=<futu.quote.open_quote_context.OpenQuoteContext object at 0x7f0b534abdd0>
2026-05-11 23:03:51,336 | 1754439 | 139686608074432 | [open_context_base.py:518] on_disconnect: Disconnected: conn=0(53) reason=CallClose
2026-05-11 23:03:51,337 | 1754439 | 139688730605376 | [open_context_base.py:410] _init_connect_sync: New connect ready: conn=7459619288225159352(54) context=<futu.quote.open_quote_context.OpenQuoteContext object at 0x7f0b534a1a10>
2026-05-11 23:03:51,339 | 1754439 | 139686608074432 | [open_context_base.py:518] on_disconnect: Disconnected: conn=0(54) reason=CallClose
2026-05-11 23:03:51,340 | 1754439 | 139688730605376 | [open_context_base.py:410] _init_connect_sync: New connect ready: conn=7459619288233843113(55) context=<futu.quote.open_quote_context.OpenQuoteContext object at 0x7f0b534a3890>
2026-05-11 23:03:51,341 | 1754439 | 139686608074432 | [open_context_base.py:518] on_disconnect: Disconnected: conn=0(55) reason=CallClose
2026-05-11 23:03:51,342 | 1754439 | 139688730605376 | [open_context_base.py:410] _init_connect_sync: New connect ready: conn=7459619288241178197(56) context=<futu.quote.open_quote_context.OpenQuoteContext object at 0x7f0b534a0f10>
2026-05-11 23:03:51,343 | 1754439 | 139686608074432 | [open_context_base.py:518] on_disconnect: Disconnected: conn=0(56) reason=CallClose
2026-05-11 23:03:51,344 | 1754439 | 139688730605376 | [open_context_base.py:410] _init_connect_sync: New connect ready: conn=7459619288249945337(57) context=<futu.quote.open_quote_context.OpenQuoteContext object at 0x7f0b534a0110>
2026-05-11 23:03:51,389 | 1754439 | 139686608074432 | [open_context_base.py:518] on_disconnect: Disconnected: conn=0(57) reason=CallClose
2026-05-11 23:03:51,391 | 1754439 | 139688730605376 | [open_context_base.py:410] _init_connect_sync: New connect ready: conn=7459619288449590389(58) context=<futu.quote.open_quote_context.OpenQuoteContext object at 0x7f0b55346610>
2026-05-11 23:03:51,393 | 1754439 | 139686608074432 | [open_context_base.py:518] on_disconnect: Disconnected: conn=0(58) reason=CallClose
2026-05-11 23:03:51,395 | 1754439 | 139688730605376 | [open_context_base.py:410] _init_connect_sync: New connect ready: conn=7459619288464647001(59) context=<futu.quote.open_quote_context.OpenQuoteContext object at 0x7f0b534ad510>
2026-05-11 23:03:51,396 | 1754439 | 139686608074432 | [open_context_base.py:518] on_disconnect: Disconnected: conn=0(59) reason=CallClose
2026-05-11 23:03:51,397 | 1754439 | 139688730605376 | [open_context_base.py:410] _init_connect_sync: New connect ready: conn=7459619288474487100(60) context=<futu.quote.open_quote_context.OpenQuoteContext object at 0x7f0b534ad190>
2026-05-11 23:03:51,398 | 1754439 | 139686608074432 | [open_context_base.py:518] on_disconnect: Disconnected: conn=0(60) reason=CallClose
2026-05-11 23:03:51,399 | 1754439 | 139688730605376 | [open_context_base.py:410] _init_connect_sync: New connect ready: conn=7459619288485262997(61) context=<futu.quote.open_quote_context.OpenQuoteContext object at 0x7f0b534a0710>
2026-05-11 23:03:51,400 | 1754439 | 139686608074432 | [open_context_base.py:518] on_disconnect: Disconnected: conn=0(61) reason=CallClose
2026-05-11 23:03:51,401 | 1754439 | 139688730605376 | [open_context_base.py:410] _init_connect_sync: New connect ready: conn=7459619288495611109(62) context=<futu.quote.open_quote_context.OpenQuoteContext object at 0x7f0b534a3190>
2026-05-11 23:03:51,402 | 1754439 | 139686608074432 | [open_context_base.py:518] on_disconnect: Disconnected: conn=0(62) reason=CallClose
2026-05-11 23:03:51,403 | 1754439 | 139688730605376 | [open_context_base.py:410] _init_connect_sync: New connect ready: conn=7459619288501781769(63) context=<futu.quote.open_quote_context.OpenQuoteContext object at 0x7f0b534982d0>
2026-05-11 23:03:51,404 | 1754439 | 139686608074432 | [open_context_base.py:518] on_disconnect: Disconnected: conn=0(63) reason=CallClose
2026-05-11 23:03:51,405 | 1754439 | 139688730605376 | [open_context_base.py:410] _init_connect_sync: New connect ready: conn=7459619288506483154(64) context=<futu.quote.open_quote_context.OpenQuoteContext object at 0x7f0b5349bad0>
2026-05-11 23:03:51,406 | 1754439 | 139686608074432 | [open_context_base.py:518] on_disconnect: Disconnected: conn=0(64) reason=CallClose
2026-05-11 23:03:51,407 | 1754439 | 139688730605376 | [open_context_base.py:410] _init_connect_sync: New connect ready: conn=7459619288515427018(65) context=<futu.quote.open_quote_context.OpenQuoteContext object at 0x7f0b534ace90>
2026-05-11 23:03:51,408 | 1754439 | 139686608074432 | [open_context_base.py:518] on_disconnect: Disconnected: conn=0(65) reason=CallClose
2026-05-11 23:03:51,409 | 1754439 | 139688730605376 | [open_context_base.py:410] _init_connect_sync: New connect ready: conn=7459619288525874100(66) context=<futu.quote.open_quote_context.OpenQuoteContext object at 0x7f0b53489590>
2026-05-11 23:03:51,410 | 1754439 | 139686608074432 | [open_context_base.py:518] on_disconnect: Disconnected: conn=0(66) reason=CallClose
2026-05-11 23:03:51,411 | 1754439 | 139688730605376 | [open_context_base.py:410] _init_connect_sync: New connect ready: conn=7459619288531110682(67) context=<futu.quote.open_quote_context.OpenQuoteContext object at 0x7f0b53489910>
2026-05-11 23:03:51,412 | 1754439 | 139686608074432 | [open_context_base.py:518] on_disconnect: Disconnected: conn=0(67) reason=CallClose
2026-05-11 23:03:51,413 | 1754439 | 139688730605376 | [open_context_base.py:410] _init_connect_sync: New connect ready: conn=7459619288538855346(68) context=<futu.quote.open_quote_context.OpenQuoteContext object at 0x7f0b53485b90>
2026-05-11 23:03:51,414 | 1754439 | 139686608074432 | [open_context_base.py:518] on_disconnect: Disconnected: conn=0(68) reason=CallClose
2026-05-11 23:03:51,414 | 1754439 | 139688730605376 | [open_context_base.py:410] _init_connect_sync: New connect ready: conn=7459619288551130746(69) context=<futu.quote.open_quote_context.OpenQuoteContext object at 0x7f0b5347e010>
2026-05-11 23:03:51,415 | 1754439 | 139686608074432 | [open_context_base.py:518] on_disconnect: Disconnected: conn=0(69) reason=CallClose
2026-05-11 23:03:51,416 | 1754439 | 139688730605376 | [open_context_base.py:410] _init_connect_sync: New connect ready: conn=7459619288556741719(70) context=<futu.quote.open_quote_context.OpenQuoteContext object at 0x7f0b53487190>
2026-05-11 23:03:51,417 | 1754439 | 139686608074432 | [open_context_base.py:518] on_disconnect: Disconnected: conn=0(70) reason=CallClose
2026-05-11 23:03:51,418 | 1754439 | 139688730605376 | [open_context_base.py:410] _init_connect_sync: New connect ready: conn=7459619288561971591(71) context=<futu.quote.open_quote_context.OpenQuoteContext object at 0x7f0b53484f90>
2026-05-11 23:03:51,419 | 1754439 | 139686608074432 | [open_context_base.py:518] on_disconnect: Disconnected: conn=0(71) reason=CallClose
2026-05-11 23:03:51,420 | 1754439 | 139688730605376 | [open_context_base.py:410] _init_connect_sync: New connect ready: conn=7459619288570606713(72) context=<futu.quote.open_quote_context.OpenQuoteContext object at 0x7f0b5348bd50>
2026-05-11 23:03:51,421 | 1754439 | 139686608074432 | [open_context_base.py:518] on_disconnect: Disconnected: conn=0(72) reason=CallClose
2026-05-11 23:03:51,422 | 1754439 | 139688730605376 | [open_context_base.py:410] _init_connect_sync: New connect ready: conn=7459619288579682233(73) context=<futu.quote.open_quote_context.OpenQuoteContext object at 0x7f0b5348bb90>
2026-05-11 23:03:51,423 | 1754439 | 139686608074432 | [open_context_base.py:518] on_disconnect: Disconnected: conn=0(73) reason=CallClose
2026-05-11 23:03:51,424 | 1754439 | 139688730605376 | [open_context_base.py:410] _init_connect_sync: New connect ready: conn=7459619288586045190(74) context=<futu.quote.open_quote_context.OpenQuoteContext object at 0x7f0b53498a10>
2026-05-11 23:03:51,425 | 1754439 | 139686608074432 | [open_context_base.py:518] on_disconnect: Disconnected: conn=0(74) reason=CallClose
2026-05-11 23:03:51,425 | 1754439 | 139688730605376 | [open_context_base.py:410] _init_connect_sync: New connect ready: conn=7459619288596962630(75) context=<futu.quote.open_quote_context.OpenQuoteContext object at 0x7f0b534a0450>
2026-05-11 23:03:51,426 | 1754439 | 139686608074432 | [open_context_base.py:518] on_disconnect: Disconnected: conn=0(75) reason=CallClose
2026-05-11 23:03:51,427 | 1754439 | 139688730605376 | [open_context_base.py:410] _init_connect_sync: New connect ready: conn=7459619288604220070(76) context=<futu.quote.open_quote_context.OpenQuoteContext object at 0x7f0b534a3550>
2026-05-11 23:03:51,428 | 1754439 | 139686608074432 | [open_context_base.py:518] on_disconnect: Disconnected: conn=0(76) reason=CallClose
2026-05-11 23:03:51,429 | 1754439 | 139688730605376 | [open_context_base.py:410] _init_connect_sync: New connect ready: conn=7459619288610107479(77) context=<futu.quote.open_quote_context.OpenQuoteContext object at 0x7f0b534934d0>
2026-05-11 23:03:51,430 | 1754439 | 139686608074432 | [open_context_base.py:518] on_disconnect: Disconnected: conn=0(77) reason=CallClose
2026-05-11 23:03:51,431 | 1754439 | 139688730605376 | [open_context_base.py:410] _init_connect_sync: New connect ready: conn=7459619288618153795(78) context=<futu.quote.open_quote_context.OpenQuoteContext object at 0x7f0b53492a90>
2026-05-11 23:03:51,432 | 1754439 | 139686608074432 | [open_context_base.py:518] on_disconnect: Disconnected: conn=0(78) reason=CallClose
2026-05-11 23:03:51,433 | 1754439 | 139688730605376 | [open_context_base.py:410] _init_connect_sync: New connect ready: conn=7459619288624645183(79) context=<futu.quote.open_quote_context.OpenQuoteContext object at 0x7f0b53490d50>
2026-05-11 23:03:51,434 | 1754439 | 139686608074432 | [open_context_base.py:518] on_disconnect: Disconnected: conn=0(79) reason=CallClose
2026-05-11 23:03:51,435 | 1754439 | 139688730605376 | [open_context_base.py:410] _init_connect_sync: New connect ready: conn=7459619288633978809(80) context=<futu.quote.open_quote_context.OpenQuoteContext object at 0x7f0b53490d90>
2026-05-11 23:03:51,435 | 1754439 | 139686608074432 | [open_context_base.py:518] on_disconnect: Disconnected: conn=0(80) reason=CallClose
2026-05-11 23:03:51,436 | 1754439 | 139688730605376 | [open_context_base.py:410] _init_connect_sync: New connect ready: conn=7459619288643339276(81) context=<futu.quote.open_quote_context.OpenQuoteContext object at 0x7f0b5197da90>
2026-05-11 23:03:51,437 | 1754439 | 139686608074432 | [open_context_base.py:518] on_disconnect: Disconnected: conn=0(81) reason=CallClose
2026-05-11 23:03:51,438 | 1754439 | 139688730605376 | [open_context_base.py:410] _init_connect_sync: New connect ready: conn=7459619288651693784(82) context=<futu.quote.open_quote_context.OpenQuoteContext object at 0x7f0b5197c750>
2026-05-11 23:03:51,439 | 1754439 | 139686608074432 | [open_context_base.py:518] on_disconnect: Disconnected: conn=0(82) reason=CallClose
2026-05-11 23:03:51,440 | 1754439 | 139688730605376 | [open_context_base.py:410] _init_connect_sync: New connect ready: conn=7459619288658756679(83) context=<futu.quote.open_quote_context.OpenQuoteContext object at 0x7f0b532f11d0>
2026-05-11 23:03:51,441 | 1754439 | 139686608074432 | [open_context_base.py:518] on_disconnect: Disconnected: conn=0(83) reason=CallClose
2026-05-11 23:03:51,442 | 1754439 | 139688730605376 | [open_context_base.py:410] _init_connect_sync: New connect ready: conn=7459619288668448783(84) context=<futu.quote.open_quote_context.OpenQuoteContext object at 0x7f0b53498a10>
2026-05-11 23:03:51,444 | 1754439 | 139686608074432 | [open_context_base.py:518] on_disconnect: Disconnected: conn=0(84) reason=CallClose
2026-05-11 23:03:51,444 | 1754439 | 139688730605376 | [open_context_base.py:410] _init_connect_sync: New connect ready: conn=7459619288673560645(85) context=<futu.quote.open_quote_context.OpenQuoteContext object at 0x7f0b534ad710>
2026-05-11 23:03:51,445 | 1754439 | 139686608074432 | [open_context_base.py:518] on_disconnect: Disconnected: conn=0(85) reason=CallClose
2026-05-11 23:03:51,446 | 1754439 | 139688730605376 | [open_context_base.py:410] _init_connect_sync: New connect ready: conn=7459619288678422818(86) context=<futu.quote.open_quote_context.OpenQuoteContext object at 0x7f0b53498090>
2026-05-11 23:03:51,447 | 1754439 | 139686608074432 | [open_context_base.py:518] on_disconnect: Disconnected: conn=0(86) reason=CallClose
2026-05-11 23:03:51,448 | 1754439 | 139688730605376 | [open_context_base.py:410] _init_connect_sync: New connect ready: conn=7459619288686066618(87) context=<futu.quote.open_quote_context.OpenQuoteContext object at 0x7f0b53486250>
2026-05-11 23:03:51,449 | 1754439 | 139686608074432 | [open_context_base.py:518] on_disconnect: Disconnected: conn=0(87) reason=CallClose
2026-05-11 23:03:51,450 | 1754439 | 139688730605376 | [open_context_base.py:410] _init_connect_sync: New connect ready: conn=7459619288694079199(88) context=<futu.quote.open_quote_context.OpenQuoteContext object at 0x7f0b5348dc50>
2026-05-11 23:03:51,451 | 1754439 | 139686608074432 | [open_context_base.py:518] on_disconnect: Disconnected: conn=0(88) reason=CallClose
2026-05-11 23:03:51,451 | 1754439 | 139688730605376 | [open_context_base.py:410] _init_connect_sync: New connect ready: conn=7459619288705150663(89) context=<futu.quote.open_quote_context.OpenQuoteContext object at 0x7f0b5348d690>
2026-05-11 23:03:51,452 | 1754439 | 139686608074432 | [open_context_base.py:518] on_disconnect: Disconnected: conn=0(89) reason=CallClose
2026-05-11 23:03:51,453 | 1754439 | 139688730605376 | [open_context_base.py:410] _init_connect_sync: New connect ready: conn=7459619288709127371(90) context=<futu.quote.open_quote_context.OpenQuoteContext object at 0x7f0b53497710>
2026-05-11 23:03:51,454 | 1754439 | 139686608074432 | [open_context_base.py:518] on_disconnect: Disconnected: conn=0(90) reason=CallClose
2026-05-11 23:03:51,455 | 1754439 | 139688730605376 | [open_context_base.py:410] _init_connect_sync: New connect ready: conn=7459619288715890111(91) context=<futu.quote.open_quote_context.OpenQuoteContext object at 0x7f0b53495450>
2026-05-11 23:03:51,456 | 1754439 | 139686608074432 | [open_context_base.py:518] on_disconnect: Disconnected: conn=0(91) reason=CallClose
2026-05-11 23:03:51,457 | 1754439 | 139688730605376 | [open_context_base.py:410] _init_connect_sync: New connect ready: conn=7459619288728043131(92) context=<futu.quote.open_quote_context.OpenQuoteContext object at 0x7f0b53484ad0>
2026-05-11 23:03:51,458 | 1754439 | 139686608074432 | [open_context_base.py:518] on_disconnect: Disconnected: conn=0(92) reason=CallClose
2026-05-11 23:03:51,459 | 1754439 | 139688730605376 | [open_context_base.py:410] _init_connect_sync: New connect ready: conn=7459619288735042231(93) context=<futu.quote.open_quote_context.OpenQuoteContext object at 0x7f0b53497450>
2026-05-11 23:03:51,469 | 1754439 | 139686608074432 | [open_context_base.py:518] on_disconnect: Disconnected: conn=0(93) reason=CallClose
2026-05-11 23:03:51,471 | 1754439 | 139688730605376 | [open_context_base.py:410] _init_connect_sync: New connect ready: conn=7459619288782820769(94) context=<futu.quote.open_quote_context.OpenQuoteContext object at 0x7f0b534a0190>
2026-05-11 23:03:51,472 | 1754439 | 139686608074432 | [open_context_base.py:518] on_disconnect: Disconnected: conn=0(94) reason=CallClose
2026-05-11 23:03:51,473 | 1754439 | 139688730605376 | [open_context_base.py:410] _init_connect_sync: New connect ready: conn=7459619288796565903(95) context=<futu.quote.open_quote_context.OpenQuoteContext object at 0x7f0b53494550>
2026-05-11 23:03:51,475 | 1754439 | 139686608074432 | [open_context_base.py:518] on_disconnect: Disconnected: conn=0(95) reason=CallClose
2026-05-11 23:03:51,476 | 1754439 | 139688730605376 | [open_context_base.py:410] _init_connect_sync: New connect ready: conn=7459619288807074049(96) context=<futu.quote.open_quote_context.OpenQuoteContext object at 0x7f0b534953d0>
2026-05-11 23:03:51,477 | 1754439 | 139686608074432 | [open_context_base.py:518] on_disconnect: Disconnected: conn=0(96) reason=CallClose
2026-05-11 23:03:51,478 | 1754439 | 139688730605376 | [open_context_base.py:410] _init_connect_sync: New connect ready: conn=7459619288813171072(97) context=<futu.quote.open_quote_context.OpenQuoteContext object at 0x7f0b53487010>
2026-05-11 23:03:51,479 | 1754439 | 139686608074432 | [open_context_base.py:518] on_disconnect: Disconnected: conn=0(97) reason=CallClose
2026-05-11 23:03:51,481 | 1754439 | 139688730605376 | [open_context_base.py:410] _init_connect_sync: New connect ready: conn=7459619288826304998(98) context=<futu.quote.open_quote_context.OpenQuoteContext object at 0x7f0b5197c4d0>
2026-05-11 23:03:51,482 | 1754439 | 139686608074432 | [open_context_base.py:518] on_disconnect: Disconnected: conn=0(98) reason=CallClose
2026-05-11 23:03:51,483 | 1754439 | 139688730605376 | [open_context_base.py:410] _init_connect_sync: New connect ready: conn=7459619288836375345(99) context=<futu.quote.open_quote_context.OpenQuoteContext object at 0x7f0b53490c90>
2026-05-11 23:03:51,484 | 1754439 | 139686608074432 | [open_context_base.py:518] on_disconnect: Disconnected: conn=0(99) reason=CallClose
2026-05-11 23:03:51,485 | 1754439 | 139688730605376 | [open_context_base.py:410] _init_connect_sync: New connect ready: conn=7459619288845686074(100) context=<futu.quote.open_quote_context.OpenQuoteContext object at 0x7f0b53493a10>
2026-05-11 23:03:51,487 | 1754439 | 139686608074432 | [open_context_base.py:518] on_disconnect: Disconnected: conn=0(100) reason=CallClose
2026-05-11 23:03:51,488 | 1754439 | 139688730605376 | [open_context_base.py:410] _init_connect_sync: New connect ready: conn=7459619288857000882(101) context=<futu.quote.open_quote_context.OpenQuoteContext object at 0x7f0b5336afd0>
2026-05-11 23:03:51,489 | 1754439 | 139686608074432 | [open_context_base.py:518] on_disconnect: Disconnected: conn=0(101) reason=CallClose
2026-05-11 23:03:51,491 | 1754439 | 139688730605376 | [open_context_base.py:410] _init_connect_sync: New connect ready: conn=7459619288865931383(102) context=<futu.quote.open_quote_context.OpenQuoteContext object at 0x7f0b53369e10>
2026-05-11 23:03:51,493 | 1754439 | 139686608074432 | [open_context_base.py:518] on_disconnect: Disconnected: conn=0(102) reason=CallClose
2026-05-11 23:03:51,494 | 1754439 | 139688730605376 | [open_context_base.py:410] _init_connect_sync: New connect ready: conn=7459619288881630926(103) context=<futu.quote.open_quote_context.OpenQuoteContext object at 0x7f0b534869d0>
2026-05-11 23:03:51,495 | 1754439 | 139686608074432 | [open_context_base.py:518] on_disconnect: Disconnected: conn=0(103) reason=CallClose
2026-05-11 23:03:51,497 | 1754439 | 139688730605376 | [open_context_base.py:410] _init_connect_sync: New connect ready: conn=7459619288892753729(104) context=<futu.quote.open_quote_context.OpenQuoteContext object at 0x7f0b5336f310>
2026-05-11 23:03:51,498 | 1754439 | 139686608074432 | [open_context_base.py:518] on_disconnect: Disconnected: conn=0(104) reason=CallClose
2026-05-11 23:03:51,499 | 1754439 | 139688730605376 | [open_context_base.py:410] _init_connect_sync: New connect ready: conn=7459619288905672115(105) context=<futu.quote.open_quote_context.OpenQuoteContext object at 0x7f0b5336d290>
2026-05-11 23:03:51,501 | 1754439 | 139686608074432 | [open_context_base.py:518] on_disconnect: Disconnected: conn=0(105) reason=CallClose
2026-05-11 23:03:51,502 | 1754439 | 139688730605376 | [open_context_base.py:410] _init_connect_sync: New connect ready: conn=7459619288913385055(106) context=<futu.quote.open_quote_context.OpenQuoteContext object at 0x7f0b5336da10>
2026-05-11 23:03:51,504 | 1754439 | 139686608074432 | [open_context_base.py:518] on_disconnect: Disconnected: conn=0(106) reason=CallClose
2026-05-11 23:03:51,505 | 1754439 | 139688730605376 | [open_context_base.py:410] _init_connect_sync: New connect ready: conn=7459619288925118513(107) context=<futu.quote.open_quote_context.OpenQuoteContext object at 0x7f0b5348b4d0>
2026-05-11 23:03:51,506 | 1754439 | 139686608074432 | [open_context_base.py:518] on_disconnect: Disconnected: conn=0(107) reason=CallClose
2026-05-11 23:03:51,507 | 1754439 | 139688730605376 | [open_context_base.py:410] _init_connect_sync: New connect ready: conn=7459619288938281030(108) context=<futu.quote.open_quote_context.OpenQuoteContext object at 0x7f0bd0fa8dd0>
2026-05-11 23:03:51,509 | 1754439 | 139686608074432 | [open_context_base.py:518] on_disconnect: Disconnected: conn=0(108) reason=CallClose
2026-05-11 23:03:51,510 | 1754439 | 139688730605376 | [open_context_base.py:410] _init_connect_sync: New connect ready: conn=7459619288949696354(109) context=<futu.quote.open_quote_context.OpenQuoteContext object at 0x7f0b53492510>
2026-05-11 23:03:51,511 | 1754439 | 139686608074432 | [open_context_base.py:518] on_disconnect: Disconnected: conn=0(109) reason=CallClose
2026-05-11 23:03:51,512 | 1754439 | 139688730605376 | [open_context_base.py:410] _init_connect_sync: New connect ready: conn=7459619288956751546(110) context=<futu.quote.open_quote_context.OpenQuoteContext object at 0x7f0b5197ca90>
2026-05-11 23:03:51,514 | 1754439 | 139686608074432 | [open_context_base.py:518] on_disconnect: Disconnected: conn=0(110) reason=CallClose
2026-05-11 23:03:51,515 | 1754439 | 139688730605376 | [open_context_base.py:410] _init_connect_sync: New connect ready: conn=7459619288968004572(111) context=<futu.quote.open_quote_context.OpenQuoteContext object at 0x7f0b5348d2d0>
2026-05-11 23:03:51,516 | 1754439 | 139686608074432 | [open_context_base.py:518] on_disconnect: Disconnected: conn=0(111) reason=CallClose
2026-05-11 23:03:51,517 | 1754439 | 139688730605376 | [open_context_base.py:410] _init_connect_sync: New connect ready: conn=7459619288980459618(112) context=<futu.quote.open_quote_context.OpenQuoteContext object at 0x7f0b53487450>
2026-05-11 23:03:51,519 | 1754439 | 139686608074432 | [open_context_base.py:518] on_disconnect: Disconnected: conn=0(112) reason=CallClose
2026-05-11 23:03:51,519 | 1754439 | 139688730605376 | [open_context_base.py:410] _init_connect_sync: New connect ready: conn=7459619288991001175(113) context=<futu.quote.open_quote_context.OpenQuoteContext object at 0x7f0b53494c90>
2026-05-11 23:03:51,520 | 1754439 | 139686608074432 | [open_context_base.py:518] on_disconnect: Disconnected: conn=0(113) reason=CallClose
2026-05-11 23:03:51,521 | 1754439 | 139688730605376 | [open_context_base.py:410] _init_connect_sync: New connect ready: conn=7459619288998888133(114) context=<futu.quote.open_quote_context.OpenQuoteContext object at 0x7f0b53497750>
2026-05-11 23:03:51,523 | 1754439 | 139686608074432 | [open_context_base.py:518] on_disconnect: Disconnected: conn=0(114) reason=CallClose
2026-05-11 23:03:51,524 | 1754439 | 139688730605376 | [open_context_base.py:410] _init_connect_sync: New connect ready: conn=7459619289008304595(115) context=<futu.quote.open_quote_context.OpenQuoteContext object at 0x7f0b5348c950>
2026-05-11 23:03:51,525 | 1754439 | 139686608074432 | [open_context_base.py:518] on_disconnect: Disconnected: conn=0(115) reason=CallClose
2026-05-11 23:03:51,526 | 1754439 | 139688730605376 | [open_context_base.py:410] _init_connect_sync: New connect ready: conn=7459619289019849470(116) context=<futu.quote.open_quote_context.OpenQuoteContext object at 0x7f0b5348f810>
2026-05-11 23:03:51,528 | 1754439 | 139686608074432 | [open_context_base.py:518] on_disconnect: Disconnected: conn=0(116) reason=CallClose
2026-05-11 23:03:51,529 | 1754439 | 139688730605376 | [open_context_base.py:410] _init_connect_sync: New connect ready: conn=7459619289029114640(117) context=<futu.quote.open_quote_context.OpenQuoteContext object at 0x7f0b5348d2d0>
2026-05-11 23:03:51,530 | 1754439 | 139686608074432 | [open_context_base.py:518] on_disconnect: Disconnected: conn=0(117) reason=CallClose
2026-05-11 23:03:51,531 | 1754439 | 139688730605376 | [open_context_base.py:410] _init_connect_sync: New connect ready: conn=7459619289037740362(118) context=<futu.quote.open_quote_context.OpenQuoteContext object at 0x7f0b53495a90>
2026-05-11 23:03:51,532 | 1754439 | 139686608074432 | [open_context_base.py:518] on_disconnect: Disconnected: conn=0(118) reason=CallClose
2026-05-11 23:03:51,533 | 1754439 | 139688730605376 | [open_context_base.py:410] _init_connect_sync: New connect ready: conn=7459619289043153613(119) context=<futu.quote.open_quote_context.OpenQuoteContext object at 0x7f0b534944d0>
2026-05-11 23:03:51,534 | 1754439 | 139686608074432 | [open_context_base.py:518] on_disconnect: Disconnected: conn=0(119) reason=CallClose
2026-05-11 23:03:51,535 | 1754439 | 139688730605376 | [open_context_base.py:410] _init_connect_sync: New connect ready: conn=7459619289052826108(120) context=<futu.quote.open_quote_context.OpenQuoteContext object at 0x7f0b534a14d0>
2026-05-11 23:03:51,536 | 1754439 | 139686608074432 | [open_context_base.py:518] on_disconnect: Disconnected: conn=0(120) reason=CallClose
2026-05-11 23:03:51,538 | 1754439 | 139688730605376 | [open_context_base.py:410] _init_connect_sync: New connect ready: conn=7459619289066283387(121) context=<futu.quote.open_quote_context.OpenQuoteContext object at 0x7f0b5336f550>
2026-05-11 23:03:51,539 | 1754439 | 139686608074432 | [open_context_base.py:518] on_disconnect: Disconnected: conn=0(121) reason=CallClose
2026-05-11 23:03:51,540 | 1754439 | 139688730605376 | [open_context_base.py:410] _init_connect_sync: New connect ready: conn=7459619289072869095(122) context=<futu.quote.open_quote_context.OpenQuoteContext object at 0x7f0b5336aa90>
2026-05-11 23:03:51,541 | 1754439 | 139686608074432 | [open_context_base.py:518] on_disconnect: Disconnected: conn=0(122) reason=CallClose
2026-05-11 23:03:51,542 | 1754439 | 139688730605376 | [open_context_base.py:410] _init_connect_sync: New connect ready: conn=7459619289087465127(123) context=<futu.quote.open_quote_context.OpenQuoteContext object at 0x7f0b5336d490>
2026-05-11 23:03:51,543 | 1754439 | 139686608074432 | [open_context_base.py:518] on_disconnect: Disconnected: conn=0(123) reason=CallClose
2026-05-11 23:03:51,544 | 1754439 | 139688730605376 | [open_context_base.py:410] _init_connect_sync: New connect ready: conn=7459619289090246354(124) context=<futu.quote.open_quote_context.OpenQuoteContext object at 0x7f0b519dd9d0>
2026-05-11 23:03:51,545 | 1754439 | 139686608074432 | [open_context_base.py:518] on_disconnect: Disconnected: conn=0(124) reason=CallClose
2026-05-11 23:03:51,545 | 1754439 | 139688730605376 | [open_context_base.py:410] _init_connect_sync: New connect ready: conn=7459619289097000114(125) context=<futu.quote.open_quote_context.OpenQuoteContext object at 0x7f0b53318750>
2026-05-11 23:03:51,546 | 1754439 | 139686608074432 | [open_context_base.py:518] on_disconnect: Disconnected: conn=0(125) reason=CallClose
2026-05-11 23:03:51,547 | 1754439 | 139688730605376 | [open_context_base.py:410] _init_connect_sync: New connect ready: conn=7459619289107349246(126) context=<futu.quote.open_quote_context.OpenQuoteContext object at 0x7f0b5336bf50>
2026-05-11 23:03:51,548 | 1754439 | 139686608074432 | [open_context_base.py:518] on_disconnect: Disconnected: conn=0(126) reason=CallClose
2026-05-11 23:03:51,549 | 1754439 | 139688730605376 | [open_context_base.py:410] _init_connect_sync: New connect ready: conn=7459619289112032686(127) context=<futu.quote.open_quote_context.OpenQuoteContext object at 0x7f0b53318410>
2026-05-11 23:03:51,550 | 1754439 | 139686608074432 | [open_context_base.py:518] on_disconnect: Disconnected: conn=0(127) reason=CallClose
2026-05-11 23:03:51,551 | 1754439 | 139688730605376 | [open_context_base.py:410] _init_connect_sync: New connect ready: conn=7459619289121345606(128) context=<futu.quote.open_quote_context.OpenQuoteContext object at 0x7f0b519dfa90>
2026-05-11 23:03:51,551 | 1754439 | 139686608074432 | [open_context_base.py:518] on_disconnect: Disconnected: conn=0(128) reason=CallClose
2026-05-11 23:03:51,552 | 1754439 | 139688730605376 | [open_context_base.py:410] _init_connect_sync: New connect ready: conn=7459619289128616898(129) context=<futu.quote.open_quote_context.OpenQuoteContext object at 0x7f0b519dfb50>
2026-05-11 23:03:51,553 | 1754439 | 139686608074432 | [open_context_base.py:518] on_disconnect: Disconnected: conn=0(129) reason=CallClose
2026-05-11 23:03:51,554 | 1754439 | 139688730605376 | [open_context_base.py:410] _init_connect_sync: New connect ready: conn=7459619289131657149(130) context=<futu.quote.open_quote_context.OpenQuoteContext object at 0x7f0b53319b10>
2026-05-11 23:03:51,555 | 1754439 | 139686608074432 | [open_context_base.py:518] on_disconnect: Disconnected: conn=0(130) reason=CallClose
2026-05-11 23:03:51,556 | 1754439 | 139688730605376 | [open_context_base.py:410] _init_connect_sync: New connect ready: conn=7459619289138926866(131) context=<futu.quote.open_quote_context.OpenQuoteContext object at 0x7f0b519df2d0>
2026-05-11 23:03:51,557 | 1754439 | 139686608074432 | [open_context_base.py:518] on_disconnect: Disconnected: conn=0(131) reason=CallClose
2026-05-11 23:03:51,558 | 1754439 | 139688730605376 | [open_context_base.py:410] _init_connect_sync: New connect ready: conn=7459619289148650691(132) context=<futu.quote.open_quote_context.OpenQuoteContext object at 0x7f0b519def10>
2026-05-11 23:03:51,559 | 1754439 | 139686608074432 | [open_context_base.py:518] on_disconnect: Disconnected: conn=0(132) reason=CallClose
2026-05-11 23:03:51,560 | 1754439 | 139688730605376 | [open_context_base.py:410] _init_connect_sync: New connect ready: conn=7459619289156802957(133) context=<futu.quote.open_quote_context.OpenQuoteContext object at 0x7f0b534ac6d0>
2026-05-11 23:03:51,561 | 1754439 | 139686608074432 | [open_context_base.py:518] on_disconnect: Disconnected: conn=0(133) reason=CallClose
2026-05-11 23:03:51,562 | 1754439 | 139688730605376 | [open_context_base.py:410] _init_connect_sync: New connect ready: conn=7459619289166382561(134) context=<futu.quote.open_quote_context.OpenQuoteContext object at 0x7f0b5197c790>
2026-05-11 23:03:51,563 | 1754439 | 139686608074432 | [open_context_base.py:518] on_disconnect: Disconnected: conn=0(134) reason=CallClose
2026-05-11 23:03:51,564 | 1754439 | 139688730605376 | [open_context_base.py:410] _init_connect_sync: New connect ready: conn=7459619289172700322(135) context=<futu.quote.open_quote_context.OpenQuoteContext object at 0x7f0b519ada50>
2026-05-11 23:03:51,564 | 1754439 | 139686608074432 | [open_context_base.py:518] on_disconnect: Disconnected: conn=0(135) reason=CallClose
2026-05-11 23:03:51,565 | 1754439 | 139688730605376 | [open_context_base.py:410] _init_connect_sync: New connect ready: conn=7459619289183480536(136) context=<futu.quote.open_quote_context.OpenQuoteContext object at 0x7f0b519addd0>
2026-05-11 23:03:51,566 | 1754439 | 139686608074432 | [open_context_base.py:518] on_disconnect: Disconnected: conn=0(136) reason=CallClose
2026-05-11 23:03:51,567 | 1754439 | 139688730605376 | [open_context_base.py:410] _init_connect_sync: New connect ready: conn=7459619289185915165(137) context=<futu.quote.open_quote_context.OpenQuoteContext object at 0x7f0b519afe90>
2026-05-11 23:03:51,568 | 1754439 | 139686608074432 | [open_context_base.py:518] on_disconnect: Disconnected: conn=0(137) reason=CallClose
2026-05-11 23:03:51,568 | 1754439 | 139688730605376 | [open_context_base.py:410] _init_connect_sync: New connect ready: conn=7459619289194621429(138) context=<futu.quote.open_quote_context.OpenQuoteContext object at 0x7f0b5348f810>
2026-05-11 23:03:51,569 | 1754439 | 139686608074432 | [open_context_base.py:518] on_disconnect: Disconnected: conn=0(138) reason=CallClose
2026-05-11 23:03:51,570 | 1754439 | 139688730605376 | [open_context_base.py:410] _init_connect_sync: New connect ready: conn=7459619289199849900(139) context=<futu.quote.open_quote_context.OpenQuoteContext object at 0x7f0b53302190>
2026-05-11 23:03:51,571 | 1754439 | 139686608074432 | [open_context_base.py:518] on_disconnect: Disconnected: conn=0(139) reason=CallClose
2026-05-11 23:03:51,572 | 1754439 | 139688730605376 | [open_context_base.py:410] _init_connect_sync: New connect ready: conn=7459619289207427967(140) context=<futu.quote.open_quote_context.OpenQuoteContext object at 0x7f0b519add50>
2026-05-11 23:03:51,572 | 1754439 | 139686608074432 | [open_context_base.py:518] on_disconnect: Disconnected: conn=0(140) reason=CallClose
2026-05-11 23:03:51,573 | 1754439 | 139688730605376 | [open_context_base.py:410] _init_connect_sync: New connect ready: conn=7459619289215925250(141) context=<futu.quote.open_quote_context.OpenQuoteContext object at 0x7f0b519ae5d0>
2026-05-11 23:03:51,574 | 1754439 | 139686608074432 | [open_context_base.py:518] on_disconnect: Disconnected: conn=0(141) reason=CallClose
2026-05-11 23:03:51,575 | 1754439 | 139688730605376 | [open_context_base.py:410] _init_connect_sync: New connect ready: conn=7459619289219473401(142) context=<futu.quote.open_quote_context.OpenQuoteContext object at 0x7f0b5336c450>
2026-05-11 23:03:51,576 | 1754439 | 139686608074432 | [open_context_base.py:518] on_disconnect: Disconnected: conn=0(142) reason=CallClose
2026-05-11 23:03:51,577 | 1754439 | 139688730605376 | [open_context_base.py:410] _init_connect_sync: New connect ready: conn=7459619289228099197(143) context=<futu.quote.open_quote_context.OpenQuoteContext object at 0x7f0b5336cd90>
2026-05-11 23:03:51,578 | 1754439 | 139686608074432 | [open_context_base.py:518] on_disconnect: Disconnected: conn=0(143) reason=CallClose
2026-05-11 23:03:51,578 | 1754439 | 139688730605376 | [open_context_base.py:410] _init_connect_sync: New connect ready: conn=7459619289236263945(144) context=<futu.quote.open_quote_context.OpenQuoteContext object at 0x7f0b519deb50>
2026-05-11 23:03:51,579 | 1754439 | 139686608074432 | [open_context_base.py:518] on_disconnect: Disconnected: conn=0(144) reason=CallClose
2026-05-11 23:03:51,580 | 1754439 | 139688730605376 | [open_context_base.py:410] _init_connect_sync: New connect ready: conn=7459619289246128546(145) context=<futu.quote.open_quote_context.OpenQuoteContext object at 0x7f0b519dcc10>
2026-05-11 23:03:51,581 | 1754439 | 139686608074432 | [open_context_base.py:518] on_disconnect: Disconnected: conn=0(145) reason=CallClose
2026-05-11 23:03:51,582 | 1754439 | 139688730605376 | [open_context_base.py:410] _init_connect_sync: New connect ready: conn=7459619289249784947(146) context=<futu.quote.open_quote_context.OpenQuoteContext object at 0x7f0b5336be90>
2026-05-11 23:03:51,603 | 1754439 | 139686608074432 | [open_context_base.py:518] on_disconnect: Disconnected: conn=0(146) reason=CallClose
2026-05-11 23:03:51,604 | 1754439 | 139688730605376 | [open_context_base.py:410] _init_connect_sync: New connect ready: conn=7459619289347764604(147) context=<futu.quote.open_quote_context.OpenQuoteContext object at 0x7f0b51990050>
2026-05-11 23:03:51,605 | 1754439 | 139686608074432 | [open_context_base.py:518] on_disconnect: Disconnected: conn=0(147) reason=CallClose
2026-05-11 23:03:51,607 | 1754439 | 139688730605376 | [open_context_base.py:410] _init_connect_sync: New connect ready: conn=7459619289355247964(148) context=<futu.quote.open_quote_context.OpenQuoteContext object at 0x7f0b519ae050>
2026-05-11 23:03:51,608 | 1754439 | 139686608074432 | [open_context_base.py:518] on_disconnect: Disconnected: conn=0(148) reason=CallClose
2026-05-11 23:03:51,609 | 1754439 | 139688730605376 | [open_context_base.py:410] _init_connect_sync: New connect ready: conn=7459619289363640132(149) context=<futu.quote.open_quote_context.OpenQuoteContext object at 0x7f0b53302b10>
2026-05-11 23:03:51,610 | 1754439 | 139686608074432 | [open_context_base.py:518] on_disconnect: Disconnected: conn=0(149) reason=CallClose
2026-05-11 23:03:51,610 | 1754439 | 139688730605376 | [open_context_base.py:410] _init_connect_sync: New connect ready: conn=7459619289372425918(150) context=<futu.quote.open_quote_context.OpenQuoteContext object at 0x7f0b519ac750>
2026-05-11 23:03:51,611 | 1754439 | 139686608074432 | [open_context_base.py:518] on_disconnect: Disconnected: conn=0(150) reason=CallClose
2026-05-11 23:03:51,612 | 1754439 | 139688730605376 | [open_context_base.py:410] _init_connect_sync: New connect ready: conn=7459619289380305649(151) context=<futu.quote.open_quote_context.OpenQuoteContext object at 0x7f0b533038d0>
2026-05-11 23:03:51,613 | 1754439 | 139686608074432 | [open_context_base.py:518] on_disconnect: Disconnected: conn=0(151) reason=CallClose
2026-05-11 23:03:51,614 | 1754439 | 139688730605376 | [open_context_base.py:410] _init_connect_sync: New connect ready: conn=7459619289386896617(152) context=<futu.quote.open_quote_context.OpenQuoteContext object at 0x7f0b5331a5d0>
2026-05-11 23:03:51,616 | 1754439 | 139686608074432 | [open_context_base.py:518] on_disconnect: Disconnected: conn=0(152) reason=CallClose
2026-05-11 23:03:51,617 | 1754439 | 139688730605376 | [open_context_base.py:410] _init_connect_sync: New connect ready: conn=7459619289397904281(153) context=<futu.quote.open_quote_context.OpenQuoteContext object at 0x7f0b519af510>
2026-05-11 23:03:51,618 | 1754439 | 139686608074432 | [open_context_base.py:518] on_disconnect: Disconnected: conn=0(153) reason=CallClose
2026-05-11 23:03:51,619 | 1754439 | 139688730605376 | [open_context_base.py:410] _init_connect_sync: New connect ready: conn=7459619289402715658(154) context=<futu.quote.open_quote_context.OpenQuoteContext object at 0x7f0b519ad490>
2026-05-11 23:03:51,620 | 1754439 | 139686608074432 | [open_context_base.py:518] on_disconnect: Disconnected: conn=0(154) reason=CallClose
2026-05-11 23:03:51,621 | 1754439 | 139688730605376 | [open_context_base.py:410] _init_connect_sync: New connect ready: conn=7459619289415631528(155) context=<futu.quote.open_quote_context.OpenQuoteContext object at 0x7f0b519ae590>
2026-05-11 23:03:51,622 | 1754439 | 139686608074432 | [open_context_base.py:518] on_disconnect: Disconnected: conn=0(155) reason=CallClose
2026-05-11 23:03:51,623 | 1754439 | 139688730605376 | [open_context_base.py:410] _init_connect_sync: New connect ready: conn=7459619289422804371(156) context=<futu.quote.open_quote_context.OpenQuoteContext object at 0x7f0b519aebd0>
2026-05-11 23:03:51,624 | 1754439 | 139686608074432 | [open_context_base.py:518] on_disconnect: Disconnected: conn=0(156) reason=CallClose
2026-05-11 23:03:51,625 | 1754439 | 139688730605376 | [open_context_base.py:410] _init_connect_sync: New connect ready: conn=7459619289432040892(157) context=<futu.quote.open_quote_context.OpenQuoteContext object at 0x7f0b53319b10>
2026-05-11 23:03:51,626 | 1754439 | 139686608074432 | [open_context_base.py:518] on_disconnect: Disconnected: conn=0(157) reason=CallClose
2026-05-11 23:03:51,627 | 1754439 | 139688730605376 | [open_context_base.py:410] _init_connect_sync: New connect ready: conn=7459619289444484316(158) context=<futu.quote.open_quote_context.OpenQuoteContext object at 0x7f0b5348ea50>
2026-05-11 23:03:51,628 | 1754439 | 139686608074432 | [open_context_base.py:518] on_disconnect: Disconnected: conn=0(158) reason=CallClose
2026-05-11 23:03:51,629 | 1754439 | 139688730605376 | [open_context_base.py:410] _init_connect_sync: New connect ready: conn=7459619289452926529(159) context=<futu.quote.open_quote_context.OpenQuoteContext object at 0x7f0b534945d0>
2026-05-11 23:03:51,631 | 1754439 | 139686608074432 | [open_context_base.py:518] on_disconnect: Disconnected: conn=0(159) reason=CallClose
2026-05-11 23:03:51,631 | 1754439 | 139688730605376 | [open_context_base.py:410] _init_connect_sync: New connect ready: conn=7459619289460717470(160) context=<futu.quote.open_quote_context.OpenQuoteContext object at 0x7f0b5348dd10>
2026-05-11 23:03:51,632 | 1754439 | 139686608074432 | [open_context_base.py:518] on_disconnect: Disconnected: conn=0(160) reason=CallClose
2026-05-11 23:03:51,633 | 1754439 | 139688730605376 | [open_context_base.py:410] _init_connect_sync: New connect ready: conn=7459619289467763676(161) context=<futu.quote.open_quote_context.OpenQuoteContext object at 0x7f0b5348c6d0>
2026-05-11 23:03:51,634 | 1754439 | 139686608074432 | [open_context_base.py:518] on_disconnect: Disconnected: conn=0(161) reason=CallClose
2026-05-11 23:03:51,635 | 1754439 | 139688730605376 | [open_context_base.py:410] _init_connect_sync: New connect ready: conn=7459619289474405638(162) context=<futu.quote.open_quote_context.OpenQuoteContext object at 0x7f0b5348d1d0>
2026-05-11 23:03:51,637 | 1754439 | 139686608074432 | [open_context_base.py:518] on_disconnect: Disconnected: conn=0(162) reason=CallClose
2026-05-11 23:03:51,637 | 1754439 | 139688730605376 | [open_context_base.py:410] _init_connect_sync: New connect ready: conn=7459619289483883541(163) context=<futu.quote.open_quote_context.OpenQuoteContext object at 0x7f0b5348dc50>
2026-05-11 23:03:51,638 | 1754439 | 139686608074432 | [open_context_base.py:518] on_disconnect: Disconnected: conn=0(163) reason=CallClose
2026-05-11 23:03:51,639 | 1754439 | 139688730605376 | [open_context_base.py:410] _init_connect_sync: New connect ready: conn=7459619289493102111(164) context=<futu.quote.open_quote_context.OpenQuoteContext object at 0x7f0b5348fad0>
2026-05-11 23:03:51,640 | 1754439 | 139686608074432 | [open_context_base.py:518] on_disconnect: Disconnected: conn=0(164) reason=CallClose
2026-05-11 23:03:51,641 | 1754439 | 139688730605376 | [open_context_base.py:410] _init_connect_sync: New connect ready: conn=7459619289497875535(165) context=<futu.quote.open_quote_context.OpenQuoteContext object at 0x7f0b519ad690>
2026-05-11 23:03:51,641 | 1754439 | 139686608074432 | [open_context_base.py:518] on_disconnect: Disconnected: conn=0(165) reason=CallClose
2026-05-11 23:03:51,642 | 1754439 | 139688730605376 | [open_context_base.py:410] _init_connect_sync: New connect ready: conn=7459619289506073125(166) context=<futu.quote.open_quote_context.OpenQuoteContext object at 0x7f0b519ad250>
2026-05-11 23:03:51,643 | 1754439 | 139686608074432 | [open_context_base.py:518] on_disconnect: Disconnected: conn=0(166) reason=CallClose
2026-05-11 23:03:51,644 | 1754439 | 139688730605376 | [open_context_base.py:410] _init_connect_sync: New connect ready: conn=7459619289509289752(167) context=<futu.quote.open_quote_context.OpenQuoteContext object at 0x7f0b519aeb90>
2026-05-11 23:03:51,644 | 1754439 | 139686608074432 | [open_context_base.py:518] on_disconnect: Disconnected: conn=0(167) reason=CallClose
2026-05-11 23:03:51,645 | 1754439 | 139688730605376 | [open_context_base.py:410] _init_connect_sync: New connect ready: conn=7459619289519693013(168) context=<futu.quote.open_quote_context.OpenQuoteContext object at 0x7f0b519ac950>
2026-05-11 23:03:51,646 | 1754439 | 139686608074432 | [open_context_base.py:518] on_disconnect: Disconnected: conn=0(168) reason=CallClose
2026-05-11 23:03:51,647 | 1754439 | 139688730605376 | [open_context_base.py:410] _init_connect_sync: New connect ready: conn=7459619289523316522(169) context=<futu.quote.open_quote_context.OpenQuoteContext object at 0x7f0b5348d0d0>
2026-05-11 23:03:51,648 | 1754439 | 139686608074432 | [open_context_base.py:518] on_disconnect: Disconnected: conn=0(169) reason=CallClose
2026-05-11 23:03:51,648 | 1754439 | 139688730605376 | [open_context_base.py:410] _init_connect_sync: New connect ready: conn=7459619289529522749(170) context=<futu.quote.open_quote_context.OpenQuoteContext object at 0x7f0b5336e810>
2026-05-11 23:03:51,649 | 1754439 | 139686608074432 | [open_context_base.py:518] on_disconnect: Disconnected: conn=0(170) reason=CallClose
2026-05-11 23:03:51,650 | 1754439 | 139688730605376 | [open_context_base.py:410] _init_connect_sync: New connect ready: conn=7459619289533564454(171) context=<futu.quote.open_quote_context.OpenQuoteContext object at 0x7f0b5336f4d0>
2026-05-11 23:03:51,651 | 1754439 | 139686608074432 | [open_context_base.py:518] on_disconnect: Disconnected: conn=0(171) reason=CallClose
2026-05-11 23:03:51,651 | 1754439 | 139688730605376 | [open_context_base.py:410] _init_connect_sync: New connect ready: conn=7459619289542234733(172) context=<futu.quote.open_quote_context.OpenQuoteContext object at 0x7f0b5336f150>
2026-05-11 23:03:51,652 | 1754439 | 139686608074432 | [open_context_base.py:518] on_disconnect: Disconnected: conn=0(172) reason=CallClose
2026-05-11 23:03:51,653 | 1754439 | 139688730605376 | [open_context_base.py:410] _init_connect_sync: New connect ready: conn=7459619289547629407(173) context=<futu.quote.open_quote_context.OpenQuoteContext object at 0x7f0b5336c750>
2026-05-11 23:03:51,653 | 1754439 | 139686608074432 | [open_context_base.py:518] on_disconnect: Disconnected: conn=0(173) reason=CallClose
2026-05-11 23:03:51,654 | 1754439 | 139688730605376 | [open_context_base.py:410] _init_connect_sync: New connect ready: conn=7459619289554088754(174) context=<futu.quote.open_quote_context.OpenQuoteContext object at 0x7f0b533024d0>
2026-05-11 23:03:51,655 | 1754439 | 139686608074432 | [open_context_base.py:518] on_disconnect: Disconnected: conn=0(174) reason=CallClose
2026-05-11 23:03:51,656 | 1754439 | 139688730605376 | [open_context_base.py:410] _init_connect_sync: New connect ready: conn=7459619289559497791(175) context=<futu.quote.open_quote_context.OpenQuoteContext object at 0x7f0b53303a90>
2026-05-11 23:03:51,657 | 1754439 | 139686608074432 | [open_context_base.py:518] on_disconnect: Disconnected: conn=0(175) reason=CallClose
2026-05-11 23:03:51,657 | 1754439 | 139688730605376 | [open_context_base.py:410] _init_connect_sync: New connect ready: conn=7459619289568642153(176) context=<futu.quote.open_quote_context.OpenQuoteContext object at 0x7f0b519ac850>
2026-05-11 23:03:51,658 | 1754439 | 139686608074432 | [open_context_base.py:518] on_disconnect: Disconnected: conn=0(176) reason=CallClose
2026-05-11 23:03:51,659 | 1754439 | 139688730605376 | [open_context_base.py:410] _init_connect_sync: New connect ready: conn=7459619289573155004(177) context=<futu.quote.open_quote_context.OpenQuoteContext object at 0x7f0b519ac650>
2026-05-11 23:03:51,660 | 1754439 | 139686608074432 | [open_context_base.py:518] on_disconnect: Disconnected: conn=0(177) reason=CallClose
2026-05-11 23:03:51,660 | 1754439 | 139688730605376 | [open_context_base.py:410] _init_connect_sync: New connect ready: conn=7459619289582267065(178) context=<futu.quote.open_quote_context.OpenQuoteContext object at 0x7f0b519aee50>
2026-05-11 23:03:51,661 | 1754439 | 139686608074432 | [open_context_base.py:518] on_disconnect: Disconnected: conn=0(178) reason=CallClose
2026-05-11 23:03:51,662 | 1754439 | 139688730605376 | [open_context_base.py:410] _init_connect_sync: New connect ready: conn=7459619289589693860(179) context=<futu.quote.open_quote_context.OpenQuoteContext object at 0x7f0b519ad150>
2026-05-11 23:03:51,663 | 1754439 | 139686608074432 | [open_context_base.py:518] on_disconnect: Disconnected: conn=0(179) reason=CallClose
2026-05-11 23:03:51,664 | 1754439 | 139688730605376 | [open_context_base.py:410] _init_connect_sync: New connect ready: conn=7459619289591830153(180) context=<futu.quote.open_quote_context.OpenQuoteContext object at 0x7f0b53497790>
2026-05-11 23:03:51,664 | 1754439 | 139686608074432 | [open_context_base.py:518] on_disconnect: Disconnected: conn=0(180) reason=CallClose
2026-05-11 23:03:51,665 | 1754439 | 139688730605376 | [open_context_base.py:410] _init_connect_sync: New connect ready: conn=7459619289603886972(181) context=<futu.quote.open_quote_context.OpenQuoteContext object at 0x7f0b53495ad0>
2026-05-11 23:03:51,666 | 1754439 | 139686608074432 | [open_context_base.py:518] on_disconnect: Disconnected: conn=0(181) reason=CallClose
2026-05-11 23:03:51,667 | 1754439 | 139688730605376 | [open_context_base.py:410] _init_connect_sync: New connect ready: conn=7459619289607383140(182) context=<futu.quote.open_quote_context.OpenQuoteContext object at 0x7f0b53ee6d10>
2026-05-11 23:03:51,668 | 1754439 | 139686608074432 | [open_context_base.py:518] on_disconnect: Disconnected: conn=0(182) reason=CallClose
2026-05-11 23:03:51,669 | 1754439 | 139688730605376 | [open_context_base.py:410] _init_connect_sync: New connect ready: conn=7459619289615901985(183) context=<futu.quote.open_quote_context.OpenQuoteContext object at 0x7f0b53497e10>
2026-05-11 23:03:51,670 | 1754439 | 139686608074432 | [open_context_base.py:518] on_disconnect: Disconnected: conn=0(183) reason=CallClose
2026-05-11 23:03:51,670 | 1754439 | 139688730605376 | [open_context_base.py:410] _init_connect_sync: New connect ready: conn=7459619289624890313(184) context=<futu.quote.open_quote_context.OpenQuoteContext object at 0x7f0b5336a310>
2026-05-11 23:03:51,671 | 1754439 | 139686608074432 | [open_context_base.py:518] on_disconnect: Disconnected: conn=0(184) reason=CallClose
2026-05-11 23:03:51,673 | 1754439 | 139688730605376 | [open_context_base.py:410] _init_connect_sync: New connect ready: conn=7459619289632033836(185) context=<futu.quote.open_quote_context.OpenQuoteContext object at 0x7f0b519dcc10>
2026-05-11 23:03:51,674 | 1754439 | 139686608074432 | [open_context_base.py:518] on_disconnect: Disconnected: conn=0(185) reason=CallClose
2026-05-11 23:03:51,675 | 1754439 | 139688730605376 | [open_context_base.py:410] _init_connect_sync: New connect ready: conn=7459619289645330220(186) context=<futu.quote.open_quote_context.OpenQuoteContext object at 0x7f0b53495e50>
2026-05-11 23:03:51,677 | 1754439 | 139686608074432 | [open_context_base.py:518] on_disconnect: Disconnected: conn=0(186) reason=CallClose
2026-05-11 23:03:51,678 | 1754439 | 139688730605376 | [open_context_base.py:410] _init_connect_sync: New connect ready: conn=7459619289653625204(187) context=<futu.quote.open_quote_context.OpenQuoteContext object at 0x7f0b53494190>
2026-05-11 23:03:51,679 | 1754439 | 139686608074432 | [open_context_base.py:518] on_disconnect: Disconnected: conn=0(187) reason=CallClose
2026-05-11 23:03:51,680 | 1754439 | 139688730605376 | [open_context_base.py:410] _init_connect_sync: New connect ready: conn=7459619289658907111(188) context=<futu.quote.open_quote_context.OpenQuoteContext object at 0x7f0b53301fd0>
2026-05-11 23:03:51,681 | 1754439 | 139686608074432 | [open_context_base.py:518] on_disconnect: Disconnected: conn=0(188) reason=CallClose
2026-05-11 23:03:51,682 | 1754439 | 139688730605376 | [open_context_base.py:410] _init_connect_sync: New connect ready: conn=7459619289668996525(189) context=<futu.quote.open_quote_context.OpenQuoteContext object at 0x7f0b533024d0>
2026-05-11 23:03:51,683 | 1754439 | 139686608074432 | [open_context_base.py:518] on_disconnect: Disconnected: conn=0(189) reason=CallClose
2026-05-11 23:03:51,684 | 1754439 | 139688730605376 | [open_context_base.py:410] _init_connect_sync: New connect ready: conn=7459619289681932577(190) context=<futu.quote.open_quote_context.OpenQuoteContext object at 0x7f0b519ac690>
2026-05-11 23:03:51,685 | 1754439 | 139686608074432 | [open_context_base.py:518] on_disconnect: Disconnected: conn=0(190) reason=CallClose
2026-05-11 23:03:51,686 | 1754439 | 139688730605376 | [open_context_base.py:410] _init_connect_sync: New connect ready: conn=7459619289688180902(191) context=<futu.quote.open_quote_context.OpenQuoteContext object at 0x7f0b519ae210>
2026-05-11 23:03:51,688 | 1754439 | 139686608074432 | [open_context_base.py:518] on_disconnect: Disconnected: conn=0(191) reason=CallClose
2026-05-11 23:03:51,698 | 1754439 | 139688730605376 | [open_context_base.py:410] _init_connect_sync: New connect ready: conn=7459619289736419665(192) context=<futu.quote.open_quote_context.OpenQuoteContext object at 0x7f0b519dc190>
2026-05-11 23:03:51,700 | 1754439 | 139686608074432 | [open_context_base.py:518] on_disconnect: Disconnected: conn=0(192) reason=CallClose
2026-05-11 23:03:51,701 | 1754439 | 139688730605376 | [open_context_base.py:410] _init_connect_sync: New connect ready: conn=7459619289748185695(193) context=<futu.quote.open_quote_context.OpenQuoteContext object at 0x7f0b5336e290>
2026-05-11 23:03:51,703 | 1754439 | 139686608074432 | [open_context_base.py:518] on_disconnect: Disconnected: conn=0(193) reason=CallClose
2026-05-11 23:03:51,704 | 1754439 | 139688730605376 | [open_context_base.py:410] _init_connect_sync: New connect ready: conn=7459619289761256214(194) context=<futu.quote.open_quote_context.OpenQuoteContext object at 0x7f0b5336c390>
2026-05-11 23:03:51,706 | 1754439 | 139686608074432 | [open_context_base.py:518] on_disconnect: Disconnected: conn=0(194) reason=CallClose
2026-05-11 23:03:51,707 | 1754439 | 139688730605376 | [open_context_base.py:410] _init_connect_sync: New connect ready: conn=7459619289775381157(195) context=<futu.quote.open_quote_context.OpenQuoteContext object at 0x7f0b5336de90>
2026-05-11 23:03:51,708 | 1754439 | 139686608074432 | [open_context_base.py:518] on_disconnect: Disconnected: conn=0(195) reason=CallClose
2026-05-11 23:03:51,709 | 1754439 | 139688730605376 | [open_context_base.py:410] _init_connect_sync: New connect ready: conn=7459619289783311586(196) context=<futu.quote.open_quote_context.OpenQuoteContext object at 0x7f0b519dfb50>
2026-05-11 23:03:51,711 | 1754439 | 139686608074432 | [open_context_base.py:518] on_disconnect: Disconnected: conn=0(196) reason=CallClose
2026-05-11 23:03:51,712 | 1754439 | 139688730605376 | [open_context_base.py:410] _init_connect_sync: New connect ready: conn=7459619289794602130(197) context=<futu.quote.open_quote_context.OpenQuoteContext object at 0x7f0b5336d850>
2026-05-11 23:03:51,713 | 1754439 | 139686608074432 | [open_context_base.py:518] on_disconnect: Disconnected: conn=0(197) reason=CallClose
2026-05-11 23:03:51,714 | 1754439 | 139688730605376 | [open_context_base.py:410] _init_connect_sync: New connect ready: conn=7459619289809099695(198) context=<futu.quote.open_quote_context.OpenQuoteContext object at 0x7f0b519ad2d0>
2026-05-11 23:03:51,716 | 1754439 | 139686608074432 | [open_context_base.py:518] on_disconnect: Disconnected: conn=0(198) reason=CallClose
2026-05-11 23:03:51,717 | 1754439 | 139688730605376 | [open_context_base.py:410] _init_connect_sync: New connect ready: conn=7459619289816917404(199) context=<futu.quote.open_quote_context.OpenQuoteContext object at 0x7f0b519aff90>
2026-05-11 23:03:51,719 | 1754439 | 139686608074432 | [open_context_base.py:518] on_disconnect: Disconnected: conn=0(199) reason=CallClose
2026-05-11 23:03:51,720 | 1754439 | 139688730605376 | [open_context_base.py:410] _init_connect_sync: New connect ready: conn=7459619289829771435(200) context=<futu.quote.open_quote_context.OpenQuoteContext object at 0x7f0b5348c050>
2026-05-11 23:03:51,721 | 1754439 | 139686608074432 | [open_context_base.py:518] on_disconnect: Disconnected: conn=0(200) reason=CallClose
2026-05-11 23:03:51,722 | 1754439 | 139688730605376 | [open_context_base.py:410] _init_connect_sync: New connect ready: conn=7459619289836051318(201) context=<futu.quote.open_quote_context.OpenQuoteContext object at 0x7f0b5197e5d0>
2026-05-11 23:03:51,724 | 1754439 | 139686608074432 | [open_context_base.py:518] on_disconnect: Disconnected: conn=0(201) reason=CallClose
2026-05-11 23:03:51,725 | 1754439 | 139688730605376 | [open_context_base.py:410] _init_connect_sync: New connect ready: conn=7459619289849198485(202) context=<futu.quote.open_quote_context.OpenQuoteContext object at 0x7f0b546864d0>
2026-05-11 23:03:51,726 | 1754439 | 139686608074432 | [open_context_base.py:518] on_disconnect: Disconnected: conn=0(202) reason=CallClose
2026-05-11 23:03:51,727 | 1754439 | 139688730605376 | [open_context_base.py:410] _init_connect_sync: New connect ready: conn=7459619289862144360(203) context=<futu.quote.open_quote_context.OpenQuoteContext object at 0x7f0b519add90>
2026-05-11 23:03:51,728 | 1754439 | 139686608074432 | [open_context_base.py:518] on_disconnect: Disconnected: conn=0(203) reason=CallClose
2026-05-11 23:03:51,730 | 1754439 | 139688730605376 | [open_context_base.py:410] _init_connect_sync: New connect ready: conn=7459619289871021443(204) context=<futu.quote.open_quote_context.OpenQuoteContext object at 0x7f0b5348b5d0>
2026-05-11 23:03:51,731 | 1754439 | 139686608074432 | [open_context_base.py:518] on_disconnect: Disconnected: conn=0(204) reason=CallClose
2026-05-11 23:03:51,733 | 1754439 | 139688730605376 | [open_context_base.py:410] _init_connect_sync: New connect ready: conn=7459619289881936371(205) context=<futu.quote.open_quote_context.OpenQuoteContext object at 0x7f0b53488dd0>
2026-05-11 23:03:51,734 | 1754439 | 139686608074432 | [open_context_base.py:518] on_disconnect: Disconnected: conn=0(205) reason=CallClose
2026-05-11 23:03:51,735 | 1754439 | 139688730605376 | [open_context_base.py:410] _init_connect_sync: New connect ready: conn=7459619289891836382(206) context=<futu.quote.open_quote_context.OpenQuoteContext object at 0x7f0b53493c10>
2026-05-11 23:03:51,737 | 1754439 | 139686608074432 | [open_context_base.py:518] on_disconnect: Disconnected: conn=0(206) reason=CallClose
2026-05-11 23:03:51,738 | 1754439 | 139688730605376 | [open_context_base.py:410] _init_connect_sync: New connect ready: conn=7459619289904249966(207) context=<futu.quote.open_quote_context.OpenQuoteContext object at 0x7f0b546864d0>
2026-05-11 23:03:51,739 | 1754439 | 139686608074432 | [open_context_base.py:518] on_disconnect: Disconnected: conn=0(207) reason=CallClose
2026-05-11 23:03:51,740 | 1754439 | 139688730605376 | [open_context_base.py:410] _init_connect_sync: New connect ready: conn=7459619289915445231(208) context=<futu.quote.open_quote_context.OpenQuoteContext object at 0x7f0b53319010>
2026-05-11 23:03:51,742 | 1754439 | 139686608074432 | [open_context_base.py:518] on_disconnect: Disconnected: conn=0(208) reason=CallClose
2026-05-11 23:03:51,743 | 1754439 | 139688730605376 | [open_context_base.py:410] _init_connect_sync: New connect ready: conn=7459619289923341198(209) context=<futu.quote.open_quote_context.OpenQuoteContext object at 0x7f0b5348b410>
2026-05-11 23:03:51,744 | 1754439 | 139686608074432 | [open_context_base.py:518] on_disconnect: Disconnected: conn=0(209) reason=CallClose
2026-05-11 23:03:51,745 | 1754439 | 139688730605376 | [open_context_base.py:410] _init_connect_sync: New connect ready: conn=7459619289938524903(210) context=<futu.quote.open_quote_context.OpenQuoteContext object at 0x7f0b5348bdd0>
2026-05-11 23:03:51,747 | 1754439 | 139686608074432 | [open_context_base.py:518] on_disconnect: Disconnected: conn=0(210) reason=CallClose
2026-05-11 23:03:51,748 | 1754439 | 139688730605376 | [open_context_base.py:410] _init_connect_sync: New connect ready: conn=7459619289946610208(211) context=<futu.quote.open_quote_context.OpenQuoteContext object at 0x7f0b5197eed0>
2026-05-11 23:03:51,749 | 1754439 | 139686608074432 | [open_context_base.py:518] on_disconnect: Disconnected: conn=0(211) reason=CallClose
2026-05-11 23:03:51,750 | 1754439 | 139688730605376 | [open_context_base.py:410] _init_connect_sync: New connect ready: conn=7459619289954954926(212) context=<futu.quote.open_quote_context.OpenQuoteContext object at 0x7f0b53494110>
2026-05-11 23:03:51,751 | 1754439 | 139686608074432 | [open_context_base.py:518] on_disconnect: Disconnected: conn=0(212) reason=CallClose
2026-05-11 23:03:51,752 | 1754439 | 139688730605376 | [open_context_base.py:410] _init_connect_sync: New connect ready: conn=7459619289964785168(213) context=<futu.quote.open_quote_context.OpenQuoteContext object at 0x7f0b519ada50>
2026-05-11 23:03:51,753 | 1754439 | 139686608074432 | [open_context_base.py:518] on_disconnect: Disconnected: conn=0(213) reason=CallClose
2026-05-11 23:03:51,754 | 1754439 | 139688730605376 | [open_context_base.py:410] _init_connect_sync: New connect ready: conn=7459619289975118484(214) context=<futu.quote.open_quote_context.OpenQuoteContext object at 0x7f0b5347ffd0>
2026-05-11 23:03:51,755 | 1754439 | 139686608074432 | [open_context_base.py:518] on_disconnect: Disconnected: conn=0(214) reason=CallClose
2026-05-11 23:03:51,756 | 1754439 | 139688730605376 | [open_context_base.py:410] _init_connect_sync: New connect ready: conn=7459619289981551606(215) context=<futu.quote.open_quote_context.OpenQuoteContext object at 0x7f0b534ad510>
2026-05-11 23:03:51,758 | 1754439 | 139686608074432 | [open_context_base.py:518] on_disconnect: Disconnected: conn=0(215) reason=CallClose
2026-05-11 23:03:51,759 | 1754439 | 139688730605376 | [open_context_base.py:410] _init_connect_sync: New connect ready: conn=7459619289991225319(216) context=<futu.quote.open_quote_context.OpenQuoteContext object at 0x7f0b53487310>
2026-05-11 23:03:51,760 | 1754439 | 139686608074432 | [open_context_base.py:518] on_disconnect: Disconnected: conn=0(216) reason=CallClose
2026-05-11 23:03:51,761 | 1754439 | 139688730605376 | [open_context_base.py:410] _init_connect_sync: New connect ready: conn=7459619290001295075(217) context=<futu.quote.open_quote_context.OpenQuoteContext object at 0x7f0b53487f10>
2026-05-11 23:03:51,762 | 1754439 | 139686608074432 | [open_context_base.py:518] on_disconnect: Disconnected: conn=0(217) reason=CallClose
2026-05-11 23:03:51,763 | 1754439 | 139688730605376 | [open_context_base.py:410] _init_connect_sync: New connect ready: conn=7459619290011896266(218) context=<futu.quote.open_quote_context.OpenQuoteContext object at 0x7f0b534a8d90>
2026-05-11 23:03:51,764 | 1754439 | 139686608074432 | [open_context_base.py:518] on_disconnect: Disconnected: conn=0(218) reason=CallClose
2026-05-11 23:03:51,765 | 1754439 | 139688730605376 | [open_context_base.py:410] _init_connect_sync: New connect ready: conn=7459619290022800401(219) context=<futu.quote.open_quote_context.OpenQuoteContext object at 0x7f0b5347f010>
2026-05-11 23:03:51,766 | 1754439 | 139686608074432 | [open_context_base.py:518] on_disconnect: Disconnected: conn=0(219) reason=CallClose
2026-05-11 23:03:51,768 | 1754439 | 139688730605376 | [open_context_base.py:410] _init_connect_sync: New connect ready: conn=7459619290031742875(220) context=<futu.quote.open_quote_context.OpenQuoteContext object at 0x7f0b53485050>
2026-05-11 23:03:51,769 | 1754439 | 139686608074432 | [open_context_base.py:518] on_disconnect: Disconnected: conn=0(220) reason=CallClose
2026-05-11 23:03:51,770 | 1754439 | 139688730605376 | [open_context_base.py:410] _init_connect_sync: New connect ready: conn=7459619290038578068(221) context=<futu.quote.open_quote_context.OpenQuoteContext object at 0x7f0b5197c9d0>
2026-05-11 23:03:51,771 | 1754439 | 139686608074432 | [open_context_base.py:518] on_disconnect: Disconnected: conn=0(221) reason=CallClose
2026-05-11 23:03:51,772 | 1754439 | 139688730605376 | [open_context_base.py:410] _init_connect_sync: New connect ready: conn=7459619290048980644(222) context=<futu.quote.open_quote_context.OpenQuoteContext object at 0x7f0b546864d0>
2026-05-11 23:03:51,773 | 1754439 | 139686608074432 | [open_context_base.py:518] on_disconnect: Disconnected: conn=0(222) reason=CallClose
2026-05-11 23:03:51,792 | 1754439 | 139688730605376 | [open_context_base.py:410] _init_connect_sync: New connect ready: conn=7459619290132190096(223) context=<futu.quote.open_quote_context.OpenQuoteContext object at 0x7f0b5336d0d0>
2026-05-11 23:03:51,794 | 1754439 | 139686608074432 | [open_context_base.py:518] on_disconnect: Disconnected: conn=0(223) reason=CallClose
2026-05-11 23:03:51,795 | 1754439 | 139688730605376 | [open_context_base.py:410] _init_connect_sync: New connect ready: conn=7459619290144038780(224) context=<futu.quote.open_quote_context.OpenQuoteContext object at 0x7f0b53493b50>
2026-05-11 23:03:51,796 | 1754439 | 139686608074432 | [open_context_base.py:518] on_disconnect: Disconnected: conn=0(224) reason=CallClose
2026-05-11 23:03:51,798 | 1754439 | 139688730605376 | [open_context_base.py:410] _init_connect_sync: New connect ready: conn=7459619290154528804(225) context=<futu.quote.open_quote_context.OpenQuoteContext object at 0x7f0b534a3890>
2026-05-11 23:03:51,799 | 1754439 | 139686608074432 | [open_context_base.py:518] on_disconnect: Disconnected: conn=0(225) reason=CallClose
2026-05-11 23:03:51,800 | 1754439 | 139688730605376 | [open_context_base.py:410] _init_connect_sync: New connect ready: conn=7459619290164444259(226) context=<futu.quote.open_quote_context.OpenQuoteContext object at 0x7f0b534a0250>
2026-05-11 23:03:51,801 | 1754439 | 139686608074432 | [open_context_base.py:518] on_disconnect: Disconnected: conn=0(226) reason=CallClose
2026-05-11 23:03:51,802 | 1754439 | 139688730605376 | [open_context_base.py:410] _init_connect_sync: New connect ready: conn=7459619290178228034(227) context=<futu.quote.open_quote_context.OpenQuoteContext object at 0x7f0b53499b90>
2026-05-11 23:03:51,803 | 1754439 | 139686608074432 | [open_context_base.py:518] on_disconnect: Disconnected: conn=0(227) reason=CallClose
2026-05-11 23:03:51,804 | 1754439 | 139688730605376 | [open_context_base.py:410] _init_connect_sync: New connect ready: conn=7459619290181872248(228) context=<futu.quote.open_quote_context.OpenQuoteContext object at 0x7f0b5349b950>
2026-05-11 23:03:51,805 | 1754439 | 139686608074432 | [open_context_base.py:518] on_disconnect: Disconnected: conn=0(228) reason=CallClose
2026-05-11 23:03:51,806 | 1754439 | 139688730605376 | [open_context_base.py:410] _init_connect_sync: New connect ready: conn=7459619290192402038(229) context=<futu.quote.open_quote_context.OpenQuoteContext object at 0x7f0b5349b090>
2026-05-11 23:03:51,807 | 1754439 | 139686608074432 | [open_context_base.py:518] on_disconnect: Disconnected: conn=0(229) reason=CallClose
2026-05-11 23:03:51,808 | 1754439 | 139688730605376 | [open_context_base.py:410] _init_connect_sync: New connect ready: conn=7459619290203076559(230) context=<futu.quote.open_quote_context.OpenQuoteContext object at 0x7f0b5349bf90>
2026-05-11 23:03:51,809 | 1754439 | 139686608074432 | [open_context_base.py:518] on_disconnect: Disconnected: conn=0(230) reason=CallClose
2026-05-11 23:03:51,810 | 1754439 | 139688730605376 | [open_context_base.py:410] _init_connect_sync: New connect ready: conn=7459619290211858477(231) context=<futu.quote.open_quote_context.OpenQuoteContext object at 0x7f0b53498710>
2026-05-11 23:03:51,812 | 1754439 | 139686608074432 | [open_context_base.py:518] on_disconnect: Disconnected: conn=0(231) reason=CallClose
2026-05-11 23:03:51,813 | 1754439 | 139688730605376 | [open_context_base.py:410] _init_connect_sync: New connect ready: conn=7459619290217702806(232) context=<futu.quote.open_quote_context.OpenQuoteContext object at 0x7f0b53498b10>
2026-05-11 23:03:51,814 | 1754439 | 139686608074432 | [open_context_base.py:518] on_disconnect: Disconnected: conn=0(232) reason=CallClose
2026-05-11 23:03:51,814 | 1754439 | 139688730605376 | [open_context_base.py:410] _init_connect_sync: New connect ready: conn=7459619290226672300(233) context=<futu.quote.open_quote_context.OpenQuoteContext object at 0x7f0b53318750>
2026-05-11 23:03:51,815 | 1754439 | 139686608074432 | [open_context_base.py:518] on_disconnect: Disconnected: conn=0(233) reason=CallClose
2026-05-11 23:03:51,817 | 1754439 | 139688730605376 | [open_context_base.py:410] _init_connect_sync: New connect ready: conn=7459619290235946625(234) context=<futu.quote.open_quote_context.OpenQuoteContext object at 0x7f0b5348ff10>
2026-05-11 23:03:51,818 | 1754439 | 139686608074432 | [open_context_base.py:518] on_disconnect: Disconnected: conn=0(234) reason=CallClose
2026-05-11 23:03:51,819 | 1754439 | 139688730605376 | [open_context_base.py:410] _init_connect_sync: New connect ready: conn=7459619290244336428(235) context=<futu.quote.open_quote_context.OpenQuoteContext object at 0x7f0b534850d0>
2026-05-11 23:03:51,820 | 1754439 | 139686608074432 | [open_context_base.py:518] on_disconnect: Disconnected: conn=0(235) reason=CallClose
2026-05-11 23:03:51,821 | 1754439 | 139688730605376 | [open_context_base.py:410] _init_connect_sync: New connect ready: conn=7459619290256918719(236) context=<futu.quote.open_quote_context.OpenQuoteContext object at 0x7f0b53485b10>
2026-05-11 23:03:51,822 | 1754439 | 139686608074432 | [open_context_base.py:518] on_disconnect: Disconnected: conn=0(236) reason=CallClose
2026-05-11 23:03:51,823 | 1754439 | 139688730605376 | [open_context_base.py:410] _init_connect_sync: New connect ready: conn=7459619290260192884(237) context=<futu.quote.open_quote_context.OpenQuoteContext object at 0x7f0b519922d0>
2026-05-11 23:03:51,824 | 1754439 | 139686608074432 | [open_context_base.py:518] on_disconnect: Disconnected: conn=0(237) reason=CallClose
2026-05-11 23:03:51,825 | 1754439 | 139688730605376 | [open_context_base.py:410] _init_connect_sync: New connect ready: conn=7459619290267954950(238) context=<futu.quote.open_quote_context.OpenQuoteContext object at 0x7f0b51990f10>
2026-05-11 23:03:51,826 | 1754439 | 139686608074432 | [open_context_base.py:518] on_disconnect: Disconnected: conn=0(238) reason=CallClose
2026-05-11 23:03:51,827 | 1754439 | 139688730605376 | [open_context_base.py:410] _init_connect_sync: New connect ready: conn=7459619290278243282(239) context=<futu.quote.open_quote_context.OpenQuoteContext object at 0x7f0b519b5290>
2026-05-11 23:03:51,828 | 1754439 | 139686608074432 | [open_context_base.py:518] on_disconnect: Disconnected: conn=0(239) reason=CallClose
2026-05-11 23:03:51,829 | 1754439 | 139688730605376 | [open_context_base.py:410] _init_connect_sync: New connect ready: conn=7459619290286349665(240) context=<futu.quote.open_quote_context.OpenQuoteContext object at 0x7f0b519b71d0>
2026-05-11 23:03:51,830 | 1754439 | 139686608074432 | [open_context_base.py:518] on_disconnect: Disconnected: conn=0(240) reason=CallClose
2026-05-11 23:03:51,831 | 1754439 | 139688730605376 | [open_context_base.py:410] _init_connect_sync: New connect ready: conn=7459619290296502057(241) context=<futu.quote.open_quote_context.OpenQuoteContext object at 0x7f0b51990f50>
2026-05-11 23:03:51,832 | 1754439 | 139686608074432 | [open_context_base.py:518] on_disconnect: Disconnected: conn=0(241) reason=CallClose
2026-05-11 23:03:51,833 | 1754439 | 139688730605376 | [open_context_base.py:410] _init_connect_sync: New connect ready: conn=7459619290306876459(242) context=<futu.quote.open_quote_context.OpenQuoteContext object at 0x7f0b5348b990>
2026-05-11 23:03:51,849 | 1754439 | 139686608074432 | [open_context_base.py:518] on_disconnect: Disconnected: conn=0(242) reason=CallClose
2026-05-11 23:03:51,850 | 1754439 | 139688730605376 | [open_context_base.py:410] _init_connect_sync: New connect ready: conn=7459619290375128119(243) context=<futu.quote.open_quote_context.OpenQuoteContext object at 0x7f0b53499a10>
2026-05-11 23:03:51,852 | 1754439 | 139686608074432 | [open_context_base.py:518] on_disconnect: Disconnected: conn=0(243) reason=CallClose
2026-05-11 23:03:51,853 | 1754439 | 139688730605376 | [open_context_base.py:410] _init_connect_sync: New connect ready: conn=7459619290385902225(244) context=<futu.quote.open_quote_context.OpenQuoteContext object at 0x7f0b5349a290>
2026-05-11 23:03:51,854 | 1754439 | 139686608074432 | [open_context_base.py:518] on_disconnect: Disconnected: conn=0(244) reason=CallClose
2026-05-11 23:03:51,855 | 1754439 | 139688730605376 | [open_context_base.py:410] _init_connect_sync: New connect ready: conn=7459619290397948205(245) context=<futu.quote.open_quote_context.OpenQuoteContext object at 0x7f0b53498110>
2026-05-11 23:03:51,857 | 1754439 | 139686608074432 | [open_context_base.py:518] on_disconnect: Disconnected: conn=0(245) reason=CallClose
2026-05-11 23:03:51,858 | 1754439 | 139688730605376 | [open_context_base.py:410] _init_connect_sync: New connect ready: conn=7459619290405858877(246) context=<futu.quote.open_quote_context.OpenQuoteContext object at 0x7f0b519de710>
2026-05-11 23:03:51,859 | 1754439 | 139686608074432 | [open_context_base.py:518] on_disconnect: Disconnected: conn=0(246) reason=CallClose
2026-05-11 23:03:51,860 | 1754439 | 139688730605376 | [open_context_base.py:410] _init_connect_sync: New connect ready: conn=7459619290415174404(247) context=<futu.quote.open_quote_context.OpenQuoteContext object at 0x7f0b519b4290>
2026-05-11 23:03:51,861 | 1754439 | 139686608074432 | [open_context_base.py:518] on_disconnect: Disconnected: conn=0(247) reason=CallClose
2026-05-11 23:03:51,862 | 1754439 | 139688730605376 | [open_context_base.py:410] _init_connect_sync: New connect ready: conn=7459619290424424017(248) context=<futu.quote.open_quote_context.OpenQuoteContext object at 0x7f0b519b7150>
2026-05-11 23:03:51,863 | 1754439 | 139686608074432 | [open_context_base.py:518] on_disconnect: Disconnected: conn=0(248) reason=CallClose
2026-05-11 23:03:51,864 | 1754439 | 139688730605376 | [open_context_base.py:410] _init_connect_sync: New connect ready: conn=7459619290432296697(249) context=<futu.quote.open_quote_context.OpenQuoteContext object at 0x7f0b519b6f10>
2026-05-11 23:03:51,866 | 1754439 | 139686608074432 | [open_context_base.py:518] on_disconnect: Disconnected: conn=0(249) reason=CallClose
2026-05-11 23:03:51,867 | 1754439 | 139688730605376 | [open_context_base.py:410] _init_connect_sync: New connect ready: conn=7459619290444116227(250) context=<futu.quote.open_quote_context.OpenQuoteContext object at 0x7f0b533380d0>
2026-05-11 23:03:51,869 | 1754439 | 139686608074432 | [open_context_base.py:518] on_disconnect: Disconnected: conn=0(250) reason=CallClose
2026-05-11 23:03:51,873 | 1754439 | 139688730605376 | [open_context_base.py:410] _init_connect_sync: New connect ready: conn=7459619290471719827(251) context=<futu.quote.open_quote_context.OpenQuoteContext object at 0x7f0b53338190>
2026-05-11 23:03:51,875 | 1754439 | 139686608074432 | [open_context_base.py:518] on_disconnect: Disconnected: conn=0(251) reason=CallClose
2026-05-11 23:03:51,876 | 1754439 | 139688730605376 | [open_context_base.py:410] _init_connect_sync: New connect ready: conn=7459619290483470962(252) context=<futu.quote.open_quote_context.OpenQuoteContext object at 0x7f0b534865d0>
2026-05-11 23:03:51,878 | 1754439 | 139686608074432 | [open_context_base.py:518] on_disconnect: Disconnected: conn=0(252) reason=CallClose
2026-05-11 23:03:51,879 | 1754439 | 139688730605376 | [open_context_base.py:410] _init_connect_sync: New connect ready: conn=7459619290497287671(253) context=<futu.quote.open_quote_context.OpenQuoteContext object at 0x7f0b5333a250>
2026-05-11 23:03:51,881 | 1754439 | 139686608074432 | [open_context_base.py:518] on_disconnect: Disconnected: conn=0(253) reason=CallClose
2026-05-11 23:03:51,882 | 1754439 | 139688730605376 | [open_context_base.py:410] _init_connect_sync: New connect ready: conn=7459619290506384088(254) context=<futu.quote.open_quote_context.OpenQuoteContext object at 0x7f0b53338c10>
2026-05-11 23:03:51,884 | 1754439 | 139686608074432 | [open_context_base.py:518] on_disconnect: Disconnected: conn=0(254) reason=CallClose
2026-05-11 23:03:51,886 | 1754439 | 139688730605376 | [open_context_base.py:410] _init_connect_sync: New connect ready: conn=7459619290525675893(255) context=<futu.quote.open_quote_context.OpenQuoteContext object at 0x7f0b519b5810>
2026-05-11 23:03:51,889 | 1754439 | 139686608074432 | [open_context_base.py:518] on_disconnect: Disconnected: conn=0(255) reason=CallClose
2026-05-11 23:03:51,890 | 1754439 | 139688730605376 | [open_context_base.py:410] _init_connect_sync: New connect ready: conn=7459619290542089201(256) context=<futu.quote.open_quote_context.OpenQuoteContext object at 0x7f0b519b4350>
2026-05-11 23:03:51,891 | 1754439 | 139686608074432 | [open_context_base.py:518] on_disconnect: Disconnected: conn=0(256) reason=CallClose
2026-05-11 23:03:51,892 | 1754439 | 139688730605376 | [open_context_base.py:410] _init_connect_sync: New connect ready: conn=7459619290553285572(257) context=<futu.quote.open_quote_context.OpenQuoteContext object at 0x7f0b519de2d0>
2026-05-11 23:03:51,893 | 1754439 | 139686608074432 | [open_context_base.py:518] on_disconnect: Disconnected: conn=0(257) reason=CallClose
2026-05-11 23:03:51,895 | 1754439 | 139688730605376 | [open_context_base.py:410] _init_connect_sync: New connect ready: conn=7459619290561239470(258) context=<futu.quote.open_quote_context.OpenQuoteContext object at 0x7f0b51988d50>
2026-05-11 23:03:51,897 | 1754439 | 139686608074432 | [open_context_base.py:518] on_disconnect: Disconnected: conn=0(258) reason=CallClose
2026-05-11 23:03:51,898 | 1754439 | 139688730605376 | [open_context_base.py:410] _init_connect_sync: New connect ready: conn=7459619290575767450(259) context=<futu.quote.open_quote_context.OpenQuoteContext object at 0x7f0b534ad010>
2026-05-11 23:03:51,899 | 1754439 | 139686608074432 | [open_context_base.py:518] on_disconnect: Disconnected: conn=0(259) reason=CallClose
2026-05-11 23:03:51,901 | 1754439 | 139688730605376 | [open_context_base.py:410] _init_connect_sync: New connect ready: conn=7459619290588921667(260) context=<futu.quote.open_quote_context.OpenQuoteContext object at 0x7f0b51988bd0>
2026-05-11 23:03:51,902 | 1754439 | 139686608074432 | [open_context_base.py:518] on_disconnect: Disconnected: conn=0(260) reason=CallClose
2026-05-11 23:03:51,904 | 1754439 | 139688730605376 | [open_context_base.py:410] _init_connect_sync: New connect ready: conn=7459619290600249217(261) context=<futu.quote.open_quote_context.OpenQuoteContext object at 0x7f0b5198b710>
2026-05-11 23:03:51,906 | 1754439 | 139686608074432 | [open_context_base.py:518] on_disconnect: Disconnected: conn=0(261) reason=CallClose
2026-05-11 23:03:51,907 | 1754439 | 139688730605376 | [open_context_base.py:410] _init_connect_sync: New connect ready: conn=7459619290610908327(262) context=<futu.quote.open_quote_context.OpenQuoteContext object at 0x7f0b5198ae10>
2026-05-11 23:03:51,908 | 1754439 | 139686608074432 | [open_context_base.py:518] on_disconnect: Disconnected: conn=0(262) reason=CallClose
2026-05-11 23:03:51,910 | 1754439 | 139688730605376 | [open_context_base.py:410] _init_connect_sync: New connect ready: conn=7459619290625776660(263) context=<futu.quote.open_quote_context.OpenQuoteContext object at 0x7f0b519dd290>
2026-05-11 23:03:51,911 | 1754439 | 139686608074432 | [open_context_base.py:518] on_disconnect: Disconnected: conn=0(263) reason=CallClose
2026-05-11 23:03:51,913 | 1754439 | 139688730605376 | [open_context_base.py:410] _init_connect_sync: New connect ready: conn=7459619290635308842(264) context=<futu.quote.open_quote_context.OpenQuoteContext object at 0x7f0b534ac610>
2026-05-11 23:03:51,914 | 1754439 | 139686608074432 | [open_context_base.py:518] on_disconnect: Disconnected: conn=0(264) reason=CallClose
2026-05-11 23:03:51,915 | 1754439 | 139688730605376 | [open_context_base.py:410] _init_connect_sync: New connect ready: conn=7459619290646040825(265) context=<futu.quote.open_quote_context.OpenQuoteContext object at 0x7f0b51989e50>
2026-05-11 23:03:51,917 | 1754439 | 139686608074432 | [open_context_base.py:518] on_disconnect: Disconnected: conn=0(265) reason=CallClose
2026-05-11 23:03:51,918 | 1754439 | 139688730605376 | [open_context_base.py:410] _init_connect_sync: New connect ready: conn=7459619290658465012(266) context=<futu.quote.open_quote_context.OpenQuoteContext object at 0x7f0b53490b90>
2026-05-11 23:03:51,920 | 1754439 | 139686608074432 | [open_context_base.py:518] on_disconnect: Disconnected: conn=0(266) reason=CallClose
2026-05-11 23:03:51,923 | 1754439 | 139688730605376 | [open_context_base.py:410] _init_connect_sync: New connect ready: conn=7459619290680041820(267) context=<futu.quote.open_quote_context.OpenQuoteContext object at 0x7f0b534a1390>
2026-05-11 23:03:51,925 | 1754439 | 139686608074432 | [open_context_base.py:518] on_disconnect: Disconnected: conn=0(267) reason=CallClose
2026-05-11 23:03:51,927 | 1754439 | 139688730605376 | [open_context_base.py:410] _init_connect_sync: New connect ready: conn=7459619290696470716(268) context=<futu.quote.open_quote_context.OpenQuoteContext object at 0x7f0b534a1310>
2026-05-11 23:03:51,928 | 1754439 | 139686608074432 | [open_context_base.py:518] on_disconnect: Disconnected: conn=0(268) reason=CallClose
2026-05-11 23:03:51,930 | 1754439 | 139688730605376 | [open_context_base.py:410] _init_connect_sync: New connect ready: conn=7459619290710687199(269) context=<futu.quote.open_quote_context.OpenQuoteContext object at 0x7f0b5198ae50>
2026-05-11 23:03:51,931 | 1754439 | 139686608074432 | [open_context_base.py:518] on_disconnect: Disconnected: conn=0(269) reason=CallClose
2026-05-11 23:03:51,933 | 1754439 | 139688730605376 | [open_context_base.py:410] _init_connect_sync: New connect ready: conn=7459619290721339311(270) context=<futu.quote.open_quote_context.OpenQuoteContext object at 0x7f0b53354890>
2026-05-11 23:03:51,934 | 1754439 | 139686608074432 | [open_context_base.py:518] on_disconnect: Disconnected: conn=0(270) reason=CallClose
2026-05-11 23:03:51,935 | 1754439 | 139688730605376 | [open_context_base.py:410] _init_connect_sync: New connect ready: conn=7459619290728970436(271) context=<futu.quote.open_quote_context.OpenQuoteContext object at 0x7f0b53339150>
2026-05-11 23:03:51,945 | 1754439 | 139686608074432 | [open_context_base.py:518] on_disconnect: Disconnected: conn=0(271) reason=CallClose
2026-05-11 23:03:51,946 | 1754439 | 139688730605376 | [open_context_base.py:410] _init_connect_sync: New connect ready: conn=7459619290775988207(272) context=<futu.quote.open_quote_context.OpenQuoteContext object at 0x7f0b5333a250>
2026-05-11 23:03:51,948 | 1754439 | 139686608074432 | [open_context_base.py:518] on_disconnect: Disconnected: conn=0(272) reason=CallClose
2026-05-11 23:03:51,949 | 1754439 | 139688730605376 | [open_context_base.py:410] _init_connect_sync: New connect ready: conn=7459619290789449513(273) context=<futu.quote.open_quote_context.OpenQuoteContext object at 0x7f0b533547d0>
2026-05-11 23:03:51,950 | 1754439 | 139686608074432 | [open_context_base.py:518] on_disconnect: Disconnected: conn=0(273) reason=CallClose
2026-05-11 23:03:51,952 | 1754439 | 139688730605376 | [open_context_base.py:410] _init_connect_sync: New connect ready: conn=7459619290800652384(274) context=<futu.quote.open_quote_context.OpenQuoteContext object at 0x7f0b53357d10>
2026-05-11 23:03:51,953 | 1754439 | 139686608074432 | [open_context_base.py:518] on_disconnect: Disconnected: conn=0(274) reason=CallClose
2026-05-11 23:03:51,954 | 1754439 | 139688730605376 | [open_context_base.py:410] _init_connect_sync: New connect ready: conn=7459619290810016235(275) context=<futu.quote.open_quote_context.OpenQuoteContext object at 0x7f0b519927d0>
2026-05-11 23:03:51,955 | 1754439 | 139686608074432 | [open_context_base.py:518] on_disconnect: Disconnected: conn=0(275) reason=CallClose
2026-05-11 23:03:51,956 | 1754439 | 139688730605376 | [open_context_base.py:410] _init_connect_sync: New connect ready: conn=7459619290819666625(276) context=<futu.quote.open_quote_context.OpenQuoteContext object at 0x7f0b53356e90>
2026-05-11 23:03:51,957 | 1754439 | 139686608074432 | [open_context_base.py:518] on_disconnect: Disconnected: conn=0(276) reason=CallClose
2026-05-11 23:03:51,958 | 1754439 | 139688730605376 | [open_context_base.py:410] _init_connect_sync: New connect ready: conn=7459619290827545313(277) context=<futu.quote.open_quote_context.OpenQuoteContext object at 0x7f0b519ad790>
2026-05-11 23:03:51,959 | 1754439 | 139686608074432 | [open_context_base.py:518] on_disconnect: Disconnected: conn=0(277) reason=CallClose
2026-05-11 23:03:51,960 | 1754439 | 139688730605376 | [open_context_base.py:410] _init_connect_sync: New connect ready: conn=7459619290835530945(278) context=<futu.quote.open_quote_context.OpenQuoteContext object at 0x7f0b519ac690>
2026-05-11 23:03:51,962 | 1754439 | 139686608074432 | [open_context_base.py:518] on_disconnect: Disconnected: conn=0(278) reason=CallClose
2026-05-11 23:03:51,963 | 1754439 | 139688730605376 | [open_context_base.py:410] _init_connect_sync: New connect ready: conn=7459619290847038880(279) context=<futu.quote.open_quote_context.OpenQuoteContext object at 0x7f0b53354910>
2026-05-11 23:03:51,964 | 1754439 | 139686608074432 | [open_context_base.py:518] on_disconnect: Disconnected: conn=0(279) reason=CallClose
2026-05-11 23:03:51,966 | 1754439 | 139688730605376 | [open_context_base.py:410] _init_connect_sync: New connect ready: conn=7459619290860210710(280) context=<futu.quote.open_quote_context.OpenQuoteContext object at 0x7f0b534a1150>
2026-05-11 23:03:51,967 | 1754439 | 139686608074432 | [open_context_base.py:518] on_disconnect: Disconnected: conn=0(280) reason=CallClose
2026-05-11 23:03:51,968 | 1754439 | 139688730605376 | [open_context_base.py:410] _init_connect_sync: New connect ready: conn=7459619290869607945(281) context=<futu.quote.open_quote_context.OpenQuoteContext object at 0x7f0b519b7550>
2026-05-11 23:03:51,969 | 1754439 | 139686608074432 | [open_context_base.py:518] on_disconnect: Disconnected: conn=0(281) reason=CallClose
2026-05-11 23:03:51,970 | 1754439 | 139688730605376 | [open_context_base.py:410] _init_connect_sync: New connect ready: conn=7459619290880779744(282) context=<futu.quote.open_quote_context.OpenQuoteContext object at 0x7f0b534911d0>
2026-05-11 23:03:51,972 | 1754439 | 139686608074432 | [open_context_base.py:518] on_disconnect: Disconnected: conn=0(282) reason=CallClose
2026-05-11 23:03:51,973 | 1754439 | 139688730605376 | [open_context_base.py:410] _init_connect_sync: New connect ready: conn=7459619290889527405(283) context=<futu.quote.open_quote_context.OpenQuoteContext object at 0x7f0b53490fd0>
2026-05-11 23:03:51,974 | 1754439 | 139686608074432 | [open_context_base.py:518] on_disconnect: Disconnected: conn=0(283) reason=CallClose
2026-05-11 23:03:51,975 | 1754439 | 139688730605376 | [open_context_base.py:410] _init_connect_sync: New connect ready: conn=7459619290903470871(284) context=<futu.quote.open_quote_context.OpenQuoteContext object at 0x7f0b53498b10>
2026-05-11 23:03:51,978 | 1754439 | 139686608074432 | [open_context_base.py:518] on_disconnect: Disconnected: conn=0(284) reason=CallClose
2026-05-11 23:03:51,979 | 1754439 | 139688730605376 | [open_context_base.py:410] _init_connect_sync: New connect ready: conn=7459619290916622916(285) context=<futu.quote.open_quote_context.OpenQuoteContext object at 0x7f0b5335a450>
2026-05-11 23:03:51,980 | 1754439 | 139686608074432 | [open_context_base.py:518] on_disconnect: Disconnected: conn=0(285) reason=CallClose
2026-05-11 23:03:51,981 | 1754439 | 139688730605376 | [open_context_base.py:410] _init_connect_sync: New connect ready: conn=7459619290923607091(286) context=<futu.quote.open_quote_context.OpenQuoteContext object at 0x7f0b532d57d0>
2026-05-11 23:03:51,982 | 1754439 | 139686608074432 | [open_context_base.py:518] on_disconnect: Disconnected: conn=0(286) reason=CallClose
2026-05-11 23:03:51,983 | 1754439 | 139688730605376 | [open_context_base.py:410] _init_connect_sync: New connect ready: conn=7459619290935373322(287) context=<futu.quote.open_quote_context.OpenQuoteContext object at 0x7f0b533581d0>
2026-05-11 23:03:51,984 | 1754439 | 139686608074432 | [open_context_base.py:518] on_disconnect: Disconnected: conn=0(287) reason=CallClose
2026-05-11 23:03:51,985 | 1754439 | 139688730605376 | [open_context_base.py:410] _init_connect_sync: New connect ready: conn=7459619290943347738(288) context=<futu.quote.open_quote_context.OpenQuoteContext object at 0x7f0b53358310>
2026-05-11 23:03:51,987 | 1754439 | 139686608074432 | [open_context_base.py:518] on_disconnect: Disconnected: conn=0(288) reason=CallClose
2026-05-11 23:03:51,987 | 1754439 | 139688730605376 | [open_context_base.py:410] _init_connect_sync: New connect ready: conn=7459619290953476357(289) context=<futu.quote.open_quote_context.OpenQuoteContext object at 0x7f0b5335bb50>
2026-05-11 23:03:51,988 | 1754439 | 139686608074432 | [open_context_base.py:518] on_disconnect: Disconnected: conn=0(289) reason=CallClose
2026-05-11 23:03:51,989 | 1754439 | 139688730605376 | [open_context_base.py:410] _init_connect_sync: New connect ready: conn=7459619290961540520(290) context=<futu.quote.open_quote_context.OpenQuoteContext object at 0x7f0b53358ed0>
2026-05-11 23:03:51,990 | 1754439 | 139686608074432 | [open_context_base.py:518] on_disconnect: Disconnected: conn=0(290) reason=CallClose
2026-05-11 23:03:51,991 | 1754439 | 139688730605376 | [open_context_base.py:410] _init_connect_sync: New connect ready: conn=7459619290971036180(291) context=<futu.quote.open_quote_context.OpenQuoteContext object at 0x7f0b532d58d0>
2026-05-11 23:03:51,992 | 1754439 | 139686608074432 | [open_context_base.py:518] on_disconnect: Disconnected: conn=0(291) reason=CallClose
2026-05-11 23:03:51,993 | 1754439 | 139688730605376 | [open_context_base.py:410] _init_connect_sync: New connect ready: conn=7459619290972087298(292) context=<futu.quote.open_quote_context.OpenQuoteContext object at 0x7f0b53354f50>
2026-05-11 23:03:51,994 | 1754439 | 139686608074432 | [open_context_base.py:518] on_disconnect: Disconnected: conn=0(292) reason=CallClose
2026-05-11 23:03:51,994 | 1754439 | 139688730605376 | [open_context_base.py:410] _init_connect_sync: New connect ready: conn=7459619290983254169(293) context=<futu.quote.open_quote_context.OpenQuoteContext object at 0x7f0b53354cd0>
2026-05-11 23:03:51,995 | 1754439 | 139686608074432 | [open_context_base.py:518] on_disconnect: Disconnected: conn=0(293) reason=CallClose
2026-05-11 23:03:51,996 | 1754439 | 139688730605376 | [open_context_base.py:410] _init_connect_sync: New connect ready: conn=7459619290985701978(294) context=<futu.quote.open_quote_context.OpenQuoteContext object at 0x7f0b51988890>
2026-05-11 23:03:51,997 | 1754439 | 139686608074432 | [open_context_base.py:518] on_disconnect: Disconnected: conn=0(294) reason=CallClose
2026-05-11 23:03:51,998 | 1754439 | 139688730605376 | [open_context_base.py:410] _init_connect_sync: New connect ready: conn=7459619291000570585(295) context=<futu.quote.open_quote_context.OpenQuoteContext object at 0x7f0b51989090>
2026-05-11 23:03:52,000 | 1754439 | 139686608074432 | [open_context_base.py:518] on_disconnect: Disconnected: conn=0(295) reason=CallClose
2026-05-11 23:03:52,001 | 1754439 | 139688730605376 | [open_context_base.py:410] _init_connect_sync: New connect ready: conn=7459619291005526182(296) context=<futu.quote.open_quote_context.OpenQuoteContext object at 0x7f0b532d5790>
2026-05-11 23:03:52,002 | 1754439 | 139686608074432 | [open_context_base.py:518] on_disconnect: Disconnected: conn=0(296) reason=CallClose
2026-05-11 23:03:52,003 | 1754439 | 139688730605376 | [open_context_base.py:410] _init_connect_sync: New connect ready: conn=7459619291014103734(297) context=<futu.quote.open_quote_context.OpenQuoteContext object at 0x7f0b53356cd0>
2026-05-11 23:03:52,004 | 1754439 | 139686608074432 | [open_context_base.py:518] on_disconnect: Disconnected: conn=0(297) reason=CallClose
2026-05-11 23:03:52,005 | 1754439 | 139688730605376 | [open_context_base.py:410] _init_connect_sync: New connect ready: conn=7459619291025513517(298) context=<futu.quote.open_quote_context.OpenQuoteContext object at 0x7f0b53357bd0>
2026-05-11 23:03:52,006 | 1754439 | 139686608074432 | [open_context_base.py:518] on_disconnect: Disconnected: conn=0(298) reason=CallClose
2026-05-11 23:03:52,007 | 1754439 | 139688730605376 | [open_context_base.py:410] _init_connect_sync: New connect ready: conn=7459619291030264544(299) context=<futu.quote.open_quote_context.OpenQuoteContext object at 0x7f0b53354090>
2026-05-11 23:03:52,008 | 1754439 | 139686608074432 | [open_context_base.py:518] on_disconnect: Disconnected: conn=0(299) reason=CallClose
2026-05-11 23:03:52,009 | 1754439 | 139688730605376 | [open_context_base.py:410] _init_connect_sync: New connect ready: conn=7459619291040796146(300) context=<futu.quote.open_quote_context.OpenQuoteContext object at 0x7f0b53354b10>
2026-05-11 23:03:52,010 | 1754439 | 139686608074432 | [open_context_base.py:518] on_disconnect: Disconnected: conn=0(300) reason=CallClose
2026-05-11 23:03:52,011 | 1754439 | 139688730605376 | [open_context_base.py:410] _init_connect_sync: New connect ready: conn=7459619291049896645(301) context=<futu.quote.open_quote_context.OpenQuoteContext object at 0x7f0b53357b90>
2026-05-11 23:03:52,021 | 1754439 | 139686608074432 | [open_context_base.py:518] on_disconnect: Disconnected: conn=0(301) reason=CallClose
2026-05-11 23:03:52,023 | 1754439 | 139688730605376 | [open_context_base.py:410] _init_connect_sync: New connect ready: conn=7459619291098601130(302) context=<futu.quote.open_quote_context.OpenQuoteContext object at 0x7f0b53356e90>
2026-05-11 23:03:52,024 | 1754439 | 139686608074432 | [open_context_base.py:518] on_disconnect: Disconnected: conn=0(302) reason=CallClose
2026-05-11 23:03:52,025 | 1754439 | 139688730605376 | [open_context_base.py:410] _init_connect_sync: New connect ready: conn=7459619291108815662(303) context=<futu.quote.open_quote_context.OpenQuoteContext object at 0x7f0b53359d90>
2026-05-11 23:03:52,026 | 1754439 | 139686608074432 | [open_context_base.py:518] on_disconnect: Disconnected: conn=0(303) reason=CallClose
2026-05-11 23:03:52,027 | 1754439 | 139688730605376 | [open_context_base.py:410] _init_connect_sync: New connect ready: conn=7459619291119041994(304) context=<futu.quote.open_quote_context.OpenQuoteContext object at 0x7f0b5335b3d0>
2026-05-11 23:03:52,028 | 1754439 | 139686608074432 | [open_context_base.py:518] on_disconnect: Disconnected: conn=0(304) reason=CallClose
2026-05-11 23:03:52,029 | 1754439 | 139688730605376 | [open_context_base.py:410] _init_connect_sync: New connect ready: conn=7459619291129409512(305) context=<futu.quote.open_quote_context.OpenQuoteContext object at 0x7f0b51988dd0>
2026-05-11 23:03:52,030 | 1754439 | 139686608074432 | [open_context_base.py:518] on_disconnect: Disconnected: conn=0(305) reason=CallClose
2026-05-11 23:03:52,031 | 1754439 | 139688730605376 | [open_context_base.py:410] _init_connect_sync: New connect ready: conn=7459619291136684396(306) context=<futu.quote.open_quote_context.OpenQuoteContext object at 0x7f0b5198bc10>
2026-05-11 23:03:52,032 | 1754439 | 139686608074432 | [open_context_base.py:518] on_disconnect: Disconnected: conn=0(306) reason=CallClose
2026-05-11 23:03:52,033 | 1754439 | 139688730605376 | [open_context_base.py:410] _init_connect_sync: New connect ready: conn=7459619291143765619(307) context=<futu.quote.open_quote_context.OpenQuoteContext object at 0x7f0b54b8bd10>
2026-05-11 23:03:52,034 | 1754439 | 139686608074432 | [open_context_base.py:518] on_disconnect: Disconnected: conn=0(307) reason=CallClose
2026-05-11 23:03:52,036 | 1754439 | 139688730605376 | [open_context_base.py:410] _init_connect_sync: New connect ready: conn=7459619291154981129(308) context=<futu.quote.open_quote_context.OpenQuoteContext object at 0x7f0b533384d0>
2026-05-11 23:03:52,036 | 1754439 | 139686608074432 | [open_context_base.py:518] on_disconnect: Disconnected: conn=0(308) reason=CallClose
2026-05-11 23:03:52,038 | 1754439 | 139688730605376 | [open_context_base.py:410] _init_connect_sync: New connect ready: conn=7459619291161296302(309) context=<futu.quote.open_quote_context.OpenQuoteContext object at 0x7f0b51988490>
2026-05-11 23:03:52,038 | 1754439 | 139686608074432 | [open_context_base.py:518] on_disconnect: Disconnected: conn=0(309) reason=CallClose
2026-05-11 23:03:52,039 | 1754439 | 139688730605376 | [open_context_base.py:410] _init_connect_sync: New connect ready: conn=7459619291172196854(310) context=<futu.quote.open_quote_context.OpenQuoteContext object at 0x7f0b5198b810>
2026-05-11 23:03:52,041 | 1754439 | 139686608074432 | [open_context_base.py:518] on_disconnect: Disconnected: conn=0(310) reason=CallClose
2026-05-11 23:03:52,041 | 1754439 | 139688730605376 | [open_context_base.py:410] _init_connect_sync: New connect ready: conn=7459619291177814614(311) context=<futu.quote.open_quote_context.OpenQuoteContext object at 0x7f0b5198a950>
2026-05-11 23:03:52,043 | 1754439 | 139686608074432 | [open_context_base.py:518] on_disconnect: Disconnected: conn=0(311) reason=CallClose
2026-05-11 23:03:52,043 | 1754439 | 139688730605376 | [open_context_base.py:410] _init_connect_sync: New connect ready: conn=7459619291189130785(312) context=<futu.quote.open_quote_context.OpenQuoteContext object at 0x7f0b5198a090>
2026-05-11 23:03:52,044 | 1754439 | 139686608074432 | [open_context_base.py:518] on_disconnect: Disconnected: conn=0(312) reason=CallClose
2026-05-11 23:03:52,045 | 1754439 | 139688730605376 | [open_context_base.py:410] _init_connect_sync: New connect ready: conn=7459619291197463591(313) context=<futu.quote.open_quote_context.OpenQuoteContext object at 0x7f0b5198a310>
2026-05-11 23:03:52,046 | 1754439 | 139686608074432 | [open_context_base.py:518] on_disconnect: Disconnected: conn=0(313) reason=CallClose
2026-05-11 23:03:52,047 | 1754439 | 139688730605376 | [open_context_base.py:410] _init_connect_sync: New connect ready: conn=7459619291202827280(314) context=<futu.quote.open_quote_context.OpenQuoteContext object at 0x7f0b5198be10>
2026-05-11 23:03:52,048 | 1754439 | 139686608074432 | [open_context_base.py:518] on_disconnect: Disconnected: conn=0(314) reason=CallClose
2026-05-11 23:03:52,049 | 1754439 | 139688730605376 | [open_context_base.py:410] _init_connect_sync: New connect ready: conn=7459619291214159179(315) context=<futu.quote.open_quote_context.OpenQuoteContext object at 0x7f0b53359d50>
2026-05-11 23:03:52,050 | 1754439 | 139686608074432 | [open_context_base.py:518] on_disconnect: Disconnected: conn=0(315) reason=CallClose
2026-05-11 23:03:52,051 | 1754439 | 139688730605376 | [open_context_base.py:410] _init_connect_sync: New connect ready: conn=7459619291217738243(316) context=<futu.quote.open_quote_context.OpenQuoteContext object at 0x7f0b532d5810>
2026-05-11 23:03:52,052 | 1754439 | 139686608074432 | [open_context_base.py:518] on_disconnect: Disconnected: conn=0(316) reason=CallClose
2026-05-11 23:03:52,053 | 1754439 | 139688730605376 | [open_context_base.py:410] _init_connect_sync: New connect ready: conn=7459619291225841402(317) context=<futu.quote.open_quote_context.OpenQuoteContext object at 0x7f0b53357350>
2026-05-11 23:03:52,055 | 1754439 | 139686608074432 | [open_context_base.py:518] on_disconnect: Disconnected: conn=0(317) reason=CallClose
2026-05-11 23:03:52,056 | 1754439 | 139688730605376 | [open_context_base.py:410] _init_connect_sync: New connect ready: conn=7459619291236317279(318) context=<futu.quote.open_quote_context.OpenQuoteContext object at 0x7f0b533554d0>
2026-05-11 23:03:52,058 | 1754439 | 139686608074432 | [open_context_base.py:518] on_disconnect: Disconnected: conn=0(318) reason=CallClose
2026-05-11 23:03:52,059 | 1754439 | 139688730605376 | [open_context_base.py:410] _init_connect_sync: New connect ready: conn=7459619291248628525(319) context=<futu.quote.open_quote_context.OpenQuoteContext object at 0x7f0b5198add0>
2026-05-11 23:03:52,060 | 1754439 | 139686608074432 | [open_context_base.py:518] on_disconnect: Disconnected: conn=0(319) reason=CallClose
2026-05-11 23:03:52,061 | 1754439 | 139688730605376 | [open_context_base.py:410] _init_connect_sync: New connect ready: conn=7459619291256980800(320) context=<futu.quote.open_quote_context.OpenQuoteContext object at 0x7f0b53355950>
2026-05-11 23:03:52,062 | 1754439 | 139686608074432 | [open_context_base.py:518] on_disconnect: Disconnected: conn=0(320) reason=CallClose
2026-05-11 23:03:52,063 | 1754439 | 139688730605376 | [open_context_base.py:410] _init_connect_sync: New connect ready: conn=7459619291269255609(321) context=<futu.quote.open_quote_context.OpenQuoteContext object at 0x7f0b53357c90>
2026-05-11 23:03:52,065 | 1754439 | 139686608074432 | [open_context_base.py:518] on_disconnect: Disconnected: conn=0(321) reason=CallClose
2026-05-11 23:03:52,066 | 1754439 | 139688730605376 | [open_context_base.py:410] _init_connect_sync: New connect ready: conn=7459619291280742927(322) context=<futu.quote.open_quote_context.OpenQuoteContext object at 0x7f0b533572d0>
2026-05-11 23:03:52,067 | 1754439 | 139686608074432 | [open_context_base.py:518] on_disconnect: Disconnected: conn=0(322) reason=CallClose
2026-05-11 23:03:52,068 | 1754439 | 139688730605376 | [open_context_base.py:410] _init_connect_sync: New connect ready: conn=7459619291290196481(323) context=<futu.quote.open_quote_context.OpenQuoteContext object at 0x7f0b53357650>
2026-05-11 23:03:52,069 | 1754439 | 139686608074432 | [open_context_base.py:518] on_disconnect: Disconnected: conn=0(323) reason=CallClose
2026-05-11 23:03:52,070 | 1754439 | 139688730605376 | [open_context_base.py:410] _init_connect_sync: New connect ready: conn=7459619291299320131(324) context=<futu.quote.open_quote_context.OpenQuoteContext object at 0x7f0b53355210>
2026-05-11 23:03:52,072 | 1754439 | 139686608074432 | [open_context_base.py:518] on_disconnect: Disconnected: conn=0(324) reason=CallClose
2026-05-11 23:03:52,073 | 1754439 | 139688730605376 | [open_context_base.py:410] _init_connect_sync: New connect ready: conn=7459619291307276868(325) context=<futu.quote.open_quote_context.OpenQuoteContext object at 0x7f0b53355510>
2026-05-11 23:03:52,074 | 1754439 | 139686608074432 | [open_context_base.py:518] on_disconnect: Disconnected: conn=0(325) reason=CallClose
2026-05-11 23:03:52,074 | 1754439 | 139688730605376 | [open_context_base.py:410] _init_connect_sync: New connect ready: conn=7459619291316855263(326) context=<futu.quote.open_quote_context.OpenQuoteContext object at 0x7f0b53358d50>
2026-05-11 23:03:52,075 | 1754439 | 139686608074432 | [open_context_base.py:518] on_disconnect: Disconnected: conn=0(326) reason=CallClose
2026-05-11 23:03:52,076 | 1754439 | 139688730605376 | [open_context_base.py:410] _init_connect_sync: New connect ready: conn=7459619291326228283(327) context=<futu.quote.open_quote_context.OpenQuoteContext object at 0x7f0b5335b590>
2026-05-11 23:03:52,077 | 1754439 | 139686608074432 | [open_context_base.py:518] on_disconnect: Disconnected: conn=0(327) reason=CallClose
2026-05-11 23:03:52,078 | 1754439 | 139688730605376 | [open_context_base.py:410] _init_connect_sync: New connect ready: conn=7459619291329307725(328) context=<futu.quote.open_quote_context.OpenQuoteContext object at 0x7f0b519894d0>
2026-05-11 23:03:52,079 | 1754439 | 139686608074432 | [open_context_base.py:518] on_disconnect: Disconnected: conn=0(328) reason=CallClose
2026-05-11 23:03:52,080 | 1754439 | 139688730605376 | [open_context_base.py:410] _init_connect_sync: New connect ready: conn=7459619291339774511(329) context=<futu.quote.open_quote_context.OpenQuoteContext object at 0x7f0b5335a650>
2026-05-11 23:03:52,082 | 1754439 | 139686608074432 | [open_context_base.py:518] on_disconnect: Disconnected: conn=0(329) reason=CallClose
2026-05-11 23:03:52,083 | 1754439 | 139688730605376 | [open_context_base.py:410] _init_connect_sync: New connect ready: conn=7459619291352561472(330) context=<futu.quote.open_quote_context.OpenQuoteContext object at 0x7f0b5333b850>
2026-05-11 23:03:52,084 | 1754439 | 139686608074432 | [open_context_base.py:518] on_disconnect: Disconnected: conn=0(330) reason=CallClose
2026-05-11 23:03:52,085 | 1754439 | 139688730605376 | [open_context_base.py:410] _init_connect_sync: New connect ready: conn=7459619291357912484(331) context=<futu.quote.open_quote_context.OpenQuoteContext object at 0x7f0b53339090>
2026-05-11 23:03:52,086 | 1754439 | 139686608074432 | [open_context_base.py:518] on_disconnect: Disconnected: conn=0(331) reason=CallClose
2026-05-11 23:03:52,087 | 1754439 | 139688730605376 | [open_context_base.py:410] _init_connect_sync: New connect ready: conn=7459619291373950967(332) context=<futu.quote.open_quote_context.OpenQuoteContext object at 0x7f0b5347b9d0>
2026-05-11 23:03:52,089 | 1754439 | 139686608074432 | [open_context_base.py:518] on_disconnect: Disconnected: conn=0(332) reason=CallClose
2026-05-11 23:03:52,090 | 1754439 | 139688730605376 | [open_context_base.py:410] _init_connect_sync: New connect ready: conn=7459619291382167694(333) context=<futu.quote.open_quote_context.OpenQuoteContext object at 0x7f0b5198bf50>
2026-05-11 23:03:52,091 | 1754439 | 139686608074432 | [open_context_base.py:518] on_disconnect: Disconnected: conn=0(333) reason=CallClose
2026-05-11 23:03:52,092 | 1754439 | 139688730605376 | [open_context_base.py:410] _init_connect_sync: New connect ready: conn=7459619291392875985(334) context=<futu.quote.open_quote_context.OpenQuoteContext object at 0x7f0b5333b550>
2026-05-11 23:03:52,093 | 1754439 | 139686608074432 | [open_context_base.py:518] on_disconnect: Disconnected: conn=0(334) reason=CallClose
2026-05-11 23:03:52,094 | 1754439 | 139688730605376 | [open_context_base.py:410] _init_connect_sync: New connect ready: conn=7459619291399375883(335) context=<futu.quote.open_quote_context.OpenQuoteContext object at 0x7f0b53358ed0>
2026-05-11 23:03:52,095 | 1754439 | 139686608074432 | [open_context_base.py:518] on_disconnect: Disconnected: conn=0(335) reason=CallClose
2026-05-11 23:03:52,096 | 1754439 | 139688730605376 | [open_context_base.py:410] _init_connect_sync: New connect ready: conn=7459619291405020548(336) context=<futu.quote.open_quote_context.OpenQuoteContext object at 0x7f0b53358110>
2026-05-11 23:03:52,097 | 1754439 | 139686608074432 | [open_context_base.py:518] on_disconnect: Disconnected: conn=0(336) reason=CallClose
2026-05-11 23:03:52,098 | 1754439 | 139688730605376 | [open_context_base.py:410] _init_connect_sync: New connect ready: conn=7459619291415241042(337) context=<futu.quote.open_quote_context.OpenQuoteContext object at 0x7f0b532d56d0>
2026-05-11 23:03:52,099 | 1754439 | 139686608074432 | [open_context_base.py:518] on_disconnect: Disconnected: conn=0(337) reason=CallClose
2026-05-11 23:03:52,100 | 1754439 | 139688730605376 | [open_context_base.py:410] _init_connect_sync: New connect ready: conn=7459619291421394524(338) context=<futu.quote.open_quote_context.OpenQuoteContext object at 0x7f0b53354c10>
2026-05-11 23:03:52,101 | 1754439 | 139686608074432 | [open_context_base.py:518] on_disconnect: Disconnected: conn=0(338) reason=CallClose
2026-05-11 23:03:52,102 | 1754439 | 139688730605376 | [open_context_base.py:410] _init_connect_sync: New connect ready: conn=7459619291431259559(339) context=<futu.quote.open_quote_context.OpenQuoteContext object at 0x7f0b53357490>
2026-05-11 23:03:52,103 | 1754439 | 139686608074432 | [open_context_base.py:518] on_disconnect: Disconnected: conn=0(339) reason=CallClose
2026-05-11 23:03:52,104 | 1754439 | 139688730605376 | [open_context_base.py:410] _init_connect_sync: New connect ready: conn=7459619291439875127(340) context=<futu.quote.open_quote_context.OpenQuoteContext object at 0x7f0b5335a550>
2026-05-11 23:03:52,105 | 1754439 | 139686608074432 | [open_context_base.py:518] on_disconnect: Disconnected: conn=0(340) reason=CallClose
2026-05-11 23:03:52,119 | 1754439 | 139688730605376 | [open_context_base.py:410] _init_connect_sync: New connect ready: conn=7459619291501166121(341) context=<futu.quote.open_quote_context.OpenQuoteContext object at 0x7f0b519b4c50>
2026-05-11 23:03:52,121 | 1754439 | 139686608074432 | [open_context_base.py:518] on_disconnect: Disconnected: conn=0(341) reason=CallClose
2026-05-11 23:03:52,122 | 1754439 | 139688730605376 | [open_context_base.py:410] _init_connect_sync: New connect ready: conn=7459619291512631836(342) context=<futu.quote.open_quote_context.OpenQuoteContext object at 0x7f0b519b5190>
2026-05-11 23:03:52,123 | 1754439 | 139686608074432 | [open_context_base.py:518] on_disconnect: Disconnected: conn=0(342) reason=CallClose
2026-05-11 23:03:52,124 | 1754439 | 139688730605376 | [open_context_base.py:410] _init_connect_sync: New connect ready: conn=7459619291527107945(343) context=<futu.quote.open_quote_context.OpenQuoteContext object at 0x7f0b519b45d0>
2026-05-11 23:03:52,126 | 1754439 | 139686608074432 | [open_context_base.py:518] on_disconnect: Disconnected: conn=0(343) reason=CallClose
2026-05-11 23:03:52,127 | 1754439 | 139688730605376 | [open_context_base.py:410] _init_connect_sync: New connect ready: conn=7459619291536399064(344) context=<futu.quote.open_quote_context.OpenQuoteContext object at 0x7f0b519b6250>
2026-05-11 23:03:52,128 | 1754439 | 139686608074432 | [open_context_base.py:518] on_disconnect: Disconnected: conn=0(344) reason=CallClose
2026-05-11 23:03:52,129 | 1754439 | 139688730605376 | [open_context_base.py:410] _init_connect_sync: New connect ready: conn=7459619291546931749(345) context=<futu.quote.open_quote_context.OpenQuoteContext object at 0x7f0b519b6650>
2026-05-11 23:03:52,131 | 1754439 | 139686608074432 | [open_context_base.py:518] on_disconnect: Disconnected: conn=0(345) reason=CallClose
2026-05-11 23:03:52,131 | 1754439 | 139688730605376 | [open_context_base.py:410] _init_connect_sync: New connect ready: conn=7459619291555392662(346) context=<futu.quote.open_quote_context.OpenQuoteContext object at 0x7f0b53357ad0>
2026-05-11 23:03:52,132 | 1754439 | 139686608074432 | [open_context_base.py:518] on_disconnect: Disconnected: conn=0(346) reason=CallClose
2026-05-11 23:03:52,133 | 1754439 | 139688730605376 | [open_context_base.py:410] _init_connect_sync: New connect ready: conn=7459619291563463112(347) context=<futu.quote.open_quote_context.OpenQuoteContext object at 0x7f0b53355b50>
2026-05-11 23:03:52,135 | 1754439 | 139686608074432 | [open_context_base.py:518] on_disconnect: Disconnected: conn=0(347) reason=CallClose
2026-05-11 23:03:52,136 | 1754439 | 139688730605376 | [open_context_base.py:410] _init_connect_sync: New connect ready: conn=7459619291572548826(348) context=<futu.quote.open_quote_context.OpenQuoteContext object at 0x7f0b53359d50>
2026-05-11 23:03:52,137 | 1754439 | 139686608074432 | [open_context_base.py:518] on_disconnect: Disconnected: conn=0(348) reason=CallClose
2026-05-11 23:03:52,138 | 1754439 | 139688730605376 | [open_context_base.py:410] _init_connect_sync: New connect ready: conn=7459619291580815163(349) context=<futu.quote.open_quote_context.OpenQuoteContext object at 0x7f0b53339810>
2026-05-11 23:03:52,139 | 1754439 | 139686608074432 | [open_context_base.py:518] on_disconnect: Disconnected: conn=0(349) reason=CallClose
2026-05-11 23:03:52,140 | 1754439 | 139688730605376 | [open_context_base.py:410] _init_connect_sync: New connect ready: conn=7459619291591647058(350) context=<futu.quote.open_quote_context.OpenQuoteContext object at 0x7f0b53338550>
2026-05-11 23:03:52,141 | 1754439 | 139686608074432 | [open_context_base.py:518] on_disconnect: Disconnected: conn=0(350) reason=CallClose
2026-05-11 23:03:52,142 | 1754439 | 139688730605376 | [open_context_base.py:410] _init_connect_sync: New connect ready: conn=7459619291599033818(351) context=<futu.quote.open_quote_context.OpenQuoteContext object at 0x7f0b5333a410>
2026-05-11 23:03:52,143 | 1754439 | 139686608074432 | [open_context_base.py:518] on_disconnect: Disconnected: conn=0(351) reason=CallClose
2026-05-11 23:03:52,144 | 1754439 | 139688730605376 | [open_context_base.py:410] _init_connect_sync: New connect ready: conn=7459619291608191736(352) context=<futu.quote.open_quote_context.OpenQuoteContext object at 0x7f0b5349a5d0>
2026-05-11 23:03:52,145 | 1754439 | 139686608074432 | [open_context_base.py:518] on_disconnect: Disconnected: conn=0(352) reason=CallClose
2026-05-11 23:03:52,146 | 1754439 | 139688730605376 | [open_context_base.py:410] _init_connect_sync: New connect ready: conn=7459619291615747489(353) context=<futu.quote.open_quote_context.OpenQuoteContext object at 0x7f0b53499a50>
2026-05-11 23:03:52,148 | 1754439 | 139686608074432 | [open_context_base.py:518] on_disconnect: Disconnected: conn=0(353) reason=CallClose
2026-05-11 23:03:52,149 | 1754439 | 139688730605376 | [open_context_base.py:410] _init_connect_sync: New connect ready: conn=7459619291629455672(354) context=<futu.quote.open_quote_context.OpenQuoteContext object at 0x7f0b534869d0>
2026-05-11 23:03:52,150 | 1754439 | 139686608074432 | [open_context_base.py:518] on_disconnect: Disconnected: conn=0(354) reason=CallClose
2026-05-11 23:03:52,151 | 1754439 | 139688730605376 | [open_context_base.py:410] _init_connect_sync: New connect ready: conn=7459619291638038017(355) context=<futu.quote.open_quote_context.OpenQuoteContext object at 0x7f0b53486e50>
2026-05-11 23:03:52,152 | 1754439 | 139686608074432 | [open_context_base.py:518] on_disconnect: Disconnected: conn=0(355) reason=CallClose
2026-05-11 23:03:52,153 | 1754439 | 139688730605376 | [open_context_base.py:410] _init_connect_sync: New connect ready: conn=7459619291644186060(356) context=<futu.quote.open_quote_context.OpenQuoteContext object at 0x7f0b51988710>
2026-05-11 23:03:52,154 | 1754439 | 139686608074432 | [open_context_base.py:518] on_disconnect: Disconnected: conn=0(356) reason=CallClose
2026-05-11 23:03:52,155 | 1754439 | 139688730605376 | [open_context_base.py:410] _init_connect_sync: New connect ready: conn=7459619291654438310(357) context=<futu.quote.open_quote_context.OpenQuoteContext object at 0x7f0b53499b50>
2026-05-11 23:03:52,156 | 1754439 | 139686608074432 | [open_context_base.py:518] on_disconnect: Disconnected: conn=0(357) reason=CallClose
2026-05-11 23:03:52,157 | 1754439 | 139688730605376 | [open_context_base.py:410] _init_connect_sync: New connect ready: conn=7459619291660508914(358) context=<futu.quote.open_quote_context.OpenQuoteContext object at 0x7f0b53498510>
2026-05-11 23:03:52,158 | 1754439 | 139686608074432 | [open_context_base.py:518] on_disconnect: Disconnected: conn=0(358) reason=CallClose
2026-05-11 23:03:52,159 | 1754439 | 139688730605376 | [open_context_base.py:410] _init_connect_sync: New connect ready: conn=7459619291672889718(359) context=<futu.quote.open_quote_context.OpenQuoteContext object at 0x7f0b53498b50>
2026-05-11 23:03:52,161 | 1754439 | 139686608074432 | [open_context_base.py:518] on_disconnect: Disconnected: conn=0(359) reason=CallClose
2026-05-11 23:03:52,161 | 1754439 | 139688730605376 | [open_context_base.py:410] _init_connect_sync: New connect ready: conn=7459619291681912432(360) context=<futu.quote.open_quote_context.OpenQuoteContext object at 0x7f0b5333a250>
2026-05-11 23:03:52,163 | 1754439 | 139686608074432 | [open_context_base.py:518] on_disconnect: Disconnected: conn=0(360) reason=CallClose
2026-05-11 23:03:52,163 | 1754439 | 139688730605376 | [open_context_base.py:410] _init_connect_sync: New connect ready: conn=7459619291689139523(361) context=<futu.quote.open_quote_context.OpenQuoteContext object at 0x7f0b53355150>
2026-05-11 23:03:52,177 | 1754439 | 139686608074432 | [open_context_base.py:518] on_disconnect: Disconnected: conn=0(361) reason=CallClose
2026-05-11 23:03:52,178 | 1754439 | 139688730605376 | [open_context_base.py:410] _init_connect_sync: New connect ready: conn=7459619291747733311(362) context=<futu.quote.open_quote_context.OpenQuoteContext object at 0x7f0b533559d0>
2026-05-11 23:03:52,179 | 1754439 | 139686608074432 | [open_context_base.py:518] on_disconnect: Disconnected: conn=0(362) reason=CallClose
2026-05-11 23:03:52,180 | 1754439 | 139688730605376 | [open_context_base.py:410] _init_connect_sync: New connect ready: conn=7459619291758437165(363) context=<futu.quote.open_quote_context.OpenQuoteContext object at 0x7f0b53485ed0>
2026-05-11 23:03:52,181 | 1754439 | 139686608074432 | [open_context_base.py:518] on_disconnect: Disconnected: conn=0(363) reason=CallClose
2026-05-11 23:03:52,183 | 1754439 | 139688730605376 | [open_context_base.py:410] _init_connect_sync: New connect ready: conn=7459619291770610270(364) context=<futu.quote.open_quote_context.OpenQuoteContext object at 0x7f0b534acb50>
2026-05-11 23:03:52,185 | 1754439 | 139686608074432 | [open_context_base.py:518] on_disconnect: Disconnected: conn=0(364) reason=CallClose
2026-05-11 23:03:52,186 | 1754439 | 139688730605376 | [open_context_base.py:410] _init_connect_sync: New connect ready: conn=7459619291782022245(365) context=<futu.quote.open_quote_context.OpenQuoteContext object at 0x7f0b532f2250>
2026-05-11 23:03:52,187 | 1754439 | 139686608074432 | [open_context_base.py:518] on_disconnect: Disconnected: conn=0(365) reason=CallClose
2026-05-11 23:03:52,188 | 1754439 | 139688730605376 | [open_context_base.py:410] _init_connect_sync: New connect ready: conn=7459619291789366616(366) context=<futu.quote.open_quote_context.OpenQuoteContext object at 0x7f0b53488690>
2026-05-11 23:03:52,189 | 1754439 | 139686608074432 | [open_context_base.py:518] on_disconnect: Disconnected: conn=0(366) reason=CallClose
2026-05-11 23:03:52,189 | 1754439 | 139688730605376 | [open_context_base.py:410] _init_connect_sync: New connect ready: conn=7459619291799888122(367) context=<futu.quote.open_quote_context.OpenQuoteContext object at 0x7f0b5348aa10>
2026-05-11 23:03:52,190 | 1754439 | 139686608074432 | [open_context_base.py:518] on_disconnect: Disconnected: conn=0(367) reason=CallClose
2026-05-11 23:03:52,192 | 1754439 | 139688730605376 | [open_context_base.py:410] _init_connect_sync: New connect ready: conn=7459619291806818419(368) context=<futu.quote.open_quote_context.OpenQuoteContext object at 0x7f0b534ad310>
2026-05-11 23:03:52,193 | 1754439 | 139686608074432 | [open_context_base.py:518] on_disconnect: Disconnected: conn=0(368) reason=CallClose
2026-05-11 23:03:52,194 | 1754439 | 139688730605376 | [open_context_base.py:410] _init_connect_sync: New connect ready: conn=7459619291819461945(369) context=<futu.quote.open_quote_context.OpenQuoteContext object at 0x7f0b519b6250>
2026-05-11 23:03:52,195 | 1754439 | 139686608074432 | [open_context_base.py:518] on_disconnect: Disconnected: conn=0(369) reason=CallClose
2026-05-11 23:03:52,196 | 1754439 | 139688730605376 | [open_context_base.py:410] _init_connect_sync: New connect ready: conn=7459619291824375861(370) context=<futu.quote.open_quote_context.OpenQuoteContext object at 0x7f0b53354990>
2026-05-11 23:03:52,197 | 1754439 | 139686608074432 | [open_context_base.py:518] on_disconnect: Disconnected: conn=0(370) reason=CallClose
2026-05-11 23:03:52,198 | 1754439 | 139688730605376 | [open_context_base.py:410] _init_connect_sync: New connect ready: conn=7459619291833975642(371) context=<futu.quote.open_quote_context.OpenQuoteContext object at 0x7f0b53357b90>
2026-05-11 23:03:52,198 | 1754439 | 139686608074432 | [open_context_base.py:518] on_disconnect: Disconnected: conn=0(371) reason=CallClose
2026-05-11 23:03:52,199 | 1754439 | 139688730605376 | [open_context_base.py:410] _init_connect_sync: New connect ready: conn=7459619291842006776(372) context=<futu.quote.open_quote_context.OpenQuoteContext object at 0x7f0b53486e50>
2026-05-11 23:03:52,200 | 1754439 | 139686608074432 | [open_context_base.py:518] on_disconnect: Disconnected: conn=0(372) reason=CallClose
2026-05-11 23:03:52,201 | 1754439 | 139688730605376 | [open_context_base.py:410] _init_connect_sync: New connect ready: conn=7459619291845978560(373) context=<futu.quote.open_quote_context.OpenQuoteContext object at 0x7f0b53339610>
2026-05-11 23:03:52,202 | 1754439 | 139686608074432 | [open_context_base.py:518] on_disconnect: Disconnected: conn=0(373) reason=CallClose
2026-05-11 23:03:52,203 | 1754439 | 139688730605376 | [open_context_base.py:410] _init_connect_sync: New connect ready: conn=7459619291855079798(374) context=<futu.quote.open_quote_context.OpenQuoteContext object at 0x7f0b5333a810>
2026-05-11 23:03:52,215 | 1754439 | 139686608074432 | [open_context_base.py:518] on_disconnect: Disconnected: conn=0(374) reason=CallClose
2026-05-11 23:03:52,216 | 1754439 | 139688730605376 | [open_context_base.py:410] _init_connect_sync: New connect ready: conn=7459619291911118191(375) context=<futu.quote.open_quote_context.OpenQuoteContext object at 0x7f0b519dc310>
2026-05-11 23:03:52,218 | 1754439 | 139686608074432 | [open_context_base.py:518] on_disconnect: Disconnected: conn=0(375) reason=CallClose
2026-05-11 23:03:52,218 | 1754439 | 139688730605376 | [open_context_base.py:410] _init_connect_sync: New connect ready: conn=7459619291921313608(376) context=<futu.quote.open_quote_context.OpenQuoteContext object at 0x7f0b519df3d0>
2026-05-11 23:03:52,220 | 1754439 | 139686608074432 | [open_context_base.py:518] on_disconnect: Disconnected: conn=0(376) reason=CallClose
2026-05-11 23:03:52,221 | 1754439 | 139688730605376 | [open_context_base.py:410] _init_connect_sync: New connect ready: conn=7459619291931801680(377) context=<futu.quote.open_quote_context.OpenQuoteContext object at 0x7f0b519dccd0>
2026-05-11 23:03:52,222 | 1754439 | 139686608074432 | [open_context_base.py:518] on_disconnect: Disconnected: conn=0(377) reason=CallClose
2026-05-11 23:03:52,223 | 1754439 | 139688730605376 | [open_context_base.py:410] _init_connect_sync: New connect ready: conn=7459619291938989649(378) context=<futu.quote.open_quote_context.OpenQuoteContext object at 0x7f0b519de390>
2026-05-11 23:03:52,224 | 1754439 | 139686608074432 | [open_context_base.py:518] on_disconnect: Disconnected: conn=0(378) reason=CallClose
2026-05-11 23:03:52,225 | 1754439 | 139688730605376 | [open_context_base.py:410] _init_connect_sync: New connect ready: conn=7459619291945525584(379) context=<futu.quote.open_quote_context.OpenQuoteContext object at 0x7f0b519dc850>
2026-05-11 23:03:52,225 | 1754439 | 139686608074432 | [open_context_base.py:518] on_disconnect: Disconnected: conn=0(379) reason=CallClose
2026-05-11 23:03:52,226 | 1754439 | 139688730605376 | [open_context_base.py:410] _init_connect_sync: New connect ready: conn=7459619291952949125(380) context=<futu.quote.open_quote_context.OpenQuoteContext object at 0x7f0b53485150>
2026-05-11 23:03:52,232 | 1754439 | 139686608074432 | [open_context_base.py:518] on_disconnect: Disconnected: conn=0(380) reason=CallClose
/projects/vnpy/state/runs/candidate_inputs.prepare.report.json
{
  "schema_version": "candidate_prepare_report_v3",
  "generated_at": "2026-05-11T23:03:49.116994+08:00",
  "as_of_date": "2026-05-11",
  "report_path": "/projects/vnpy/state/runs/candidate_inputs.prepare.report.json",
  "per_market_report_paths": {
    "us": "/projects/vnpy/state/runs/candidate_inputs.prepare.report.us.json"
  },
  "per_market_dynamic_paths": {
    "us": "/projects/vnpy/state/runs/candidate_inputs.dynamic.us.json"
  },
  "mode": "dynamic_market_scoped",
  "strategy_requested": "knot_first",
  "target_markets": [
    "us"
  ],
  "dynamic_path": "/projects/vnpy/state/runs/candidate_inputs.dynamic.json",
  "dry_run": false,
  "written": true,
  "market_runs": [
    {
      "market": "us",
      "strategy_requested": "knot_first",
      "strategy_used": "score_first",
      "knot_status": "unavailable_fallback_to_score_first:knot_client_unconfigured",
      "knot_seed_count": 0,
      "universe_size": 200,
      "universe_preset": "large_cap",
      "scored_count": 200,
      "kept_count": 20,
      "source_files": [
        "/projects/vnpy/state/runs/candidate_inputs.dynamic.us.seed.json"
      ],
      "warnings": [
        "Knot seed unavailable for us; downgraded to score_first (knot_client_unconfigured).",
        "Skipped 177 symbols that the snapshot service rejected: US.2578256D, US.AABB, US.AACAY, US.AAGC, US.AAGH",
        "Snapshot lookup missed 177 symbols: 2578256D.US, AABB.US, AACAY.US, AAGC.US, AAGH.US"
      ],
      "written": true,
      "output_path": "/projects/vnpy/state/runs/candidate_inputs.dynamic.us.json",
      "top_symbols": [
        {
          "symbol": "AAOI.US",
          "raw_score": 0.783
        },
        {
          "symbol": "AA.US",
          "raw_score": 0.6136
        },
        {
          "symbol": "AAON.US",
          "raw_score": 0.5774
        },
        {
          "symbol": "AAPL.US",
          "raw_score": 0.5463
        },
        {
          "symbol": "AAL.US",
          "raw_score": 0.5426
        },
        {
          "symbol": "ADM.US",
          "raw_score": 0.5444
        },
        {
          "symbol": "ADIWW.US",
          "raw_score": 0.5444
        },
        {
          "symbol": "ADIL.US",
          "raw_score": 0.5444
        },
        {
          "symbol": "ADIA.US",
          "raw_score": 0.5444
        },
        {
          "symbol": "ADI.US",
          "raw_score": 0.5444
        }
      ]
    }
  ],
  "summary": {
    "total_items": 20,
    "market_counts": {
      "us": 20
    },
    "include_market_data": true,
    "knot_runtime": "auto",
    "warnings": [
      "Knot seed unavailable for us; downgraded to score_first (knot_client_unconfigured).",
      "Skipped 177 symbols that the snapshot service rejected: US.2578256D, US.AABB, US.AACAY, US.AAGC, US.AAGH",
      "Snapshot lookup missed 177 symbols: 2578256D.US, AABB.US, AACAY.US, AAGC.US, AAGH.US"
    ]
  }
}
[run_us_live_task] vnpy-mainline forward: /usr/bin/python3 /projects/vnpy/scripts/classic_multifactor/run_intraday_loop.py --config /projects/vnpy/configs/classic_multifactor/nvda_g09.json
2026-05-11 23:07:17.017 | INFO | Logger | connecting FutuGateway at 127.0.0.1:11111 env=模拟
2026-05-11 23:07:17.027 | INFO | MainEngine | 连接登录 -> FUTU
2026-05-11 23:07:17,030 | 1757985 | 140110028662592 | [open_context_base.py:410] _init_connect_sync: New connect ready: conn=7459620150960116389(1) context=<futu.quote.open_quote_context.OpenQuoteContext object at 0x7f6d59d82c50>
2026-05-11 23:07:17.030 | INFO | FUTU | 行情接口连接成功
2026-05-11 23:07:17,032 | 1757985 | 140110028662592 | [open_context_base.py:410] _init_connect_sync: New connect ready: conn=7459620150973764820(2) context=<futu.trade.open_trade_context.OpenSecTradeContext object at 0x7f6d59e2aa10>
2026-05-11 23:07:17.038 | INFO | FUTU | 交易接口连接成功
2026-05-11 23:07:22.951 | INFO | FUTU | 合约信息查询成功
2026-05-11 23:07:22.955 | INFO | FUTU | 查询成交失败：模拟交易不支持成交数据
2026-05-11 23:07:32.038 | INFO | Logger | FutuGateway连接状态检查: <vnpy_futu.futu_gateway.FutuGateway object at 0x7f6d5b700290>
2026-05-11 23:07:32.038 | INFO | Logger | 合约订阅状态检查: NVDA.SMART
2026-05-11 23:07:32.060 | INFO | CtaStrategy | Failed to create strategy instance, strategy class ClassicMultiFactorCtaStrategy not found
2026-05-11 23:07:32.061 | INFO | CtaStrategy | CtaEngine initialized
2026-05-11 23:07:32.061 | INFO | Logger | added strategy classic_multifactor_NVDA_US on NVDA.SMART
2026-05-11 23:07:32.062 | INFO | CtaStrategy | classic_multifactor_NVDA_US starts initializing
2026-05-11 23:07:32.063 | INFO | MainEngine | 查询K线 -> FUTU：HistoryRequest(symbol='NVDA', exchange=<Exchange.SMART: 'SMART'>, start=datetime.datetime(2026, 5, 7, 23, 7, 32, 61832, tzinfo=zoneinfo.ZoneInfo(key='Asia/Shanghai')), end=datetime.datetime(2026, 5, 11, 23, 7, 32, 61832, tzinfo=zoneinfo.ZoneInfo(key='Asia/Shanghai')), interval=<Interval.MINUTE: '1m'>)
2026-05-11 23:07:32.328 | INFO | Logger | intraday debug checkpoint: RECEIVED_BAR vt_symbol=NVDA.SMART datetime=2026-05-07T09:31:00+08:00 open=208.3400 close=206.8950 volume=3679029.0
2026-05-11 23:07:32.328 | INFO | Logger | intraday debug checkpoint: RECEIVED_BAR vt_symbol=NVDA.SMART datetime=2026-05-07T09:32:00+08:00 open=206.9300 close=206.9978 volume=995805.0
2026-05-11 23:07:32.328 | INFO | Logger | intraday debug checkpoint: RECEIVED_BAR vt_symbol=NVDA.SMART datetime=2026-05-07T09:33:00+08:00 open=206.9700 close=206.9000 volume=910807.0
2026-05-11 23:07:32.328 | INFO | Logger | intraday debug checkpoint: RECEIVED_BAR vt_symbol=NVDA.SMART datetime=2026-05-07T09:34:00+08:00 open=206.9300 close=207.6300 volume=801584.0
2026-05-11 23:07:32.328 | INFO | Logger | intraday debug checkpoint: RECEIVED_BAR vt_symbol=NVDA.SMART datetime=2026-05-07T09:35:00+08:00 open=207.5800 close=207.3199 volume=681063.0
2026-05-11 23:07:32.328 | INFO | Logger | intraday debug checkpoint: RECEIVED_BAR vt_symbol=NVDA.SMART datetime=2026-05-07T09:36:00+08:00 open=207.3200 close=207.4934 volume=416247.0
2026-05-11 23:07:32.328 | INFO | Logger | intraday debug checkpoint: RECEIVED_BAR vt_symbol=NVDA.SMART datetime=2026-05-07T09:37:00+08:00 open=207.4800 close=207.3400 volume=555594.0
2026-05-11 23:07:32.328 | INFO | Logger | intraday debug checkpoint: RECEIVED_BAR vt_symbol=NVDA.SMART datetime=2026-05-07T09:38:00+08:00 open=207.3400 close=207.7600 volume=596929.0
2026-05-11 23:07:32.329 | INFO | Logger | intraday debug checkpoint: RECEIVED_BAR vt_symbol=NVDA.SMART datetime=2026-05-07T09:39:00+08:00 open=207.7300 close=208.6100 volume=930371.0
2026-05-11 23:07:32.329 | INFO | Logger | intraday debug checkpoint: RECEIVED_BAR vt_symbol=NVDA.SMART datetime=2026-05-07T09:40:00+08:00 open=208.5800 close=208.1250 volume=720139.0
2026-05-11 23:07:32.329 | INFO | Logger | intraday debug checkpoint: RECEIVED_BAR vt_symbol=NVDA.SMART datetime=2026-05-07T09:41:00+08:00 open=208.1362 close=208.2650 volume=578468.0
2026-05-11 23:07:32.329 | INFO | Logger | intraday debug checkpoint: RECEIVED_BAR vt_symbol=NVDA.SMART datetime=2026-05-07T09:42:00+08:00 open=208.2900 close=207.3100 volume=656912.0
2026-05-11 23:07:32.329 | INFO | Logger | intraday debug checkpoint: RECEIVED_BAR vt_symbol=NVDA.SMART datetime=2026-05-07T09:43:00+08:00 open=207.3000 close=207.2100 volume=604552.0
2026-05-11 23:07:32.329 | INFO | Logger | intraday debug checkpoint: RECEIVED_BAR vt_symbol=NVDA.SMART datetime=2026-05-07T09:44:00+08:00 open=207.2100 close=207.3050 volume=347833.0
2026-05-11 23:07:32.329 | INFO | Logger | intraday debug checkpoint: RECEIVED_BAR vt_symbol=NVDA.SMART datetime=2026-05-07T09:45:00+08:00 open=207.3300 close=207.4100 volume=575371.0
2026-05-11 23:07:32.329 | INFO | Logger | intraday debug checkpoint: RECEIVED_BAR vt_symbol=NVDA.SMART datetime=2026-05-07T09:46:00+08:00 open=207.4600 close=207.4550 volume=446868.0
2026-05-11 23:07:32.329 | INFO | Logger | intraday debug checkpoint: RECEIVED_BAR vt_symbol=NVDA.SMART datetime=2026-05-07T09:47:00+08:00 open=207.4400 close=207.7850 volume=442872.0
2026-05-11 23:07:32.329 | INFO | Logger | intraday debug checkpoint: RECEIVED_BAR vt_symbol=NVDA.SMART datetime=2026-05-07T09:48:00+08:00 open=207.8000 close=207.9110 volume=527950.0
2026-05-11 23:07:32.329 | INFO | Logger | intraday debug checkpoint: RECEIVED_BAR vt_symbol=NVDA.SMART datetime=2026-05-07T09:49:00+08:00 open=207.9550 close=208.0200 volume=342032.0
2026-05-11 23:07:32.329 | INFO | Logger | intraday debug checkpoint: RECEIVED_BAR vt_symbol=NVDA.SMART datetime=2026-05-07T09:50:00+08:00 open=208.0500 close=208.0773 volume=579959.0
2026-05-11 23:07:32.329 | INFO | Logger | intraday debug checkpoint: RECEIVED_BAR vt_symbol=NVDA.SMART datetime=2026-05-07T09:51:00+08:00 open=208.0750 close=208.4700 volume=524508.0
2026-05-11 23:07:32.329 | INFO | Logger | intraday debug checkpoint: RECEIVED_BAR vt_symbol=NVDA.SMART datetime=2026-05-07T09:52:00+08:00 open=208.4920 close=208.1700 volume=499469.0
2026-05-11 23:07:32.329 | INFO | Logger | intraday debug checkpoint: RECEIVED_BAR vt_symbol=NVDA.SMART datetime=2026-05-07T09:53:00+08:00 open=208.1800 close=209.1999 volume=857126.0
2026-05-11 23:07:32.329 | INFO | Logger | intraday debug checkpoint: RECEIVED_BAR vt_symbol=NVDA.SMART datetime=2026-05-07T09:54:00+08:00 open=209.2000 close=209.2500 volume=850120.0
2026-05-11 23:07:32.329 | INFO | Logger | intraday debug checkpoint: RECEIVED_BAR vt_symbol=NVDA.SMART datetime=2026-05-07T09:55:00+08:00 open=209.2300 close=209.7800 volume=736233.0
2026-05-11 23:07:32.329 | INFO | Logger | intraday debug checkpoint: RECEIVED_BAR vt_symbol=NVDA.SMART datetime=2026-05-07T09:56:00+08:00 open=209.7950 close=209.9950 volume=1949825.0
2026-05-11 23:07:32.329 | INFO | Logger | intraday debug checkpoint: RECEIVED_BAR vt_symbol=NVDA.SMART datetime=2026-05-07T09:57:00+08:00 open=210.0019 close=209.5700 volume=688007.0
2026-05-11 23:07:32.329 | INFO | Logger | intraday debug checkpoint: RECEIVED_BAR vt_symbol=NVDA.SMART datetime=2026-05-07T09:58:00+08:00 open=209.5700 close=209.2300 volume=738297.0
2026-05-11 23:07:32.329 | INFO | Logger | intraday debug checkpoint: RECEIVED_BAR vt_symbol=NVDA.SMART datetime=2026-05-07T09:59:00+08:00 open=209.2100 close=208.9750 volume=426963.0
2026-05-11 23:07:32.329 | INFO | Logger | intraday debug checkpoint: RECEIVED_BAR vt_symbol=NVDA.SMART datetime=2026-05-07T10:00:00+08:00 open=208.9900 close=208.9500 volume=469907.0
2026-05-11 23:07:32.330 | INFO | Logger | intraday debug checkpoint: RECEIVED_BAR vt_symbol=NVDA.SMART datetime=2026-05-07T10:01:00+08:00 open=208.9000 close=209.4600 volume=616569.0
2026-05-11 23:07:32.330 | INFO | Logger | intraday debug checkpoint: RECEIVED_BAR vt_symbol=NVDA.SMART datetime=2026-05-07T10:02:00+08:00 open=209.4400 close=209.7700 volume=501810.0
2026-05-11 23:07:32.330 | INFO | Logger | intraday debug checkpoint: RECEIVED_BAR vt_symbol=NVDA.SMART datetime=2026-05-07T10:03:00+08:00 open=209.7700 close=209.9700 volume=521645.0
2026-05-11 23:07:32.330 | INFO | Logger | intraday debug checkpoint: RECEIVED_BAR vt_symbol=NVDA.SMART datetime=2026-05-07T10:04:00+08:00 open=209.9650 close=210.1401 volume=620222.0
2026-05-11 23:07:32.330 | INFO | Logger | intraday debug checkpoint: RECEIVED_BAR vt_symbol=NVDA.SMART datetime=2026-05-07T10:05:00+08:00 open=210.1883 close=210.6400 volume=787693.0
2026-05-11 23:07:32.330 | INFO | Logger | intraday debug checkpoint: RECEIVED_BAR vt_symbol=NVDA.SMART datetime=2026-05-07T10:06:00+08:00 open=210.6300 close=210.8100 volume=700920.0
2026-05-11 23:07:32.330 | INFO | Logger | intraday debug checkpoint: RECEIVED_BAR vt_symbol=NVDA.SMART datetime=2026-05-07T10:07:00+08:00 open=210.8100 close=211.1568 volume=1006515.0
2026-05-11 23:07:32.330 | INFO | Logger | intraday debug checkpoint: RECEIVED_BAR vt_symbol=NVDA.SMART datetime=2026-05-07T10:08:00+08:00 open=211.1600 close=211.7000 volume=857791.0
2026-05-11 23:07:32.330 | INFO | Logger | intraday debug checkpoint: RECEIVED_BAR vt_symbol=NVDA.SMART datetime=2026-05-07T10:09:00+08:00 open=211.7100 close=212.0010 volume=1213303.0
2026-05-11 23:07:32.330 | INFO | Logger | intraday debug checkpoint: RECEIVED_BAR vt_symbol=NVDA.SMART datetime=2026-05-07T10:10:00+08:00 open=212.0356 close=212.0550 volume=1052498.0
2026-05-11 23:07:32.330 | INFO | Logger | intraday debug checkpoint: RECEIVED_BAR vt_symbol=NVDA.SMART datetime=2026-05-07T10:11:00+08:00 open=212.0550 close=212.5400 volume=1053375.0
2026-05-11 23:07:32.330 | INFO | Logger | intraday debug checkpoint: RECEIVED_BAR vt_symbol=NVDA.SMART datetime=2026-05-07T10:12:00+08:00 open=212.5500 close=212.9700 volume=1140892.0
2026-05-11 23:07:32.330 | INFO | Logger | intraday debug checkpoint: RECEIVED_BAR vt_symbol=NVDA.SMART datetime=2026-05-07T10:13:00+08:00 open=212.9867 close=213.0500 volume=1065156.0
2026-05-11 23:07:32.330 | INFO | Logger | intraday debug checkpoint: RECEIVED_BAR vt_symbol=NVDA.SMART datetime=2026-05-07T10:14:00+08:00 open=213.0400 close=212.3600 volume=990180.0
2026-05-11 23:07:32.330 | INFO | Logger | intraday debug checkpoint: RECEIVED_BAR vt_symbol=NVDA.SMART datetime=2026-05-07T10:15:00+08:00 open=212.3800 close=212.7200 volume=724270.0
2026-05-11 23:07:32.330 | INFO | Logger | intraday debug checkpoint: RECEIVED_BAR vt_symbol=NVDA.SMART datetime=2026-05-07T10:16:00+08:00 open=212.6900 close=212.5600 volume=656970.0
2026-05-11 23:07:32.330 | INFO | Logger | intraday debug checkpoint: RECEIVED_BAR vt_symbol=NVDA.SMART datetime=2026-05-07T10:17:00+08:00 open=212.5050 close=212.9386 volume=942806.0
2026-05-11 23:07:32.330 | INFO | Logger | intraday debug checkpoint: RECEIVED_BAR vt_symbol=NVDA.SMART datetime=2026-05-07T10:18:00+08:00 open=212.9303 close=212.4200 volume=648685.0
2026-05-11 23:07:32.330 | INFO | Logger | intraday debug checkpoint: RECEIVED_BAR vt_symbol=NVDA.SMART datetime=2026-05-07T10:19:00+08:00 open=212.4000 close=212.5300 volume=565399.0
2026-05-11 23:07:32.330 | INFO | Logger | intraday debug checkpoint: RECEIVED_BAR vt_symbol=NVDA.SMART datetime=2026-05-07T10:20:00+08:00 open=212.5700 close=212.5250 volume=480354.0
2026-05-11 23:07:32.330 | INFO | Logger | intraday debug checkpoint: RECEIVED_BAR vt_symbol=NVDA.SMART datetime=2026-05-07T10:21:00+08:00 open=212.5400 close=212.9501 volume=427104.0
2026-05-11 23:07:32.330 | INFO | Logger | intraday debug checkpoint: RECEIVED_BAR vt_symbol=NVDA.SMART datetime=2026-05-07T10:22:00+08:00 open=212.9800 close=213.3400 volume=989917.0
2026-05-11 23:07:32.330 | INFO | Logger | intraday debug checkpoint: RECEIVED_BAR vt_symbol=NVDA.SMART datetime=2026-05-07T10:23:00+08:00 open=213.3422 close=213.4500 volume=716874.0
2026-05-11 23:07:32.331 | INFO | Logger | intraday debug checkpoint: RECEIVED_BAR vt_symbol=NVDA.SMART datetime=2026-05-07T10:24:00+08:00 open=213.4599 close=213.1850 volume=562609.0
2026-05-11 23:07:32.331 | INFO | Logger | intraday debug checkpoint: RECEIVED_BAR vt_symbol=NVDA.SMART datetime=2026-05-07T10:25:00+08:00 open=213.1900 close=213.0400 volume=498512.0
2026-05-11 23:07:32.331 | INFO | Logger | intraday debug checkpoint: RECEIVED_BAR vt_symbol=NVDA.SMART datetime=2026-05-07T10:26:00+08:00 open=213.0400 close=213.5800 volume=609102.0
2026-05-11 23:07:32.331 | INFO | Logger | intraday debug checkpoint: RECEIVED_BAR vt_symbol=NVDA.SMART datetime=2026-05-07T10:27:00+08:00 open=213.5804 close=213.8650 volume=660108.0
2026-05-11 23:07:32.331 | INFO | Logger | intraday debug checkpoint: RECEIVED_BAR vt_symbol=NVDA.SMART datetime=2026-05-07T10:28:00+08:00 open=213.8600 close=213.7500 volume=826359.0
2026-05-11 23:07:32.331 | INFO | Logger | intraday debug checkpoint: RECEIVED_BAR vt_symbol=NVDA.SMART datetime=2026-05-07T10:29:00+08:00 open=213.7400 close=213.6150 volume=549213.0
2026-05-11 23:07:32.331 | INFO | Logger | intraday debug checkpoint: RECEIVED_BAR vt_symbol=NVDA.SMART datetime=2026-05-07T10:30:00+08:00 open=213.6300 close=213.1300 volume=494576.0
2026-05-11 23:07:32.331 | INFO | Logger | intraday debug checkpoint: RECEIVED_BAR vt_symbol=NVDA.SMART datetime=2026-05-07T10:31:00+08:00 open=213.1300 close=213.1150 volume=645402.0
2026-05-11 23:07:32.331 | INFO | Logger | intraday debug checkpoint: RECEIVED_BAR vt_symbol=NVDA.SMART datetime=2026-05-07T10:32:00+08:00 open=213.0900 close=212.6000 volume=995449.0
2026-05-11 23:07:32.331 | INFO | Logger | intraday debug checkpoint: RECEIVED_BAR vt_symbol=NVDA.SMART datetime=2026-05-07T10:33:00+08:00 open=212.5951 close=212.5700 volume=445886.0
2026-05-11 23:07:32.331 | INFO | Logger | intraday debug checkpoint: RECEIVED_BAR vt_symbol=NVDA.SMART datetime=2026-05-07T10:34:00+08:00 open=212.5598 close=212.6750 volume=472998.0
2026-05-11 23:07:32.331 | INFO | Logger | intraday debug checkpoint: RECEIVED_BAR vt_symbol=NVDA.SMART datetime=2026-05-07T10:35:00+08:00 open=212.6750 close=212.5808 volume=309499.0
2026-05-11 23:07:32.331 | INFO | Logger | intraday debug checkpoint: RECEIVED_BAR vt_symbol=NVDA.SMART datetime=2026-05-07T10:36:00+08:00 open=212.5700 close=212.8900 volume=571900.0
2026-05-11 23:07:32.331 | INFO | Logger | intraday debug checkpoint: RECEIVED_BAR vt_symbol=NVDA.SMART datetime=2026-05-07T10:37:00+08:00 open=212.9100 close=212.9300 volume=351639.0
2026-05-11 23:07:32.331 | INFO | Logger | intraday debug checkpoint: RECEIVED_BAR vt_symbol=NVDA.SMART datetime=2026-05-07T10:38:00+08:00 open=212.9301 close=213.1301 volume=420261.0
2026-05-11 23:07:32.331 | INFO | Logger | intraday debug checkpoint: RECEIVED_BAR vt_symbol=NVDA.SMART datetime=2026-05-07T10:39:00+08:00 open=213.1100 close=213.1100 volume=370705.0
2026-05-11 23:07:32.331 | INFO | Logger | intraday debug checkpoint: RECEIVED_BAR vt_symbol=NVDA.SMART datetime=2026-05-07T10:40:00+08:00 open=213.1050 close=213.9600 volume=993427.0
2026-05-11 23:07:32.331 | INFO | Logger | intraday debug checkpoint: RECEIVED_BAR vt_symbol=NVDA.SMART datetime=2026-05-07T10:41:00+08:00 open=213.9500 close=213.9199 volume=978913.0
2026-05-11 23:07:32.331 | INFO | Logger | intraday debug checkpoint: RECEIVED_BAR vt_symbol=NVDA.SMART datetime=2026-05-07T10:42:00+08:00 open=213.9200 close=213.4399 volume=642891.0
2026-05-11 23:07:32.331 | INFO | Logger | intraday debug checkpoint: RECEIVED_BAR vt_symbol=NVDA.SMART datetime=2026-05-07T10:43:00+08:00 open=213.4200 close=213.4399 volume=339862.0
2026-05-11 23:07:32.331 | INFO | Logger | intraday debug checkpoint: RECEIVED_BAR vt_symbol=NVDA.SMART datetime=2026-05-07T10:44:00+08:00 open=213.4100 close=212.8800 volume=399295.0
2026-05-11 23:07:32.331 | INFO | Logger | intraday debug checkpoint: RECEIVED_BAR vt_symbol=NVDA.SMART datetime=2026-05-07T10:45:00+08:00 open=212.8801 close=213.1000 volume=374389.0
2026-05-11 23:07:32.331 | INFO | Logger | intraday debug checkpoint: RECEIVED_BAR vt_symbol=NVDA.SMART datetime=2026-05-07T10:46:00+08:00 open=213.1100 close=213.4450 volume=381156.0
2026-05-11 23:07:32.332 | INFO | Logger | intraday debug checkpoint: RECEIVED_BAR vt_symbol=NVDA.SMART datetime=2026-05-07T10:47:00+08:00 open=213.4400 close=213.2400 volume=284689.0
2026-05-11 23:07:32.332 | INFO | Logger | intraday debug checkpoint: RECEIVED_BAR vt_symbol=NVDA.SMART datetime=2026-05-07T10:48:00+08:00 open=213.2450 close=213.0300 volume=300140.0
2026-05-11 23:07:32.332 | INFO | Logger | intraday debug checkpoint: RECEIVED_BAR vt_symbol=NVDA.SMART datetime=2026-05-07T10:49:00+08:00 open=213.0250 close=212.6700 volume=801945.0
2026-05-11 23:07:32.332 | INFO | Logger | intraday debug checkpoint: RECEIVED_BAR vt_symbol=NVDA.SMART datetime=2026-05-07T10:50:00+08:00 open=212.6620 close=212.6300 volume=306069.0
2026-05-11 23:07:32.332 | INFO | Logger | intraday debug checkpoint: RECEIVED_BAR vt_symbol=NVDA.SMART datetime=2026-05-07T10:51:00+08:00 open=212.6660 close=212.4750 volume=384158.0
2026-05-11 23:07:32.332 | INFO | Logger | intraday debug checkpoint: RECEIVED_BAR vt_symbol=NVDA.SMART datetime=2026-05-07T10:52:00+08:00 open=212.4600 close=212.7700 volume=346568.0
2026-05-11 23:07:32.332 | INFO | Logger | intraday debug checkpoint: RECEIVED_BAR vt_symbol=NVDA.SMART datetime=2026-05-07T10:53:00+08:00 open=212.7700 close=212.7800 volume=305078.0
2026-05-11 23:07:32.332 | INFO | Logger | intraday debug checkpoint: RECEIVED_BAR vt_symbol=NVDA.SMART datetime=2026-05-07T10:54:00+08:00 open=212.7850 close=212.8501 volume=212839.0
2026-05-11 23:07:32.332 | INFO | Logger | intraday debug checkpoint: RECEIVED_BAR vt_symbol=NVDA.SMART datetime=2026-05-07T10:55:00+08:00 open=212.8600 close=213.0901 volume=478294.0
2026-05-11 23:07:32.332 | INFO | Logger | intraday debug checkpoint: RECEIVED_BAR vt_symbol=NVDA.SMART datetime=2026-05-07T10:56:00+08:00 open=213.1200 close=213.4050 volume=314427.0
2026-05-11 23:07:32.332 | INFO | Logger | intraday debug checkpoint: RECEIVED_BAR vt_symbol=NVDA.SMART datetime=2026-05-07T10:57:00+08:00 open=213.4199 close=213.2350 volume=275108.0
2026-05-11 23:07:32.332 | INFO | Logger | intraday debug checkpoint: RECEIVED_BAR vt_symbol=NVDA.SMART datetime=2026-05-07T10:58:00+08:00 open=213.2500 close=213.1500 volume=311882.0
2026-05-11 23:07:32.332 | INFO | Logger | intraday debug checkpoint: RECEIVED_BAR vt_symbol=NVDA.SMART datetime=2026-05-07T10:59:00+08:00 open=213.1500 close=212.8700 volume=345525.0
2026-05-11 23:07:32.332 | INFO | Logger | intraday debug checkpoint: RECEIVED_BAR vt_symbol=NVDA.SMART datetime=2026-05-07T11:00:00+08:00 open=212.8800 close=212.7300 volume=273308.0
2026-05-11 23:07:32.332 | INFO | Logger | intraday debug checkpoint: RECEIVED_BAR vt_symbol=NVDA.SMART datetime=2026-05-07T11:01:00+08:00 open=212.7238 close=212.5800 volume=321055.0
2026-05-11 23:07:32.332 | INFO | Logger | intraday debug checkpoint: RECEIVED_BAR vt_symbol=NVDA.SMART datetime=2026-05-07T11:02:00+08:00 open=212.5700 close=212.7100 volume=350567.0
2026-05-11 23:07:32.332 | INFO | Logger | intraday debug checkpoint: RECEIVED_BAR vt_symbol=NVDA.SMART datetime=2026-05-07T11:03:00+08:00 open=212.7500 close=212.9500 volume=289067.0
2026-05-11 23:07:32.332 | INFO | Logger | intraday debug checkpoint: RECEIVED_BAR vt_symbol=NVDA.SMART datetime=2026-05-07T11:04:00+08:00 open=212.9600 close=212.6000 volume=541908.0
2026-05-11 23:07:32.332 | INFO | Logger | intraday debug checkpoint: RECEIVED_BAR vt_symbol=NVDA.SMART datetime=2026-05-07T11:05:00+08:00 open=212.6000 close=212.4800 volume=237682.0
2026-05-11 23:07:32.332 | INFO | Logger | intraday debug checkpoint: RECEIVED_BAR vt_symbol=NVDA.SMART datetime=2026-05-07T11:06:00+08:00 open=212.4800 close=211.8200 volume=600918.0
2026-05-11 23:07:32.332 | INFO | Logger | intraday debug checkpoint: RECEIVED_BAR vt_symbol=NVDA.SMART datetime=2026-05-07T11:07:00+08:00 open=211.8200 close=211.8900 volume=522085.0
2026-05-11 23:07:32.332 | INFO | Logger | intraday debug checkpoint: RECEIVED_BAR vt_symbol=NVDA.SMART datetime=2026-05-07T11:08:00+08:00 open=211.8100 close=211.8280 volume=407227.0
2026-05-11 23:07:32.332 | INFO | Logger | intraday debug checkpoint: RECEIVED_BAR vt_symbol=NVDA.SMART datetime=2026-05-07T11:09:00+08:00 open=211.8400 close=212.0800 volume=303969.0
2026-05-11 23:07:32.332 | INFO | Logger | intraday debug checkpoint: RECEIVED_BAR vt_symbol=NVDA.SMART datetime=2026-05-07T11:10:00+08:00 open=212.0951 close=212.2450 volume=337015.0
2026-05-11 23:07:32.333 | INFO | Logger | intraday debug checkpoint: RECEIVED_BAR vt_symbol=NVDA.SMART datetime=2026-05-07T11:11:00+08:00 open=212.2550 close=211.7410 volume=304966.0
2026-05-11 23:07:32.333 | INFO | Logger | intraday debug checkpoint: RECEIVED_BAR vt_symbol=NVDA.SMART datetime=2026-05-07T11:12:00+08:00 open=211.7600 close=211.3700 volume=492425.0
2026-05-11 23:07:32.333 | INFO | Logger | intraday debug checkpoint: RECEIVED_BAR vt_symbol=NVDA.SMART datetime=2026-05-07T11:13:00+08:00 open=211.3800 close=211.5600 volume=597351.0
2026-05-11 23:07:32.333 | INFO | Logger | intraday debug checkpoint: RECEIVED_BAR vt_symbol=NVDA.SMART datetime=2026-05-07T11:14:00+08:00 open=211.5600 close=211.1800 volume=622807.0
2026-05-11 23:07:32.333 | INFO | Logger | intraday debug checkpoint: RECEIVED_BAR vt_symbol=NVDA.SMART datetime=2026-05-07T11:15:00+08:00 open=211.2050 close=210.7550 volume=552688.0
2026-05-11 23:07:32.333 | INFO | Logger | intraday debug checkpoint: RECEIVED_BAR vt_symbol=NVDA.SMART datetime=2026-05-07T11:16:00+08:00 open=210.7400 close=211.2600 volume=463444.0
2026-05-11 23:07:32.333 | INFO | Logger | intraday debug checkpoint: RECEIVED_BAR vt_symbol=NVDA.SMART datetime=2026-05-07T11:17:00+08:00 open=211.2763 close=211.5000 volume=416643.0
2026-05-11 23:07:32.333 | INFO | Logger | intraday debug checkpoint: RECEIVED_BAR vt_symbol=NVDA.SMART datetime=2026-05-07T11:18:00+08:00 open=211.4900 close=211.7086 volume=604456.0
2026-05-11 23:07:32.333 | INFO | Logger | intraday debug checkpoint: RECEIVED_BAR vt_symbol=NVDA.SMART datetime=2026-05-07T11:19:00+08:00 open=211.6950 close=211.5899 volume=282542.0
2026-05-11 23:07:32.333 | INFO | Logger | intraday debug checkpoint: RECEIVED_BAR vt_symbol=NVDA.SMART datetime=2026-05-07T11:20:00+08:00 open=211.5885 close=211.6100 volume=380412.0
2026-05-11 23:07:32.333 | INFO | Logger | intraday debug checkpoint: RECEIVED_BAR vt_symbol=NVDA.SMART datetime=2026-05-07T11:21:00+08:00 open=211.6100 close=211.8500 volume=673101.0
2026-05-11 23:07:32.333 | INFO | Logger | intraday debug checkpoint: RECEIVED_BAR vt_symbol=NVDA.SMART datetime=2026-05-07T11:22:00+08:00 open=211.8500 close=211.6400 volume=229435.0
2026-05-11 23:07:32.333 | INFO | Logger | intraday debug checkpoint: RECEIVED_BAR vt_symbol=NVDA.SMART datetime=2026-05-07T11:23:00+08:00 open=211.6200 close=211.8100 volume=352477.0
2026-05-11 23:07:32.333 | INFO | Logger | intraday debug checkpoint: RECEIVED_BAR vt_symbol=NVDA.SMART datetime=2026-05-07T11:24:00+08:00 open=211.7900 close=212.0800 volume=346971.0
2026-05-11 23:07:32.333 | INFO | Logger | intraday debug checkpoint: RECEIVED_BAR vt_symbol=NVDA.SMART datetime=2026-05-07T11:25:00+08:00 open=212.0600 close=211.9608 volume=312940.0
2026-05-11 23:07:32.333 | INFO | Logger | intraday debug checkpoint: RECEIVED_BAR vt_symbol=NVDA.SMART datetime=2026-05-07T11:26:00+08:00 open=211.9796 close=212.2800 volume=432351.0
2026-05-11 23:07:32.333 | INFO | Logger | intraday debug checkpoint: RECEIVED_BAR vt_symbol=NVDA.SMART datetime=2026-05-07T11:27:00+08:00 open=212.2870 close=211.6800 volume=323071.0
2026-05-11 23:07:32.333 | INFO | Logger | intraday debug checkpoint: RECEIVED_BAR vt_symbol=NVDA.SMART datetime=2026-05-07T11:28:00+08:00 open=211.6874 close=211.8550 volume=222758.0
2026-05-11 23:07:32.333 | INFO | Logger | intraday debug checkpoint: RECEIVED_BAR vt_symbol=NVDA.SMART datetime=2026-05-07T11:29:00+08:00 open=211.8550 close=211.9800 volume=270787.0
2026-05-11 23:07:32.334 | INFO | Logger | intraday debug checkpoint: RECEIVED_BAR vt_symbol=NVDA.SMART datetime=2026-05-07T11:30:00+08:00 open=211.9800 close=211.9560 volume=185260.0
2026-05-11 23:07:32.334 | INFO | Logger | intraday debug checkpoint: RECEIVED_BAR vt_symbol=NVDA.SMART datetime=2026-05-07T11:31:00+08:00 open=211.9900 close=212.2300 volume=317693.0
2026-05-11 23:07:32.334 | INFO | Logger | intraday debug checkpoint: RECEIVED_BAR vt_symbol=NVDA.SMART datetime=2026-05-07T11:32:00+08:00 open=212.2462 close=212.5250 volume=295268.0
2026-05-11 23:07:32.334 | INFO | Logger | intraday debug checkpoint: RECEIVED_BAR vt_symbol=NVDA.SMART datetime=2026-05-07T11:33:00+08:00 open=212.5353 close=212.4800 volume=317752.0
2026-05-11 23:07:32.334 | INFO | Logger | intraday debug checkpoint: RECEIVED_BAR vt_symbol=NVDA.SMART datetime=2026-05-07T11:34:00+08:00 open=212.5000 close=212.4600 volume=245819.0
2026-05-11 23:07:32.334 | INFO | Logger | intraday debug checkpoint: RECEIVED_BAR vt_symbol=NVDA.SMART datetime=2026-05-07T11:35:00+08:00 open=212.4500 close=212.3500 volume=192539.0
2026-05-11 23:07:32.334 | INFO | Logger | intraday debug checkpoint: RECEIVED_BAR vt_symbol=NVDA.SMART datetime=2026-05-07T11:36:00+08:00 open=212.3500 close=212.6300 volume=282619.0
2026-05-11 23:07:32.334 | INFO | Logger | intraday debug checkpoint: RECEIVED_BAR vt_symbol=NVDA.SMART datetime=2026-05-07T11:37:00+08:00 open=212.6300 close=212.7350 volume=309487.0
2026-05-11 23:07:32.334 | INFO | Logger | intraday debug checkpoint: RECEIVED_BAR vt_symbol=NVDA.SMART datetime=2026-05-07T11:38:00+08:00 open=212.7350 close=213.0200 volume=450976.0
2026-05-11 23:07:32.334 | INFO | Logger | intraday debug checkpoint: RECEIVED_BAR vt_symbol=NVDA.SMART datetime=2026-05-07T11:39:00+08:00 open=213.0327 close=212.9912 volume=204028.0
2026-05-11 23:07:32.334 | INFO | Logger | intraday debug checkpoint: RECEIVED_BAR vt_symbol=NVDA.SMART datetime=2026-05-07T11:40:00+08:00 open=212.9900 close=213.1150 volume=297152.0
2026-05-11 23:07:32.334 | INFO | Logger | intraday debug checkpoint: RECEIVED_BAR vt_symbol=NVDA.SMART datetime=2026-05-07T11:41:00+08:00 open=213.1400 close=212.9900 volume=251046.0
2026-05-11 23:07:32.334 | INFO | Logger | intraday debug checkpoint: RECEIVED_BAR vt_symbol=NVDA.SMART datetime=2026-05-07T11:42:00+08:00 open=212.9900 close=212.9100 volume=220160.0
2026-05-11 23:07:32.334 | INFO | Logger | intraday debug checkpoint: RECEIVED_BAR vt_symbol=NVDA.SMART datetime=2026-05-07T11:43:00+08:00 open=212.9199 close=213.2550 volume=322233.0
2026-05-11 23:07:32.334 | INFO | Logger | intraday debug checkpoint: RECEIVED_BAR vt_symbol=NVDA.SMART datetime=2026-05-07T11:44:00+08:00 open=213.2700 close=213.4950 volume=477758.0
2026-05-11 23:07:32.334 | INFO | Logger | intraday debug checkpoint: RECEIVED_BAR vt_symbol=NVDA.SMART datetime=2026-05-07T11:45:00+08:00 open=213.4970 close=213.3900 volume=263299.0
2026-05-11 23:07:32.334 | INFO | Logger | intraday debug checkpoint: RECEIVED_BAR vt_symbol=NVDA.SMART datetime=2026-05-07T11:46:00+08:00 open=213.3900 close=213.5101 volume=247299.0
2026-05-11 23:07:32.334 | INFO | Logger | intraday debug checkpoint: RECEIVED_BAR vt_symbol=NVDA.SMART datetime=2026-05-07T11:47:00+08:00 open=213.5150 close=213.2799 volume=386018.0
2026-05-11 23:07:32.334 | INFO | Logger | intraday debug checkpoint: RECEIVED_BAR vt_symbol=NVDA.SMART datetime=2026-05-07T11:48:00+08:00 open=213.2800 close=213.1400 volume=279790.0
2026-05-11 23:07:32.334 | INFO | Logger | intraday debug checkpoint: RECEIVED_BAR vt_symbol=NVDA.SMART datetime=2026-05-07T11:49:00+08:00 open=213.1500 close=213.1600 volume=196026.0
2026-05-11 23:07:32.334 | INFO | Logger | intraday debug checkpoint: RECEIVED_BAR vt_symbol=NVDA.SMART datetime=2026-05-07T11:50:00+08:00 open=213.1600 close=212.8500 volume=626263.0
2026-05-11 23:07:32.334 | INFO | Logger | intraday debug checkpoint: RECEIVED_BAR vt_symbol=NVDA.SMART datetime=2026-05-07T11:51:00+08:00 open=212.9000 close=213.0800 volume=284835.0
2026-05-11 23:07:32.334 | INFO | Logger | intraday debug checkpoint: RECEIVED_BAR vt_symbol=NVDA.SMART datetime=2026-05-07T11:52:00+08:00 open=213.0600 close=213.1500 volume=309664.0
2026-05-11 23:07:32.335 | INFO | Logger | intraday debug checkpoint: RECEIVED_BAR vt_symbol=NVDA.SMART datetime=2026-05-07T11:53:00+08:00 open=213.1300 close=212.8900 volume=290204.0
2026-05-11 23:07:32.335 | INFO | Logger | intraday debug checkpoint: RECEIVED_BAR vt_symbol=NVDA.SMART datetime=2026-05-07T11:54:00+08:00 open=212.8900 close=212.7999 volume=301028.0
2026-05-11 23:07:32.335 | INFO | Logger | intraday debug checkpoint: RECEIVED_BAR vt_symbol=NVDA.SMART datetime=2026-05-07T11:55:00+08:00 open=212.7900 close=213.3250 volume=307251.0
2026-05-11 23:07:32.335 | INFO | Logger | intraday debug checkpoint: RECEIVED_BAR vt_symbol=NVDA.SMART datetime=2026-05-07T11:56:00+08:00 open=213.3250 close=213.0391 volume=286718.0
2026-05-11 23:07:32.335 | INFO | Logger | intraday debug checkpoint: RECEIVED_BAR vt_symbol=NVDA.SMART datetime=2026-05-07T11:57:00+08:00 open=213.0699 close=212.8524 volume=273049.0
2026-05-11 23:07:32.335 | INFO | Logger | intraday debug checkpoint: RECEIVED_BAR vt_symbol=NVDA.SMART datetime=2026-05-07T11:58:00+08:00 open=212.8900 close=212.8200 volume=255118.0
2026-05-11 23:07:32.335 | INFO | Logger | intraday debug checkpoint: RECEIVED_BAR vt_symbol=NVDA.SMART datetime=2026-05-07T11:59:00+08:00 open=212.8000 close=212.9750 volume=380412.0
2026-05-11 23:07:32.335 | INFO | Logger | intraday debug checkpoint: RECEIVED_BAR vt_symbol=NVDA.SMART datetime=2026-05-07T12:00:00+08:00 open=212.9800 close=212.7000 volume=363714.0
2026-05-11 23:07:32.335 | INFO | Logger | intraday debug checkpoint: RECEIVED_BAR vt_symbol=NVDA.SMART datetime=2026-05-07T12:01:00+08:00 open=212.7000 close=212.6500 volume=494376.0
2026-05-11 23:07:32.335 | INFO | Logger | intraday debug checkpoint: RECEIVED_BAR vt_symbol=NVDA.SMART datetime=2026-05-07T12:02:00+08:00 open=212.6500 close=212.6200 volume=277741.0
2026-05-11 23:07:32.335 | INFO | Logger | intraday debug checkpoint: RECEIVED_BAR vt_symbol=NVDA.SMART datetime=2026-05-07T12:03:00+08:00 open=212.6100 close=212.6900 volume=260052.0
2026-05-11 23:07:32.335 | INFO | Logger | intraday debug checkpoint: RECEIVED_BAR vt_symbol=NVDA.SMART datetime=2026-05-07T12:04:00+08:00 open=212.6700 close=212.4050 volume=323121.0
2026-05-11 23:07:32.335 | INFO | Logger | intraday debug checkpoint: RECEIVED_BAR vt_symbol=NVDA.SMART datetime=2026-05-07T12:05:00+08:00 open=212.4200 close=212.2000 volume=248241.0
2026-05-11 23:07:32.335 | INFO | Logger | intraday debug checkpoint: RECEIVED_BAR vt_symbol=NVDA.SMART datetime=2026-05-07T12:06:00+08:00 open=212.2000 close=212.0501 volume=576651.0
2026-05-11 23:07:32.335 | INFO | Logger | intraday debug checkpoint: RECEIVED_BAR vt_symbol=NVDA.SMART datetime=2026-05-07T12:07:00+08:00 open=212.0700 close=211.8300 volume=246772.0
2026-05-11 23:07:32.335 | INFO | Logger | intraday debug checkpoint: RECEIVED_BAR vt_symbol=NVDA.SMART datetime=2026-05-07T12:08:00+08:00 open=211.8400 close=211.5600 volume=391266.0
2026-05-11 23:07:32.335 | INFO | Logger | intraday debug checkpoint: RECEIVED_BAR vt_symbol=NVDA.SMART datetime=2026-05-07T12:09:00+08:00 open=211.5508 close=211.7600 volume=380556.0
2026-05-11 23:07:32.335 | INFO | Logger | intraday debug checkpoint: RECEIVED_BAR vt_symbol=NVDA.SMART datetime=2026-05-07T12:10:00+08:00 open=211.7300 close=212.1500 volume=265990.0
2026-05-11 23:07:32.335 | INFO | Logger | intraday debug checkpoint: RECEIVED_BAR vt_symbol=NVDA.SMART datetime=2026-05-07T12:11:00+08:00 open=212.1548 close=212.0699 volume=252262.0
2026-05-11 23:07:32.335 | INFO | Logger | intraday debug checkpoint: RECEIVED_BAR vt_symbol=NVDA.SMART datetime=2026-05-07T12:12:00+08:00 open=212.0800 close=211.7700 volume=466995.0
2026-05-11 23:07:32.335 | INFO | Logger | intraday debug checkpoint: RECEIVED_BAR vt_symbol=NVDA.SMART datetime=2026-05-07T12:13:00+08:00 open=211.7600 close=211.2700 volume=439467.0
2026-05-11 23:07:32.335 | INFO | Logger | intraday debug checkpoint: RECEIVED_BAR vt_symbol=NVDA.SMART datetime=2026-05-07T12:14:00+08:00 open=211.2800 close=211.5617 volume=323941.0
2026-05-11 23:07:32.335 | INFO | Logger | intraday debug checkpoint: RECEIVED_BAR vt_symbol=NVDA.SMART datetime=2026-05-07T12:15:00+08:00 open=211.5700 close=211.5800 volume=279621.0
2026-05-11 23:07:32.335 | INFO | Logger | intraday debug checkpoint: RECEIVED_BAR vt_symbol=NVDA.SMART datetime=2026-05-07T12:16:00+08:00 open=211.5601 close=210.9300 volume=724184.0
2026-05-11 23:07:32.335 | INFO | Logger | intraday debug checkpoint: RECEIVED_BAR vt_symbol=NVDA.SMART datetime=2026-05-07T12:17:00+08:00 open=210.9500 close=211.2403 volume=678934.0
2026-05-11 23:07:32.336 | INFO | Logger | intraday debug checkpoint: RECEIVED_BAR vt_symbol=NVDA.SMART datetime=2026-05-07T12:18:00+08:00 open=211.2600 close=211.8700 volume=564812.0
2026-05-11 23:07:32.336 | INFO | Logger | intraday debug checkpoint: RECEIVED_BAR vt_symbol=NVDA.SMART datetime=2026-05-07T12:19:00+08:00 open=211.8550 close=211.5400 volume=367036.0
2026-05-11 23:07:32.336 | INFO | Logger | intraday debug checkpoint: RECEIVED_BAR vt_symbol=NVDA.SMART datetime=2026-05-07T12:20:00+08:00 open=211.5200 close=211.2950 volume=313412.0
2026-05-11 23:07:32.336 | INFO | Logger | intraday debug checkpoint: RECEIVED_BAR vt_symbol=NVDA.SMART datetime=2026-05-07T12:21:00+08:00 open=211.3000 close=211.4445 volume=396665.0
2026-05-11 23:07:32.336 | INFO | Logger | intraday debug checkpoint: RECEIVED_BAR vt_symbol=NVDA.SMART datetime=2026-05-07T12:22:00+08:00 open=211.4250 close=211.2750 volume=222478.0
2026-05-11 23:07:32.336 | INFO | Logger | intraday debug checkpoint: RECEIVED_BAR vt_symbol=NVDA.SMART datetime=2026-05-07T12:23:00+08:00 open=211.2900 close=211.8850 volume=275596.0
2026-05-11 23:07:32.336 | INFO | Logger | intraday debug checkpoint: RECEIVED_BAR vt_symbol=NVDA.SMART datetime=2026-05-07T12:24:00+08:00 open=211.8600 close=212.3900 volume=386132.0
2026-05-11 23:07:32.336 | INFO | Logger | intraday debug checkpoint: RECEIVED_BAR vt_symbol=NVDA.SMART datetime=2026-05-07T12:25:00+08:00 open=212.4000 close=212.5550 volume=383986.0
2026-05-11 23:07:32.336 | INFO | Logger | intraday debug checkpoint: RECEIVED_BAR vt_symbol=NVDA.SMART datetime=2026-05-07T12:26:00+08:00 open=212.5550 close=213.1100 volume=552461.0
2026-05-11 23:07:32.336 | INFO | Logger | intraday debug checkpoint: RECEIVED_BAR vt_symbol=NVDA.SMART datetime=2026-05-07T12:27:00+08:00 open=213.1300 close=213.3800 volume=449932.0
2026-05-11 23:07:32.336 | INFO | Logger | intraday debug checkpoint: RECEIVED_BAR vt_symbol=NVDA.SMART datetime=2026-05-07T12:28:00+08:00 open=213.3800 close=213.7200 volume=529525.0
2026-05-11 23:07:32.336 | INFO | Logger | intraday debug checkpoint: RECEIVED_BAR vt_symbol=NVDA.SMART datetime=2026-05-07T12:29:00+08:00 open=213.7250 close=213.5886 volume=444810.0
2026-05-11 23:07:32.336 | INFO | Logger | intraday debug checkpoint: RECEIVED_BAR vt_symbol=NVDA.SMART datetime=2026-05-07T12:30:00+08:00 open=213.5800 close=213.5750 volume=332496.0
2026-05-11 23:07:32.336 | INFO | Logger | intraday debug checkpoint: RECEIVED_BAR vt_symbol=NVDA.SMART datetime=2026-05-07T12:31:00+08:00 open=213.5700 close=213.5401 volume=297899.0
2026-05-11 23:07:32.336 | INFO | Logger | intraday debug checkpoint: RECEIVED_BAR vt_symbol=NVDA.SMART datetime=2026-05-07T12:32:00+08:00 open=213.5600 close=213.3200 volume=297071.0
2026-05-11 23:07:32.336 | INFO | Logger | intraday debug checkpoint: RECEIVED_BAR vt_symbol=NVDA.SMART datetime=2026-05-07T12:33:00+08:00 open=213.3500 close=213.5250 volume=208898.0
2026-05-11 23:07:32.336 | INFO | Logger | intraday debug checkpoint: RECEIVED_BAR vt_symbol=NVDA.SMART datetime=2026-05-07T12:34:00+08:00 open=213.5100 close=213.9800 volume=861533.0
2026-05-11 23:07:32.336 | INFO | Logger | intraday debug checkpoint: RECEIVED_BAR vt_symbol=NVDA.SMART datetime=2026-05-07T12:35:00+08:00 open=213.9900 close=213.7094 volume=422294.0
2026-05-11 23:07:32.336 | INFO | Logger | intraday debug checkpoint: RECEIVED_BAR vt_symbol=NVDA.SMART datetime=2026-05-07T12:36:00+08:00 open=213.7485 close=213.6050 volume=311707.0
2026-05-11 23:07:32.336 | INFO | Logger | intraday debug checkpoint: RECEIVED_BAR vt_symbol=NVDA.SMART datetime=2026-05-07T12:37:00+08:00 open=213.6000 close=213.0700 volume=403799.0
2026-05-11 23:07:32.336 | INFO | Logger | intraday debug checkpoint: RECEIVED_BAR vt_symbol=NVDA.SMART datetime=2026-05-07T12:38:00+08:00 open=213.0700 close=213.2350 volume=243826.0
2026-05-11 23:07:32.336 | INFO | Logger | intraday debug checkpoint: RECEIVED_BAR vt_symbol=NVDA.SMART datetime=2026-05-07T12:39:00+08:00 open=213.2350 close=212.7201 volume=339893.0
2026-05-11 23:07:32.336 | INFO | Logger | intraday debug checkpoint: RECEIVED_BAR vt_symbol=NVDA.SMART datetime=2026-05-07T12:40:00+08:00 open=212.7699 close=212.7800 volume=184803.0
2026-05-11 23:07:32.336 | INFO | Logger | intraday debug checkpoint: RECEIVED_BAR vt_symbol=NVDA.SMART datetime=2026-05-07T12:41:00+08:00 open=212.7800 close=213.1700 volume=280614.0
2026-05-11 23:07:32.336 | INFO | Logger | intraday debug checkpoint: RECEIVED_BAR vt_symbol=NVDA.SMART datetime=2026-05-07T12:42:00+08:00 open=213.1421 close=213.3550 volume=244666.0
2026-05-11 23:07:32.337 | INFO | Logger | intraday debug checkpoint: RECEIVED_BAR vt_symbol=NVDA.SMART datetime=2026-05-07T12:43:00+08:00 open=213.3700 close=213.0400 volume=178221.0
2026-05-11 23:07:32.337 | INFO | Logger | intraday debug checkpoint: RECEIVED_BAR vt_symbol=NVDA.SMART datetime=2026-05-07T12:44:00+08:00 open=213.0500 close=212.6700 volume=195736.0
2026-05-11 23:07:32.337 | INFO | Logger | intraday debug checkpoint: RECEIVED_BAR vt_symbol=NVDA.SMART datetime=2026-05-07T12:45:00+08:00 open=212.6700 close=212.9000 volume=212529.0
2026-05-11 23:07:32.337 | INFO | Logger | intraday debug checkpoint: RECEIVED_BAR vt_symbol=NVDA.SMART datetime=2026-05-07T12:46:00+08:00 open=212.8850 close=212.9500 volume=157309.0
2026-05-11 23:07:32.337 | INFO | Logger | intraday debug checkpoint: RECEIVED_BAR vt_symbol=NVDA.SMART datetime=2026-05-07T12:47:00+08:00 open=212.9800 close=212.7300 volume=167715.0
2026-05-11 23:07:32.337 | INFO | Logger | intraday debug checkpoint: RECEIVED_BAR vt_symbol=NVDA.SMART datetime=2026-05-07T12:48:00+08:00 open=212.7220 close=212.6900 volume=121352.0
2026-05-11 23:07:32.337 | INFO | Logger | intraday debug checkpoint: RECEIVED_BAR vt_symbol=NVDA.SMART datetime=2026-05-07T12:49:00+08:00 open=212.7200 close=212.8100 volume=173023.0
2026-05-11 23:07:32.337 | INFO | Logger | intraday debug checkpoint: RECEIVED_BAR vt_symbol=NVDA.SMART datetime=2026-05-07T12:50:00+08:00 open=212.8000 close=212.9500 volume=256583.0
2026-05-11 23:07:32.337 | INFO | Logger | intraday debug checkpoint: RECEIVED_BAR vt_symbol=NVDA.SMART datetime=2026-05-07T12:51:00+08:00 open=212.9350 close=212.8950 volume=148680.0
2026-05-11 23:07:32.337 | INFO | Logger | intraday debug checkpoint: RECEIVED_BAR vt_symbol=NVDA.SMART datetime=2026-05-07T12:52:00+08:00 open=212.9200 close=212.4099 volume=335147.0
2026-05-11 23:07:32.337 | INFO | Logger | intraday debug checkpoint: RECEIVED_BAR vt_symbol=NVDA.SMART datetime=2026-05-07T12:53:00+08:00 open=212.3950 close=212.6300 volume=165075.0
2026-05-11 23:07:32.337 | INFO | Logger | intraday debug checkpoint: RECEIVED_BAR vt_symbol=NVDA.SMART datetime=2026-05-07T12:54:00+08:00 open=212.6100 close=212.6800 volume=150128.0
2026-05-11 23:07:32.337 | INFO | Logger | intraday debug checkpoint: RECEIVED_BAR vt_symbol=NVDA.SMART datetime=2026-05-07T12:55:00+08:00 open=212.6900 close=212.6675 volume=146516.0
2026-05-11 23:07:32.337 | INFO | Logger | intraday debug checkpoint: RECEIVED_BAR vt_symbol=NVDA.SMART datetime=2026-05-07T12:56:00+08:00 open=212.6700 close=212.5655 volume=130904.0
2026-05-11 23:07:32.337 | INFO | Logger | intraday debug checkpoint: RECEIVED_BAR vt_symbol=NVDA.SMART datetime=2026-05-07T12:57:00+08:00 open=212.5698 close=212.4900 volume=184241.0
2026-05-11 23:07:32.337 | INFO | Logger | intraday debug checkpoint: RECEIVED_BAR vt_symbol=NVDA.SMART datetime=2026-05-07T12:58:00+08:00 open=212.4850 close=212.0550 volume=411299.0
2026-05-11 23:07:32.337 | INFO | Logger | intraday debug checkpoint: RECEIVED_BAR vt_symbol=NVDA.SMART datetime=2026-05-07T12:59:00+08:00 open=212.0600 close=212.1600 volume=160819.0
2026-05-11 23:07:32.338 | INFO | Logger | intraday debug checkpoint: RECEIVED_BAR vt_symbol=NVDA.SMART datetime=2026-05-07T13:00:00+08:00 open=212.1600 close=212.3600 volume=172693.0
2026-05-11 23:07:32.338 | INFO | Logger | intraday debug checkpoint: RECEIVED_BAR vt_symbol=NVDA.SMART datetime=2026-05-07T13:01:00+08:00 open=212.3600 close=212.4200 volume=168443.0
2026-05-11 23:07:32.338 | INFO | Logger | intraday debug checkpoint: RECEIVED_BAR vt_symbol=NVDA.SMART datetime=2026-05-07T13:02:00+08:00 open=212.4100 close=212.4050 volume=272205.0
2026-05-11 23:07:32.338 | INFO | Logger | intraday debug checkpoint: RECEIVED_BAR vt_symbol=NVDA.SMART datetime=2026-05-07T13:03:00+08:00 open=212.3800 close=212.5700 volume=166948.0
2026-05-11 23:07:32.338 | INFO | Logger | intraday debug checkpoint: RECEIVED_BAR vt_symbol=NVDA.SMART datetime=2026-05-07T13:04:00+08:00 open=212.5600 close=212.2399 volume=176177.0
2026-05-11 23:07:32.338 | INFO | Logger | intraday debug checkpoint: RECEIVED_BAR vt_symbol=NVDA.SMART datetime=2026-05-07T13:05:00+08:00 open=212.2350 close=212.0400 volume=244172.0
2026-05-11 23:07:32.338 | INFO | Logger | intraday debug checkpoint: RECEIVED_BAR vt_symbol=NVDA.SMART datetime=2026-05-07T13:06:00+08:00 open=212.0250 close=212.0800 volume=250280.0
2026-05-11 23:07:32.338 | INFO | Logger | intraday debug checkpoint: RECEIVED_BAR vt_symbol=NVDA.SMART datetime=2026-05-07T13:07:00+08:00 open=212.0850 close=212.1500 volume=164663.0
2026-05-11 23:07:32.338 | INFO | Logger | intraday debug checkpoint: RECEIVED_BAR vt_symbol=NVDA.SMART datetime=2026-05-07T13:08:00+08:00 open=212.1650 close=212.1300 volume=249661.0
2026-05-11 23:07:32.338 | INFO | Logger | intraday debug checkpoint: RECEIVED_BAR vt_symbol=NVDA.SMART datetime=2026-05-07T13:09:00+08:00 open=212.1100 close=212.3700 volume=182612.0
2026-05-11 23:07:32.338 | INFO | Logger | intraday debug checkpoint: RECEIVED_BAR vt_symbol=NVDA.SMART datetime=2026-05-07T13:10:00+08:00 open=212.3800 close=212.1200 volume=219464.0
2026-05-11 23:07:32.338 | INFO | Logger | intraday debug checkpoint: RECEIVED_BAR vt_symbol=NVDA.SMART datetime=2026-05-07T13:11:00+08:00 open=212.1199 close=211.9100 volume=212498.0
2026-05-11 23:07:32.338 | INFO | Logger | intraday debug checkpoint: RECEIVED_BAR vt_symbol=NVDA.SMART datetime=2026-05-07T13:12:00+08:00 open=211.9300 close=211.9400 volume=268682.0
2026-05-11 23:07:32.338 | INFO | Logger | intraday debug checkpoint: RECEIVED_BAR vt_symbol=NVDA.SMART datetime=2026-05-07T13:13:00+08:00 open=211.9500 close=211.9500 volume=197429.0
2026-05-11 23:07:32.338 | INFO | Logger | intraday debug checkpoint: RECEIVED_BAR vt_symbol=NVDA.SMART datetime=2026-05-07T13:14:00+08:00 open=211.9400 close=212.0450 volume=153489.0
2026-05-11 23:07:32.338 | INFO | Logger | intraday debug checkpoint: RECEIVED_BAR vt_symbol=NVDA.SMART datetime=2026-05-07T13:15:00+08:00 open=212.0700 close=212.0150 volume=202326.0
2026-05-11 23:07:32.338 | INFO | Logger | intraday debug checkpoint: RECEIVED_BAR vt_symbol=NVDA.SMART datetime=2026-05-07T13:16:00+08:00 open=212.0000 close=211.6400 volume=356744.0
2026-05-11 23:07:32.338 | INFO | Logger | intraday debug checkpoint: RECEIVED_BAR vt_symbol=NVDA.SMART datetime=2026-05-07T13:17:00+08:00 open=211.6300 close=211.6500 volume=384543.0
2026-05-11 23:07:32.338 | INFO | Logger | intraday debug checkpoint: RECEIVED_BAR vt_symbol=NVDA.SMART datetime=2026-05-07T13:18:00+08:00 open=211.6686 close=211.6300 volume=161016.0
2026-05-11 23:07:32.338 | INFO | Logger | intraday debug checkpoint: RECEIVED_BAR vt_symbol=NVDA.SMART datetime=2026-05-07T13:19:00+08:00 open=211.6600 close=211.1640 volume=279874.0
2026-05-11 23:07:32.338 | INFO | Logger | intraday debug checkpoint: RECEIVED_BAR vt_symbol=NVDA.SMART datetime=2026-05-07T13:20:00+08:00 open=211.1400 close=211.2300 volume=242067.0
2026-05-11 23:07:32.338 | INFO | Logger | intraday debug checkpoint: RECEIVED_BAR vt_symbol=NVDA.SMART datetime=2026-05-07T13:21:00+08:00 open=211.2400 close=211.2400 volume=210605.0
2026-05-11 23:07:32.338 | INFO | Logger | intraday debug checkpoint: RECEIVED_BAR vt_symbol=NVDA.SMART datetime=2026-05-07T13:22:00+08:00 open=211.2600 close=211.2900 volume=249441.0
2026-05-11 23:07:32.339 | INFO | Logger | intraday debug checkpoint: RECEIVED_BAR vt_symbol=NVDA.SMART datetime=2026-05-07T13:23:00+08:00 open=211.3034 close=211.8100 volume=265218.0
2026-05-11 23:07:32.339 | INFO | Logger | intraday debug checkpoint: RECEIVED_BAR vt_symbol=NVDA.SMART datetime=2026-05-07T13:24:00+08:00 open=211.8300 close=212.0400 volume=278750.0
2026-05-11 23:07:32.339 | INFO | Logger | intraday debug checkpoint: RECEIVED_BAR vt_symbol=NVDA.SMART datetime=2026-05-07T13:25:00+08:00 open=212.0350 close=212.3100 volume=233330.0
2026-05-11 23:07:32.339 | INFO | Logger | intraday debug checkpoint: RECEIVED_BAR vt_symbol=NVDA.SMART datetime=2026-05-07T13:26:00+08:00 open=212.3100 close=211.8600 volume=484185.0
2026-05-11 23:07:32.339 | INFO | Logger | intraday debug checkpoint: RECEIVED_BAR vt_symbol=NVDA.SMART datetime=2026-05-07T13:27:00+08:00 open=211.8450 close=211.4300 volume=366425.0
2026-05-11 23:07:32.339 | INFO | Logger | intraday debug checkpoint: RECEIVED_BAR vt_symbol=NVDA.SMART datetime=2026-05-07T13:28:00+08:00 open=211.4100 close=211.1700 volume=417692.0
2026-05-11 23:07:32.339 | INFO | Logger | intraday debug checkpoint: RECEIVED_BAR vt_symbol=NVDA.SMART datetime=2026-05-07T13:29:00+08:00 open=211.1550 close=211.8650 volume=288371.0
2026-05-11 23:07:32.339 | INFO | Logger | intraday debug checkpoint: RECEIVED_BAR vt_symbol=NVDA.SMART datetime=2026-05-07T13:30:00+08:00 open=211.8800 close=212.0000 volume=263951.0
2026-05-11 23:07:32.339 | INFO | Logger | intraday debug checkpoint: RECEIVED_BAR vt_symbol=NVDA.SMART datetime=2026-05-07T13:31:00+08:00 open=211.9500 close=211.9845 volume=237859.0
2026-05-11 23:07:32.339 | INFO | Logger | intraday debug checkpoint: RECEIVED_BAR vt_symbol=NVDA.SMART datetime=2026-05-07T13:32:00+08:00 open=211.9800 close=212.0600 volume=164579.0
2026-05-11 23:07:32.339 | INFO | Logger | intraday debug checkpoint: RECEIVED_BAR vt_symbol=NVDA.SMART datetime=2026-05-07T13:33:00+08:00 open=212.0700 close=212.3597 volume=277177.0
2026-05-11 23:07:32.339 | INFO | Logger | intraday debug checkpoint: RECEIVED_BAR vt_symbol=NVDA.SMART datetime=2026-05-07T13:34:00+08:00 open=212.3850 close=212.0299 volume=221840.0
2026-05-11 23:07:32.339 | INFO | Logger | intraday debug checkpoint: RECEIVED_BAR vt_symbol=NVDA.SMART datetime=2026-05-07T13:35:00+08:00 open=212.0300 close=212.1750 volume=177911.0
2026-05-11 23:07:32.339 | INFO | Logger | intraday debug checkpoint: RECEIVED_BAR vt_symbol=NVDA.SMART datetime=2026-05-07T13:36:00+08:00 open=212.2000 close=212.2500 volume=141444.0
2026-05-11 23:07:32.339 | INFO | Logger | intraday debug checkpoint: RECEIVED_BAR vt_symbol=NVDA.SMART datetime=2026-05-07T13:37:00+08:00 open=212.2200 close=212.4500 volume=193722.0
2026-05-11 23:07:32.339 | INFO | Logger | intraday debug checkpoint: RECEIVED_BAR vt_symbol=NVDA.SMART datetime=2026-05-07T13:38:00+08:00 open=212.4500 close=212.5800 volume=323310.0
2026-05-11 23:07:32.339 | INFO | Logger | intraday debug checkpoint: RECEIVED_BAR vt_symbol=NVDA.SMART datetime=2026-05-07T13:39:00+08:00 open=212.5781 close=212.6000 volume=201239.0
2026-05-11 23:07:32.339 | INFO | Logger | intraday debug checkpoint: RECEIVED_BAR vt_symbol=NVDA.SMART datetime=2026-05-07T13:40:00+08:00 open=212.6000 close=212.6100 volume=172686.0
2026-05-11 23:07:32.339 | INFO | Logger | intraday debug checkpoint: RECEIVED_BAR vt_symbol=NVDA.SMART datetime=2026-05-07T13:41:00+08:00 open=212.5900 close=212.8200 volume=206874.0
2026-05-11 23:07:32.339 | INFO | Logger | intraday debug checkpoint: RECEIVED_BAR vt_symbol=NVDA.SMART datetime=2026-05-07T13:42:00+08:00 open=212.8200 close=212.8000 volume=169163.0
2026-05-11 23:07:32.339 | INFO | Logger | intraday debug checkpoint: RECEIVED_BAR vt_symbol=NVDA.SMART datetime=2026-05-07T13:43:00+08:00 open=212.7950 close=212.5245 volume=150055.0
2026-05-11 23:07:32.339 | INFO | Logger | intraday debug checkpoint: RECEIVED_BAR vt_symbol=NVDA.SMART datetime=2026-05-07T13:44:00+08:00 open=212.5499 close=212.5250 volume=199673.0
2026-05-11 23:07:32.339 | INFO | Logger | intraday debug checkpoint: RECEIVED_BAR vt_symbol=NVDA.SMART datetime=2026-05-07T13:45:00+08:00 open=212.5200 close=212.3300 volume=147956.0
2026-05-11 23:07:32.339 | INFO | Logger | intraday debug checkpoint: RECEIVED_BAR vt_symbol=NVDA.SMART datetime=2026-05-07T13:46:00+08:00 open=212.3300 close=212.2101 volume=160866.0
2026-05-11 23:07:32.340 | INFO | Logger | intraday debug checkpoint: RECEIVED_BAR vt_symbol=NVDA.SMART datetime=2026-05-07T13:47:00+08:00 open=212.2101 close=212.0500 volume=119369.0
2026-05-11 23:07:32.340 | INFO | Logger | intraday debug checkpoint: RECEIVED_BAR vt_symbol=NVDA.SMART datetime=2026-05-07T13:48:00+08:00 open=212.0403 close=212.3700 volume=172122.0
2026-05-11 23:07:32.340 | INFO | Logger | intraday debug checkpoint: RECEIVED_BAR vt_symbol=NVDA.SMART datetime=2026-05-07T13:49:00+08:00 open=212.3700 close=212.2000 volume=112321.0
2026-05-11 23:07:32.340 | INFO | Logger | intraday debug checkpoint: RECEIVED_BAR vt_symbol=NVDA.SMART datetime=2026-05-07T13:50:00+08:00 open=212.1900 close=212.0050 volume=866051.0
2026-05-11 23:07:32.340 | INFO | Logger | intraday debug checkpoint: RECEIVED_BAR vt_symbol=NVDA.SMART datetime=2026-05-07T13:51:00+08:00 open=211.9900 close=212.0300 volume=270765.0
2026-05-11 23:07:32.340 | INFO | Logger | intraday debug checkpoint: RECEIVED_BAR vt_symbol=NVDA.SMART datetime=2026-05-07T13:52:00+08:00 open=212.0400 close=212.0459 volume=209108.0
2026-05-11 23:07:32.340 | INFO | Logger | intraday debug checkpoint: RECEIVED_BAR vt_symbol=NVDA.SMART datetime=2026-05-07T13:53:00+08:00 open=212.0400 close=211.8400 volume=137826.0
2026-05-11 23:07:32.340 | INFO | Logger | intraday debug checkpoint: RECEIVED_BAR vt_symbol=NVDA.SMART datetime=2026-05-07T13:54:00+08:00 open=211.8600 close=211.7700 volume=262998.0
2026-05-11 23:07:32.340 | INFO | Logger | intraday debug checkpoint: RECEIVED_BAR vt_symbol=NVDA.SMART datetime=2026-05-07T13:55:00+08:00 open=211.7764 close=211.8233 volume=171828.0
2026-05-11 23:07:32.340 | INFO | Logger | intraday debug checkpoint: RECEIVED_BAR vt_symbol=NVDA.SMART datetime=2026-05-07T13:56:00+08:00 open=211.8600 close=211.9099 volume=124111.0
2026-05-11 23:07:32.340 | INFO | Logger | intraday debug checkpoint: RECEIVED_BAR vt_symbol=NVDA.SMART datetime=2026-05-07T13:57:00+08:00 open=211.8700 close=211.9750 volume=396372.0
2026-05-11 23:07:32.340 | INFO | Logger | intraday debug checkpoint: RECEIVED_BAR vt_symbol=NVDA.SMART datetime=2026-05-07T13:58:00+08:00 open=211.9940 close=212.2050 volume=295551.0
2026-05-11 23:07:32.340 | INFO | Logger | intraday debug checkpoint: RECEIVED_BAR vt_symbol=NVDA.SMART datetime=2026-05-07T13:59:00+08:00 open=212.2050 close=212.1900 volume=126765.0
2026-05-11 23:07:32.340 | INFO | Logger | intraday debug checkpoint: RECEIVED_BAR vt_symbol=NVDA.SMART datetime=2026-05-07T14:00:00+08:00 open=212.1900 close=212.3750 volume=187581.0
2026-05-11 23:07:32.340 | INFO | Logger | intraday debug checkpoint: RECEIVED_BAR vt_symbol=NVDA.SMART datetime=2026-05-07T14:01:00+08:00 open=212.4000 close=212.6200 volume=252661.0
2026-05-11 23:07:32.340 | INFO | Logger | intraday debug checkpoint: RECEIVED_BAR vt_symbol=NVDA.SMART datetime=2026-05-07T14:02:00+08:00 open=212.6106 close=212.4851 volume=287536.0
2026-05-11 23:07:32.340 | INFO | Logger | intraday debug checkpoint: RECEIVED_BAR vt_symbol=NVDA.SMART datetime=2026-05-07T14:03:00+08:00 open=212.4801 close=212.7000 volume=170817.0
2026-05-11 23:07:32.340 | INFO | Logger | intraday debug checkpoint: RECEIVED_BAR vt_symbol=NVDA.SMART datetime=2026-05-07T14:04:00+08:00 open=212.6800 close=212.6000 volume=178576.0
2026-05-11 23:07:32.340 | INFO | Logger | intraday debug checkpoint: RECEIVED_BAR vt_symbol=NVDA.SMART datetime=2026-05-07T14:05:00+08:00 open=212.5850 close=212.6200 volume=192899.0
2026-05-11 23:07:32.340 | INFO | Logger | intraday debug checkpoint: RECEIVED_BAR vt_symbol=NVDA.SMART datetime=2026-05-07T14:06:00+08:00 open=212.6200 close=212.8050 volume=160621.0
2026-05-11 23:07:32.340 | INFO | Logger | intraday debug checkpoint: RECEIVED_BAR vt_symbol=NVDA.SMART datetime=2026-05-07T14:07:00+08:00 open=212.8300 close=213.0400 volume=389710.0
2026-05-11 23:07:32.340 | INFO | Logger | intraday debug checkpoint: RECEIVED_BAR vt_symbol=NVDA.SMART datetime=2026-05-07T14:08:00+08:00 open=213.0642 close=212.9600 volume=254245.0
2026-05-11 23:07:32.340 | INFO | Logger | intraday debug checkpoint: RECEIVED_BAR vt_symbol=NVDA.SMART datetime=2026-05-07T14:09:00+08:00 open=212.9600 close=212.9000 volume=147022.0
2026-05-11 23:07:32.341 | INFO | Logger | intraday debug checkpoint: RECEIVED_BAR vt_symbol=NVDA.SMART datetime=2026-05-07T14:10:00+08:00 open=212.8900 close=212.3300 volume=306792.0
2026-05-11 23:07:32.341 | INFO | Logger | intraday debug checkpoint: RECEIVED_BAR vt_symbol=NVDA.SMART datetime=2026-05-07T14:11:00+08:00 open=212.3100 close=212.6404 volume=260947.0
2026-05-11 23:07:32.341 | INFO | Logger | intraday debug checkpoint: RECEIVED_BAR vt_symbol=NVDA.SMART datetime=2026-05-07T14:12:00+08:00 open=212.6400 close=212.5000 volume=210346.0
2026-05-11 23:07:32.341 | INFO | Logger | intraday debug checkpoint: RECEIVED_BAR vt_symbol=NVDA.SMART datetime=2026-05-07T14:13:00+08:00 open=212.5050 close=212.5000 volume=171572.0
2026-05-11 23:07:32.341 | INFO | Logger | intraday debug checkpoint: RECEIVED_BAR vt_symbol=NVDA.SMART datetime=2026-05-07T14:14:00+08:00 open=212.4950 close=212.6400 volume=160815.0
2026-05-11 23:07:32.341 | INFO | Logger | intraday debug checkpoint: RECEIVED_BAR vt_symbol=NVDA.SMART datetime=2026-05-07T14:15:00+08:00 open=212.6545 close=212.7200 volume=215134.0
2026-05-11 23:07:32.341 | INFO | Logger | intraday debug checkpoint: RECEIVED_BAR vt_symbol=NVDA.SMART datetime=2026-05-07T14:16:00+08:00 open=212.7400 close=212.8385 volume=190168.0
2026-05-11 23:07:32.341 | INFO | Logger | intraday debug checkpoint: RECEIVED_BAR vt_symbol=NVDA.SMART datetime=2026-05-07T14:17:00+08:00 open=212.8550 close=212.9351 volume=250129.0
2026-05-11 23:07:32.341 | INFO | Logger | intraday debug checkpoint: RECEIVED_BAR vt_symbol=NVDA.SMART datetime=2026-05-07T14:18:00+08:00 open=212.9401 close=213.1200 volume=241165.0
2026-05-11 23:07:32.341 | INFO | Logger | intraday debug checkpoint: RECEIVED_BAR vt_symbol=NVDA.SMART datetime=2026-05-07T14:19:00+08:00 open=213.1486 close=213.0000 volume=269940.0
2026-05-11 23:07:32.341 | INFO | Logger | intraday debug checkpoint: RECEIVED_BAR vt_symbol=NVDA.SMART datetime=2026-05-07T14:20:00+08:00 open=213.0000 close=212.8800 volume=192492.0
2026-05-11 23:07:32.341 | INFO | Logger | intraday debug checkpoint: RECEIVED_BAR vt_symbol=NVDA.SMART datetime=2026-05-07T14:21:00+08:00 open=212.8800 close=212.9100 volume=148717.0
2026-05-11 23:07:32.341 | INFO | Logger | intraday debug checkpoint: RECEIVED_BAR vt_symbol=NVDA.SMART datetime=2026-05-07T14:22:00+08:00 open=212.9336 close=212.9800 volume=139968.0
2026-05-11 23:07:32.341 | INFO | Logger | intraday debug checkpoint: RECEIVED_BAR vt_symbol=NVDA.SMART datetime=2026-05-07T14:23:00+08:00 open=212.9800 close=213.0250 volume=158297.0
2026-05-11 23:07:32.341 | INFO | Logger | intraday debug checkpoint: RECEIVED_BAR vt_symbol=NVDA.SMART datetime=2026-05-07T14:24:00+08:00 open=213.0200 close=213.0200 volume=137804.0
2026-05-11 23:07:32.341 | INFO | Logger | intraday debug checkpoint: RECEIVED_BAR vt_symbol=NVDA.SMART datetime=2026-05-07T14:25:00+08:00 open=213.0400 close=212.8099 volume=208917.0
2026-05-11 23:07:32.341 | INFO | Logger | intraday debug checkpoint: RECEIVED_BAR vt_symbol=NVDA.SMART datetime=2026-05-07T14:26:00+08:00 open=212.8000 close=212.9254 volume=181112.0
2026-05-11 23:07:32.341 | INFO | Logger | intraday debug checkpoint: RECEIVED_BAR vt_symbol=NVDA.SMART datetime=2026-05-07T14:27:00+08:00 open=212.9201 close=213.0400 volume=171117.0
2026-05-11 23:07:32.341 | INFO | Logger | intraday debug checkpoint: RECEIVED_BAR vt_symbol=NVDA.SMART datetime=2026-05-07T14:28:00+08:00 open=213.0300 close=212.9800 volume=271085.0
2026-05-11 23:07:32.341 | INFO | Logger | intraday debug checkpoint: RECEIVED_BAR vt_symbol=NVDA.SMART datetime=2026-05-07T14:29:00+08:00 open=212.9900 close=212.8000 volume=309430.0
2026-05-11 23:07:32.341 | INFO | Logger | intraday debug checkpoint: RECEIVED_BAR vt_symbol=NVDA.SMART datetime=2026-05-07T14:30:00+08:00 open=212.8200 close=212.7885 volume=196749.0
2026-05-11 23:07:32.341 | INFO | Logger | intraday debug checkpoint: RECEIVED_BAR vt_symbol=NVDA.SMART datetime=2026-05-07T14:31:00+08:00 open=212.7700 close=213.2299 volume=324537.0
2026-05-11 23:07:32.341 | INFO | Logger | intraday debug checkpoint: RECEIVED_BAR vt_symbol=NVDA.SMART datetime=2026-05-07T14:32:00+08:00 open=213.2250 close=213.1550 volume=191865.0
2026-05-11 23:07:32.342 | INFO | Logger | intraday debug checkpoint: RECEIVED_BAR vt_symbol=NVDA.SMART datetime=2026-05-07T14:33:00+08:00 open=213.1400 close=213.0000 volume=138609.0
2026-05-11 23:07:32.342 | INFO | Logger | intraday debug checkpoint: RECEIVED_BAR vt_symbol=NVDA.SMART datetime=2026-05-07T14:34:00+08:00 open=213.0200 close=213.0500 volume=103127.0
2026-05-11 23:07:32.342 | INFO | Logger | intraday debug checkpoint: RECEIVED_BAR vt_symbol=NVDA.SMART datetime=2026-05-07T14:35:00+08:00 open=213.0300 close=212.9500 volume=110005.0
2026-05-11 23:07:32.342 | INFO | Logger | intraday debug checkpoint: RECEIVED_BAR vt_symbol=NVDA.SMART datetime=2026-05-07T14:36:00+08:00 open=212.9699 close=212.8300 volume=128876.0
2026-05-11 23:07:32.342 | INFO | Logger | intraday debug checkpoint: RECEIVED_BAR vt_symbol=NVDA.SMART datetime=2026-05-07T14:37:00+08:00 open=212.8300 close=212.8100 volume=146285.0
2026-05-11 23:07:32.342 | INFO | Logger | intraday debug checkpoint: RECEIVED_BAR vt_symbol=NVDA.SMART datetime=2026-05-07T14:38:00+08:00 open=212.8100 close=212.6500 volume=155478.0
2026-05-11 23:07:32.342 | INFO | Logger | intraday debug checkpoint: RECEIVED_BAR vt_symbol=NVDA.SMART datetime=2026-05-07T14:39:00+08:00 open=212.6500 close=212.7600 volume=179675.0
2026-05-11 23:07:32.342 | INFO | Logger | intraday debug checkpoint: RECEIVED_BAR vt_symbol=NVDA.SMART datetime=2026-05-07T14:40:00+08:00 open=212.7700 close=213.0743 volume=274067.0
2026-05-11 23:07:32.342 | INFO | Logger | intraday debug checkpoint: RECEIVED_BAR vt_symbol=NVDA.SMART datetime=2026-05-07T14:41:00+08:00 open=213.0800 close=212.9100 volume=116160.0
2026-05-11 23:07:32.342 | INFO | Logger | intraday debug checkpoint: RECEIVED_BAR vt_symbol=NVDA.SMART datetime=2026-05-07T14:42:00+08:00 open=212.9000 close=212.7650 volume=116497.0
2026-05-11 23:07:32.342 | INFO | Logger | intraday debug checkpoint: RECEIVED_BAR vt_symbol=NVDA.SMART datetime=2026-05-07T14:43:00+08:00 open=212.7800 close=213.0300 volume=125017.0
2026-05-11 23:07:32.342 | INFO | Logger | intraday debug checkpoint: RECEIVED_BAR vt_symbol=NVDA.SMART datetime=2026-05-07T14:44:00+08:00 open=213.0400 close=212.8700 volume=641611.0
2026-05-11 23:07:32.342 | INFO | Logger | intraday debug checkpoint: RECEIVED_BAR vt_symbol=NVDA.SMART datetime=2026-05-07T14:45:00+08:00 open=212.8700 close=212.2900 volume=201989.0
2026-05-11 23:07:32.342 | INFO | Logger | intraday debug checkpoint: RECEIVED_BAR vt_symbol=NVDA.SMART datetime=2026-05-07T14:46:00+08:00 open=212.2920 close=212.5605 volume=302220.0
2026-05-11 23:07:32.342 | INFO | Logger | intraday debug checkpoint: RECEIVED_BAR vt_symbol=NVDA.SMART datetime=2026-05-07T14:47:00+08:00 open=212.5800 close=212.6400 volume=134639.0
2026-05-11 23:07:32.342 | INFO | Logger | intraday debug checkpoint: RECEIVED_BAR vt_symbol=NVDA.SMART datetime=2026-05-07T14:48:00+08:00 open=212.6350 close=212.4350 volume=163404.0
2026-05-11 23:07:32.342 | INFO | Logger | intraday debug checkpoint: RECEIVED_BAR vt_symbol=NVDA.SMART datetime=2026-05-07T14:49:00+08:00 open=212.4200 close=212.1600 volume=190847.0
2026-05-11 23:07:32.342 | INFO | Logger | intraday debug checkpoint: RECEIVED_BAR vt_symbol=NVDA.SMART datetime=2026-05-07T14:50:00+08:00 open=212.1900 close=212.2600 volume=116771.0
2026-05-11 23:07:32.342 | INFO | Logger | intraday debug checkpoint: RECEIVED_BAR vt_symbol=NVDA.SMART datetime=2026-05-07T14:51:00+08:00 open=212.2450 close=212.1400 volume=219379.0
2026-05-11 23:07:32.342 | INFO | Logger | intraday debug checkpoint: RECEIVED_BAR vt_symbol=NVDA.SMART datetime=2026-05-07T14:52:00+08:00 open=212.1650 close=212.1300 volume=170127.0
2026-05-11 23:07:32.342 | INFO | Logger | intraday debug checkpoint: RECEIVED_BAR vt_symbol=NVDA.SMART datetime=2026-05-07T14:53:00+08:00 open=212.1001 close=212.1100 volume=213539.0
2026-05-11 23:07:32.343 | INFO | Logger | intraday debug checkpoint: RECEIVED_BAR vt_symbol=NVDA.SMART datetime=2026-05-07T14:54:00+08:00 open=212.1014 close=212.1500 volume=156320.0
2026-05-11 23:07:32.343 | INFO | Logger | intraday debug checkpoint: RECEIVED_BAR vt_symbol=NVDA.SMART datetime=2026-05-07T14:55:00+08:00 open=212.1700 close=212.1050 volume=100951.0
2026-05-11 23:07:32.343 | INFO | Logger | intraday debug checkpoint: RECEIVED_BAR vt_symbol=NVDA.SMART datetime=2026-05-07T14:56:00+08:00 open=212.0800 close=212.2400 volume=298805.0
2026-05-11 23:07:32.343 | INFO | Logger | intraday debug checkpoint: RECEIVED_BAR vt_symbol=NVDA.SMART datetime=2026-05-07T14:57:00+08:00 open=212.2600 close=212.4400 volume=240301.0
2026-05-11 23:07:32.343 | INFO | Logger | intraday debug checkpoint: RECEIVED_BAR vt_symbol=NVDA.SMART datetime=2026-05-07T14:58:00+08:00 open=212.4450 close=212.4200 volume=99363.0
2026-05-11 23:07:32.343 | INFO | Logger | intraday debug checkpoint: RECEIVED_BAR vt_symbol=NVDA.SMART datetime=2026-05-07T14:59:00+08:00 open=212.4300 close=212.3200 volume=140026.0
2026-05-11 23:07:32.343 | INFO | Logger | intraday debug checkpoint: RECEIVED_BAR vt_symbol=NVDA.SMART datetime=2026-05-07T15:00:00+08:00 open=212.3200 close=212.3500 volume=133721.0
2026-05-11 23:07:32.343 | INFO | Logger | intraday debug checkpoint: RECEIVED_BAR vt_symbol=NVDA.SMART datetime=2026-05-07T15:01:00+08:00 open=212.3600 close=212.3800 volume=135460.0
2026-05-11 23:07:32.343 | INFO | Logger | intraday debug checkpoint: RECEIVED_BAR vt_symbol=NVDA.SMART datetime=2026-05-07T15:02:00+08:00 open=212.3950 close=212.4350 volume=160342.0
2026-05-11 23:07:32.343 | INFO | Logger | intraday debug checkpoint: RECEIVED_BAR vt_symbol=NVDA.SMART datetime=2026-05-07T15:03:00+08:00 open=212.4350 close=212.2200 volume=126000.0
2026-05-11 23:07:32.343 | INFO | Logger | intraday debug checkpoint: RECEIVED_BAR vt_symbol=NVDA.SMART datetime=2026-05-07T15:04:00+08:00 open=212.2200 close=212.2390 volume=105637.0
2026-05-11 23:07:32.343 | INFO | Logger | intraday debug checkpoint: RECEIVED_BAR vt_symbol=NVDA.SMART datetime=2026-05-07T15:05:00+08:00 open=212.2450 close=212.3540 volume=106490.0
2026-05-11 23:07:32.343 | INFO | Logger | intraday debug checkpoint: RECEIVED_BAR vt_symbol=NVDA.SMART datetime=2026-05-07T15:06:00+08:00 open=212.3600 close=212.5300 volume=162120.0
2026-05-11 23:07:32.343 | INFO | Logger | intraday debug checkpoint: RECEIVED_BAR vt_symbol=NVDA.SMART datetime=2026-05-07T15:07:00+08:00 open=212.5101 close=212.5790 volume=145358.0
2026-05-11 23:07:32.343 | INFO | Logger | intraday debug checkpoint: RECEIVED_BAR vt_symbol=NVDA.SMART datetime=2026-05-07T15:08:00+08:00 open=212.5600 close=212.5200 volume=179642.0
2026-05-11 23:07:32.343 | INFO | Logger | intraday debug checkpoint: RECEIVED_BAR vt_symbol=NVDA.SMART datetime=2026-05-07T15:09:00+08:00 open=212.5300 close=212.4350 volume=118353.0
2026-05-11 23:07:32.343 | INFO | Logger | intraday debug checkpoint: RECEIVED_BAR vt_symbol=NVDA.SMART datetime=2026-05-07T15:10:00+08:00 open=212.4300 close=212.4300 volume=159847.0
2026-05-11 23:07:32.343 | INFO | Logger | intraday debug checkpoint: RECEIVED_BAR vt_symbol=NVDA.SMART datetime=2026-05-07T15:11:00+08:00 open=212.4498 close=212.4700 volume=158017.0
2026-05-11 23:07:32.343 | INFO | Logger | intraday debug checkpoint: RECEIVED_BAR vt_symbol=NVDA.SMART datetime=2026-05-07T15:12:00+08:00 open=212.4899 close=212.5550 volume=177897.0
2026-05-11 23:07:32.343 | INFO | Logger | intraday debug checkpoint: RECEIVED_BAR vt_symbol=NVDA.SMART datetime=2026-05-07T15:13:00+08:00 open=212.5500 close=212.6000 volume=112256.0
2026-05-11 23:07:32.343 | INFO | Logger | intraday debug checkpoint: RECEIVED_BAR vt_symbol=NVDA.SMART datetime=2026-05-07T15:14:00+08:00 open=212.6500 close=212.7300 volume=187599.0
2026-05-11 23:07:32.343 | INFO | Logger | intraday debug checkpoint: RECEIVED_BAR vt_symbol=NVDA.SMART datetime=2026-05-07T15:15:00+08:00 open=212.7300 close=212.7600 volume=166561.0
2026-05-11 23:07:32.344 | INFO | Logger | intraday debug checkpoint: RECEIVED_BAR vt_symbol=NVDA.SMART datetime=2026-05-07T15:16:00+08:00 open=212.7600 close=212.8200 volume=302493.0
2026-05-11 23:07:32.344 | INFO | Logger | intraday debug checkpoint: RECEIVED_BAR vt_symbol=NVDA.SMART datetime=2026-05-07T15:17:00+08:00 open=212.8200 close=212.7600 volume=203408.0
2026-05-11 23:07:32.344 | INFO | Logger | intraday debug checkpoint: RECEIVED_BAR vt_symbol=NVDA.SMART datetime=2026-05-07T15:18:00+08:00 open=212.7450 close=212.2600 volume=241236.0
2026-05-11 23:07:32.344 | INFO | Logger | intraday debug checkpoint: RECEIVED_BAR vt_symbol=NVDA.SMART datetime=2026-05-07T15:19:00+08:00 open=212.2978 close=212.1850 volume=240619.0
2026-05-11 23:07:32.344 | INFO | Logger | intraday debug checkpoint: RECEIVED_BAR vt_symbol=NVDA.SMART datetime=2026-05-07T15:20:00+08:00 open=212.1700 close=212.2900 volume=260063.0
2026-05-11 23:07:32.344 | INFO | Logger | intraday debug checkpoint: RECEIVED_BAR vt_symbol=NVDA.SMART datetime=2026-05-07T15:21:00+08:00 open=212.2850 close=212.2000 volume=238664.0
2026-05-11 23:07:32.344 | INFO | Logger | intraday debug checkpoint: RECEIVED_BAR vt_symbol=NVDA.SMART datetime=2026-05-07T15:22:00+08:00 open=212.1800 close=212.1600 volume=217208.0
2026-05-11 23:07:32.344 | INFO | Logger | intraday debug checkpoint: RECEIVED_BAR vt_symbol=NVDA.SMART datetime=2026-05-07T15:23:00+08:00 open=212.1800 close=212.0200 volume=154845.0
2026-05-11 23:07:32.344 | INFO | Logger | intraday debug checkpoint: RECEIVED_BAR vt_symbol=NVDA.SMART datetime=2026-05-07T15:24:00+08:00 open=212.0250 close=211.8400 volume=337753.0
2026-05-11 23:07:32.344 | INFO | Logger | intraday debug checkpoint: RECEIVED_BAR vt_symbol=NVDA.SMART datetime=2026-05-07T15:25:00+08:00 open=211.8100 close=211.6700 volume=251937.0
2026-05-11 23:07:32.344 | INFO | Logger | intraday debug checkpoint: RECEIVED_BAR vt_symbol=NVDA.SMART datetime=2026-05-07T15:26:00+08:00 open=211.6700 close=211.7750 volume=558475.0
2026-05-11 23:07:32.344 | INFO | Logger | intraday debug checkpoint: RECEIVED_BAR vt_symbol=NVDA.SMART datetime=2026-05-07T15:27:00+08:00 open=211.7700 close=211.8950 volume=252591.0
2026-05-11 23:07:32.344 | INFO | Logger | intraday debug checkpoint: RECEIVED_BAR vt_symbol=NVDA.SMART datetime=2026-05-07T15:28:00+08:00 open=211.9100 close=212.0899 volume=419402.0
2026-05-11 23:07:32.344 | INFO | Logger | intraday debug checkpoint: RECEIVED_BAR vt_symbol=NVDA.SMART datetime=2026-05-07T15:29:00+08:00 open=212.0900 close=212.0000 volume=283503.0
2026-05-11 23:07:32.344 | INFO | Logger | intraday debug checkpoint: RECEIVED_BAR vt_symbol=NVDA.SMART datetime=2026-05-07T15:30:00+08:00 open=212.0100 close=212.0300 volume=127752.0
2026-05-11 23:07:32.344 | INFO | Logger | intraday debug checkpoint: RECEIVED_BAR vt_symbol=NVDA.SMART datetime=2026-05-07T15:31:00+08:00 open=212.0307 close=212.3000 volume=252749.0
2026-05-11 23:07:32.344 | INFO | Logger | intraday debug checkpoint: RECEIVED_BAR vt_symbol=NVDA.SMART datetime=2026-05-07T15:32:00+08:00 open=212.3050 close=212.3600 volume=234446.0
2026-05-11 23:07:32.344 | INFO | Logger | intraday debug checkpoint: RECEIVED_BAR vt_symbol=NVDA.SMART datetime=2026-05-07T15:33:00+08:00 open=212.3700 close=212.0600 volume=268548.0
2026-05-11 23:07:32.344 | INFO | Logger | intraday debug checkpoint: RECEIVED_BAR vt_symbol=NVDA.SMART datetime=2026-05-07T15:34:00+08:00 open=212.0700 close=212.0200 volume=434415.0
2026-05-11 23:07:32.344 | INFO | Logger | intraday debug checkpoint: RECEIVED_BAR vt_symbol=NVDA.SMART datetime=2026-05-07T15:35:00+08:00 open=212.0100 close=211.9650 volume=142052.0
2026-05-11 23:07:32.344 | INFO | Logger | intraday debug checkpoint: RECEIVED_BAR vt_symbol=NVDA.SMART datetime=2026-05-07T15:36:00+08:00 open=211.9650 close=211.8900 volume=141635.0
2026-05-11 23:07:32.344 | INFO | Logger | intraday debug checkpoint: RECEIVED_BAR vt_symbol=NVDA.SMART datetime=2026-05-07T15:37:00+08:00 open=211.8800 close=212.0200 volume=188809.0
2026-05-11 23:07:32.344 | INFO | Logger | intraday debug checkpoint: RECEIVED_BAR vt_symbol=NVDA.SMART datetime=2026-05-07T15:38:00+08:00 open=212.0200 close=212.0100 volume=218673.0
2026-05-11 23:07:32.344 | INFO | Logger | intraday debug checkpoint: RECEIVED_BAR vt_symbol=NVDA.SMART datetime=2026-05-07T15:39:00+08:00 open=212.0100 close=212.0500 volume=165517.0
2026-05-11 23:07:32.345 | INFO | Logger | intraday debug checkpoint: RECEIVED_BAR vt_symbol=NVDA.SMART datetime=2026-05-07T15:40:00+08:00 open=212.0600 close=211.9400 volume=260220.0
2026-05-11 23:07:32.345 | INFO | Logger | intraday debug checkpoint: RECEIVED_BAR vt_symbol=NVDA.SMART datetime=2026-05-07T15:41:00+08:00 open=211.9600 close=212.0900 volume=181299.0
2026-05-11 23:07:32.345 | INFO | Logger | intraday debug checkpoint: RECEIVED_BAR vt_symbol=NVDA.SMART datetime=2026-05-07T15:42:00+08:00 open=212.0850 close=212.0300 volume=131567.0
2026-05-11 23:07:32.345 | INFO | Logger | intraday debug checkpoint: RECEIVED_BAR vt_symbol=NVDA.SMART datetime=2026-05-07T15:43:00+08:00 open=212.0200 close=211.9401 volume=127554.0
2026-05-11 23:07:32.345 | INFO | Logger | intraday debug checkpoint: RECEIVED_BAR vt_symbol=NVDA.SMART datetime=2026-05-07T15:44:00+08:00 open=211.9400 close=212.0500 volume=164520.0
2026-05-11 23:07:32.345 | INFO | Logger | intraday debug checkpoint: RECEIVED_BAR vt_symbol=NVDA.SMART datetime=2026-05-07T15:45:00+08:00 open=212.0499 close=212.1000 volume=196468.0
2026-05-11 23:07:32.345 | INFO | Logger | intraday debug checkpoint: RECEIVED_BAR vt_symbol=NVDA.SMART datetime=2026-05-07T15:46:00+08:00 open=212.1000 close=212.0939 volume=185610.0
2026-05-11 23:07:32.345 | INFO | Logger | intraday debug checkpoint: RECEIVED_BAR vt_symbol=NVDA.SMART datetime=2026-05-07T15:47:00+08:00 open=212.0804 close=212.0050 volume=318154.0
2026-05-11 23:07:32.345 | INFO | Logger | intraday debug checkpoint: RECEIVED_BAR vt_symbol=NVDA.SMART datetime=2026-05-07T15:48:00+08:00 open=212.0051 close=212.0299 volume=176645.0
2026-05-11 23:07:32.345 | INFO | Logger | intraday debug checkpoint: RECEIVED_BAR vt_symbol=NVDA.SMART datetime=2026-05-07T15:49:00+08:00 open=212.0200 close=212.0200 volume=222051.0
2026-05-11 23:07:32.345 | INFO | Logger | intraday debug checkpoint: RECEIVED_BAR vt_symbol=NVDA.SMART datetime=2026-05-07T15:50:00+08:00 open=212.0200 close=212.0400 volume=214156.0
2026-05-11 23:07:32.345 | INFO | Logger | intraday debug checkpoint: RECEIVED_BAR vt_symbol=NVDA.SMART datetime=2026-05-07T15:51:00+08:00 open=212.0500 close=212.3500 volume=527199.0
2026-05-11 23:07:32.345 | INFO | Logger | intraday debug checkpoint: RECEIVED_BAR vt_symbol=NVDA.SMART datetime=2026-05-07T15:52:00+08:00 open=212.3650 close=212.4900 volume=405211.0
2026-05-11 23:07:32.345 | INFO | Logger | intraday debug checkpoint: RECEIVED_BAR vt_symbol=NVDA.SMART datetime=2026-05-07T15:53:00+08:00 open=212.4999 close=212.1500 volume=550235.0
2026-05-11 23:07:32.345 | INFO | Logger | intraday debug checkpoint: RECEIVED_BAR vt_symbol=NVDA.SMART datetime=2026-05-07T15:54:00+08:00 open=212.1600 close=211.9200 volume=365966.0
2026-05-11 23:07:32.345 | INFO | Logger | intraday debug checkpoint: RECEIVED_BAR vt_symbol=NVDA.SMART datetime=2026-05-07T15:55:00+08:00 open=211.9200 close=211.9799 volume=484074.0
2026-05-11 23:07:32.345 | INFO | Logger | intraday debug checkpoint: RECEIVED_BAR vt_symbol=NVDA.SMART datetime=2026-05-07T15:56:00+08:00 open=211.9500 close=211.5699 volume=549373.0
2026-05-11 23:07:32.345 | INFO | Logger | intraday debug checkpoint: RECEIVED_BAR vt_symbol=NVDA.SMART datetime=2026-05-07T15:57:00+08:00 open=211.5500 close=211.4000 volume=513101.0
2026-05-11 23:07:32.345 | INFO | Logger | intraday debug checkpoint: RECEIVED_BAR vt_symbol=NVDA.SMART datetime=2026-05-07T15:58:00+08:00 open=211.3800 close=211.5100 volume=550577.0
2026-05-11 23:07:32.345 | INFO | Logger | intraday debug checkpoint: RECEIVED_BAR vt_symbol=NVDA.SMART datetime=2026-05-07T15:59:00+08:00 open=211.5100 close=211.5699 volume=648113.0
2026-05-11 23:07:32.345 | INFO | Logger | intraday debug checkpoint: RECEIVED_BAR vt_symbol=NVDA.SMART datetime=2026-05-07T16:00:00+08:00 open=211.5500 close=211.5000 volume=14389212.0
2026-05-11 23:07:32.346 | INFO | Logger | intraday debug checkpoint: RECEIVED_BAR vt_symbol=NVDA.SMART datetime=2026-05-08T09:31:00+08:00 open=213.0300 close=213.5050 volume=2883288.0
2026-05-11 23:07:32.346 | INFO | Logger | intraday debug checkpoint: RECEIVED_BAR vt_symbol=NVDA.SMART datetime=2026-05-08T09:32:00+08:00 open=213.5050 close=214.1900 volume=959267.0
2026-05-11 23:07:32.346 | INFO | Logger | intraday debug checkpoint: RECEIVED_BAR vt_symbol=NVDA.SMART datetime=2026-05-08T09:33:00+08:00 open=214.2300 close=214.3800 volume=675398.0
2026-05-11 23:07:32.346 | INFO | Logger | intraday debug checkpoint: RECEIVED_BAR vt_symbol=NVDA.SMART datetime=2026-05-08T09:34:00+08:00 open=214.4000 close=214.8264 volume=1027963.0
2026-05-11 23:07:32.346 | INFO | Logger | intraday debug checkpoint: RECEIVED_BAR vt_symbol=NVDA.SMART datetime=2026-05-08T09:35:00+08:00 open=214.8101 close=215.1196 volume=1710249.0
2026-05-11 23:07:32.346 | INFO | Logger | intraday debug checkpoint: RECEIVED_BAR vt_symbol=NVDA.SMART datetime=2026-05-08T09:36:00+08:00 open=215.0900 close=214.7713 volume=811622.0
2026-05-11 23:07:32.346 | INFO | Logger | intraday debug checkpoint: RECEIVED_BAR vt_symbol=NVDA.SMART datetime=2026-05-08T09:37:00+08:00 open=214.7800 close=215.2500 volume=921112.0
2026-05-11 23:07:32.346 | INFO | Logger | intraday debug checkpoint: RECEIVED_BAR vt_symbol=NVDA.SMART datetime=2026-05-08T09:38:00+08:00 open=215.2981 close=215.1000 volume=605572.0
2026-05-11 23:07:32.346 | INFO | Logger | intraday debug checkpoint: RECEIVED_BAR vt_symbol=NVDA.SMART datetime=2026-05-08T09:39:00+08:00 open=215.0900 close=215.5500 volume=647389.0
2026-05-11 23:07:32.346 | INFO | Logger | intraday debug checkpoint: RECEIVED_BAR vt_symbol=NVDA.SMART datetime=2026-05-08T09:40:00+08:00 open=215.5400 close=215.7600 volume=778948.0
2026-05-11 23:07:32.346 | INFO | Logger | intraday debug checkpoint: RECEIVED_BAR vt_symbol=NVDA.SMART datetime=2026-05-08T09:41:00+08:00 open=215.7995 close=215.2600 volume=841386.0
2026-05-11 23:07:32.346 | INFO | Logger | intraday debug checkpoint: RECEIVED_BAR vt_symbol=NVDA.SMART datetime=2026-05-08T09:42:00+08:00 open=215.2200 close=215.5100 volume=496908.0
2026-05-11 23:07:32.346 | INFO | Logger | intraday debug checkpoint: RECEIVED_BAR vt_symbol=NVDA.SMART datetime=2026-05-08T09:43:00+08:00 open=215.5250 close=215.7900 volume=522477.0
2026-05-11 23:07:32.346 | INFO | Logger | intraday debug checkpoint: RECEIVED_BAR vt_symbol=NVDA.SMART datetime=2026-05-08T09:44:00+08:00 open=215.7950 close=216.2850 volume=1219436.0
2026-05-11 23:07:32.346 | INFO | Logger | intraday debug checkpoint: RECEIVED_BAR vt_symbol=NVDA.SMART datetime=2026-05-08T09:45:00+08:00 open=216.2800 close=216.7700 volume=1120018.0
2026-05-11 23:07:32.346 | INFO | Logger | intraday debug checkpoint: RECEIVED_BAR vt_symbol=NVDA.SMART datetime=2026-05-08T09:46:00+08:00 open=216.7800 close=216.7700 volume=1204579.0
2026-05-11 23:07:32.346 | INFO | Logger | intraday debug checkpoint: RECEIVED_BAR vt_symbol=NVDA.SMART datetime=2026-05-08T09:47:00+08:00 open=216.7900 close=216.8750 volume=639084.0
2026-05-11 23:07:32.346 | INFO | Logger | intraday debug checkpoint: RECEIVED_BAR vt_symbol=NVDA.SMART datetime=2026-05-08T09:48:00+08:00 open=216.8750 close=217.3040 volume=829338.0
2026-05-11 23:07:32.346 | INFO | Logger | intraday debug checkpoint: RECEIVED_BAR vt_symbol=NVDA.SMART datetime=2026-05-08T09:49:00+08:00 open=217.2800 close=217.5850 volume=859613.0
2026-05-11 23:07:32.346 | INFO | Logger | intraday debug checkpoint: RECEIVED_BAR vt_symbol=NVDA.SMART datetime=2026-05-08T09:50:00+08:00 open=217.5700 close=217.4300 volume=712908.0
2026-05-11 23:07:32.346 | INFO | Logger | intraday debug checkpoint: RECEIVED_BAR vt_symbol=NVDA.SMART datetime=2026-05-08T09:51:00+08:00 open=217.4492 close=217.3200 volume=759768.0
2026-05-11 23:07:32.346 | INFO | Logger | intraday debug checkpoint: RECEIVED_BAR vt_symbol=NVDA.SMART datetime=2026-05-08T09:52:00+08:00 open=217.3000 close=216.6800 volume=972597.0
2026-05-11 23:07:32.347 | INFO | Logger | intraday debug checkpoint: RECEIVED_BAR vt_symbol=NVDA.SMART datetime=2026-05-08T09:53:00+08:00 open=216.6800 close=217.3450 volume=658536.0
2026-05-11 23:07:32.347 | INFO | Logger | intraday debug checkpoint: RECEIVED_BAR vt_symbol=NVDA.SMART datetime=2026-05-08T09:54:00+08:00 open=217.3450 close=217.2000 volume=739475.0
2026-05-11 23:07:32.347 | INFO | Logger | intraday debug checkpoint: RECEIVED_BAR vt_symbol=NVDA.SMART datetime=2026-05-08T09:55:00+08:00 open=217.1654 close=217.6000 volume=507303.0
2026-05-11 23:07:32.347 | INFO | Logger | intraday debug checkpoint: RECEIVED_BAR vt_symbol=NVDA.SMART datetime=2026-05-08T09:56:00+08:00 open=217.6000 close=217.2950 volume=547898.0
2026-05-11 23:07:32.347 | INFO | Logger | intraday debug checkpoint: RECEIVED_BAR vt_symbol=NVDA.SMART datetime=2026-05-08T09:57:00+08:00 open=217.2950 close=216.8700 volume=547218.0
2026-05-11 23:07:32.347 | INFO | Logger | intraday debug checkpoint: RECEIVED_BAR vt_symbol=NVDA.SMART datetime=2026-05-08T09:58:00+08:00 open=216.8500 close=216.9500 volume=522441.0
2026-05-11 23:07:32.347 | INFO | Logger | intraday debug checkpoint: RECEIVED_BAR vt_symbol=NVDA.SMART datetime=2026-05-08T09:59:00+08:00 open=216.9200 close=217.2500 volume=431531.0
2026-05-11 23:07:32.347 | INFO | Logger | intraday debug checkpoint: RECEIVED_BAR vt_symbol=NVDA.SMART datetime=2026-05-08T10:00:00+08:00 open=217.2250 close=217.6100 volume=673886.0
2026-05-11 23:07:32.347 | INFO | Logger | intraday debug checkpoint: RECEIVED_BAR vt_symbol=NVDA.SMART datetime=2026-05-08T10:01:00+08:00 open=217.6100 close=217.5000 volume=768576.0
2026-05-11 23:07:32.347 | INFO | Logger | intraday debug checkpoint: RECEIVED_BAR vt_symbol=NVDA.SMART datetime=2026-05-08T10:02:00+08:00 open=217.4800 close=216.8850 volume=839211.0
2026-05-11 23:07:32.347 | INFO | Logger | intraday debug checkpoint: RECEIVED_BAR vt_symbol=NVDA.SMART datetime=2026-05-08T10:03:00+08:00 open=216.8800 close=216.9500 volume=473114.0
2026-05-11 23:07:32.347 | INFO | Logger | intraday debug checkpoint: RECEIVED_BAR vt_symbol=NVDA.SMART datetime=2026-05-08T10:04:00+08:00 open=216.9550 close=216.5250 volume=566096.0
2026-05-11 23:07:32.347 | INFO | Logger | intraday debug checkpoint: RECEIVED_BAR vt_symbol=NVDA.SMART datetime=2026-05-08T10:05:00+08:00 open=216.5200 close=216.5450 volume=481969.0
2026-05-11 23:07:32.347 | INFO | Logger | intraday debug checkpoint: RECEIVED_BAR vt_symbol=NVDA.SMART datetime=2026-05-08T10:06:00+08:00 open=216.5450 close=216.4750 volume=447676.0
2026-05-11 23:07:32.347 | INFO | Logger | intraday debug checkpoint: RECEIVED_BAR vt_symbol=NVDA.SMART datetime=2026-05-08T10:07:00+08:00 open=216.4604 close=216.5306 volume=702462.0
2026-05-11 23:07:32.347 | INFO | Logger | intraday debug checkpoint: RECEIVED_BAR vt_symbol=NVDA.SMART datetime=2026-05-08T10:08:00+08:00 open=216.5450 close=216.2390 volume=340052.0
2026-05-11 23:07:32.347 | INFO | Logger | intraday debug checkpoint: RECEIVED_BAR vt_symbol=NVDA.SMART datetime=2026-05-08T10:09:00+08:00 open=216.2384 close=216.4899 volume=396898.0
2026-05-11 23:07:32.347 | INFO | Logger | intraday debug checkpoint: RECEIVED_BAR vt_symbol=NVDA.SMART datetime=2026-05-08T10:10:00+08:00 open=216.4600 close=216.2600 volume=325074.0
2026-05-11 23:07:32.347 | INFO | Logger | intraday debug checkpoint: RECEIVED_BAR vt_symbol=NVDA.SMART datetime=2026-05-08T10:11:00+08:00 open=216.2500 close=215.8514 volume=511694.0
2026-05-11 23:07:32.347 | INFO | Logger | intraday debug checkpoint: RECEIVED_BAR vt_symbol=NVDA.SMART datetime=2026-05-08T10:12:00+08:00 open=215.8699 close=215.9100 volume=507470.0
2026-05-11 23:07:32.347 | INFO | Logger | intraday debug checkpoint: RECEIVED_BAR vt_symbol=NVDA.SMART datetime=2026-05-08T10:13:00+08:00 open=215.9100 close=216.2100 volume=457055.0
2026-05-11 23:07:32.347 | INFO | Logger | intraday debug checkpoint: RECEIVED_BAR vt_symbol=NVDA.SMART datetime=2026-05-08T10:14:00+08:00 open=216.2000 close=216.4100 volume=351338.0
2026-05-11 23:07:32.348 | INFO | Logger | intraday debug checkpoint: RECEIVED_BAR vt_symbol=NVDA.SMART datetime=2026-05-08T10:15:00+08:00 open=216.4100 close=216.0556 volume=560545.0
2026-05-11 23:07:32.348 | INFO | Logger | intraday debug checkpoint: RECEIVED_BAR vt_symbol=NVDA.SMART datetime=2026-05-08T10:16:00+08:00 open=216.0300 close=215.9650 volume=295125.0
2026-05-11 23:07:32.348 | INFO | Logger | intraday debug checkpoint: RECEIVED_BAR vt_symbol=NVDA.SMART datetime=2026-05-08T10:17:00+08:00 open=215.9400 close=215.5300 volume=461832.0
2026-05-11 23:07:32.348 | INFO | Logger | intraday debug checkpoint: RECEIVED_BAR vt_symbol=NVDA.SMART datetime=2026-05-08T10:18:00+08:00 open=215.5201 close=215.4250 volume=697439.0
2026-05-11 23:07:32.348 | INFO | Logger | intraday debug checkpoint: RECEIVED_BAR vt_symbol=NVDA.SMART datetime=2026-05-08T10:19:00+08:00 open=215.4250 close=215.8000 volume=450405.0
2026-05-11 23:07:32.348 | INFO | Logger | intraday debug checkpoint: RECEIVED_BAR vt_symbol=NVDA.SMART datetime=2026-05-08T10:20:00+08:00 open=215.7701 close=215.8750 volume=363303.0
2026-05-11 23:07:32.348 | INFO | Logger | intraday debug checkpoint: RECEIVED_BAR vt_symbol=NVDA.SMART datetime=2026-05-08T10:21:00+08:00 open=215.8999 close=215.8981 volume=351568.0
2026-05-11 23:07:32.348 | INFO | Logger | intraday debug checkpoint: RECEIVED_BAR vt_symbol=NVDA.SMART datetime=2026-05-08T10:22:00+08:00 open=215.8800 close=216.1900 volume=440975.0
2026-05-11 23:07:32.348 | INFO | Logger | intraday debug checkpoint: RECEIVED_BAR vt_symbol=NVDA.SMART datetime=2026-05-08T10:23:00+08:00 open=216.1901 close=216.0850 volume=514608.0
2026-05-11 23:07:32.348 | INFO | Logger | intraday debug checkpoint: RECEIVED_BAR vt_symbol=NVDA.SMART datetime=2026-05-08T10:24:00+08:00 open=216.0850 close=215.6802 volume=505115.0
2026-05-11 23:07:32.348 | INFO | Logger | intraday debug checkpoint: RECEIVED_BAR vt_symbol=NVDA.SMART datetime=2026-05-08T10:25:00+08:00 open=215.6601 close=215.8400 volume=272105.0
2026-05-11 23:07:32.348 | INFO | Logger | intraday debug checkpoint: RECEIVED_BAR vt_symbol=NVDA.SMART datetime=2026-05-08T10:26:00+08:00 open=215.8400 close=216.2300 volume=322741.0
2026-05-11 23:07:32.348 | INFO | Logger | intraday debug checkpoint: RECEIVED_BAR vt_symbol=NVDA.SMART datetime=2026-05-08T10:27:00+08:00 open=216.2300 close=216.2598 volume=380716.0
2026-05-11 23:07:32.348 | INFO | Logger | intraday debug checkpoint: RECEIVED_BAR vt_symbol=NVDA.SMART datetime=2026-05-08T10:28:00+08:00 open=216.2594 close=215.8800 volume=272889.0
2026-05-11 23:07:32.348 | INFO | Logger | intraday debug checkpoint: RECEIVED_BAR vt_symbol=NVDA.SMART datetime=2026-05-08T10:29:00+08:00 open=215.8900 close=215.9300 volume=393617.0
2026-05-11 23:07:32.348 | INFO | Logger | intraday debug checkpoint: RECEIVED_BAR vt_symbol=NVDA.SMART datetime=2026-05-08T10:30:00+08:00 open=215.9240 close=215.2900 volume=384959.0
2026-05-11 23:07:32.348 | INFO | Logger | intraday debug checkpoint: RECEIVED_BAR vt_symbol=NVDA.SMART datetime=2026-05-08T10:31:00+08:00 open=215.3112 close=215.1220 volume=447674.0
2026-05-11 23:07:32.348 | INFO | Logger | intraday debug checkpoint: RECEIVED_BAR vt_symbol=NVDA.SMART datetime=2026-05-08T10:32:00+08:00 open=215.1222 close=215.7201 volume=377229.0
2026-05-11 23:07:32.348 | INFO | Logger | intraday debug checkpoint: RECEIVED_BAR vt_symbol=NVDA.SMART datetime=2026-05-08T10:33:00+08:00 open=215.7201 close=215.5399 volume=393766.0
2026-05-11 23:07:32.349 | INFO | Logger | intraday debug checkpoint: RECEIVED_BAR vt_symbol=NVDA.SMART datetime=2026-05-08T10:34:00+08:00 open=215.5400 close=215.2300 volume=260811.0
2026-05-11 23:07:32.349 | INFO | Logger | intraday debug checkpoint: RECEIVED_BAR vt_symbol=NVDA.SMART datetime=2026-05-08T10:35:00+08:00 open=215.2200 close=215.0300 volume=548391.0
2026-05-11 23:07:32.349 | INFO | Logger | intraday debug checkpoint: RECEIVED_BAR vt_symbol=NVDA.SMART datetime=2026-05-08T10:36:00+08:00 open=215.0100 close=214.5750 volume=544671.0
2026-05-11 23:07:32.349 | INFO | Logger | intraday debug checkpoint: RECEIVED_BAR vt_symbol=NVDA.SMART datetime=2026-05-08T10:37:00+08:00 open=214.5603 close=214.5000 volume=482326.0
2026-05-11 23:07:32.349 | INFO | Logger | intraday debug checkpoint: RECEIVED_BAR vt_symbol=NVDA.SMART datetime=2026-05-08T10:38:00+08:00 open=214.6250 close=214.9600 volume=330819.0
2026-05-11 23:07:32.349 | INFO | Logger | intraday debug checkpoint: RECEIVED_BAR vt_symbol=NVDA.SMART datetime=2026-05-08T10:39:00+08:00 open=214.9546 close=214.9800 volume=265244.0
2026-05-11 23:07:32.349 | INFO | Logger | intraday debug checkpoint: RECEIVED_BAR vt_symbol=NVDA.SMART datetime=2026-05-08T10:40:00+08:00 open=214.9689 close=214.9600 volume=267596.0
2026-05-11 23:07:32.349 | INFO | Logger | intraday debug checkpoint: RECEIVED_BAR vt_symbol=NVDA.SMART datetime=2026-05-08T10:41:00+08:00 open=214.9500 close=214.7000 volume=393878.0
2026-05-11 23:07:32.349 | INFO | Logger | intraday debug checkpoint: RECEIVED_BAR vt_symbol=NVDA.SMART datetime=2026-05-08T10:42:00+08:00 open=214.6900 close=214.8000 volume=356667.0
2026-05-11 23:07:32.349 | INFO | Logger | intraday debug checkpoint: RECEIVED_BAR vt_symbol=NVDA.SMART datetime=2026-05-08T10:43:00+08:00 open=214.7900 close=215.1250 volume=363629.0
2026-05-11 23:07:32.349 | INFO | Logger | intraday debug checkpoint: RECEIVED_BAR vt_symbol=NVDA.SMART datetime=2026-05-08T10:44:00+08:00 open=215.1300 close=215.3800 volume=414011.0
2026-05-11 23:07:32.349 | INFO | Logger | intraday debug checkpoint: RECEIVED_BAR vt_symbol=NVDA.SMART datetime=2026-05-08T10:45:00+08:00 open=215.3900 close=215.3000 volume=332859.0
2026-05-11 23:07:32.349 | INFO | Logger | intraday debug checkpoint: RECEIVED_BAR vt_symbol=NVDA.SMART datetime=2026-05-08T10:46:00+08:00 open=215.2850 close=215.1700 volume=257236.0
2026-05-11 23:07:32.349 | INFO | Logger | intraday debug checkpoint: RECEIVED_BAR vt_symbol=NVDA.SMART datetime=2026-05-08T10:47:00+08:00 open=215.1502 close=215.4300 volume=261364.0
2026-05-11 23:07:32.349 | INFO | Logger | intraday debug checkpoint: RECEIVED_BAR vt_symbol=NVDA.SMART datetime=2026-05-08T10:48:00+08:00 open=215.4300 close=215.3600 volume=285522.0
2026-05-11 23:07:32.349 | INFO | Logger | intraday debug checkpoint: RECEIVED_BAR vt_symbol=NVDA.SMART datetime=2026-05-08T10:49:00+08:00 open=215.3500 close=215.4300 volume=189464.0
2026-05-11 23:07:32.349 | INFO | Logger | intraday debug checkpoint: RECEIVED_BAR vt_symbol=NVDA.SMART datetime=2026-05-08T10:50:00+08:00 open=215.4400 close=215.7199 volume=353479.0
2026-05-11 23:07:32.349 | INFO | Logger | intraday debug checkpoint: RECEIVED_BAR vt_symbol=NVDA.SMART datetime=2026-05-08T10:51:00+08:00 open=215.6900 close=215.6200 volume=238283.0
2026-05-11 23:07:32.349 | INFO | Logger | intraday debug checkpoint: RECEIVED_BAR vt_symbol=NVDA.SMART datetime=2026-05-08T10:52:00+08:00 open=215.6150 close=215.6200 volume=233987.0
2026-05-11 23:07:32.349 | INFO | Logger | intraday debug checkpoint: RECEIVED_BAR vt_symbol=NVDA.SMART datetime=2026-05-08T10:53:00+08:00 open=215.6000 close=215.7800 volume=201194.0
2026-05-11 23:07:32.349 | INFO | Logger | intraday debug checkpoint: RECEIVED_BAR vt_symbol=NVDA.SMART datetime=2026-05-08T10:54:00+08:00 open=215.7600 close=215.8100 volume=292441.0
2026-05-11 23:07:32.349 | INFO | Logger | intraday debug checkpoint: RECEIVED_BAR vt_symbol=NVDA.SMART datetime=2026-05-08T10:55:00+08:00 open=215.8100 close=215.7700 volume=217068.0
2026-05-11 23:07:32.349 | INFO | Logger | intraday debug checkpoint: RECEIVED_BAR vt_symbol=NVDA.SMART datetime=2026-05-08T10:56:00+08:00 open=215.7700 close=215.7859 volume=387710.0
2026-05-11 23:07:32.349 | INFO | Logger | intraday debug checkpoint: RECEIVED_BAR vt_symbol=NVDA.SMART datetime=2026-05-08T10:57:00+08:00 open=215.7600 close=215.8300 volume=242644.0
2026-05-11 23:07:32.350 | INFO | Logger | intraday debug checkpoint: RECEIVED_BAR vt_symbol=NVDA.SMART datetime=2026-05-08T10:58:00+08:00 open=215.8300 close=215.9300 volume=255079.0
2026-05-11 23:07:32.350 | INFO | Logger | intraday debug checkpoint: RECEIVED_BAR vt_symbol=NVDA.SMART datetime=2026-05-08T10:59:00+08:00 open=215.9200 close=216.1900 volume=426913.0
2026-05-11 23:07:32.350 | INFO | Logger | intraday debug checkpoint: RECEIVED_BAR vt_symbol=NVDA.SMART datetime=2026-05-08T11:00:00+08:00 open=216.1801 close=215.9200 volume=288861.0
2026-05-11 23:07:32.350 | INFO | Logger | intraday debug checkpoint: RECEIVED_BAR vt_symbol=NVDA.SMART datetime=2026-05-08T11:01:00+08:00 open=215.9020 close=216.1099 volume=424634.0
2026-05-11 23:07:32.350 | INFO | Logger | intraday debug checkpoint: RECEIVED_BAR vt_symbol=NVDA.SMART datetime=2026-05-08T11:02:00+08:00 open=216.1050 close=215.8100 volume=242953.0
2026-05-11 23:07:32.350 | INFO | Logger | intraday debug checkpoint: RECEIVED_BAR vt_symbol=NVDA.SMART datetime=2026-05-08T11:03:00+08:00 open=215.8100 close=215.9400 volume=254025.0
2026-05-11 23:07:32.350 | INFO | Logger | intraday debug checkpoint: RECEIVED_BAR vt_symbol=NVDA.SMART datetime=2026-05-08T11:04:00+08:00 open=215.9200 close=216.0300 volume=192524.0
2026-05-11 23:07:32.350 | INFO | Logger | intraday debug checkpoint: RECEIVED_BAR vt_symbol=NVDA.SMART datetime=2026-05-08T11:05:00+08:00 open=216.0400 close=215.9600 volume=283574.0
2026-05-11 23:07:32.350 | INFO | Logger | intraday debug checkpoint: RECEIVED_BAR vt_symbol=NVDA.SMART datetime=2026-05-08T11:06:00+08:00 open=215.9799 close=216.1600 volume=211531.0
2026-05-11 23:07:32.350 | INFO | Logger | intraday debug checkpoint: RECEIVED_BAR vt_symbol=NVDA.SMART datetime=2026-05-08T11:07:00+08:00 open=216.1500 close=216.3600 volume=381019.0
2026-05-11 23:07:32.350 | INFO | Logger | intraday debug checkpoint: RECEIVED_BAR vt_symbol=NVDA.SMART datetime=2026-05-08T11:08:00+08:00 open=216.3340 close=216.4100 volume=462520.0
2026-05-11 23:07:32.350 | INFO | Logger | intraday debug checkpoint: RECEIVED_BAR vt_symbol=NVDA.SMART datetime=2026-05-08T11:09:00+08:00 open=216.4100 close=216.3700 volume=220721.0
2026-05-11 23:07:32.350 | INFO | Logger | intraday debug checkpoint: RECEIVED_BAR vt_symbol=NVDA.SMART datetime=2026-05-08T11:10:00+08:00 open=216.3799 close=216.1800 volume=214633.0
2026-05-11 23:07:32.350 | INFO | Logger | intraday debug checkpoint: RECEIVED_BAR vt_symbol=NVDA.SMART datetime=2026-05-08T11:11:00+08:00 open=216.1900 close=216.2500 volume=186427.0
2026-05-11 23:07:32.350 | INFO | Logger | intraday debug checkpoint: RECEIVED_BAR vt_symbol=NVDA.SMART datetime=2026-05-08T11:12:00+08:00 open=216.2600 close=216.4200 volume=413061.0
2026-05-11 23:07:32.350 | INFO | Logger | intraday debug checkpoint: RECEIVED_BAR vt_symbol=NVDA.SMART datetime=2026-05-08T11:13:00+08:00 open=216.4200 close=216.6600 volume=472781.0
2026-05-11 23:07:32.350 | INFO | Logger | intraday debug checkpoint: RECEIVED_BAR vt_symbol=NVDA.SMART datetime=2026-05-08T11:14:00+08:00 open=216.6600 close=216.4197 volume=405003.0
2026-05-11 23:07:32.350 | INFO | Logger | intraday debug checkpoint: RECEIVED_BAR vt_symbol=NVDA.SMART datetime=2026-05-08T11:15:00+08:00 open=216.4001 close=216.3486 volume=270262.0
2026-05-11 23:07:32.351 | INFO | Logger | intraday debug checkpoint: RECEIVED_BAR vt_symbol=NVDA.SMART datetime=2026-05-08T11:16:00+08:00 open=216.3600 close=216.1000 volume=319398.0
2026-05-11 23:07:32.351 | INFO | Logger | intraday debug checkpoint: RECEIVED_BAR vt_symbol=NVDA.SMART datetime=2026-05-08T11:17:00+08:00 open=216.1000 close=215.9201 volume=309722.0
2026-05-11 23:07:32.351 | INFO | Logger | intraday debug checkpoint: RECEIVED_BAR vt_symbol=NVDA.SMART datetime=2026-05-08T11:18:00+08:00 open=215.9350 close=215.7700 volume=377474.0
2026-05-11 23:07:32.351 | INFO | Logger | intraday debug checkpoint: RECEIVED_BAR vt_symbol=NVDA.SMART datetime=2026-05-08T11:19:00+08:00 open=215.7500 close=215.6450 volume=353117.0
2026-05-11 23:07:32.351 | INFO | Logger | intraday debug checkpoint: RECEIVED_BAR vt_symbol=NVDA.SMART datetime=2026-05-08T11:20:00+08:00 open=215.6300 close=215.7500 volume=219927.0
2026-05-11 23:07:32.351 | INFO | Logger | intraday debug checkpoint: RECEIVED_BAR vt_symbol=NVDA.SMART datetime=2026-05-08T11:21:00+08:00 open=215.7250 close=215.9050 volume=170847.0
2026-05-11 23:07:32.351 | INFO | Logger | intraday debug checkpoint: RECEIVED_BAR vt_symbol=NVDA.SMART datetime=2026-05-08T11:22:00+08:00 open=215.9005 close=215.9600 volume=259796.0
2026-05-11 23:07:32.351 | INFO | Logger | intraday debug checkpoint: RECEIVED_BAR vt_symbol=NVDA.SMART datetime=2026-05-08T11:23:00+08:00 open=215.9550 close=215.9300 volume=237451.0
2026-05-11 23:07:32.351 | INFO | Logger | intraday debug checkpoint: RECEIVED_BAR vt_symbol=NVDA.SMART datetime=2026-05-08T11:24:00+08:00 open=215.9300 close=216.0850 volume=273641.0
2026-05-11 23:07:32.351 | INFO | Logger | intraday debug checkpoint: RECEIVED_BAR vt_symbol=NVDA.SMART datetime=2026-05-08T11:25:00+08:00 open=216.1100 close=215.9950 volume=197891.0
2026-05-11 23:07:32.351 | INFO | Logger | intraday debug checkpoint: RECEIVED_BAR vt_symbol=NVDA.SMART datetime=2026-05-08T11:26:00+08:00 open=215.9999 close=215.9602 volume=176864.0
2026-05-11 23:07:32.351 | INFO | Logger | intraday debug checkpoint: RECEIVED_BAR vt_symbol=NVDA.SMART datetime=2026-05-08T11:27:00+08:00 open=215.9400 close=215.9450 volume=189515.0
2026-05-11 23:07:32.351 | INFO | Logger | intraday debug checkpoint: RECEIVED_BAR vt_symbol=NVDA.SMART datetime=2026-05-08T11:28:00+08:00 open=215.9500 close=216.2550 volume=295397.0
2026-05-11 23:07:32.351 | INFO | Logger | intraday debug checkpoint: RECEIVED_BAR vt_symbol=NVDA.SMART datetime=2026-05-08T11:29:00+08:00 open=216.2600 close=216.3150 volume=293030.0
2026-05-11 23:07:32.351 | INFO | Logger | intraday debug checkpoint: RECEIVED_BAR vt_symbol=NVDA.SMART datetime=2026-05-08T11:30:00+08:00 open=216.3100 close=216.2600 volume=131001.0
2026-05-11 23:07:32.351 | INFO | Logger | intraday debug checkpoint: RECEIVED_BAR vt_symbol=NVDA.SMART datetime=2026-05-08T11:31:00+08:00 open=216.2800 close=215.9500 volume=223037.0
2026-05-11 23:07:32.351 | INFO | Logger | intraday debug checkpoint: RECEIVED_BAR vt_symbol=NVDA.SMART datetime=2026-05-08T11:32:00+08:00 open=215.9479 close=216.6800 volume=441993.0
2026-05-11 23:07:32.351 | INFO | Logger | intraday debug checkpoint: RECEIVED_BAR vt_symbol=NVDA.SMART datetime=2026-05-08T11:33:00+08:00 open=216.6600 close=216.5250 volume=359850.0
2026-05-11 23:07:32.351 | INFO | Logger | intraday debug checkpoint: RECEIVED_BAR vt_symbol=NVDA.SMART datetime=2026-05-08T11:34:00+08:00 open=216.5400 close=216.5200 volume=210200.0
2026-05-11 23:07:32.351 | INFO | Logger | intraday debug checkpoint: RECEIVED_BAR vt_symbol=NVDA.SMART datetime=2026-05-08T11:35:00+08:00 open=216.5300 close=216.8340 volume=298075.0
2026-05-11 23:07:32.351 | INFO | Logger | intraday debug checkpoint: RECEIVED_BAR vt_symbol=NVDA.SMART datetime=2026-05-08T11:36:00+08:00 open=216.8500 close=216.9600 volume=371014.0
2026-05-11 23:07:32.352 | INFO | Logger | intraday debug checkpoint: RECEIVED_BAR vt_symbol=NVDA.SMART datetime=2026-05-08T11:37:00+08:00 open=216.9700 close=217.1001 volume=659671.0
2026-05-11 23:07:32.352 | INFO | Logger | intraday debug checkpoint: RECEIVED_BAR vt_symbol=NVDA.SMART datetime=2026-05-08T11:38:00+08:00 open=217.1002 close=217.0200 volume=318125.0
2026-05-11 23:07:32.352 | INFO | Logger | intraday debug checkpoint: RECEIVED_BAR vt_symbol=NVDA.SMART datetime=2026-05-08T11:39:00+08:00 open=217.0200 close=217.0550 volume=305254.0
2026-05-11 23:07:32.352 | INFO | Logger | intraday debug checkpoint: RECEIVED_BAR vt_symbol=NVDA.SMART datetime=2026-05-08T11:40:00+08:00 open=217.0400 close=216.8884 volume=398790.0
2026-05-11 23:07:32.352 | INFO | Logger | intraday debug checkpoint: RECEIVED_BAR vt_symbol=NVDA.SMART datetime=2026-05-08T11:41:00+08:00 open=216.8800 close=216.7538 volume=239014.0
2026-05-11 23:07:32.352 | INFO | Logger | intraday debug checkpoint: RECEIVED_BAR vt_symbol=NVDA.SMART datetime=2026-05-08T11:42:00+08:00 open=216.7500 close=216.4400 volume=266760.0
2026-05-11 23:07:32.352 | INFO | Logger | intraday debug checkpoint: RECEIVED_BAR vt_symbol=NVDA.SMART datetime=2026-05-08T11:43:00+08:00 open=216.4440 close=216.2994 volume=200548.0
2026-05-11 23:07:32.352 | INFO | Logger | intraday debug checkpoint: RECEIVED_BAR vt_symbol=NVDA.SMART datetime=2026-05-08T11:44:00+08:00 open=216.3100 close=216.3300 volume=249055.0
2026-05-11 23:07:32.352 | INFO | Logger | intraday debug checkpoint: RECEIVED_BAR vt_symbol=NVDA.SMART datetime=2026-05-08T11:45:00+08:00 open=216.3367 close=216.3500 volume=160770.0
2026-05-11 23:07:32.352 | INFO | Logger | intraday debug checkpoint: RECEIVED_BAR vt_symbol=NVDA.SMART datetime=2026-05-08T11:46:00+08:00 open=216.3600 close=216.2300 volume=320228.0
2026-05-11 23:07:32.352 | INFO | Logger | intraday debug checkpoint: RECEIVED_BAR vt_symbol=NVDA.SMART datetime=2026-05-08T11:47:00+08:00 open=216.2400 close=216.2300 volume=142697.0
2026-05-11 23:07:32.352 | INFO | Logger | intraday debug checkpoint: RECEIVED_BAR vt_symbol=NVDA.SMART datetime=2026-05-08T11:48:00+08:00 open=216.2300 close=216.4013 volume=378653.0
2026-05-11 23:07:32.352 | INFO | Logger | intraday debug checkpoint: RECEIVED_BAR vt_symbol=NVDA.SMART datetime=2026-05-08T11:49:00+08:00 open=216.4200 close=216.3800 volume=152105.0
2026-05-11 23:07:32.352 | INFO | Logger | intraday debug checkpoint: RECEIVED_BAR vt_symbol=NVDA.SMART datetime=2026-05-08T11:50:00+08:00 open=216.3900 close=216.2899 volume=168855.0
2026-05-11 23:07:32.352 | INFO | Logger | intraday debug checkpoint: RECEIVED_BAR vt_symbol=NVDA.SMART datetime=2026-05-08T11:51:00+08:00 open=216.2800 close=216.3100 volume=124600.0
2026-05-11 23:07:32.352 | INFO | Logger | intraday debug checkpoint: RECEIVED_BAR vt_symbol=NVDA.SMART datetime=2026-05-08T11:52:00+08:00 open=216.2900 close=216.2100 volume=232603.0
2026-05-11 23:07:32.352 | INFO | Logger | intraday debug checkpoint: RECEIVED_BAR vt_symbol=NVDA.SMART datetime=2026-05-08T11:53:00+08:00 open=216.2200 close=216.1068 volume=150232.0
2026-05-11 23:07:32.352 | INFO | Logger | intraday debug checkpoint: RECEIVED_BAR vt_symbol=NVDA.SMART datetime=2026-05-08T11:54:00+08:00 open=216.1000 close=216.1050 volume=151054.0
2026-05-11 23:07:32.352 | INFO | Logger | intraday debug checkpoint: RECEIVED_BAR vt_symbol=NVDA.SMART datetime=2026-05-08T11:55:00+08:00 open=216.1000 close=216.0800 volume=200484.0
2026-05-11 23:07:32.353 | INFO | Logger | intraday debug checkpoint: RECEIVED_BAR vt_symbol=NVDA.SMART datetime=2026-05-08T11:56:00+08:00 open=216.0800 close=215.8200 volume=333035.0
2026-05-11 23:07:32.353 | INFO | Logger | intraday debug checkpoint: RECEIVED_BAR vt_symbol=NVDA.SMART datetime=2026-05-08T11:57:00+08:00 open=215.8000 close=215.9900 volume=162781.0
2026-05-11 23:07:32.353 | INFO | Logger | intraday debug checkpoint: RECEIVED_BAR vt_symbol=NVDA.SMART datetime=2026-05-08T11:58:00+08:00 open=215.9700 close=215.7800 volume=134546.0
2026-05-11 23:07:32.353 | INFO | Logger | intraday debug checkpoint: RECEIVED_BAR vt_symbol=NVDA.SMART datetime=2026-05-08T11:59:00+08:00 open=215.7800 close=215.5600 volume=159953.0
2026-05-11 23:07:32.353 | INFO | Logger | intraday debug checkpoint: RECEIVED_BAR vt_symbol=NVDA.SMART datetime=2026-05-08T12:00:00+08:00 open=215.5500 close=215.5200 volume=186005.0
2026-05-11 23:07:32.353 | INFO | Logger | intraday debug checkpoint: RECEIVED_BAR vt_symbol=NVDA.SMART datetime=2026-05-08T12:01:00+08:00 open=215.4900 close=215.8099 volume=261172.0
2026-05-11 23:07:32.353 | INFO | Logger | intraday debug checkpoint: RECEIVED_BAR vt_symbol=NVDA.SMART datetime=2026-05-08T12:02:00+08:00 open=215.8100 close=215.8900 volume=144123.0
2026-05-11 23:07:32.353 | INFO | Logger | intraday debug checkpoint: RECEIVED_BAR vt_symbol=NVDA.SMART datetime=2026-05-08T12:03:00+08:00 open=215.8999 close=215.8700 volume=111736.0
2026-05-11 23:07:32.353 | INFO | Logger | intraday debug checkpoint: RECEIVED_BAR vt_symbol=NVDA.SMART datetime=2026-05-08T12:04:00+08:00 open=215.8500 close=215.6500 volume=153197.0
2026-05-11 23:07:32.353 | INFO | Logger | intraday debug checkpoint: RECEIVED_BAR vt_symbol=NVDA.SMART datetime=2026-05-08T12:05:00+08:00 open=215.6800 close=215.5700 volume=161311.0
2026-05-11 23:07:32.353 | INFO | Logger | intraday debug checkpoint: RECEIVED_BAR vt_symbol=NVDA.SMART datetime=2026-05-08T12:06:00+08:00 open=215.5700 close=215.5499 volume=184286.0
2026-05-11 23:07:32.353 | INFO | Logger | intraday debug checkpoint: RECEIVED_BAR vt_symbol=NVDA.SMART datetime=2026-05-08T12:07:00+08:00 open=215.5500 close=215.5200 volume=186550.0
2026-05-11 23:07:32.353 | INFO | Logger | intraday debug checkpoint: RECEIVED_BAR vt_symbol=NVDA.SMART datetime=2026-05-08T12:08:00+08:00 open=215.5101 close=215.3600 volume=280885.0
2026-05-11 23:07:32.353 | INFO | Logger | intraday debug checkpoint: RECEIVED_BAR vt_symbol=NVDA.SMART datetime=2026-05-08T12:09:00+08:00 open=215.3600 close=215.3300 volume=260496.0
2026-05-11 23:07:32.353 | INFO | Logger | intraday debug checkpoint: RECEIVED_BAR vt_symbol=NVDA.SMART datetime=2026-05-08T12:10:00+08:00 open=215.3300 close=215.3750 volume=134109.0
2026-05-11 23:07:32.353 | INFO | Logger | intraday debug checkpoint: RECEIVED_BAR vt_symbol=NVDA.SMART datetime=2026-05-08T12:11:00+08:00 open=215.3750 close=215.2600 volume=233087.0
2026-05-11 23:07:32.353 | INFO | Logger | intraday debug checkpoint: RECEIVED_BAR vt_symbol=NVDA.SMART datetime=2026-05-08T12:12:00+08:00 open=215.2476 close=215.2450 volume=248461.0
2026-05-11 23:07:32.353 | INFO | Logger | intraday debug checkpoint: RECEIVED_BAR vt_symbol=NVDA.SMART datetime=2026-05-08T12:13:00+08:00 open=215.2628 close=215.3600 volume=133919.0
2026-05-11 23:07:32.353 | INFO | Logger | intraday debug checkpoint: RECEIVED_BAR vt_symbol=NVDA.SMART datetime=2026-05-08T12:14:00+08:00 open=215.3700 close=215.5200 volume=262876.0
2026-05-11 23:07:32.353 | INFO | Logger | intraday debug checkpoint: RECEIVED_BAR vt_symbol=NVDA.SMART datetime=2026-05-08T12:15:00+08:00 open=215.5050 close=215.4800 volume=219044.0
2026-05-11 23:07:32.353 | INFO | Logger | intraday debug checkpoint: RECEIVED_BAR vt_symbol=NVDA.SMART datetime=2026-05-08T12:16:00+08:00 open=215.4701 close=215.5600 volume=152917.0
2026-05-11 23:07:32.354 | INFO | Logger | intraday debug checkpoint: RECEIVED_BAR vt_symbol=NVDA.SMART datetime=2026-05-08T12:17:00+08:00 open=215.5600 close=215.5450 volume=138341.0
2026-05-11 23:07:32.354 | INFO | Logger | intraday debug checkpoint: RECEIVED_BAR vt_symbol=NVDA.SMART datetime=2026-05-08T12:18:00+08:00 open=215.5590 close=215.4100 volume=143566.0
2026-05-11 23:07:32.354 | INFO | Logger | intraday debug checkpoint: RECEIVED_BAR vt_symbol=NVDA.SMART datetime=2026-05-08T12:19:00+08:00 open=215.4050 close=215.5300 volume=124617.0
2026-05-11 23:07:32.354 | INFO | Logger | intraday debug checkpoint: RECEIVED_BAR vt_symbol=NVDA.SMART datetime=2026-05-08T12:20:00+08:00 open=215.5001 close=215.3500 volume=144981.0
2026-05-11 23:07:32.354 | INFO | Logger | intraday debug checkpoint: RECEIVED_BAR vt_symbol=NVDA.SMART datetime=2026-05-08T12:21:00+08:00 open=215.3500 close=215.5000 volume=120669.0
2026-05-11 23:07:32.354 | INFO | Logger | intraday debug checkpoint: RECEIVED_BAR vt_symbol=NVDA.SMART datetime=2026-05-08T12:22:00+08:00 open=215.4700 close=215.4336 volume=143220.0
2026-05-11 23:07:32.354 | INFO | Logger | intraday debug checkpoint: RECEIVED_BAR vt_symbol=NVDA.SMART datetime=2026-05-08T12:23:00+08:00 open=215.4599 close=215.5995 volume=213997.0
2026-05-11 23:07:32.354 | INFO | Logger | intraday debug checkpoint: RECEIVED_BAR vt_symbol=NVDA.SMART datetime=2026-05-08T12:24:00+08:00 open=215.5900 close=215.5600 volume=170464.0
2026-05-11 23:07:32.354 | INFO | Logger | intraday debug checkpoint: RECEIVED_BAR vt_symbol=NVDA.SMART datetime=2026-05-08T12:25:00+08:00 open=215.5600 close=215.7900 volume=279606.0
2026-05-11 23:07:32.354 | INFO | Logger | intraday debug checkpoint: RECEIVED_BAR vt_symbol=NVDA.SMART datetime=2026-05-08T12:26:00+08:00 open=215.7989 close=215.9600 volume=452190.0
2026-05-11 23:07:32.354 | INFO | Logger | intraday debug checkpoint: RECEIVED_BAR vt_symbol=NVDA.SMART datetime=2026-05-08T12:27:00+08:00 open=215.9799 close=216.1000 volume=252305.0
2026-05-11 23:07:32.354 | INFO | Logger | intraday debug checkpoint: RECEIVED_BAR vt_symbol=NVDA.SMART datetime=2026-05-08T12:28:00+08:00 open=216.1050 close=216.1600 volume=166451.0
2026-05-11 23:07:32.354 | INFO | Logger | intraday debug checkpoint: RECEIVED_BAR vt_symbol=NVDA.SMART datetime=2026-05-08T12:29:00+08:00 open=216.1500 close=216.1200 volume=162225.0
2026-05-11 23:07:32.354 | INFO | Logger | intraday debug checkpoint: RECEIVED_BAR vt_symbol=NVDA.SMART datetime=2026-05-08T12:30:00+08:00 open=216.1200 close=215.8900 volume=184027.0
2026-05-11 23:07:32.354 | INFO | Logger | intraday debug checkpoint: RECEIVED_BAR vt_symbol=NVDA.SMART datetime=2026-05-08T12:31:00+08:00 open=215.9000 close=215.8400 volume=200264.0
2026-05-11 23:07:32.354 | INFO | Logger | intraday debug checkpoint: RECEIVED_BAR vt_symbol=NVDA.SMART datetime=2026-05-08T12:32:00+08:00 open=215.8200 close=215.8200 volume=172559.0
2026-05-11 23:07:32.354 | INFO | Logger | intraday debug checkpoint: RECEIVED_BAR vt_symbol=NVDA.SMART datetime=2026-05-08T12:33:00+08:00 open=215.8200 close=215.9275 volume=226693.0
2026-05-11 23:07:32.354 | INFO | Logger | intraday debug checkpoint: RECEIVED_BAR vt_symbol=NVDA.SMART datetime=2026-05-08T12:34:00+08:00 open=215.9500 close=215.9200 volume=187065.0
2026-05-11 23:07:32.354 | INFO | Logger | intraday debug checkpoint: RECEIVED_BAR vt_symbol=NVDA.SMART datetime=2026-05-08T12:35:00+08:00 open=215.9200 close=215.7800 volume=114818.0
2026-05-11 23:07:32.354 | INFO | Logger | intraday debug checkpoint: RECEIVED_BAR vt_symbol=NVDA.SMART datetime=2026-05-08T12:36:00+08:00 open=215.7850 close=215.4900 volume=135438.0
2026-05-11 23:07:32.354 | INFO | Logger | intraday debug checkpoint: RECEIVED_BAR vt_symbol=NVDA.SMART datetime=2026-05-08T12:37:00+08:00 open=215.4900 close=215.4450 volume=155317.0
2026-05-11 23:07:32.355 | INFO | Logger | intraday debug checkpoint: RECEIVED_BAR vt_symbol=NVDA.SMART datetime=2026-05-08T12:38:00+08:00 open=215.4566 close=215.5650 volume=113332.0
2026-05-11 23:07:32.355 | INFO | Logger | intraday debug checkpoint: RECEIVED_BAR vt_symbol=NVDA.SMART datetime=2026-05-08T12:39:00+08:00 open=215.5600 close=215.5610 volume=134598.0
2026-05-11 23:07:32.355 | INFO | Logger | intraday debug checkpoint: RECEIVED_BAR vt_symbol=NVDA.SMART datetime=2026-05-08T12:40:00+08:00 open=215.5750 close=215.7840 volume=133606.0
2026-05-11 23:07:32.355 | INFO | Logger | intraday debug checkpoint: RECEIVED_BAR vt_symbol=NVDA.SMART datetime=2026-05-08T12:41:00+08:00 open=215.7900 close=215.9300 volume=306772.0
2026-05-11 23:07:32.355 | INFO | Logger | intraday debug checkpoint: RECEIVED_BAR vt_symbol=NVDA.SMART datetime=2026-05-08T12:42:00+08:00 open=215.9300 close=215.7600 volume=169553.0
2026-05-11 23:07:32.355 | INFO | Logger | intraday debug checkpoint: RECEIVED_BAR vt_symbol=NVDA.SMART datetime=2026-05-08T12:43:00+08:00 open=215.7600 close=215.8196 volume=103998.0
2026-05-11 23:07:32.355 | INFO | Logger | intraday debug checkpoint: RECEIVED_BAR vt_symbol=NVDA.SMART datetime=2026-05-08T12:44:00+08:00 open=215.8600 close=215.6550 volume=133838.0
2026-05-11 23:07:32.355 | INFO | Logger | intraday debug checkpoint: RECEIVED_BAR vt_symbol=NVDA.SMART datetime=2026-05-08T12:45:00+08:00 open=215.6516 close=215.6800 volume=93346.0
2026-05-11 23:07:32.355 | INFO | Logger | intraday debug checkpoint: RECEIVED_BAR vt_symbol=NVDA.SMART datetime=2026-05-08T12:46:00+08:00 open=215.6850 close=215.7050 volume=106285.0
2026-05-11 23:07:32.355 | INFO | Logger | intraday debug checkpoint: RECEIVED_BAR vt_symbol=NVDA.SMART datetime=2026-05-08T12:47:00+08:00 open=215.7199 close=215.6400 volume=106490.0
2026-05-11 23:07:32.355 | INFO | Logger | intraday debug checkpoint: RECEIVED_BAR vt_symbol=NVDA.SMART datetime=2026-05-08T12:48:00+08:00 open=215.6450 close=215.5450 volume=106920.0
2026-05-11 23:07:32.355 | INFO | Logger | intraday debug checkpoint: RECEIVED_BAR vt_symbol=NVDA.SMART datetime=2026-05-08T12:49:00+08:00 open=215.5600 close=215.6300 volume=130411.0
2026-05-11 23:07:32.355 | INFO | Logger | intraday debug checkpoint: RECEIVED_BAR vt_symbol=NVDA.SMART datetime=2026-05-08T12:50:00+08:00 open=215.6400 close=215.6700 volume=135013.0
2026-05-11 23:07:32.355 | INFO | Logger | intraday debug checkpoint: RECEIVED_BAR vt_symbol=NVDA.SMART datetime=2026-05-08T12:51:00+08:00 open=215.6600 close=215.3700 volume=269133.0
2026-05-11 23:07:32.355 | INFO | Logger | intraday debug checkpoint: RECEIVED_BAR vt_symbol=NVDA.SMART datetime=2026-05-08T12:52:00+08:00 open=215.3800 close=215.3200 volume=154474.0
2026-05-11 23:07:32.355 | INFO | Logger | intraday debug checkpoint: RECEIVED_BAR vt_symbol=NVDA.SMART datetime=2026-05-08T12:53:00+08:00 open=215.3200 close=215.3400 volume=125625.0
2026-05-11 23:07:32.355 | INFO | Logger | intraday debug checkpoint: RECEIVED_BAR vt_symbol=NVDA.SMART datetime=2026-05-08T12:54:00+08:00 open=215.3500 close=215.4200 volume=110542.0
2026-05-11 23:07:32.355 | INFO | Logger | intraday debug checkpoint: RECEIVED_BAR vt_symbol=NVDA.SMART datetime=2026-05-08T12:55:00+08:00 open=215.4200 close=215.2000 volume=291213.0
2026-05-11 23:07:32.355 | INFO | Logger | intraday debug checkpoint: RECEIVED_BAR vt_symbol=NVDA.SMART datetime=2026-05-08T12:56:00+08:00 open=215.1950 close=215.2700 volume=134752.0
2026-05-11 23:07:32.355 | INFO | Logger | intraday debug checkpoint: RECEIVED_BAR vt_symbol=NVDA.SMART datetime=2026-05-08T12:57:00+08:00 open=215.2600 close=215.1315 volume=153621.0
2026-05-11 23:07:32.355 | INFO | Logger | intraday debug checkpoint: RECEIVED_BAR vt_symbol=NVDA.SMART datetime=2026-05-08T12:58:00+08:00 open=215.1450 close=215.2499 volume=196835.0
2026-05-11 23:07:32.356 | INFO | Logger | intraday debug checkpoint: RECEIVED_BAR vt_symbol=NVDA.SMART datetime=2026-05-08T12:59:00+08:00 open=215.2400 close=215.2201 volume=104611.0
2026-05-11 23:07:32.356 | INFO | Logger | intraday debug checkpoint: RECEIVED_BAR vt_symbol=NVDA.SMART datetime=2026-05-08T13:00:00+08:00 open=215.2210 close=215.2600 volume=107614.0
2026-05-11 23:07:32.356 | INFO | Logger | intraday debug checkpoint: RECEIVED_BAR vt_symbol=NVDA.SMART datetime=2026-05-08T13:01:00+08:00 open=215.2500 close=215.2404 volume=112056.0
2026-05-11 23:07:32.356 | INFO | Logger | intraday debug checkpoint: RECEIVED_BAR vt_symbol=NVDA.SMART datetime=2026-05-08T13:02:00+08:00 open=215.2500 close=215.4056 volume=198179.0
2026-05-11 23:07:32.356 | INFO | Logger | intraday debug checkpoint: RECEIVED_BAR vt_symbol=NVDA.SMART datetime=2026-05-08T13:03:00+08:00 open=215.4200 close=215.6000 volume=245065.0
2026-05-11 23:07:32.356 | INFO | Logger | intraday debug checkpoint: RECEIVED_BAR vt_symbol=NVDA.SMART datetime=2026-05-08T13:04:00+08:00 open=215.5800 close=215.5100 volume=109681.0
2026-05-11 23:07:32.356 | INFO | Logger | intraday debug checkpoint: RECEIVED_BAR vt_symbol=NVDA.SMART datetime=2026-05-08T13:05:00+08:00 open=215.5185 close=215.6001 volume=128515.0
2026-05-11 23:07:32.356 | INFO | Logger | intraday debug checkpoint: RECEIVED_BAR vt_symbol=NVDA.SMART datetime=2026-05-08T13:06:00+08:00 open=215.6000 close=215.4799 volume=116972.0
2026-05-11 23:07:32.356 | INFO | Logger | intraday debug checkpoint: RECEIVED_BAR vt_symbol=NVDA.SMART datetime=2026-05-08T13:07:00+08:00 open=215.5000 close=215.3800 volume=110826.0
2026-05-11 23:07:32.356 | INFO | Logger | intraday debug checkpoint: RECEIVED_BAR vt_symbol=NVDA.SMART datetime=2026-05-08T13:08:00+08:00 open=215.4150 close=215.4300 volume=110928.0
2026-05-11 23:07:32.356 | INFO | Logger | intraday debug checkpoint: RECEIVED_BAR vt_symbol=NVDA.SMART datetime=2026-05-08T13:09:00+08:00 open=215.4200 close=215.1200 volume=172129.0
2026-05-11 23:07:32.356 | INFO | Logger | intraday debug checkpoint: RECEIVED_BAR vt_symbol=NVDA.SMART datetime=2026-05-08T13:10:00+08:00 open=215.1100 close=215.4000 volume=134406.0
2026-05-11 23:07:32.356 | INFO | Logger | intraday debug checkpoint: RECEIVED_BAR vt_symbol=NVDA.SMART datetime=2026-05-08T13:11:00+08:00 open=215.4092 close=215.3850 volume=115788.0
2026-05-11 23:07:32.356 | INFO | Logger | intraday debug checkpoint: RECEIVED_BAR vt_symbol=NVDA.SMART datetime=2026-05-08T13:12:00+08:00 open=215.3850 close=215.4050 volume=144049.0
2026-05-11 23:07:32.356 | INFO | Logger | intraday debug checkpoint: RECEIVED_BAR vt_symbol=NVDA.SMART datetime=2026-05-08T13:13:00+08:00 open=215.4150 close=215.4200 volume=161668.0
2026-05-11 23:07:32.356 | INFO | Logger | intraday debug checkpoint: RECEIVED_BAR vt_symbol=NVDA.SMART datetime=2026-05-08T13:14:00+08:00 open=215.4100 close=215.5500 volume=83180.0
2026-05-11 23:07:32.356 | INFO | Logger | intraday debug checkpoint: RECEIVED_BAR vt_symbol=NVDA.SMART datetime=2026-05-08T13:15:00+08:00 open=215.5500 close=215.4900 volume=102905.0
2026-05-11 23:07:32.356 | INFO | Logger | intraday debug checkpoint: RECEIVED_BAR vt_symbol=NVDA.SMART datetime=2026-05-08T13:16:00+08:00 open=215.4900 close=215.5250 volume=108743.0
2026-05-11 23:07:32.356 | INFO | Logger | intraday debug checkpoint: RECEIVED_BAR vt_symbol=NVDA.SMART datetime=2026-05-08T13:17:00+08:00 open=215.5250 close=215.5863 volume=89041.0
2026-05-11 23:07:32.356 | INFO | Logger | intraday debug checkpoint: RECEIVED_BAR vt_symbol=NVDA.SMART datetime=2026-05-08T13:18:00+08:00 open=215.5750 close=215.4600 volume=164820.0
2026-05-11 23:07:32.356 | INFO | Logger | intraday debug checkpoint: RECEIVED_BAR vt_symbol=NVDA.SMART datetime=2026-05-08T13:19:00+08:00 open=215.4400 close=215.6700 volume=113085.0
2026-05-11 23:07:32.356 | INFO | Logger | intraday debug checkpoint: RECEIVED_BAR vt_symbol=NVDA.SMART datetime=2026-05-08T13:20:00+08:00 open=215.6600 close=215.7600 volume=141540.0
2026-05-11 23:07:32.356 | INFO | Logger | intraday debug checkpoint: RECEIVED_BAR vt_symbol=NVDA.SMART datetime=2026-05-08T13:21:00+08:00 open=215.7300 close=215.6600 volume=123947.0
2026-05-11 23:07:32.357 | INFO | Logger | intraday debug checkpoint: RECEIVED_BAR vt_symbol=NVDA.SMART datetime=2026-05-08T13:22:00+08:00 open=215.6600 close=216.0100 volume=335293.0
2026-05-11 23:07:32.357 | INFO | Logger | intraday debug checkpoint: RECEIVED_BAR vt_symbol=NVDA.SMART datetime=2026-05-08T13:23:00+08:00 open=216.0050 close=215.8599 volume=162185.0
2026-05-11 23:07:32.357 | INFO | Logger | intraday debug checkpoint: RECEIVED_BAR vt_symbol=NVDA.SMART datetime=2026-05-08T13:24:00+08:00 open=215.8500 close=215.8050 volume=97797.0
2026-05-11 23:07:32.357 | INFO | Logger | intraday debug checkpoint: RECEIVED_BAR vt_symbol=NVDA.SMART datetime=2026-05-08T13:25:00+08:00 open=215.8000 close=215.8000 volume=130907.0
2026-05-11 23:07:32.357 | INFO | Logger | intraday debug checkpoint: RECEIVED_BAR vt_symbol=NVDA.SMART datetime=2026-05-08T13:26:00+08:00 open=215.8000 close=215.7100 volume=115211.0
2026-05-11 23:07:32.357 | INFO | Logger | intraday debug checkpoint: RECEIVED_BAR vt_symbol=NVDA.SMART datetime=2026-05-08T13:27:00+08:00 open=215.7150 close=215.4850 volume=169282.0
2026-05-11 23:07:32.357 | INFO | Logger | intraday debug checkpoint: RECEIVED_BAR vt_symbol=NVDA.SMART datetime=2026-05-08T13:28:00+08:00 open=215.4850 close=215.5750 volume=130500.0
2026-05-11 23:07:32.357 | INFO | Logger | intraday debug checkpoint: RECEIVED_BAR vt_symbol=NVDA.SMART datetime=2026-05-08T13:29:00+08:00 open=215.5900 close=215.6900 volume=117662.0
2026-05-11 23:07:32.357 | INFO | Logger | intraday debug checkpoint: RECEIVED_BAR vt_symbol=NVDA.SMART datetime=2026-05-08T13:30:00+08:00 open=215.6900 close=215.6750 volume=140013.0
2026-05-11 23:07:32.357 | INFO | Logger | intraday debug checkpoint: RECEIVED_BAR vt_symbol=NVDA.SMART datetime=2026-05-08T13:31:00+08:00 open=215.6850 close=215.6300 volume=137196.0
2026-05-11 23:07:32.357 | INFO | Logger | intraday debug checkpoint: RECEIVED_BAR vt_symbol=NVDA.SMART datetime=2026-05-08T13:32:00+08:00 open=215.6300 close=215.6599 volume=93184.0
2026-05-11 23:07:32.357 | INFO | Logger | intraday debug checkpoint: RECEIVED_BAR vt_symbol=NVDA.SMART datetime=2026-05-08T13:33:00+08:00 open=215.6600 close=215.6100 volume=148258.0
2026-05-11 23:07:32.357 | INFO | Logger | intraday debug checkpoint: RECEIVED_BAR vt_symbol=NVDA.SMART datetime=2026-05-08T13:34:00+08:00 open=215.6100 close=215.5250 volume=72398.0
2026-05-11 23:07:32.357 | INFO | Logger | intraday debug checkpoint: RECEIVED_BAR vt_symbol=NVDA.SMART datetime=2026-05-08T13:35:00+08:00 open=215.5250 close=215.6300 volume=131986.0
2026-05-11 23:07:32.357 | INFO | Logger | intraday debug checkpoint: RECEIVED_BAR vt_symbol=NVDA.SMART datetime=2026-05-08T13:36:00+08:00 open=215.6400 close=215.5800 volume=122018.0
2026-05-11 23:07:32.357 | INFO | Logger | intraday debug checkpoint: RECEIVED_BAR vt_symbol=NVDA.SMART datetime=2026-05-08T13:37:00+08:00 open=215.5700 close=215.4900 volume=136706.0
2026-05-11 23:07:32.357 | INFO | Logger | intraday debug checkpoint: RECEIVED_BAR vt_symbol=NVDA.SMART datetime=2026-05-08T13:38:00+08:00 open=215.4999 close=215.4000 volume=168632.0
2026-05-11 23:07:32.357 | INFO | Logger | intraday debug checkpoint: RECEIVED_BAR vt_symbol=NVDA.SMART datetime=2026-05-08T13:39:00+08:00 open=215.3900 close=215.4550 volume=132933.0
2026-05-11 23:07:32.357 | INFO | Logger | intraday debug checkpoint: RECEIVED_BAR vt_symbol=NVDA.SMART datetime=2026-05-08T13:40:00+08:00 open=215.4650 close=215.3400 volume=100839.0
2026-05-11 23:07:32.357 | INFO | Logger | intraday debug checkpoint: RECEIVED_BAR vt_symbol=NVDA.SMART datetime=2026-05-08T13:41:00+08:00 open=215.3400 close=215.6000 volume=150084.0
2026-05-11 23:07:32.357 | INFO | Logger | intraday debug checkpoint: RECEIVED_BAR vt_symbol=NVDA.SMART datetime=2026-05-08T13:42:00+08:00 open=215.6000 close=215.5000 volume=104900.0
2026-05-11 23:07:32.358 | INFO | Logger | intraday debug checkpoint: RECEIVED_BAR vt_symbol=NVDA.SMART datetime=2026-05-08T13:43:00+08:00 open=215.5250 close=215.5100 volume=84137.0
2026-05-11 23:07:32.358 | INFO | Logger | intraday debug checkpoint: RECEIVED_BAR vt_symbol=NVDA.SMART datetime=2026-05-08T13:44:00+08:00 open=215.5150 close=215.2600 volume=187325.0
2026-05-11 23:07:32.358 | INFO | Logger | intraday debug checkpoint: RECEIVED_BAR vt_symbol=NVDA.SMART datetime=2026-05-08T13:45:00+08:00 open=215.2500 close=215.2650 volume=97112.0
2026-05-11 23:07:32.358 | INFO | Logger | intraday debug checkpoint: RECEIVED_BAR vt_symbol=NVDA.SMART datetime=2026-05-08T13:46:00+08:00 open=215.2600 close=215.2205 volume=90746.0
2026-05-11 23:07:32.358 | INFO | Logger | intraday debug checkpoint: RECEIVED_BAR vt_symbol=NVDA.SMART datetime=2026-05-08T13:47:00+08:00 open=215.2100 close=215.3400 volume=120345.0
2026-05-11 23:07:32.358 | INFO | Logger | intraday debug checkpoint: RECEIVED_BAR vt_symbol=NVDA.SMART datetime=2026-05-08T13:48:00+08:00 open=215.3500 close=215.1700 volume=185698.0
2026-05-11 23:07:32.358 | INFO | Logger | intraday debug checkpoint: RECEIVED_BAR vt_symbol=NVDA.SMART datetime=2026-05-08T13:49:00+08:00 open=215.1700 close=215.2851 volume=122201.0
2026-05-11 23:07:32.358 | INFO | Logger | intraday debug checkpoint: RECEIVED_BAR vt_symbol=NVDA.SMART datetime=2026-05-08T13:50:00+08:00 open=215.3000 close=215.1888 volume=88334.0
2026-05-11 23:07:32.358 | INFO | Logger | intraday debug checkpoint: RECEIVED_BAR vt_symbol=NVDA.SMART datetime=2026-05-08T13:51:00+08:00 open=215.1701 close=215.1150 volume=368849.0
2026-05-11 23:07:32.358 | INFO | Logger | intraday debug checkpoint: RECEIVED_BAR vt_symbol=NVDA.SMART datetime=2026-05-08T13:52:00+08:00 open=215.0900 close=214.9850 volume=261067.0
2026-05-11 23:07:32.358 | INFO | Logger | intraday debug checkpoint: RECEIVED_BAR vt_symbol=NVDA.SMART datetime=2026-05-08T13:53:00+08:00 open=214.9850 close=215.0000 volume=179873.0
2026-05-11 23:07:32.358 | INFO | Logger | intraday debug checkpoint: RECEIVED_BAR vt_symbol=NVDA.SMART datetime=2026-05-08T13:54:00+08:00 open=214.9989 close=215.1300 volume=150096.0
2026-05-11 23:07:32.358 | INFO | Logger | intraday debug checkpoint: RECEIVED_BAR vt_symbol=NVDA.SMART datetime=2026-05-08T13:55:00+08:00 open=215.1455 close=215.1100 volume=101888.0
2026-05-11 23:07:32.358 | INFO | Logger | intraday debug checkpoint: RECEIVED_BAR vt_symbol=NVDA.SMART datetime=2026-05-08T13:56:00+08:00 open=215.0950 close=215.0900 volume=98855.0
2026-05-11 23:07:32.358 | INFO | Logger | intraday debug checkpoint: RECEIVED_BAR vt_symbol=NVDA.SMART datetime=2026-05-08T13:57:00+08:00 open=215.0900 close=215.2450 volume=122255.0
2026-05-11 23:07:32.358 | INFO | Logger | intraday debug checkpoint: RECEIVED_BAR vt_symbol=NVDA.SMART datetime=2026-05-08T13:58:00+08:00 open=215.2500 close=215.1900 volume=1096178.0
2026-05-11 23:07:32.358 | INFO | Logger | intraday debug checkpoint: RECEIVED_BAR vt_symbol=NVDA.SMART datetime=2026-05-08T13:59:00+08:00 open=215.2000 close=215.1450 volume=88926.0
2026-05-11 23:07:32.358 | INFO | Logger | intraday debug checkpoint: RECEIVED_BAR vt_symbol=NVDA.SMART datetime=2026-05-08T14:00:00+08:00 open=215.1522 close=214.9500 volume=168662.0
2026-05-11 23:07:32.358 | INFO | Logger | intraday debug checkpoint: RECEIVED_BAR vt_symbol=NVDA.SMART datetime=2026-05-08T14:01:00+08:00 open=214.9500 close=215.2700 volume=277732.0
2026-05-11 23:07:32.358 | INFO | Logger | intraday debug checkpoint: RECEIVED_BAR vt_symbol=NVDA.SMART datetime=2026-05-08T14:02:00+08:00 open=215.3100 close=215.4262 volume=131081.0
2026-05-11 23:07:32.358 | INFO | Logger | intraday debug checkpoint: RECEIVED_BAR vt_symbol=NVDA.SMART datetime=2026-05-08T14:03:00+08:00 open=215.4150 close=215.3780 volume=126558.0
2026-05-11 23:07:32.359 | INFO | Logger | intraday debug checkpoint: RECEIVED_BAR vt_symbol=NVDA.SMART datetime=2026-05-08T14:04:00+08:00 open=215.3700 close=215.3100 volume=96891.0
2026-05-11 23:07:32.359 | INFO | Logger | intraday debug checkpoint: RECEIVED_BAR vt_symbol=NVDA.SMART datetime=2026-05-08T14:05:00+08:00 open=215.3000 close=215.4500 volume=220187.0
2026-05-11 23:07:32.359 | INFO | Logger | intraday debug checkpoint: RECEIVED_BAR vt_symbol=NVDA.SMART datetime=2026-05-08T14:06:00+08:00 open=215.4600 close=215.7200 volume=173304.0
2026-05-11 23:07:32.359 | INFO | Logger | intraday debug checkpoint: RECEIVED_BAR vt_symbol=NVDA.SMART datetime=2026-05-08T14:07:00+08:00 open=215.7250 close=215.6600 volume=180308.0
2026-05-11 23:07:32.359 | INFO | Logger | intraday debug checkpoint: RECEIVED_BAR vt_symbol=NVDA.SMART datetime=2026-05-08T14:08:00+08:00 open=215.6600 close=215.5100 volume=145420.0
2026-05-11 23:07:32.359 | INFO | Logger | intraday debug checkpoint: RECEIVED_BAR vt_symbol=NVDA.SMART datetime=2026-05-08T14:09:00+08:00 open=215.5100 close=215.4950 volume=151404.0
2026-05-11 23:07:32.359 | INFO | Logger | intraday debug checkpoint: RECEIVED_BAR vt_symbol=NVDA.SMART datetime=2026-05-08T14:10:00+08:00 open=215.5000 close=215.3400 volume=160785.0
2026-05-11 23:07:32.359 | INFO | Logger | intraday debug checkpoint: RECEIVED_BAR vt_symbol=NVDA.SMART datetime=2026-05-08T14:11:00+08:00 open=215.3400 close=215.1550 volume=155227.0
2026-05-11 23:07:32.359 | INFO | Logger | intraday debug checkpoint: RECEIVED_BAR vt_symbol=NVDA.SMART datetime=2026-05-08T14:12:00+08:00 open=215.1560 close=215.0900 volume=90102.0
2026-05-11 23:07:32.359 | INFO | Logger | intraday debug checkpoint: RECEIVED_BAR vt_symbol=NVDA.SMART datetime=2026-05-08T14:13:00+08:00 open=215.0950 close=215.1810 volume=170370.0
2026-05-11 23:07:32.359 | INFO | Logger | intraday debug checkpoint: RECEIVED_BAR vt_symbol=NVDA.SMART datetime=2026-05-08T14:14:00+08:00 open=215.1900 close=215.3400 volume=182632.0
2026-05-11 23:07:32.359 | INFO | Logger | intraday debug checkpoint: RECEIVED_BAR vt_symbol=NVDA.SMART datetime=2026-05-08T14:15:00+08:00 open=215.3400 close=215.3000 volume=93152.0
2026-05-11 23:07:32.359 | INFO | Logger | intraday debug checkpoint: RECEIVED_BAR vt_symbol=NVDA.SMART datetime=2026-05-08T14:16:00+08:00 open=215.3100 close=215.2000 volume=117768.0
2026-05-11 23:07:32.359 | INFO | Logger | intraday debug checkpoint: RECEIVED_BAR vt_symbol=NVDA.SMART datetime=2026-05-08T14:17:00+08:00 open=215.2000 close=215.2700 volume=99623.0
2026-05-11 23:07:32.359 | INFO | Logger | intraday debug checkpoint: RECEIVED_BAR vt_symbol=NVDA.SMART datetime=2026-05-08T14:18:00+08:00 open=215.2800 close=215.3600 volume=99406.0
2026-05-11 23:07:32.359 | INFO | Logger | intraday debug checkpoint: RECEIVED_BAR vt_symbol=NVDA.SMART datetime=2026-05-08T14:19:00+08:00 open=215.3620 close=215.3600 volume=92868.0
2026-05-11 23:07:32.359 | INFO | Logger | intraday debug checkpoint: RECEIVED_BAR vt_symbol=NVDA.SMART datetime=2026-05-08T14:20:00+08:00 open=215.3501 close=215.3410 volume=74462.0
2026-05-11 23:07:32.359 | INFO | Logger | intraday debug checkpoint: RECEIVED_BAR vt_symbol=NVDA.SMART datetime=2026-05-08T14:21:00+08:00 open=215.3400 close=215.5600 volume=155771.0
2026-05-11 23:07:32.359 | INFO | Logger | intraday debug checkpoint: RECEIVED_BAR vt_symbol=NVDA.SMART datetime=2026-05-08T14:22:00+08:00 open=215.5800 close=215.4599 volume=105225.0
2026-05-11 23:07:32.359 | INFO | Logger | intraday debug checkpoint: RECEIVED_BAR vt_symbol=NVDA.SMART datetime=2026-05-08T14:23:00+08:00 open=215.4577 close=215.5450 volume=89623.0
2026-05-11 23:07:32.359 | INFO | Logger | intraday debug checkpoint: RECEIVED_BAR vt_symbol=NVDA.SMART datetime=2026-05-08T14:24:00+08:00 open=215.5500 close=215.5499 volume=98714.0
2026-05-11 23:07:32.359 | INFO | Logger | intraday debug checkpoint: RECEIVED_BAR vt_symbol=NVDA.SMART datetime=2026-05-08T14:25:00+08:00 open=215.5500 close=215.5600 volume=110604.0
2026-05-11 23:07:32.359 | INFO | Logger | intraday debug checkpoint: RECEIVED_BAR vt_symbol=NVDA.SMART datetime=2026-05-08T14:26:00+08:00 open=215.5700 close=215.5150 volume=74744.0
2026-05-11 23:07:32.360 | INFO | Logger | intraday debug checkpoint: RECEIVED_BAR vt_symbol=NVDA.SMART datetime=2026-05-08T14:27:00+08:00 open=215.5250 close=215.4400 volume=116110.0
2026-05-11 23:07:32.360 | INFO | Logger | intraday debug checkpoint: RECEIVED_BAR vt_symbol=NVDA.SMART datetime=2026-05-08T14:28:00+08:00 open=215.4400 close=215.4850 volume=71971.0
2026-05-11 23:07:32.360 | INFO | Logger | intraday debug checkpoint: RECEIVED_BAR vt_symbol=NVDA.SMART datetime=2026-05-08T14:29:00+08:00 open=215.4850 close=215.4300 volume=81131.0
2026-05-11 23:07:32.360 | INFO | Logger | intraday debug checkpoint: RECEIVED_BAR vt_symbol=NVDA.SMART datetime=2026-05-08T14:30:00+08:00 open=215.4300 close=215.3630 volume=129361.0
2026-05-11 23:07:32.360 | INFO | Logger | intraday debug checkpoint: RECEIVED_BAR vt_symbol=NVDA.SMART datetime=2026-05-08T14:31:00+08:00 open=215.3650 close=215.3900 volume=80047.0
2026-05-11 23:07:32.360 | INFO | Logger | intraday debug checkpoint: RECEIVED_BAR vt_symbol=NVDA.SMART datetime=2026-05-08T14:32:00+08:00 open=215.3900 close=215.3800 volume=86761.0
2026-05-11 23:07:32.360 | INFO | Logger | intraday debug checkpoint: RECEIVED_BAR vt_symbol=NVDA.SMART datetime=2026-05-08T14:33:00+08:00 open=215.3800 close=215.3800 volume=78084.0
2026-05-11 23:07:32.360 | INFO | Logger | intraday debug checkpoint: RECEIVED_BAR vt_symbol=NVDA.SMART datetime=2026-05-08T14:34:00+08:00 open=215.3800 close=215.3300 volume=113935.0
2026-05-11 23:07:32.360 | INFO | Logger | intraday debug checkpoint: RECEIVED_BAR vt_symbol=NVDA.SMART datetime=2026-05-08T14:35:00+08:00 open=215.3500 close=215.2900 volume=107801.0
2026-05-11 23:07:32.360 | INFO | Logger | intraday debug checkpoint: RECEIVED_BAR vt_symbol=NVDA.SMART datetime=2026-05-08T14:36:00+08:00 open=215.3100 close=215.3700 volume=100462.0
2026-05-11 23:07:32.360 | INFO | Logger | intraday debug checkpoint: RECEIVED_BAR vt_symbol=NVDA.SMART datetime=2026-05-08T14:37:00+08:00 open=215.3600 close=215.3650 volume=102242.0
2026-05-11 23:07:32.360 | INFO | Logger | intraday debug checkpoint: RECEIVED_BAR vt_symbol=NVDA.SMART datetime=2026-05-08T14:38:00+08:00 open=215.3700 close=215.3700 volume=98417.0
2026-05-11 23:07:32.360 | INFO | Logger | intraday debug checkpoint: RECEIVED_BAR vt_symbol=NVDA.SMART datetime=2026-05-08T14:39:00+08:00 open=215.3500 close=215.3500 volume=81561.0
2026-05-11 23:07:32.360 | INFO | Logger | intraday debug checkpoint: RECEIVED_BAR vt_symbol=NVDA.SMART datetime=2026-05-08T14:40:00+08:00 open=215.3600 close=215.3599 volume=96120.0
2026-05-11 23:07:32.360 | INFO | Logger | intraday debug checkpoint: RECEIVED_BAR vt_symbol=NVDA.SMART datetime=2026-05-08T14:41:00+08:00 open=215.3400 close=215.2700 volume=87129.0
2026-05-11 23:07:32.360 | INFO | Logger | intraday debug checkpoint: RECEIVED_BAR vt_symbol=NVDA.SMART datetime=2026-05-08T14:42:00+08:00 open=215.2600 close=215.2099 volume=153167.0
2026-05-11 23:07:32.360 | INFO | Logger | intraday debug checkpoint: RECEIVED_BAR vt_symbol=NVDA.SMART datetime=2026-05-08T14:43:00+08:00 open=215.1950 close=215.2300 volume=96484.0
2026-05-11 23:07:32.360 | INFO | Logger | intraday debug checkpoint: RECEIVED_BAR vt_symbol=NVDA.SMART datetime=2026-05-08T14:44:00+08:00 open=215.2250 close=215.2900 volume=90121.0
2026-05-11 23:07:32.360 | INFO | Logger | intraday debug checkpoint: RECEIVED_BAR vt_symbol=NVDA.SMART datetime=2026-05-08T14:45:00+08:00 open=215.3000 close=215.1200 volume=94869.0
2026-05-11 23:07:32.360 | INFO | Logger | intraday debug checkpoint: RECEIVED_BAR vt_symbol=NVDA.SMART datetime=2026-05-08T14:46:00+08:00 open=215.1200 close=215.1800 volume=136700.0
2026-05-11 23:07:32.360 | INFO | Logger | intraday debug checkpoint: RECEIVED_BAR vt_symbol=NVDA.SMART datetime=2026-05-08T14:47:00+08:00 open=215.1804 close=215.1600 volume=108318.0
2026-05-11 23:07:32.360 | INFO | Logger | intraday debug checkpoint: RECEIVED_BAR vt_symbol=NVDA.SMART datetime=2026-05-08T14:48:00+08:00 open=215.1600 close=215.1300 volume=194561.0
2026-05-11 23:07:32.360 | INFO | Logger | intraday debug checkpoint: RECEIVED_BAR vt_symbol=NVDA.SMART datetime=2026-05-08T14:49:00+08:00 open=215.1300 close=215.1600 volume=91859.0
2026-05-11 23:07:32.361 | INFO | Logger | intraday debug checkpoint: RECEIVED_BAR vt_symbol=NVDA.SMART datetime=2026-05-08T14:50:00+08:00 open=215.1600 close=215.1200 volume=103029.0
2026-05-11 23:07:32.361 | INFO | Logger | intraday debug checkpoint: RECEIVED_BAR vt_symbol=NVDA.SMART datetime=2026-05-08T14:51:00+08:00 open=215.1100 close=215.1100 volume=106427.0
2026-05-11 23:07:32.361 | INFO | Logger | intraday debug checkpoint: RECEIVED_BAR vt_symbol=NVDA.SMART datetime=2026-05-08T14:52:00+08:00 open=215.1050 close=215.1150 volume=120784.0
2026-05-11 23:07:32.361 | INFO | Logger | intraday debug checkpoint: RECEIVED_BAR vt_symbol=NVDA.SMART datetime=2026-05-08T14:53:00+08:00 open=215.1200 close=215.1950 volume=113663.0
2026-05-11 23:07:32.361 | INFO | Logger | intraday debug checkpoint: RECEIVED_BAR vt_symbol=NVDA.SMART datetime=2026-05-08T14:54:00+08:00 open=215.2000 close=215.2300 volume=148630.0
2026-05-11 23:07:32.361 | INFO | Logger | intraday debug checkpoint: RECEIVED_BAR vt_symbol=NVDA.SMART datetime=2026-05-08T14:55:00+08:00 open=215.2301 close=215.2000 volume=162809.0
2026-05-11 23:07:32.361 | INFO | Logger | intraday debug checkpoint: RECEIVED_BAR vt_symbol=NVDA.SMART datetime=2026-05-08T14:56:00+08:00 open=215.2100 close=214.9850 volume=306609.0
2026-05-11 23:07:32.361 | INFO | Logger | intraday debug checkpoint: RECEIVED_BAR vt_symbol=NVDA.SMART datetime=2026-05-08T14:57:00+08:00 open=214.9900 close=215.3799 volume=253932.0
2026-05-11 23:07:32.361 | INFO | Logger | intraday debug checkpoint: RECEIVED_BAR vt_symbol=NVDA.SMART datetime=2026-05-08T14:58:00+08:00 open=215.3601 close=215.3501 volume=184521.0
2026-05-11 23:07:32.361 | INFO | Logger | intraday debug checkpoint: RECEIVED_BAR vt_symbol=NVDA.SMART datetime=2026-05-08T14:59:00+08:00 open=215.3550 close=215.3970 volume=167015.0
2026-05-11 23:07:32.361 | INFO | Logger | intraday debug checkpoint: RECEIVED_BAR vt_symbol=NVDA.SMART datetime=2026-05-08T15:00:00+08:00 open=215.3800 close=215.0700 volume=180745.0
2026-05-11 23:07:32.361 | INFO | Logger | intraday debug checkpoint: RECEIVED_BAR vt_symbol=NVDA.SMART datetime=2026-05-08T15:01:00+08:00 open=215.0646 close=215.1900 volume=145832.0
2026-05-11 23:07:32.361 | INFO | Logger | intraday debug checkpoint: RECEIVED_BAR vt_symbol=NVDA.SMART datetime=2026-05-08T15:02:00+08:00 open=215.1804 close=215.1599 volume=116338.0
2026-05-11 23:07:32.361 | INFO | Logger | intraday debug checkpoint: RECEIVED_BAR vt_symbol=NVDA.SMART datetime=2026-05-08T15:03:00+08:00 open=215.1301 close=215.2550 volume=194377.0
2026-05-11 23:07:32.361 | INFO | Logger | intraday debug checkpoint: RECEIVED_BAR vt_symbol=NVDA.SMART datetime=2026-05-08T15:04:00+08:00 open=215.2550 close=215.2700 volume=132512.0
2026-05-11 23:07:32.361 | INFO | Logger | intraday debug checkpoint: RECEIVED_BAR vt_symbol=NVDA.SMART datetime=2026-05-08T15:05:00+08:00 open=215.2750 close=215.4200 volume=302319.0
2026-05-11 23:07:32.361 | INFO | Logger | intraday debug checkpoint: RECEIVED_BAR vt_symbol=NVDA.SMART datetime=2026-05-08T15:06:00+08:00 open=215.4130 close=215.3456 volume=123498.0
2026-05-11 23:07:32.361 | INFO | Logger | intraday debug checkpoint: RECEIVED_BAR vt_symbol=NVDA.SMART datetime=2026-05-08T15:07:00+08:00 open=215.3230 close=215.5600 volume=250680.0
2026-05-11 23:07:32.361 | INFO | Logger | intraday debug checkpoint: RECEIVED_BAR vt_symbol=NVDA.SMART datetime=2026-05-08T15:08:00+08:00 open=215.5819 close=215.6900 volume=238322.0
2026-05-11 23:07:32.361 | INFO | Logger | intraday debug checkpoint: RECEIVED_BAR vt_symbol=NVDA.SMART datetime=2026-05-08T15:09:00+08:00 open=215.6800 close=215.7400 volume=215245.0
2026-05-11 23:07:32.361 | INFO | Logger | intraday debug checkpoint: RECEIVED_BAR vt_symbol=NVDA.SMART datetime=2026-05-08T15:10:00+08:00 open=215.7400 close=215.6400 volume=263204.0
2026-05-11 23:07:32.362 | INFO | Logger | intraday debug checkpoint: RECEIVED_BAR vt_symbol=NVDA.SMART datetime=2026-05-08T15:11:00+08:00 open=215.6500 close=215.6000 volume=169121.0
2026-05-11 23:07:32.362 | INFO | Logger | intraday debug checkpoint: RECEIVED_BAR vt_symbol=NVDA.SMART datetime=2026-05-08T15:12:00+08:00 open=215.6200 close=215.5600 volume=137220.0
2026-05-11 23:07:32.362 | INFO | Logger | intraday debug checkpoint: RECEIVED_BAR vt_symbol=NVDA.SMART datetime=2026-05-08T15:13:00+08:00 open=215.5600 close=215.6799 volume=112184.0
2026-05-11 23:07:32.362 | INFO | Logger | intraday debug checkpoint: RECEIVED_BAR vt_symbol=NVDA.SMART datetime=2026-05-08T15:14:00+08:00 open=215.6600 close=215.5462 volume=157771.0
2026-05-11 23:07:32.362 | INFO | Logger | intraday debug checkpoint: RECEIVED_BAR vt_symbol=NVDA.SMART datetime=2026-05-08T15:15:00+08:00 open=215.5500 close=215.5150 volume=113389.0
2026-05-11 23:07:32.362 | INFO | Logger | intraday debug checkpoint: RECEIVED_BAR vt_symbol=NVDA.SMART datetime=2026-05-08T15:16:00+08:00 open=215.5100 close=215.5750 volume=142221.0
2026-05-11 23:07:32.362 | INFO | Logger | intraday debug checkpoint: RECEIVED_BAR vt_symbol=NVDA.SMART datetime=2026-05-08T15:17:00+08:00 open=215.5700 close=215.5000 volume=125843.0
2026-05-11 23:07:32.362 | INFO | Logger | intraday debug checkpoint: RECEIVED_BAR vt_symbol=NVDA.SMART datetime=2026-05-08T15:18:00+08:00 open=215.5000 close=215.3250 volume=205581.0
2026-05-11 23:07:32.362 | INFO | Logger | intraday debug checkpoint: RECEIVED_BAR vt_symbol=NVDA.SMART datetime=2026-05-08T15:19:00+08:00 open=215.3300 close=215.3800 volume=170615.0
2026-05-11 23:07:32.362 | INFO | Logger | intraday debug checkpoint: RECEIVED_BAR vt_symbol=NVDA.SMART datetime=2026-05-08T15:20:00+08:00 open=215.3601 close=215.2901 volume=160015.0
2026-05-11 23:07:32.362 | INFO | Logger | intraday debug checkpoint: RECEIVED_BAR vt_symbol=NVDA.SMART datetime=2026-05-08T15:21:00+08:00 open=215.2900 close=215.2100 volume=211679.0
2026-05-11 23:07:32.362 | INFO | Logger | intraday debug checkpoint: RECEIVED_BAR vt_symbol=NVDA.SMART datetime=2026-05-08T15:22:00+08:00 open=215.1900 close=215.2200 volume=285525.0
2026-05-11 23:07:32.362 | INFO | Logger | intraday debug checkpoint: RECEIVED_BAR vt_symbol=NVDA.SMART datetime=2026-05-08T15:23:00+08:00 open=215.2100 close=215.1200 volume=144760.0
2026-05-11 23:07:32.362 | INFO | Logger | intraday debug checkpoint: RECEIVED_BAR vt_symbol=NVDA.SMART datetime=2026-05-08T15:24:00+08:00 open=215.1200 close=215.1999 volume=215529.0
2026-05-11 23:07:32.362 | INFO | Logger | intraday debug checkpoint: RECEIVED_BAR vt_symbol=NVDA.SMART datetime=2026-05-08T15:25:00+08:00 open=215.2000 close=215.0900 volume=229974.0
2026-05-11 23:07:32.362 | INFO | Logger | intraday debug checkpoint: RECEIVED_BAR vt_symbol=NVDA.SMART datetime=2026-05-08T15:26:00+08:00 open=215.0900 close=215.1150 volume=242754.0
2026-05-11 23:07:32.362 | INFO | Logger | intraday debug checkpoint: RECEIVED_BAR vt_symbol=NVDA.SMART datetime=2026-05-08T15:27:00+08:00 open=215.1134 close=215.0400 volume=201323.0
2026-05-11 23:07:32.362 | INFO | Logger | intraday debug checkpoint: RECEIVED_BAR vt_symbol=NVDA.SMART datetime=2026-05-08T15:28:00+08:00 open=215.0450 close=215.0500 volume=159209.0
2026-05-11 23:07:32.362 | INFO | Logger | intraday debug checkpoint: RECEIVED_BAR vt_symbol=NVDA.SMART datetime=2026-05-08T15:29:00+08:00 open=215.0400 close=214.9650 volume=174515.0
2026-05-11 23:07:32.362 | INFO | Logger | intraday debug checkpoint: RECEIVED_BAR vt_symbol=NVDA.SMART datetime=2026-05-08T15:30:00+08:00 open=214.9700 close=214.8500 volume=360048.0
2026-05-11 23:07:32.363 | INFO | Logger | intraday debug checkpoint: RECEIVED_BAR vt_symbol=NVDA.SMART datetime=2026-05-08T15:31:00+08:00 open=214.8500 close=215.0000 volume=354068.0
2026-05-11 23:07:32.363 | INFO | Logger | intraday debug checkpoint: RECEIVED_BAR vt_symbol=NVDA.SMART datetime=2026-05-08T15:32:00+08:00 open=215.0000 close=214.8900 volume=200559.0
2026-05-11 23:07:32.363 | INFO | Logger | intraday debug checkpoint: RECEIVED_BAR vt_symbol=NVDA.SMART datetime=2026-05-08T15:33:00+08:00 open=214.8850 close=214.7591 volume=260112.0
2026-05-11 23:07:32.363 | INFO | Logger | intraday debug checkpoint: RECEIVED_BAR vt_symbol=NVDA.SMART datetime=2026-05-08T15:34:00+08:00 open=214.7432 close=214.7900 volume=260549.0
2026-05-11 23:07:32.363 | INFO | Logger | intraday debug checkpoint: RECEIVED_BAR vt_symbol=NVDA.SMART datetime=2026-05-08T15:35:00+08:00 open=214.7801 close=214.8300 volume=137864.0
2026-05-11 23:07:32.363 | INFO | Logger | intraday debug checkpoint: RECEIVED_BAR vt_symbol=NVDA.SMART datetime=2026-05-08T15:36:00+08:00 open=214.8200 close=214.7600 volume=186759.0
2026-05-11 23:07:32.363 | INFO | Logger | intraday debug checkpoint: RECEIVED_BAR vt_symbol=NVDA.SMART datetime=2026-05-08T15:37:00+08:00 open=214.7750 close=214.9500 volume=169893.0
2026-05-11 23:07:32.363 | INFO | Logger | intraday debug checkpoint: RECEIVED_BAR vt_symbol=NVDA.SMART datetime=2026-05-08T15:38:00+08:00 open=214.9440 close=214.9781 volume=228293.0
2026-05-11 23:07:32.363 | INFO | Logger | intraday debug checkpoint: RECEIVED_BAR vt_symbol=NVDA.SMART datetime=2026-05-08T15:39:00+08:00 open=214.9900 close=215.0674 volume=185758.0
2026-05-11 23:07:32.363 | INFO | Logger | intraday debug checkpoint: RECEIVED_BAR vt_symbol=NVDA.SMART datetime=2026-05-08T15:40:00+08:00 open=215.0699 close=215.0901 volume=182603.0
2026-05-11 23:07:32.363 | INFO | Logger | intraday debug checkpoint: RECEIVED_BAR vt_symbol=NVDA.SMART datetime=2026-05-08T15:41:00+08:00 open=215.0950 close=215.2400 volume=265282.0
2026-05-11 23:07:32.363 | INFO | Logger | intraday debug checkpoint: RECEIVED_BAR vt_symbol=NVDA.SMART datetime=2026-05-08T15:42:00+08:00 open=215.2400 close=215.2500 volume=262675.0
2026-05-11 23:07:32.363 | INFO | Logger | intraday debug checkpoint: RECEIVED_BAR vt_symbol=NVDA.SMART datetime=2026-05-08T15:43:00+08:00 open=215.2600 close=215.3100 volume=201858.0
2026-05-11 23:07:32.363 | INFO | Logger | intraday debug checkpoint: RECEIVED_BAR vt_symbol=NVDA.SMART datetime=2026-05-08T15:44:00+08:00 open=215.3150 close=215.3300 volume=224187.0
2026-05-11 23:07:32.363 | INFO | Logger | intraday debug checkpoint: RECEIVED_BAR vt_symbol=NVDA.SMART datetime=2026-05-08T15:45:00+08:00 open=215.3300 close=215.2700 volume=196984.0
2026-05-11 23:07:32.363 | INFO | Logger | intraday debug checkpoint: RECEIVED_BAR vt_symbol=NVDA.SMART datetime=2026-05-08T15:46:00+08:00 open=215.2650 close=215.2100 volume=198809.0
2026-05-11 23:07:32.363 | INFO | Logger | intraday debug checkpoint: RECEIVED_BAR vt_symbol=NVDA.SMART datetime=2026-05-08T15:47:00+08:00 open=215.2050 close=215.0600 volume=227322.0
2026-05-11 23:07:32.363 | INFO | Logger | intraday debug checkpoint: RECEIVED_BAR vt_symbol=NVDA.SMART datetime=2026-05-08T15:48:00+08:00 open=215.0500 close=215.1400 volume=228285.0
2026-05-11 23:07:32.363 | INFO | Logger | intraday debug checkpoint: RECEIVED_BAR vt_symbol=NVDA.SMART datetime=2026-05-08T15:49:00+08:00 open=215.1400 close=215.1100 volume=241617.0
2026-05-11 23:07:32.363 | INFO | Logger | intraday debug checkpoint: RECEIVED_BAR vt_symbol=NVDA.SMART datetime=2026-05-08T15:50:00+08:00 open=215.1100 close=214.9700 volume=229645.0
2026-05-11 23:07:32.363 | INFO | Logger | intraday debug checkpoint: RECEIVED_BAR vt_symbol=NVDA.SMART datetime=2026-05-08T15:51:00+08:00 open=214.9600 close=215.1456 volume=548058.0
2026-05-11 23:07:32.364 | INFO | Logger | intraday debug checkpoint: RECEIVED_BAR vt_symbol=NVDA.SMART datetime=2026-05-08T15:52:00+08:00 open=215.1300 close=215.0800 volume=318452.0
2026-05-11 23:07:32.364 | INFO | Logger | intraday debug checkpoint: RECEIVED_BAR vt_symbol=NVDA.SMART datetime=2026-05-08T15:53:00+08:00 open=215.0600 close=215.0900 volume=328371.0
2026-05-11 23:07:32.364 | INFO | Logger | intraday debug checkpoint: RECEIVED_BAR vt_symbol=NVDA.SMART datetime=2026-05-08T15:54:00+08:00 open=215.0900 close=215.0400 volume=277645.0
2026-05-11 23:07:32.364 | INFO | Logger | intraday debug checkpoint: RECEIVED_BAR vt_symbol=NVDA.SMART datetime=2026-05-08T15:55:00+08:00 open=215.0400 close=215.2189 volume=417686.0
2026-05-11 23:07:32.364 | INFO | Logger | intraday debug checkpoint: RECEIVED_BAR vt_symbol=NVDA.SMART datetime=2026-05-08T15:56:00+08:00 open=215.2000 close=215.0450 volume=722370.0
2026-05-11 23:07:32.364 | INFO | Logger | intraday debug checkpoint: RECEIVED_BAR vt_symbol=NVDA.SMART datetime=2026-05-08T15:57:00+08:00 open=215.0450 close=215.1350 volume=386922.0
2026-05-11 23:07:32.364 | INFO | Logger | intraday debug checkpoint: RECEIVED_BAR vt_symbol=NVDA.SMART datetime=2026-05-08T15:58:00+08:00 open=215.1400 close=215.1700 volume=722144.0
2026-05-11 23:07:32.364 | INFO | Logger | intraday debug checkpoint: RECEIVED_BAR vt_symbol=NVDA.SMART datetime=2026-05-08T15:59:00+08:00 open=215.1800 close=215.1700 volume=1029707.0
2026-05-11 23:07:32.364 | INFO | Logger | intraday debug checkpoint: RECEIVED_BAR vt_symbol=NVDA.SMART datetime=2026-05-08T16:00:00+08:00 open=215.1800 close=215.2000 volume=16223010.0
2026-05-11 23:07:32.364 | INFO | Logger | intraday debug checkpoint: RECEIVED_BAR vt_symbol=NVDA.SMART datetime=2026-05-11T09:31:00+08:00 open=213.9300 close=215.0900 volume=3037219.0
2026-05-11 23:07:32.364 | INFO | Logger | intraday debug checkpoint: RECEIVED_BAR vt_symbol=NVDA.SMART datetime=2026-05-11T09:32:00+08:00 open=215.0950 close=215.2850 volume=679891.0
2026-05-11 23:07:32.364 | INFO | Logger | intraday debug checkpoint: RECEIVED_BAR vt_symbol=NVDA.SMART datetime=2026-05-11T09:33:00+08:00 open=215.3050 close=215.5550 volume=535645.0
2026-05-11 23:07:32.364 | INFO | Logger | intraday debug checkpoint: RECEIVED_BAR vt_symbol=NVDA.SMART datetime=2026-05-11T09:34:00+08:00 open=215.5550 close=215.6400 volume=662908.0
2026-05-11 23:07:32.364 | INFO | Logger | intraday debug checkpoint: RECEIVED_BAR vt_symbol=NVDA.SMART datetime=2026-05-11T09:35:00+08:00 open=215.6500 close=215.4400 volume=525954.0
2026-05-11 23:07:32.364 | INFO | Logger | intraday debug checkpoint: RECEIVED_BAR vt_symbol=NVDA.SMART datetime=2026-05-11T09:36:00+08:00 open=215.4282 close=215.1000 volume=381597.0
2026-05-11 23:07:32.364 | INFO | Logger | intraday debug checkpoint: RECEIVED_BAR vt_symbol=NVDA.SMART datetime=2026-05-11T09:37:00+08:00 open=215.0900 close=215.6800 volume=554967.0
2026-05-11 23:07:32.364 | INFO | Logger | intraday debug checkpoint: RECEIVED_BAR vt_symbol=NVDA.SMART datetime=2026-05-11T09:38:00+08:00 open=215.6850 close=216.2850 volume=821762.0
2026-05-11 23:07:32.364 | INFO | Logger | intraday debug checkpoint: RECEIVED_BAR vt_symbol=NVDA.SMART datetime=2026-05-11T09:39:00+08:00 open=216.2400 close=216.9600 volume=559153.0
2026-05-11 23:07:32.364 | INFO | Logger | intraday debug checkpoint: RECEIVED_BAR vt_symbol=NVDA.SMART datetime=2026-05-11T09:40:00+08:00 open=216.9600 close=217.5845 volume=890979.0
2026-05-11 23:07:32.364 | INFO | Logger | intraday debug checkpoint: RECEIVED_BAR vt_symbol=NVDA.SMART datetime=2026-05-11T09:41:00+08:00 open=217.5900 close=218.1350 volume=1044251.0
2026-05-11 23:07:32.364 | INFO | Logger | intraday debug checkpoint: RECEIVED_BAR vt_symbol=NVDA.SMART datetime=2026-05-11T09:42:00+08:00 open=218.1400 close=218.3014 volume=697633.0
2026-05-11 23:07:32.364 | INFO | Logger | intraday debug checkpoint: RECEIVED_BAR vt_symbol=NVDA.SMART datetime=2026-05-11T09:43:00+08:00 open=218.3000 close=217.9150 volume=608400.0
2026-05-11 23:07:32.365 | INFO | Logger | intraday debug checkpoint: RECEIVED_BAR vt_symbol=NVDA.SMART datetime=2026-05-11T09:44:00+08:00 open=217.9200 close=218.2310 volume=587547.0
2026-05-11 23:07:32.365 | INFO | Logger | intraday debug checkpoint: RECEIVED_BAR vt_symbol=NVDA.SMART datetime=2026-05-11T09:45:00+08:00 open=218.2500 close=218.8800 volume=897162.0
2026-05-11 23:07:32.365 | INFO | Logger | intraday debug checkpoint: RECEIVED_BAR vt_symbol=NVDA.SMART datetime=2026-05-11T09:46:00+08:00 open=218.8860 close=219.0150 volume=653084.0
2026-05-11 23:07:32.365 | INFO | Logger | intraday debug checkpoint: RECEIVED_BAR vt_symbol=NVDA.SMART datetime=2026-05-11T09:47:00+08:00 open=219.0700 close=219.5800 volume=713198.0
2026-05-11 23:07:32.365 | INFO | Logger | intraday debug checkpoint: RECEIVED_BAR vt_symbol=NVDA.SMART datetime=2026-05-11T09:48:00+08:00 open=219.5750 close=219.8400 volume=858615.0
2026-05-11 23:07:32.365 | INFO | Logger | intraday debug checkpoint: RECEIVED_BAR vt_symbol=NVDA.SMART datetime=2026-05-11T09:49:00+08:00 open=219.8300 close=220.8650 volume=2047732.0
2026-05-11 23:07:32.365 | INFO | Logger | intraday debug checkpoint: RECEIVED_BAR vt_symbol=NVDA.SMART datetime=2026-05-11T09:50:00+08:00 open=220.8700 close=219.4750 volume=1021806.0
2026-05-11 23:07:32.365 | INFO | Logger | intraday debug checkpoint: RECEIVED_BAR vt_symbol=NVDA.SMART datetime=2026-05-11T09:51:00+08:00 open=219.4800 close=220.2550 volume=683173.0
2026-05-11 23:07:32.365 | INFO | Logger | intraday debug checkpoint: RECEIVED_BAR vt_symbol=NVDA.SMART datetime=2026-05-11T09:52:00+08:00 open=220.2600 close=219.5980 volume=559503.0
2026-05-11 23:07:32.365 | INFO | Logger | intraday debug checkpoint: RECEIVED_BAR vt_symbol=NVDA.SMART datetime=2026-05-11T09:53:00+08:00 open=219.6400 close=219.5500 volume=367630.0
2026-05-11 23:07:32.365 | INFO | Logger | intraday debug checkpoint: RECEIVED_BAR vt_symbol=NVDA.SMART datetime=2026-05-11T09:54:00+08:00 open=219.5600 close=218.5036 volume=602892.0
2026-05-11 23:07:32.365 | INFO | Logger | intraday debug checkpoint: RECEIVED_BAR vt_symbol=NVDA.SMART datetime=2026-05-11T09:55:00+08:00 open=218.5200 close=217.8500 volume=656959.0
2026-05-11 23:07:32.365 | INFO | Logger | intraday debug checkpoint: RECEIVED_BAR vt_symbol=NVDA.SMART datetime=2026-05-11T09:56:00+08:00 open=217.8700 close=217.6500 volume=597233.0
2026-05-11 23:07:32.365 | INFO | Logger | intraday debug checkpoint: RECEIVED_BAR vt_symbol=NVDA.SMART datetime=2026-05-11T09:57:00+08:00 open=217.6500 close=217.5314 volume=583597.0
2026-05-11 23:07:32.365 | INFO | Logger | intraday debug checkpoint: RECEIVED_BAR vt_symbol=NVDA.SMART datetime=2026-05-11T09:58:00+08:00 open=217.5700 close=217.2550 volume=402284.0
2026-05-11 23:07:32.365 | INFO | Logger | intraday debug checkpoint: RECEIVED_BAR vt_symbol=NVDA.SMART datetime=2026-05-11T09:59:00+08:00 open=217.2700 close=217.2400 volume=381480.0
2026-05-11 23:07:32.365 | INFO | Logger | intraday debug checkpoint: RECEIVED_BAR vt_symbol=NVDA.SMART datetime=2026-05-11T10:00:00+08:00 open=217.2595 close=217.0200 volume=680627.0
2026-05-11 23:07:32.365 | INFO | Logger | intraday debug checkpoint: RECEIVED_BAR vt_symbol=NVDA.SMART datetime=2026-05-11T10:01:00+08:00 open=216.9550 close=217.4800 volume=519481.0
2026-05-11 23:07:32.365 | INFO | Logger | intraday debug checkpoint: RECEIVED_BAR vt_symbol=NVDA.SMART datetime=2026-05-11T10:02:00+08:00 open=217.4500 close=218.0250 volume=647768.0
2026-05-11 23:07:32.365 | INFO | Logger | intraday debug checkpoint: RECEIVED_BAR vt_symbol=NVDA.SMART datetime=2026-05-11T10:03:00+08:00 open=218.0150 close=217.6600 volume=494118.0
2026-05-11 23:07:32.365 | INFO | Logger | intraday debug checkpoint: RECEIVED_BAR vt_symbol=NVDA.SMART datetime=2026-05-11T10:04:00+08:00 open=217.6400 close=217.9400 volume=371734.0
2026-05-11 23:07:32.365 | INFO | Logger | intraday debug checkpoint: RECEIVED_BAR vt_symbol=NVDA.SMART datetime=2026-05-11T10:05:00+08:00 open=217.9550 close=217.9250 volume=326913.0
2026-05-11 23:07:32.365 | INFO | Logger | intraday debug checkpoint: RECEIVED_BAR vt_symbol=NVDA.SMART datetime=2026-05-11T10:06:00+08:00 open=217.9300 close=218.3550 volume=451141.0
2026-05-11 23:07:32.365 | INFO | Logger | intraday debug checkpoint: RECEIVED_BAR vt_symbol=NVDA.SMART datetime=2026-05-11T10:07:00+08:00 open=218.3102 close=218.1200 volume=314429.0
2026-05-11 23:07:32.366 | INFO | Logger | intraday debug checkpoint: RECEIVED_BAR vt_symbol=NVDA.SMART datetime=2026-05-11T10:08:00+08:00 open=218.1500 close=218.1000 volume=264650.0
2026-05-11 23:07:32.366 | INFO | Logger | intraday debug checkpoint: RECEIVED_BAR vt_symbol=NVDA.SMART datetime=2026-05-11T10:09:00+08:00 open=218.1050 close=218.0100 volume=275486.0
2026-05-11 23:07:32.366 | INFO | Logger | intraday debug checkpoint: RECEIVED_BAR vt_symbol=NVDA.SMART datetime=2026-05-11T10:10:00+08:00 open=218.0150 close=218.1650 volume=277063.0
2026-05-11 23:07:32.366 | INFO | Logger | intraday debug checkpoint: RECEIVED_BAR vt_symbol=NVDA.SMART datetime=2026-05-11T10:11:00+08:00 open=218.1400 close=218.6812 volume=409423.0
2026-05-11 23:07:32.366 | INFO | Logger | intraday debug checkpoint: RECEIVED_BAR vt_symbol=NVDA.SMART datetime=2026-05-11T10:12:00+08:00 open=218.6950 close=218.7600 volume=394872.0
2026-05-11 23:07:32.366 | INFO | Logger | intraday debug checkpoint: RECEIVED_BAR vt_symbol=NVDA.SMART datetime=2026-05-11T10:13:00+08:00 open=218.7600 close=218.8900 volume=328933.0
2026-05-11 23:07:32.366 | INFO | Logger | intraday debug checkpoint: RECEIVED_BAR vt_symbol=NVDA.SMART datetime=2026-05-11T10:14:00+08:00 open=218.9200 close=219.2200 volume=458374.0
2026-05-11 23:07:32.366 | INFO | Logger | intraday debug checkpoint: RECEIVED_BAR vt_symbol=NVDA.SMART datetime=2026-05-11T10:15:00+08:00 open=219.2400 close=219.3800 volume=394284.0
2026-05-11 23:07:32.366 | INFO | Logger | intraday debug checkpoint: RECEIVED_BAR vt_symbol=NVDA.SMART datetime=2026-05-11T10:16:00+08:00 open=219.3820 close=219.4050 volume=345496.0
2026-05-11 23:07:32.366 | INFO | Logger | intraday debug checkpoint: RECEIVED_BAR vt_symbol=NVDA.SMART datetime=2026-05-11T10:17:00+08:00 open=219.4000 close=219.4950 volume=311164.0
2026-05-11 23:07:32.366 | INFO | Logger | intraday debug checkpoint: RECEIVED_BAR vt_symbol=NVDA.SMART datetime=2026-05-11T10:18:00+08:00 open=219.4850 close=219.0400 volume=343803.0
2026-05-11 23:07:32.366 | INFO | Logger | intraday debug checkpoint: RECEIVED_BAR vt_symbol=NVDA.SMART datetime=2026-05-11T10:19:00+08:00 open=219.1000 close=219.1500 volume=294650.0
2026-05-11 23:07:32.366 | INFO | Logger | intraday debug checkpoint: RECEIVED_BAR vt_symbol=NVDA.SMART datetime=2026-05-11T10:20:00+08:00 open=219.1450 close=219.1500 volume=228453.0
2026-05-11 23:07:32.366 | INFO | Logger | intraday debug checkpoint: RECEIVED_BAR vt_symbol=NVDA.SMART datetime=2026-05-11T10:21:00+08:00 open=219.1446 close=219.4701 volume=310593.0
2026-05-11 23:07:32.366 | INFO | Logger | intraday debug checkpoint: RECEIVED_BAR vt_symbol=NVDA.SMART datetime=2026-05-11T10:22:00+08:00 open=219.4800 close=219.4400 volume=275120.0
2026-05-11 23:07:32.366 | INFO | Logger | intraday debug checkpoint: RECEIVED_BAR vt_symbol=NVDA.SMART datetime=2026-05-11T10:23:00+08:00 open=219.4550 close=219.5250 volume=280150.0
2026-05-11 23:07:32.366 | INFO | Logger | intraday debug checkpoint: RECEIVED_BAR vt_symbol=NVDA.SMART datetime=2026-05-11T10:24:00+08:00 open=219.5600 close=219.3800 volume=262718.0
2026-05-11 23:07:32.366 | INFO | Logger | intraday debug checkpoint: RECEIVED_BAR vt_symbol=NVDA.SMART datetime=2026-05-11T10:25:00+08:00 open=219.3650 close=219.1850 volume=273443.0
2026-05-11 23:07:32.367 | INFO | Logger | intraday debug checkpoint: RECEIVED_BAR vt_symbol=NVDA.SMART datetime=2026-05-11T10:26:00+08:00 open=219.2000 close=218.9600 volume=245684.0
2026-05-11 23:07:32.367 | INFO | Logger | intraday debug checkpoint: RECEIVED_BAR vt_symbol=NVDA.SMART datetime=2026-05-11T10:27:00+08:00 open=218.9600 close=218.9650 volume=263517.0
2026-05-11 23:07:32.367 | INFO | Logger | intraday debug checkpoint: RECEIVED_BAR vt_symbol=NVDA.SMART datetime=2026-05-11T10:28:00+08:00 open=218.9650 close=218.7600 volume=289946.0
2026-05-11 23:07:32.367 | INFO | Logger | intraday debug checkpoint: RECEIVED_BAR vt_symbol=NVDA.SMART datetime=2026-05-11T10:29:00+08:00 open=218.7600 close=218.5500 volume=253475.0
2026-05-11 23:07:32.367 | INFO | Logger | intraday debug checkpoint: RECEIVED_BAR vt_symbol=NVDA.SMART datetime=2026-05-11T10:30:00+08:00 open=218.5650 close=217.9700 volume=371095.0
2026-05-11 23:07:32.367 | INFO | Logger | intraday debug checkpoint: RECEIVED_BAR vt_symbol=NVDA.SMART datetime=2026-05-11T10:31:00+08:00 open=217.9850 close=218.1500 volume=321255.0
2026-05-11 23:07:32.367 | INFO | Logger | intraday debug checkpoint: RECEIVED_BAR vt_symbol=NVDA.SMART datetime=2026-05-11T10:32:00+08:00 open=218.2399 close=217.5000 volume=377281.0
2026-05-11 23:07:32.367 | INFO | Logger | intraday debug checkpoint: RECEIVED_BAR vt_symbol=NVDA.SMART datetime=2026-05-11T10:33:00+08:00 open=217.5350 close=217.9100 volume=301019.0
2026-05-11 23:07:32.367 | INFO | Logger | intraday debug checkpoint: RECEIVED_BAR vt_symbol=NVDA.SMART datetime=2026-05-11T10:34:00+08:00 open=217.9100 close=218.2550 volume=321326.0
2026-05-11 23:07:32.367 | INFO | Logger | intraday debug checkpoint: RECEIVED_BAR vt_symbol=NVDA.SMART datetime=2026-05-11T10:35:00+08:00 open=218.2600 close=218.2400 volume=227759.0
2026-05-11 23:07:32.367 | INFO | Logger | intraday debug checkpoint: RECEIVED_BAR vt_symbol=NVDA.SMART datetime=2026-05-11T10:36:00+08:00 open=218.2600 close=218.5500 volume=328264.0
2026-05-11 23:07:32.367 | INFO | Logger | intraday debug checkpoint: RECEIVED_BAR vt_symbol=NVDA.SMART datetime=2026-05-11T10:37:00+08:00 open=218.5101 close=217.9450 volume=676147.0
2026-05-11 23:07:32.367 | INFO | Logger | intraday debug checkpoint: RECEIVED_BAR vt_symbol=NVDA.SMART datetime=2026-05-11T10:38:00+08:00 open=217.9450 close=218.4950 volume=434703.0
2026-05-11 23:07:32.367 | INFO | Logger | intraday debug checkpoint: RECEIVED_BAR vt_symbol=NVDA.SMART datetime=2026-05-11T10:39:00+08:00 open=218.4950 close=218.3600 volume=327363.0
2026-05-11 23:07:32.367 | INFO | Logger | intraday debug checkpoint: RECEIVED_BAR vt_symbol=NVDA.SMART datetime=2026-05-11T10:40:00+08:00 open=218.3450 close=218.7157 volume=325413.0
2026-05-11 23:07:32.367 | INFO | Logger | intraday debug checkpoint: RECEIVED_BAR vt_symbol=NVDA.SMART datetime=2026-05-11T10:41:00+08:00 open=218.7050 close=218.9400 volume=420808.0
2026-05-11 23:07:32.367 | INFO | Logger | intraday debug checkpoint: RECEIVED_BAR vt_symbol=NVDA.SMART datetime=2026-05-11T10:42:00+08:00 open=218.9350 close=219.3000 volume=568559.0
2026-05-11 23:07:32.367 | INFO | Logger | intraday debug checkpoint: RECEIVED_BAR vt_symbol=NVDA.SMART datetime=2026-05-11T10:43:00+08:00 open=219.3050 close=219.0350 volume=293695.0
2026-05-11 23:07:32.367 | INFO | Logger | intraday debug checkpoint: RECEIVED_BAR vt_symbol=NVDA.SMART datetime=2026-05-11T10:44:00+08:00 open=219.0400 close=219.1950 volume=191384.0
2026-05-11 23:07:32.367 | INFO | Logger | intraday debug checkpoint: RECEIVED_BAR vt_symbol=NVDA.SMART datetime=2026-05-11T10:45:00+08:00 open=219.1915 close=219.2900 volume=215219.0
2026-05-11 23:07:32.367 | INFO | Logger | intraday debug checkpoint: RECEIVED_BAR vt_symbol=NVDA.SMART datetime=2026-05-11T10:46:00+08:00 open=219.2800 close=219.3300 volume=291038.0
2026-05-11 23:07:32.367 | INFO | Logger | intraday debug checkpoint: RECEIVED_BAR vt_symbol=NVDA.SMART datetime=2026-05-11T10:47:00+08:00 open=219.3350 close=219.6700 volume=367258.0
2026-05-11 23:07:32.367 | INFO | Logger | intraday debug checkpoint: RECEIVED_BAR vt_symbol=NVDA.SMART datetime=2026-05-11T10:48:00+08:00 open=219.6799 close=219.7400 volume=292269.0
2026-05-11 23:07:32.367 | INFO | Logger | intraday debug checkpoint: RECEIVED_BAR vt_symbol=NVDA.SMART datetime=2026-05-11T10:49:00+08:00 open=219.7300 close=219.9000 volume=635854.0
2026-05-11 23:07:32.367 | INFO | Logger | intraday debug checkpoint: RECEIVED_BAR vt_symbol=NVDA.SMART datetime=2026-05-11T10:50:00+08:00 open=219.9100 close=220.2701 volume=546439.0
2026-05-11 23:07:32.367 | INFO | Logger | intraday debug checkpoint: RECEIVED_BAR vt_symbol=NVDA.SMART datetime=2026-05-11T10:51:00+08:00 open=220.2800 close=220.5135 volume=605247.0
2026-05-11 23:07:32.368 | INFO | Logger | intraday debug checkpoint: RECEIVED_BAR vt_symbol=NVDA.SMART datetime=2026-05-11T10:52:00+08:00 open=220.5200 close=221.2401 volume=904993.0
2026-05-11 23:07:32.368 | INFO | Logger | intraday debug checkpoint: RECEIVED_BAR vt_symbol=NVDA.SMART datetime=2026-05-11T10:53:00+08:00 open=221.2400 close=221.7100 volume=768071.0
2026-05-11 23:07:32.368 | INFO | Logger | intraday debug checkpoint: RECEIVED_BAR vt_symbol=NVDA.SMART datetime=2026-05-11T10:54:00+08:00 open=221.7100 close=221.8050 volume=1042386.0
2026-05-11 23:07:32.368 | INFO | Logger | intraday debug checkpoint: RECEIVED_BAR vt_symbol=NVDA.SMART datetime=2026-05-11T10:55:00+08:00 open=221.8050 close=222.0505 volume=542606.0
2026-05-11 23:07:32.368 | INFO | Logger | intraday debug checkpoint: RECEIVED_BAR vt_symbol=NVDA.SMART datetime=2026-05-11T10:56:00+08:00 open=222.0650 close=221.7114 volume=506698.0
2026-05-11 23:07:32.368 | INFO | Logger | intraday debug checkpoint: RECEIVED_BAR vt_symbol=NVDA.SMART datetime=2026-05-11T10:57:00+08:00 open=221.7300 close=221.3755 volume=448702.0
2026-05-11 23:07:32.368 | INFO | Logger | intraday debug checkpoint: RECEIVED_BAR vt_symbol=NVDA.SMART datetime=2026-05-11T10:58:00+08:00 open=221.3800 close=221.6900 volume=400715.0
2026-05-11 23:07:32.368 | INFO | Logger | intraday debug checkpoint: RECEIVED_BAR vt_symbol=NVDA.SMART datetime=2026-05-11T10:59:00+08:00 open=221.6450 close=221.8650 volume=392302.0
2026-05-11 23:07:32.368 | INFO | Logger | intraday debug checkpoint: RECEIVED_BAR vt_symbol=NVDA.SMART datetime=2026-05-11T11:00:00+08:00 open=221.8650 close=221.6100 volume=275828.0
2026-05-11 23:07:32.368 | INFO | Logger | intraday debug checkpoint: RECEIVED_BAR vt_symbol=NVDA.SMART datetime=2026-05-11T11:01:00+08:00 open=221.5900 close=221.1500 volume=347813.0
2026-05-11 23:07:32.368 | INFO | Logger | intraday debug checkpoint: RECEIVED_BAR vt_symbol=NVDA.SMART datetime=2026-05-11T11:02:00+08:00 open=221.1400 close=221.1950 volume=320790.0
2026-05-11 23:07:32.368 | INFO | Logger | intraday debug checkpoint: RECEIVED_BAR vt_symbol=NVDA.SMART datetime=2026-05-11T11:03:00+08:00 open=221.1950 close=221.3600 volume=276021.0
2026-05-11 23:07:32.368 | INFO | Logger | intraday debug checkpoint: RECEIVED_BAR vt_symbol=NVDA.SMART datetime=2026-05-11T11:04:00+08:00 open=221.3898 close=221.2950 volume=227430.0
2026-05-11 23:07:32.368 | INFO | Logger | intraday debug checkpoint: RECEIVED_BAR vt_symbol=NVDA.SMART datetime=2026-05-11T11:05:00+08:00 open=221.2800 close=221.1600 volume=222796.0
2026-05-11 23:07:32.368 | INFO | Logger | intraday debug checkpoint: RECEIVED_BAR vt_symbol=NVDA.SMART datetime=2026-05-11T11:06:00+08:00 open=221.1793 close=221.1601 volume=258380.0
2026-05-11 23:07:32.368 | INFO | Logger | intraday debug checkpoint: RECEIVED_BAR vt_symbol=NVDA.SMART datetime=2026-05-11T11:07:00+08:00 open=221.1900 close=221.0100 volume=318553.0
2026-05-11 23:07:32.369 | INFO | MainEngine | 订阅行情 -> FUTU：SubscribeRequest(symbol='NVDA', exchange=<Exchange.SMART: 'SMART'>)
2026-05-11 23:07:32.437 | INFO | FUTU | 订阅行情成功：NVDA.SMART
2026-05-11 23:07:32.437 | INFO | Logger | strategy initialised: classic_multifactor_NVDA_US
2026-05-11 23:07:32.437 | INFO | CtaStrategy | classic_multifactor_NVDA_US initialization completed
2026-05-11 23:07:32.437 | INFO | Logger | strategy started: classic_multifactor_NVDA_US (loop_mode=intraday, live_submit=False)
2026-05-11 23:08:22.438 | INFO | Logger | intraday runtime heartbeat: strategy=classic_multifactor_NVDA_US bars_seen=0 last_bar_time=none seconds_since_last_bar=none gateway_connected=False last_signal=warmup pos=0 active_orders=0 bars_cached=322 approved_total=0 blocked_total=0
2026-05-11 23:09:22.440 | INFO | Logger | intraday runtime heartbeat: strategy=classic_multifactor_NVDA_US bars_seen=0 last_bar_time=none seconds_since_last_bar=none gateway_connected=False last_signal=warmup pos=0 active_orders=0 bars_cached=322 approved_total=0 blocked_total=0
2026-05-11 23:10:22.441 | INFO | Logger | intraday runtime heartbeat: strategy=classic_multifactor_NVDA_US bars_seen=0 last_bar_time=none seconds_since_last_bar=none gateway_connected=False last_signal=warmup pos=0 active_orders=0 bars_cached=322 approved_total=0 blocked_total=0
2026-05-11 23:11:22.442 | INFO | Logger | intraday runtime heartbeat: strategy=classic_multifactor_NVDA_US bars_seen=0 last_bar_time=none seconds_since_last_bar=none gateway_connected=False last_signal=warmup pos=0 active_orders=0 bars_cached=322 approved_total=0 blocked_total=0
2026-05-11 23:12:22.443 | INFO | Logger | intraday runtime heartbeat: strategy=classic_multifactor_NVDA_US bars_seen=0 last_bar_time=none seconds_since_last_bar=none gateway_connected=False last_signal=warmup pos=0 active_orders=0 bars_cached=322 approved_total=0 blocked_total=0
2026-05-11 23:13:22.444 | INFO | Logger | intraday runtime heartbeat: strategy=classic_multifactor_NVDA_US bars_seen=0 last_bar_time=none seconds_since_last_bar=none gateway_connected=False last_signal=warmup pos=0 active_orders=0 bars_cached=322 approved_total=0 blocked_total=0
2026-05-11 23:14:22.445 | INFO | Logger | intraday runtime heartbeat: strategy=classic_multifactor_NVDA_US bars_seen=0 last_bar_time=none seconds_since_last_bar=none gateway_connected=False last_signal=warmup pos=0 active_orders=0 bars_cached=322 approved_total=0 blocked_total=0
2026-05-11 23:15:22.447 | INFO | Logger | intraday runtime heartbeat: strategy=classic_multifactor_NVDA_US bars_seen=0 last_bar_time=none seconds_since_last_bar=none gateway_connected=False last_signal=warmup pos=0 active_orders=0 bars_cached=322 approved_total=0 blocked_total=0
2026-05-11 23:16:22.448 | INFO | Logger | intraday runtime heartbeat: strategy=classic_multifactor_NVDA_US bars_seen=0 last_bar_time=none seconds_since_last_bar=none gateway_connected=False last_signal=warmup pos=0 active_orders=0 bars_cached=322 approved_total=0 blocked_total=0
2026-05-11 23:17:22.449 | INFO | Logger | intraday runtime heartbeat: strategy=classic_multifactor_NVDA_US bars_seen=0 last_bar_time=none seconds_since_last_bar=none gateway_connected=False last_signal=warmup pos=0 active_orders=0 bars_cached=322 approved_total=0 blocked_total=0
2026-05-11 23:18:22.450 | INFO | Logger | intraday runtime heartbeat: strategy=classic_multifactor_NVDA_US bars_seen=0 last_bar_time=none seconds_since_last_bar=none gateway_connected=False last_signal=warmup pos=0 active_orders=0 bars_cached=322 approved_total=0 blocked_total=0
2026-05-11 23:19:22.451 | INFO | Logger | intraday runtime heartbeat: strategy=classic_multifactor_NVDA_US bars_seen=0 last_bar_time=none seconds_since_last_bar=none gateway_connected=False last_signal=warmup pos=0 active_orders=0 bars_cached=322 approved_total=0 blocked_total=0
2026-05-11 23:20:22.452 | INFO | Logger | intraday runtime heartbeat: strategy=classic_multifactor_NVDA_US bars_seen=0 last_bar_time=none seconds_since_last_bar=none gateway_connected=False last_signal=warmup pos=0 active_orders=0 bars_cached=322 approved_total=0 blocked_total=0
2026-05-11 23:21:22.454 | INFO | Logger | intraday runtime heartbeat: strategy=classic_multifactor_NVDA_US bars_seen=0 last_bar_time=none seconds_since_last_bar=none gateway_connected=False last_signal=warmup pos=0 active_orders=0 bars_cached=322 approved_total=0 blocked_total=0
2026-05-11 23:22:22.455 | INFO | Logger | intraday runtime heartbeat: strategy=classic_multifactor_NVDA_US bars_seen=0 last_bar_time=none seconds_since_last_bar=none gateway_connected=False last_signal=warmup pos=0 active_orders=0 bars_cached=322 approved_total=0 blocked_total=0
2026-05-11 23:23:22.456 | INFO | Logger | intraday runtime heartbeat: strategy=classic_multifactor_NVDA_US bars_seen=0 last_bar_time=none seconds_since_last_bar=none gateway_connected=False last_signal=warmup pos=0 active_orders=0 bars_cached=322 approved_total=0 blocked_total=0
2026-05-11 23:24:22.457 | INFO | Logger | intraday runtime heartbeat: strategy=classic_multifactor_NVDA_US bars_seen=0 last_bar_time=none seconds_since_last_bar=none gateway_connected=False last_signal=warmup pos=0 active_orders=0 bars_cached=322 approved_total=0 blocked_total=0
2026-05-11 23:25:22.458 | INFO | Logger | intraday runtime heartbeat: strategy=classic_multifactor_NVDA_US bars_seen=0 last_bar_time=none seconds_since_last_bar=none gateway_connected=False last_signal=warmup pos=0 active_orders=0 bars_cached=322 approved_total=0 blocked_total=0
2026-05-11 23:26:22.458 | INFO | Logger | intraday runtime heartbeat: strategy=classic_multifactor_NVDA_US bars_seen=0 last_bar_time=none seconds_since_last_bar=none gateway_connected=False last_signal=warmup pos=0 active_orders=0 bars_cached=322 approved_total=0 blocked_total=0
2026-05-11 23:27:22.459 | INFO | Logger | intraday runtime heartbeat: strategy=classic_multifactor_NVDA_US bars_seen=0 last_bar_time=none seconds_since_last_bar=none gateway_connected=False last_signal=warmup pos=0 active_orders=0 bars_cached=322 approved_total=0 blocked_total=0
2026-05-11 23:28:22.460 | INFO | Logger | intraday runtime heartbeat: strategy=classic_multifactor_NVDA_US bars_seen=0 last_bar_time=none seconds_since_last_bar=none gateway_connected=False last_signal=warmup pos=0 active_orders=0 bars_cached=322 approved_total=0 blocked_total=0
2026-05-11 23:29:22.461 | INFO | Logger | intraday runtime heartbeat: strategy=classic_multifactor_NVDA_US bars_seen=0 last_bar_time=none seconds_since_last_bar=none gateway_connected=False last_signal=warmup pos=0 active_orders=0 bars_cached=322 approved_total=0 blocked_total=0
2026-05-11 23:30:22.462 | INFO | Logger | intraday runtime heartbeat: strategy=classic_multifactor_NVDA_US bars_seen=0 last_bar_time=none seconds_since_last_bar=none gateway_connected=False last_signal=warmup pos=0 active_orders=0 bars_cached=322 approved_total=0 blocked_total=0
2026-05-11 23:31:22.463 | INFO | Logger | intraday runtime heartbeat: strategy=classic_multifactor_NVDA_US bars_seen=0 last_bar_time=none seconds_since_last_bar=none gateway_connected=False last_signal=warmup pos=0 active_orders=0 bars_cached=322 approved_total=0 blocked_total=0
2026-05-11 23:32:22.464 | INFO | Logger | intraday runtime heartbeat: strategy=classic_multifactor_NVDA_US bars_seen=0 last_bar_time=none seconds_since_last_bar=none gateway_connected=False last_signal=warmup pos=0 active_orders=0 bars_cached=322 approved_total=0 blocked_total=0
2026-05-11 23:33:22.465 | INFO | Logger | intraday runtime heartbeat: strategy=classic_multifactor_NVDA_US bars_seen=0 last_bar_time=none seconds_since_last_bar=none gateway_connected=False last_signal=warmup pos=0 active_orders=0 bars_cached=322 approved_total=0 blocked_total=0
2026-05-11 23:34:22.466 | INFO | Logger | intraday runtime heartbeat: strategy=classic_multifactor_NVDA_US bars_seen=0 last_bar_time=none seconds_since_last_bar=none gateway_connected=False last_signal=warmup pos=0 active_orders=0 bars_cached=322 approved_total=0 blocked_total=0
2026-05-11 23:35:22.467 | INFO | Logger | intraday runtime heartbeat: strategy=classic_multifactor_NVDA_US bars_seen=0 last_bar_time=none seconds_since_last_bar=none gateway_connected=False last_signal=warmup pos=0 active_orders=0 bars_cached=322 approved_total=0 blocked_total=0
2026-05-11 23:36:22.469 | INFO | Logger | intraday runtime heartbeat: strategy=classic_multifactor_NVDA_US bars_seen=0 last_bar_time=none seconds_since_last_bar=none gateway_connected=False last_signal=warmup pos=0 active_orders=0 bars_cached=322 approved_total=0 blocked_total=0
2026-05-11 23:37:22.470 | INFO | Logger | intraday runtime heartbeat: strategy=classic_multifactor_NVDA_US bars_seen=0 last_bar_time=none seconds_since_last_bar=none gateway_connected=False last_signal=warmup pos=0 active_orders=0 bars_cached=322 approved_total=0 blocked_total=0
2026-05-11 23:38:22.471 | INFO | Logger | intraday runtime heartbeat: strategy=classic_multifactor_NVDA_US bars_seen=0 last_bar_time=none seconds_since_last_bar=none gateway_connected=False last_signal=warmup pos=0 active_orders=0 bars_cached=322 approved_total=0 blocked_total=0
2026-05-11 23:39:22.472 | INFO | Logger | intraday runtime heartbeat: strategy=classic_multifactor_NVDA_US bars_seen=0 last_bar_time=none seconds_since_last_bar=none gateway_connected=False last_signal=warmup pos=0 active_orders=0 bars_cached=322 approved_total=0 blocked_total=0
2026-05-11 23:40:22.473 | INFO | Logger | intraday runtime heartbeat: strategy=classic_multifactor_NVDA_US bars_seen=0 last_bar_time=none seconds_since_last_bar=none gateway_connected=False last_signal=warmup pos=0 active_orders=0 bars_cached=322 approved_total=0 blocked_total=0
2026-05-11 23:41:22.474 | INFO | Logger | intraday runtime heartbeat: strategy=classic_multifactor_NVDA_US bars_seen=0 last_bar_time=none seconds_since_last_bar=none gateway_connected=False last_signal=warmup pos=0 active_orders=0 bars_cached=322 approved_total=0 blocked_total=0
2026-05-11 23:42:22.475 | INFO | Logger | intraday runtime heartbeat: strategy=classic_multifactor_NVDA_US bars_seen=0 last_bar_time=none seconds_since_last_bar=none gateway_connected=False last_signal=warmup pos=0 active_orders=0 bars_cached=322 approved_total=0 blocked_total=0
2026-05-11 23:43:22.476 | INFO | Logger | intraday runtime heartbeat: strategy=classic_multifactor_NVDA_US bars_seen=0 last_bar_time=none seconds_since_last_bar=none gateway_connected=False last_signal=warmup pos=0 active_orders=0 bars_cached=322 approved_total=0 blocked_total=0
2026-05-11 23:44:22.477 | INFO | Logger | intraday runtime heartbeat: strategy=classic_multifactor_NVDA_US bars_seen=0 last_bar_time=none seconds_since_last_bar=none gateway_connected=False last_signal=warmup pos=0 active_orders=0 bars_cached=322 approved_total=0 blocked_total=0
2026-05-11 23:45:22.478 | INFO | Logger | intraday runtime heartbeat: strategy=classic_multifactor_NVDA_US bars_seen=0 last_bar_time=none seconds_since_last_bar=none gateway_connected=False last_signal=warmup pos=0 active_orders=0 bars_cached=322 approved_total=0 blocked_total=0
2026-05-11 23:46:22.479 | INFO | Logger | intraday runtime heartbeat: strategy=classic_multifactor_NVDA_US bars_seen=0 last_bar_time=none seconds_since_last_bar=none gateway_connected=False last_signal=warmup pos=0 active_orders=0 bars_cached=322 approved_total=0 blocked_total=0
2026-05-11 23:47:22.480 | INFO | Logger | intraday runtime heartbeat: strategy=classic_multifactor_NVDA_US bars_seen=0 last_bar_time=none seconds_since_last_bar=none gateway_connected=False last_signal=warmup pos=0 active_orders=0 bars_cached=322 approved_total=0 blocked_total=0
2026-05-11 23:48:13.571 | INFO | Logger | received signal 15, requesting graceful stop
2026-05-11 23:48:20.335 | INFO | Logger | received signal 15, requesting graceful stop
2026-05-11 23:48:23,199 | 1757985 | 140107622053568 | [open_context_base.py:518] on_disconnect: Disconnected: conn=0(1) reason=CallClose
2026-05-11 23:48:23.199 | INFO | Logger | report written to /projects/vnpy/state/runs/classic_multifactor_intraday_report.json
2026-05-11 23:48:23,199 | 1757985 | 140107622053568 | [open_context_base.py:518] on_disconnect: Disconnected: conn=0(2) reason=CallClose
[run_us_live_task] vnpy-mainline forward: /usr/bin/python3 /projects/vnpy/scripts/classic_multifactor/run_intraday_loop.py --config /projects/vnpy/configs/classic_multifactor/nvda_g09.json
2026-05-11 23:48:42.257 | INFO | Logger | connecting FutuGateway at 127.0.0.1:11111 env=模拟
2026-05-11 23:48:42.270 | INFO | MainEngine | 连接登录 -> FUTU
2026-05-11 23:48:42,273 | 1792640 | 140629853534016 | [open_context_base.py:410] _init_connect_sync: New connect ready: conn=7459630574824531530(1) context=<futu.quote.open_quote_context.OpenQuoteContext object at 0x7fe661d354d0>
2026-05-11 23:48:42.273 | INFO | FUTU | 行情接口连接成功
2026-05-11 23:48:42,275 | 1792640 | 140629853534016 | [open_context_base.py:410] _init_connect_sync: New connect ready: conn=7459630574835143922(2) context=<futu.trade.open_trade_context.OpenSecTradeContext object at 0x7fe661b475d0>
2026-05-11 23:48:42.281 | INFO | FUTU | 交易接口连接成功
2026-05-11 23:48:48.265 | INFO | FUTU | 合约信息查询成功
2026-05-11 23:48:48.269 | INFO | FUTU | 查询成交失败：模拟交易不支持成交数据
2026-05-11 23:48:57.282 | INFO | Logger | FutuGateway连接状态检查: <vnpy_futu.futu_gateway.FutuGateway object at 0x7fe663690950>
2026-05-11 23:48:57.282 | INFO | Logger | 合约订阅状态检查: NVDA.SMART
2026-05-11 23:48:57.301 | INFO | CtaStrategy | CtaEngine initialized
2026-05-11 23:48:57.302 | INFO | Logger | added strategy classic_multifactor_NVDA_US on NVDA.SMART
2026-05-11 23:48:57.303 | INFO | CtaStrategy | classic_multifactor_NVDA_US starts initializing
2026-05-11 23:48:57.303 | INFO | MainEngine | 查询K线 -> FUTU：HistoryRequest(symbol='NVDA', exchange=<Exchange.SMART: 'SMART'>, start=datetime.datetime(2026, 5, 7, 23, 48, 57, 302665, tzinfo=zoneinfo.ZoneInfo(key='Asia/Shanghai')), end=datetime.datetime(2026, 5, 11, 23, 48, 57, 302665, tzinfo=zoneinfo.ZoneInfo(key='Asia/Shanghai')), interval=<Interval.MINUTE: '1m'>)
2026-05-11 23:48:57.637 | INFO | Logger | intraday debug checkpoint: RECEIVED_BAR vt_symbol=NVDA.SMART datetime=2026-05-07T09:31:00+08:00 open=208.3400 close=206.8950 volume=3679029.0
2026-05-11 23:48:57.637 | INFO | Logger | intraday debug checkpoint: RECEIVED_BAR vt_symbol=NVDA.SMART datetime=2026-05-07T09:32:00+08:00 open=206.9300 close=206.9978 volume=995805.0
2026-05-11 23:48:57.637 | INFO | Logger | intraday debug checkpoint: RECEIVED_BAR vt_symbol=NVDA.SMART datetime=2026-05-07T09:33:00+08:00 open=206.9700 close=206.9000 volume=910807.0
2026-05-11 23:48:57.637 | INFO | Logger | intraday debug checkpoint: RECEIVED_BAR vt_symbol=NVDA.SMART datetime=2026-05-07T09:34:00+08:00 open=206.9300 close=207.6300 volume=801584.0
2026-05-11 23:48:57.637 | INFO | Logger | intraday debug checkpoint: RECEIVED_BAR vt_symbol=NVDA.SMART datetime=2026-05-07T09:35:00+08:00 open=207.5800 close=207.3199 volume=681063.0
2026-05-11 23:48:57.637 | INFO | Logger | intraday debug checkpoint: RECEIVED_BAR vt_symbol=NVDA.SMART datetime=2026-05-07T09:36:00+08:00 open=207.3200 close=207.4934 volume=416247.0
2026-05-11 23:48:57.638 | INFO | Logger | intraday debug checkpoint: RECEIVED_BAR vt_symbol=NVDA.SMART datetime=2026-05-07T09:37:00+08:00 open=207.4800 close=207.3400 volume=555594.0
2026-05-11 23:48:57.638 | INFO | Logger | intraday debug checkpoint: RECEIVED_BAR vt_symbol=NVDA.SMART datetime=2026-05-07T09:38:00+08:00 open=207.3400 close=207.7600 volume=596929.0
2026-05-11 23:48:57.638 | INFO | Logger | intraday debug checkpoint: RECEIVED_BAR vt_symbol=NVDA.SMART datetime=2026-05-07T09:39:00+08:00 open=207.7300 close=208.6100 volume=930371.0
2026-05-11 23:48:57.638 | INFO | Logger | intraday debug checkpoint: RECEIVED_BAR vt_symbol=NVDA.SMART datetime=2026-05-07T09:40:00+08:00 open=208.5800 close=208.1250 volume=720139.0
2026-05-11 23:48:57.638 | INFO | Logger | intraday debug checkpoint: RECEIVED_BAR vt_symbol=NVDA.SMART datetime=2026-05-07T09:41:00+08:00 open=208.1362 close=208.2650 volume=578468.0
2026-05-11 23:48:57.638 | INFO | Logger | intraday debug checkpoint: RECEIVED_BAR vt_symbol=NVDA.SMART datetime=2026-05-07T09:42:00+08:00 open=208.2900 close=207.3100 volume=656912.0
2026-05-11 23:48:57.638 | INFO | Logger | intraday debug checkpoint: RECEIVED_BAR vt_symbol=NVDA.SMART datetime=2026-05-07T09:43:00+08:00 open=207.3000 close=207.2100 volume=604552.0
2026-05-11 23:48:57.638 | INFO | Logger | intraday debug checkpoint: RECEIVED_BAR vt_symbol=NVDA.SMART datetime=2026-05-07T09:44:00+08:00 open=207.2100 close=207.3050 volume=347833.0
2026-05-11 23:48:57.638 | INFO | Logger | intraday debug checkpoint: RECEIVED_BAR vt_symbol=NVDA.SMART datetime=2026-05-07T09:45:00+08:00 open=207.3300 close=207.4100 volume=575371.0
2026-05-11 23:48:57.638 | INFO | Logger | intraday debug checkpoint: RECEIVED_BAR vt_symbol=NVDA.SMART datetime=2026-05-07T09:46:00+08:00 open=207.4600 close=207.4550 volume=446868.0
2026-05-11 23:48:57.638 | INFO | Logger | intraday debug checkpoint: RECEIVED_BAR vt_symbol=NVDA.SMART datetime=2026-05-07T09:47:00+08:00 open=207.4400 close=207.7850 volume=442872.0
2026-05-11 23:48:57.638 | INFO | Logger | intraday debug checkpoint: RECEIVED_BAR vt_symbol=NVDA.SMART datetime=2026-05-07T09:48:00+08:00 open=207.8000 close=207.9110 volume=527950.0
2026-05-11 23:48:57.638 | INFO | Logger | intraday debug checkpoint: RECEIVED_BAR vt_symbol=NVDA.SMART datetime=2026-05-07T09:49:00+08:00 open=207.9550 close=208.0200 volume=342032.0
2026-05-11 23:48:57.638 | INFO | Logger | intraday debug checkpoint: RECEIVED_BAR vt_symbol=NVDA.SMART datetime=2026-05-07T09:50:00+08:00 open=208.0500 close=208.0773 volume=579959.0
2026-05-11 23:48:57.638 | INFO | Logger | intraday debug checkpoint: RECEIVED_BAR vt_symbol=NVDA.SMART datetime=2026-05-07T09:51:00+08:00 open=208.0750 close=208.4700 volume=524508.0
2026-05-11 23:48:57.638 | INFO | Logger | intraday debug checkpoint: RECEIVED_BAR vt_symbol=NVDA.SMART datetime=2026-05-07T09:52:00+08:00 open=208.4920 close=208.1700 volume=499469.0
2026-05-11 23:48:57.639 | INFO | Logger | intraday debug checkpoint: RECEIVED_BAR vt_symbol=NVDA.SMART datetime=2026-05-07T09:53:00+08:00 open=208.1800 close=209.1999 volume=857126.0
2026-05-11 23:48:57.639 | INFO | Logger | intraday debug checkpoint: RECEIVED_BAR vt_symbol=NVDA.SMART datetime=2026-05-07T09:54:00+08:00 open=209.2000 close=209.2500 volume=850120.0
2026-05-11 23:48:57.639 | INFO | Logger | intraday debug checkpoint: RECEIVED_BAR vt_symbol=NVDA.SMART datetime=2026-05-07T09:55:00+08:00 open=209.2300 close=209.7800 volume=736233.0
2026-05-11 23:48:57.639 | INFO | Logger | intraday debug checkpoint: RECEIVED_BAR vt_symbol=NVDA.SMART datetime=2026-05-07T09:56:00+08:00 open=209.7950 close=209.9950 volume=1949825.0
2026-05-11 23:48:57.639 | INFO | Logger | intraday debug checkpoint: RECEIVED_BAR vt_symbol=NVDA.SMART datetime=2026-05-07T09:57:00+08:00 open=210.0019 close=209.5700 volume=688007.0
2026-05-11 23:48:57.639 | INFO | Logger | intraday debug checkpoint: RECEIVED_BAR vt_symbol=NVDA.SMART datetime=2026-05-07T09:58:00+08:00 open=209.5700 close=209.2300 volume=738297.0
2026-05-11 23:48:57.639 | INFO | Logger | intraday debug checkpoint: RECEIVED_BAR vt_symbol=NVDA.SMART datetime=2026-05-07T09:59:00+08:00 open=209.2100 close=208.9750 volume=426963.0
2026-05-11 23:48:57.639 | INFO | Logger | intraday debug checkpoint: RECEIVED_BAR vt_symbol=NVDA.SMART datetime=2026-05-07T10:00:00+08:00 open=208.9900 close=208.9500 volume=469907.0
2026-05-11 23:48:57.639 | INFO | Logger | intraday debug checkpoint: RECEIVED_BAR vt_symbol=NVDA.SMART datetime=2026-05-07T10:01:00+08:00 open=208.9000 close=209.4600 volume=616569.0
2026-05-11 23:48:57.639 | INFO | Logger | intraday debug checkpoint: RECEIVED_BAR vt_symbol=NVDA.SMART datetime=2026-05-07T10:02:00+08:00 open=209.4400 close=209.7700 volume=501810.0
2026-05-11 23:48:57.639 | INFO | Logger | intraday debug checkpoint: RECEIVED_BAR vt_symbol=NVDA.SMART datetime=2026-05-07T10:03:00+08:00 open=209.7700 close=209.9700 volume=521645.0
2026-05-11 23:48:57.639 | INFO | Logger | intraday debug checkpoint: RECEIVED_BAR vt_symbol=NVDA.SMART datetime=2026-05-07T10:04:00+08:00 open=209.9650 close=210.1401 volume=620222.0
2026-05-11 23:48:57.639 | INFO | Logger | intraday debug checkpoint: RECEIVED_BAR vt_symbol=NVDA.SMART datetime=2026-05-07T10:05:00+08:00 open=210.1883 close=210.6400 volume=787693.0
2026-05-11 23:48:57.639 | INFO | Logger | intraday debug checkpoint: RECEIVED_BAR vt_symbol=NVDA.SMART datetime=2026-05-07T10:06:00+08:00 open=210.6300 close=210.8100 volume=700920.0
2026-05-11 23:48:57.639 | INFO | Logger | intraday debug checkpoint: RECEIVED_BAR vt_symbol=NVDA.SMART datetime=2026-05-07T10:07:00+08:00 open=210.8100 close=211.1568 volume=1006515.0
2026-05-11 23:48:57.639 | INFO | Logger | intraday debug checkpoint: RECEIVED_BAR vt_symbol=NVDA.SMART datetime=2026-05-07T10:08:00+08:00 open=211.1600 close=211.7000 volume=857791.0
2026-05-11 23:48:57.639 | INFO | Logger | intraday debug checkpoint: RECEIVED_BAR vt_symbol=NVDA.SMART datetime=2026-05-07T10:09:00+08:00 open=211.7100 close=212.0010 volume=1213303.0
2026-05-11 23:48:57.639 | INFO | Logger | intraday debug checkpoint: RECEIVED_BAR vt_symbol=NVDA.SMART datetime=2026-05-07T10:10:00+08:00 open=212.0356 close=212.0550 volume=1052498.0
2026-05-11 23:48:57.639 | INFO | Logger | intraday debug checkpoint: RECEIVED_BAR vt_symbol=NVDA.SMART datetime=2026-05-07T10:11:00+08:00 open=212.0550 close=212.5400 volume=1053375.0
2026-05-11 23:48:57.639 | INFO | Logger | intraday debug checkpoint: RECEIVED_BAR vt_symbol=NVDA.SMART datetime=2026-05-07T10:12:00+08:00 open=212.5500 close=212.9700 volume=1140892.0
2026-05-11 23:48:57.639 | INFO | Logger | intraday debug checkpoint: RECEIVED_BAR vt_symbol=NVDA.SMART datetime=2026-05-07T10:13:00+08:00 open=212.9867 close=213.0500 volume=1065156.0
2026-05-11 23:48:57.639 | INFO | Logger | intraday debug checkpoint: RECEIVED_BAR vt_symbol=NVDA.SMART datetime=2026-05-07T10:14:00+08:00 open=213.0400 close=212.3600 volume=990180.0
2026-05-11 23:48:57.639 | INFO | Logger | intraday debug checkpoint: RECEIVED_BAR vt_symbol=NVDA.SMART datetime=2026-05-07T10:15:00+08:00 open=212.3800 close=212.7200 volume=724270.0
2026-05-11 23:48:57.640 | INFO | Logger | intraday debug checkpoint: RECEIVED_BAR vt_symbol=NVDA.SMART datetime=2026-05-07T10:16:00+08:00 open=212.6900 close=212.5600 volume=656970.0
2026-05-11 23:48:57.640 | INFO | Logger | intraday debug checkpoint: RECEIVED_BAR vt_symbol=NVDA.SMART datetime=2026-05-07T10:17:00+08:00 open=212.5050 close=212.9386 volume=942806.0
2026-05-11 23:48:57.640 | INFO | Logger | intraday debug checkpoint: RECEIVED_BAR vt_symbol=NVDA.SMART datetime=2026-05-07T10:18:00+08:00 open=212.9303 close=212.4200 volume=648685.0
2026-05-11 23:48:57.640 | INFO | Logger | intraday debug checkpoint: RECEIVED_BAR vt_symbol=NVDA.SMART datetime=2026-05-07T10:19:00+08:00 open=212.4000 close=212.5300 volume=565399.0
2026-05-11 23:48:57.640 | INFO | Logger | intraday debug checkpoint: RECEIVED_BAR vt_symbol=NVDA.SMART datetime=2026-05-07T10:20:00+08:00 open=212.5700 close=212.5250 volume=480354.0
2026-05-11 23:48:57.640 | INFO | Logger | intraday debug checkpoint: RECEIVED_BAR vt_symbol=NVDA.SMART datetime=2026-05-07T10:21:00+08:00 open=212.5400 close=212.9501 volume=427104.0
2026-05-11 23:48:57.640 | INFO | Logger | intraday debug checkpoint: RECEIVED_BAR vt_symbol=NVDA.SMART datetime=2026-05-07T10:22:00+08:00 open=212.9800 close=213.3400 volume=989917.0
2026-05-11 23:48:57.640 | INFO | Logger | intraday debug checkpoint: RECEIVED_BAR vt_symbol=NVDA.SMART datetime=2026-05-07T10:23:00+08:00 open=213.3422 close=213.4500 volume=716874.0
2026-05-11 23:48:57.640 | INFO | Logger | intraday debug checkpoint: RECEIVED_BAR vt_symbol=NVDA.SMART datetime=2026-05-07T10:24:00+08:00 open=213.4599 close=213.1850 volume=562609.0
2026-05-11 23:48:57.640 | INFO | Logger | intraday debug checkpoint: RECEIVED_BAR vt_symbol=NVDA.SMART datetime=2026-05-07T10:25:00+08:00 open=213.1900 close=213.0400 volume=498512.0
2026-05-11 23:48:57.640 | INFO | Logger | intraday debug checkpoint: RECEIVED_BAR vt_symbol=NVDA.SMART datetime=2026-05-07T10:26:00+08:00 open=213.0400 close=213.5800 volume=609102.0
2026-05-11 23:48:57.640 | INFO | Logger | intraday debug checkpoint: RECEIVED_BAR vt_symbol=NVDA.SMART datetime=2026-05-07T10:27:00+08:00 open=213.5804 close=213.8650 volume=660108.0
2026-05-11 23:48:57.640 | INFO | Logger | intraday debug checkpoint: RECEIVED_BAR vt_symbol=NVDA.SMART datetime=2026-05-07T10:28:00+08:00 open=213.8600 close=213.7500 volume=826359.0
2026-05-11 23:48:57.640 | INFO | Logger | intraday debug checkpoint: RECEIVED_BAR vt_symbol=NVDA.SMART datetime=2026-05-07T10:29:00+08:00 open=213.7400 close=213.6150 volume=549213.0
2026-05-11 23:48:57.640 | INFO | Logger | intraday debug checkpoint: RECEIVED_BAR vt_symbol=NVDA.SMART datetime=2026-05-07T10:30:00+08:00 open=213.6300 close=213.1300 volume=494576.0
2026-05-11 23:48:57.640 | INFO | Logger | intraday debug checkpoint: RECEIVED_BAR vt_symbol=NVDA.SMART datetime=2026-05-07T10:31:00+08:00 open=213.1300 close=213.1150 volume=645402.0
2026-05-11 23:48:57.640 | INFO | Logger | intraday debug checkpoint: RECEIVED_BAR vt_symbol=NVDA.SMART datetime=2026-05-07T10:32:00+08:00 open=213.0900 close=212.6000 volume=995449.0
2026-05-11 23:48:57.640 | INFO | Logger | intraday debug checkpoint: RECEIVED_BAR vt_symbol=NVDA.SMART datetime=2026-05-07T10:33:00+08:00 open=212.5951 close=212.5700 volume=445886.0
2026-05-11 23:48:57.640 | INFO | Logger | intraday debug checkpoint: RECEIVED_BAR vt_symbol=NVDA.SMART datetime=2026-05-07T10:34:00+08:00 open=212.5598 close=212.6750 volume=472998.0
2026-05-11 23:48:57.640 | INFO | Logger | intraday debug checkpoint: RECEIVED_BAR vt_symbol=NVDA.SMART datetime=2026-05-07T10:35:00+08:00 open=212.6750 close=212.5808 volume=309499.0
2026-05-11 23:48:57.640 | INFO | Logger | intraday debug checkpoint: RECEIVED_BAR vt_symbol=NVDA.SMART datetime=2026-05-07T10:36:00+08:00 open=212.5700 close=212.8900 volume=571900.0
2026-05-11 23:48:57.640 | INFO | Logger | intraday debug checkpoint: RECEIVED_BAR vt_symbol=NVDA.SMART datetime=2026-05-07T10:37:00+08:00 open=212.9100 close=212.9300 volume=351639.0
2026-05-11 23:48:57.640 | INFO | Logger | intraday debug checkpoint: RECEIVED_BAR vt_symbol=NVDA.SMART datetime=2026-05-07T10:38:00+08:00 open=212.9301 close=213.1301 volume=420261.0
2026-05-11 23:48:57.640 | INFO | Logger | intraday debug checkpoint: RECEIVED_BAR vt_symbol=NVDA.SMART datetime=2026-05-07T10:39:00+08:00 open=213.1100 close=213.1100 volume=370705.0
2026-05-11 23:48:57.640 | INFO | Logger | intraday debug checkpoint: RECEIVED_BAR vt_symbol=NVDA.SMART datetime=2026-05-07T10:40:00+08:00 open=213.1050 close=213.9600 volume=993427.0
2026-05-11 23:48:57.640 | INFO | Logger | intraday debug checkpoint: RECEIVED_BAR vt_symbol=NVDA.SMART datetime=2026-05-07T10:41:00+08:00 open=213.9500 close=213.9199 volume=978913.0
2026-05-11 23:48:57.641 | INFO | Logger | intraday debug checkpoint: RECEIVED_BAR vt_symbol=NVDA.SMART datetime=2026-05-07T10:42:00+08:00 open=213.9200 close=213.4399 volume=642891.0
2026-05-11 23:48:57.641 | INFO | Logger | intraday debug checkpoint: RECEIVED_BAR vt_symbol=NVDA.SMART datetime=2026-05-07T10:43:00+08:00 open=213.4200 close=213.4399 volume=339862.0
2026-05-11 23:48:57.641 | INFO | Logger | intraday debug checkpoint: RECEIVED_BAR vt_symbol=NVDA.SMART datetime=2026-05-07T10:44:00+08:00 open=213.4100 close=212.8800 volume=399295.0
2026-05-11 23:48:57.641 | INFO | Logger | intraday debug checkpoint: RECEIVED_BAR vt_symbol=NVDA.SMART datetime=2026-05-07T10:45:00+08:00 open=212.8801 close=213.1000 volume=374389.0
2026-05-11 23:48:57.641 | INFO | Logger | intraday debug checkpoint: RECEIVED_BAR vt_symbol=NVDA.SMART datetime=2026-05-07T10:46:00+08:00 open=213.1100 close=213.4450 volume=381156.0
2026-05-11 23:48:57.641 | INFO | Logger | intraday debug checkpoint: RECEIVED_BAR vt_symbol=NVDA.SMART datetime=2026-05-07T10:47:00+08:00 open=213.4400 close=213.2400 volume=284689.0
2026-05-11 23:48:57.641 | INFO | Logger | intraday debug checkpoint: RECEIVED_BAR vt_symbol=NVDA.SMART datetime=2026-05-07T10:48:00+08:00 open=213.2450 close=213.0300 volume=300140.0
2026-05-11 23:48:57.641 | INFO | Logger | intraday debug checkpoint: RECEIVED_BAR vt_symbol=NVDA.SMART datetime=2026-05-07T10:49:00+08:00 open=213.0250 close=212.6700 volume=801945.0
2026-05-11 23:48:57.641 | INFO | Logger | intraday debug checkpoint: RECEIVED_BAR vt_symbol=NVDA.SMART datetime=2026-05-07T10:50:00+08:00 open=212.6620 close=212.6300 volume=306069.0
2026-05-11 23:48:57.641 | INFO | Logger | intraday debug checkpoint: RECEIVED_BAR vt_symbol=NVDA.SMART datetime=2026-05-07T10:51:00+08:00 open=212.6660 close=212.4750 volume=384158.0
2026-05-11 23:48:57.641 | INFO | Logger | intraday debug checkpoint: RECEIVED_BAR vt_symbol=NVDA.SMART datetime=2026-05-07T10:52:00+08:00 open=212.4600 close=212.7700 volume=346568.0
2026-05-11 23:48:57.641 | INFO | Logger | intraday debug checkpoint: RECEIVED_BAR vt_symbol=NVDA.SMART datetime=2026-05-07T10:53:00+08:00 open=212.7700 close=212.7800 volume=305078.0
2026-05-11 23:48:57.641 | INFO | Logger | intraday debug checkpoint: RECEIVED_BAR vt_symbol=NVDA.SMART datetime=2026-05-07T10:54:00+08:00 open=212.7850 close=212.8501 volume=212839.0
2026-05-11 23:48:57.641 | INFO | Logger | intraday debug checkpoint: RECEIVED_BAR vt_symbol=NVDA.SMART datetime=2026-05-07T10:55:00+08:00 open=212.8600 close=213.0901 volume=478294.0
2026-05-11 23:48:57.641 | INFO | Logger | intraday debug checkpoint: RECEIVED_BAR vt_symbol=NVDA.SMART datetime=2026-05-07T10:56:00+08:00 open=213.1200 close=213.4050 volume=314427.0
2026-05-11 23:48:57.641 | INFO | Logger | intraday debug checkpoint: RECEIVED_BAR vt_symbol=NVDA.SMART datetime=2026-05-07T10:57:00+08:00 open=213.4199 close=213.2350 volume=275108.0
2026-05-11 23:48:57.641 | INFO | Logger | intraday debug checkpoint: RECEIVED_BAR vt_symbol=NVDA.SMART datetime=2026-05-07T10:58:00+08:00 open=213.2500 close=213.1500 volume=311882.0
2026-05-11 23:48:57.641 | INFO | Logger | intraday debug checkpoint: RECEIVED_BAR vt_symbol=NVDA.SMART datetime=2026-05-07T10:59:00+08:00 open=213.1500 close=212.8700 volume=345525.0
2026-05-11 23:48:57.641 | INFO | Logger | intraday debug checkpoint: RECEIVED_BAR vt_symbol=NVDA.SMART datetime=2026-05-07T11:00:00+08:00 open=212.8800 close=212.7300 volume=273308.0
2026-05-11 23:48:57.641 | INFO | Logger | intraday debug checkpoint: RECEIVED_BAR vt_symbol=NVDA.SMART datetime=2026-05-07T11:01:00+08:00 open=212.7238 close=212.5800 volume=321055.0
2026-05-11 23:48:57.641 | INFO | Logger | intraday debug checkpoint: RECEIVED_BAR vt_symbol=NVDA.SMART datetime=2026-05-07T11:02:00+08:00 open=212.5700 close=212.7100 volume=350567.0
2026-05-11 23:48:57.641 | INFO | Logger | intraday debug checkpoint: RECEIVED_BAR vt_symbol=NVDA.SMART datetime=2026-05-07T11:03:00+08:00 open=212.7500 close=212.9500 volume=289067.0
2026-05-11 23:48:57.641 | INFO | Logger | intraday debug checkpoint: RECEIVED_BAR vt_symbol=NVDA.SMART datetime=2026-05-07T11:04:00+08:00 open=212.9600 close=212.6000 volume=541908.0
2026-05-11 23:48:57.641 | INFO | Logger | intraday debug checkpoint: RECEIVED_BAR vt_symbol=NVDA.SMART datetime=2026-05-07T11:05:00+08:00 open=212.6000 close=212.4800 volume=237682.0
2026-05-11 23:48:57.641 | INFO | Logger | intraday debug checkpoint: RECEIVED_BAR vt_symbol=NVDA.SMART datetime=2026-05-07T11:06:00+08:00 open=212.4800 close=211.8200 volume=600918.0
2026-05-11 23:48:57.641 | INFO | Logger | intraday debug checkpoint: RECEIVED_BAR vt_symbol=NVDA.SMART datetime=2026-05-07T11:07:00+08:00 open=211.8200 close=211.8900 volume=522085.0
2026-05-11 23:48:57.641 | INFO | Logger | intraday debug checkpoint: RECEIVED_BAR vt_symbol=NVDA.SMART datetime=2026-05-07T11:08:00+08:00 open=211.8100 close=211.8280 volume=407227.0
2026-05-11 23:48:57.642 | INFO | Logger | intraday debug checkpoint: RECEIVED_BAR vt_symbol=NVDA.SMART datetime=2026-05-07T11:09:00+08:00 open=211.8400 close=212.0800 volume=303969.0
2026-05-11 23:48:57.642 | INFO | Logger | intraday debug checkpoint: RECEIVED_BAR vt_symbol=NVDA.SMART datetime=2026-05-07T11:10:00+08:00 open=212.0951 close=212.2450 volume=337015.0
2026-05-11 23:48:57.642 | INFO | Logger | intraday debug checkpoint: RECEIVED_BAR vt_symbol=NVDA.SMART datetime=2026-05-07T11:11:00+08:00 open=212.2550 close=211.7410 volume=304966.0
2026-05-11 23:48:57.642 | INFO | Logger | intraday debug checkpoint: RECEIVED_BAR vt_symbol=NVDA.SMART datetime=2026-05-07T11:12:00+08:00 open=211.7600 close=211.3700 volume=492425.0
2026-05-11 23:48:57.642 | INFO | Logger | intraday debug checkpoint: RECEIVED_BAR vt_symbol=NVDA.SMART datetime=2026-05-07T11:13:00+08:00 open=211.3800 close=211.5600 volume=597351.0
2026-05-11 23:48:57.642 | INFO | Logger | intraday debug checkpoint: RECEIVED_BAR vt_symbol=NVDA.SMART datetime=2026-05-07T11:14:00+08:00 open=211.5600 close=211.1800 volume=622807.0
2026-05-11 23:48:57.642 | INFO | Logger | intraday debug checkpoint: RECEIVED_BAR vt_symbol=NVDA.SMART datetime=2026-05-07T11:15:00+08:00 open=211.2050 close=210.7550 volume=552688.0
2026-05-11 23:48:57.642 | INFO | Logger | intraday debug checkpoint: RECEIVED_BAR vt_symbol=NVDA.SMART datetime=2026-05-07T11:16:00+08:00 open=210.7400 close=211.2600 volume=463444.0
2026-05-11 23:48:57.642 | INFO | Logger | intraday debug checkpoint: RECEIVED_BAR vt_symbol=NVDA.SMART datetime=2026-05-07T11:17:00+08:00 open=211.2763 close=211.5000 volume=416643.0
2026-05-11 23:48:57.642 | INFO | Logger | intraday debug checkpoint: RECEIVED_BAR vt_symbol=NVDA.SMART datetime=2026-05-07T11:18:00+08:00 open=211.4900 close=211.7086 volume=604456.0
2026-05-11 23:48:57.642 | INFO | Logger | intraday debug checkpoint: RECEIVED_BAR vt_symbol=NVDA.SMART datetime=2026-05-07T11:19:00+08:00 open=211.6950 close=211.5899 volume=282542.0
2026-05-11 23:48:57.642 | INFO | Logger | intraday debug checkpoint: RECEIVED_BAR vt_symbol=NVDA.SMART datetime=2026-05-07T11:20:00+08:00 open=211.5885 close=211.6100 volume=380412.0
2026-05-11 23:48:57.642 | INFO | Logger | intraday debug checkpoint: RECEIVED_BAR vt_symbol=NVDA.SMART datetime=2026-05-07T11:21:00+08:00 open=211.6100 close=211.8500 volume=673101.0
2026-05-11 23:48:57.642 | INFO | Logger | intraday debug checkpoint: RECEIVED_BAR vt_symbol=NVDA.SMART datetime=2026-05-07T11:22:00+08:00 open=211.8500 close=211.6400 volume=229435.0
2026-05-11 23:48:57.642 | INFO | Logger | intraday debug checkpoint: RECEIVED_BAR vt_symbol=NVDA.SMART datetime=2026-05-07T11:23:00+08:00 open=211.6200 close=211.8100 volume=352477.0
2026-05-11 23:48:57.642 | INFO | Logger | intraday debug checkpoint: RECEIVED_BAR vt_symbol=NVDA.SMART datetime=2026-05-07T11:24:00+08:00 open=211.7900 close=212.0800 volume=346971.0
2026-05-11 23:48:57.642 | INFO | Logger | intraday debug checkpoint: RECEIVED_BAR vt_symbol=NVDA.SMART datetime=2026-05-07T11:25:00+08:00 open=212.0600 close=211.9608 volume=312940.0
2026-05-11 23:48:57.642 | INFO | Logger | intraday debug checkpoint: RECEIVED_BAR vt_symbol=NVDA.SMART datetime=2026-05-07T11:26:00+08:00 open=211.9796 close=212.2800 volume=432351.0
2026-05-11 23:48:57.642 | INFO | Logger | intraday debug checkpoint: RECEIVED_BAR vt_symbol=NVDA.SMART datetime=2026-05-07T11:27:00+08:00 open=212.2870 close=211.6800 volume=323071.0
2026-05-11 23:48:57.642 | INFO | Logger | intraday debug checkpoint: RECEIVED_BAR vt_symbol=NVDA.SMART datetime=2026-05-07T11:28:00+08:00 open=211.6874 close=211.8550 volume=222758.0
2026-05-11 23:48:57.642 | INFO | Logger | intraday debug checkpoint: RECEIVED_BAR vt_symbol=NVDA.SMART datetime=2026-05-07T11:29:00+08:00 open=211.8550 close=211.9800 volume=270787.0
2026-05-11 23:48:57.642 | INFO | Logger | intraday debug checkpoint: RECEIVED_BAR vt_symbol=NVDA.SMART datetime=2026-05-07T11:30:00+08:00 open=211.9800 close=211.9560 volume=185260.0
2026-05-11 23:48:57.642 | INFO | Logger | intraday debug checkpoint: RECEIVED_BAR vt_symbol=NVDA.SMART datetime=2026-05-07T11:31:00+08:00 open=211.9900 close=212.2300 volume=317693.0
2026-05-11 23:48:57.642 | INFO | Logger | intraday debug checkpoint: RECEIVED_BAR vt_symbol=NVDA.SMART datetime=2026-05-07T11:32:00+08:00 open=212.2462 close=212.5250 volume=295268.0
2026-05-11 23:48:57.642 | INFO | Logger | intraday debug checkpoint: RECEIVED_BAR vt_symbol=NVDA.SMART datetime=2026-05-07T11:33:00+08:00 open=212.5353 close=212.4800 volume=317752.0
2026-05-11 23:48:57.643 | INFO | Logger | intraday debug checkpoint: RECEIVED_BAR vt_symbol=NVDA.SMART datetime=2026-05-07T11:34:00+08:00 open=212.5000 close=212.4600 volume=245819.0
2026-05-11 23:48:57.643 | INFO | Logger | intraday debug checkpoint: RECEIVED_BAR vt_symbol=NVDA.SMART datetime=2026-05-07T11:35:00+08:00 open=212.4500 close=212.3500 volume=192539.0
2026-05-11 23:48:57.643 | INFO | Logger | intraday debug checkpoint: RECEIVED_BAR vt_symbol=NVDA.SMART datetime=2026-05-07T11:36:00+08:00 open=212.3500 close=212.6300 volume=282619.0
2026-05-11 23:48:57.643 | INFO | Logger | intraday debug checkpoint: RECEIVED_BAR vt_symbol=NVDA.SMART datetime=2026-05-07T11:37:00+08:00 open=212.6300 close=212.7350 volume=309487.0
2026-05-11 23:48:57.643 | INFO | Logger | intraday debug checkpoint: RECEIVED_BAR vt_symbol=NVDA.SMART datetime=2026-05-07T11:38:00+08:00 open=212.7350 close=213.0200 volume=450976.0
2026-05-11 23:48:57.643 | INFO | Logger | intraday debug checkpoint: RECEIVED_BAR vt_symbol=NVDA.SMART datetime=2026-05-07T11:39:00+08:00 open=213.0327 close=212.9912 volume=204028.0
2026-05-11 23:48:57.643 | INFO | Logger | intraday debug checkpoint: RECEIVED_BAR vt_symbol=NVDA.SMART datetime=2026-05-07T11:40:00+08:00 open=212.9900 close=213.1150 volume=297152.0
2026-05-11 23:48:57.643 | INFO | Logger | intraday debug checkpoint: RECEIVED_BAR vt_symbol=NVDA.SMART datetime=2026-05-07T11:41:00+08:00 open=213.1400 close=212.9900 volume=251046.0
2026-05-11 23:48:57.643 | INFO | Logger | intraday debug checkpoint: RECEIVED_BAR vt_symbol=NVDA.SMART datetime=2026-05-07T11:42:00+08:00 open=212.9900 close=212.9100 volume=220160.0
2026-05-11 23:48:57.643 | INFO | Logger | intraday debug checkpoint: RECEIVED_BAR vt_symbol=NVDA.SMART datetime=2026-05-07T11:43:00+08:00 open=212.9199 close=213.2550 volume=322233.0
2026-05-11 23:48:57.643 | INFO | Logger | intraday debug checkpoint: RECEIVED_BAR vt_symbol=NVDA.SMART datetime=2026-05-07T11:44:00+08:00 open=213.2700 close=213.4950 volume=477758.0
2026-05-11 23:48:57.643 | INFO | Logger | intraday debug checkpoint: RECEIVED_BAR vt_symbol=NVDA.SMART datetime=2026-05-07T11:45:00+08:00 open=213.4970 close=213.3900 volume=263299.0
2026-05-11 23:48:57.643 | INFO | Logger | intraday debug checkpoint: RECEIVED_BAR vt_symbol=NVDA.SMART datetime=2026-05-07T11:46:00+08:00 open=213.3900 close=213.5101 volume=247299.0
2026-05-11 23:48:57.643 | INFO | Logger | intraday debug checkpoint: RECEIVED_BAR vt_symbol=NVDA.SMART datetime=2026-05-07T11:47:00+08:00 open=213.5150 close=213.2799 volume=386018.0
2026-05-11 23:48:57.643 | INFO | Logger | intraday debug checkpoint: RECEIVED_BAR vt_symbol=NVDA.SMART datetime=2026-05-07T11:48:00+08:00 open=213.2800 close=213.1400 volume=279790.0
2026-05-11 23:48:57.643 | INFO | Logger | intraday debug checkpoint: RECEIVED_BAR vt_symbol=NVDA.SMART datetime=2026-05-07T11:49:00+08:00 open=213.1500 close=213.1600 volume=196026.0
2026-05-11 23:48:57.643 | INFO | Logger | intraday debug checkpoint: RECEIVED_BAR vt_symbol=NVDA.SMART datetime=2026-05-07T11:50:00+08:00 open=213.1600 close=212.8500 volume=626263.0
2026-05-11 23:48:57.643 | INFO | Logger | intraday debug checkpoint: RECEIVED_BAR vt_symbol=NVDA.SMART datetime=2026-05-07T11:51:00+08:00 open=212.9000 close=213.0800 volume=284835.0
2026-05-11 23:48:57.643 | INFO | Logger | intraday debug checkpoint: RECEIVED_BAR vt_symbol=NVDA.SMART datetime=2026-05-07T11:52:00+08:00 open=213.0600 close=213.1500 volume=309664.0
2026-05-11 23:48:57.643 | INFO | Logger | intraday debug checkpoint: RECEIVED_BAR vt_symbol=NVDA.SMART datetime=2026-05-07T11:53:00+08:00 open=213.1300 close=212.8900 volume=290204.0
2026-05-11 23:48:57.643 | INFO | Logger | intraday debug checkpoint: RECEIVED_BAR vt_symbol=NVDA.SMART datetime=2026-05-07T11:54:00+08:00 open=212.8900 close=212.7999 volume=301028.0
2026-05-11 23:48:57.643 | INFO | Logger | intraday debug checkpoint: RECEIVED_BAR vt_symbol=NVDA.SMART datetime=2026-05-07T11:55:00+08:00 open=212.7900 close=213.3250 volume=307251.0
2026-05-11 23:48:57.643 | INFO | Logger | intraday debug checkpoint: RECEIVED_BAR vt_symbol=NVDA.SMART datetime=2026-05-07T11:56:00+08:00 open=213.3250 close=213.0391 volume=286718.0
2026-05-11 23:48:57.643 | INFO | Logger | intraday debug checkpoint: RECEIVED_BAR vt_symbol=NVDA.SMART datetime=2026-05-07T11:57:00+08:00 open=213.0699 close=212.8524 volume=273049.0
2026-05-11 23:48:57.643 | INFO | Logger | intraday debug checkpoint: RECEIVED_BAR vt_symbol=NVDA.SMART datetime=2026-05-07T11:58:00+08:00 open=212.8900 close=212.8200 volume=255118.0
2026-05-11 23:48:57.643 | INFO | Logger | intraday debug checkpoint: RECEIVED_BAR vt_symbol=NVDA.SMART datetime=2026-05-07T11:59:00+08:00 open=212.8000 close=212.9750 volume=380412.0
2026-05-11 23:48:57.643 | INFO | Logger | intraday debug checkpoint: RECEIVED_BAR vt_symbol=NVDA.SMART datetime=2026-05-07T12:00:00+08:00 open=212.9800 close=212.7000 volume=363714.0
2026-05-11 23:48:57.643 | INFO | Logger | intraday debug checkpoint: RECEIVED_BAR vt_symbol=NVDA.SMART datetime=2026-05-07T12:01:00+08:00 open=212.7000 close=212.6500 volume=494376.0
2026-05-11 23:48:57.643 | INFO | Logger | intraday debug checkpoint: RECEIVED_BAR vt_symbol=NVDA.SMART datetime=2026-05-07T12:02:00+08:00 open=212.6500 close=212.6200 volume=277741.0
2026-05-11 23:48:57.644 | INFO | Logger | intraday debug checkpoint: RECEIVED_BAR vt_symbol=NVDA.SMART datetime=2026-05-07T12:03:00+08:00 open=212.6100 close=212.6900 volume=260052.0
2026-05-11 23:48:57.644 | INFO | Logger | intraday debug checkpoint: RECEIVED_BAR vt_symbol=NVDA.SMART datetime=2026-05-07T12:04:00+08:00 open=212.6700 close=212.4050 volume=323121.0
2026-05-11 23:48:57.644 | INFO | Logger | intraday debug checkpoint: RECEIVED_BAR vt_symbol=NVDA.SMART datetime=2026-05-07T12:05:00+08:00 open=212.4200 close=212.2000 volume=248241.0
2026-05-11 23:48:57.644 | INFO | Logger | intraday debug checkpoint: RECEIVED_BAR vt_symbol=NVDA.SMART datetime=2026-05-07T12:06:00+08:00 open=212.2000 close=212.0501 volume=576651.0
2026-05-11 23:48:57.644 | INFO | Logger | intraday debug checkpoint: RECEIVED_BAR vt_symbol=NVDA.SMART datetime=2026-05-07T12:07:00+08:00 open=212.0700 close=211.8300 volume=246772.0
2026-05-11 23:48:57.644 | INFO | Logger | intraday debug checkpoint: RECEIVED_BAR vt_symbol=NVDA.SMART datetime=2026-05-07T12:08:00+08:00 open=211.8400 close=211.5600 volume=391266.0
2026-05-11 23:48:57.644 | INFO | Logger | intraday debug checkpoint: RECEIVED_BAR vt_symbol=NVDA.SMART datetime=2026-05-07T12:09:00+08:00 open=211.5508 close=211.7600 volume=380556.0
2026-05-11 23:48:57.644 | INFO | Logger | intraday debug checkpoint: RECEIVED_BAR vt_symbol=NVDA.SMART datetime=2026-05-07T12:10:00+08:00 open=211.7300 close=212.1500 volume=265990.0
2026-05-11 23:48:57.644 | INFO | Logger | intraday debug checkpoint: RECEIVED_BAR vt_symbol=NVDA.SMART datetime=2026-05-07T12:11:00+08:00 open=212.1548 close=212.0699 volume=252262.0
2026-05-11 23:48:57.644 | INFO | Logger | intraday debug checkpoint: RECEIVED_BAR vt_symbol=NVDA.SMART datetime=2026-05-07T12:12:00+08:00 open=212.0800 close=211.7700 volume=466995.0
2026-05-11 23:48:57.644 | INFO | Logger | intraday debug checkpoint: RECEIVED_BAR vt_symbol=NVDA.SMART datetime=2026-05-07T12:13:00+08:00 open=211.7600 close=211.2700 volume=439467.0
2026-05-11 23:48:57.644 | INFO | Logger | intraday debug checkpoint: RECEIVED_BAR vt_symbol=NVDA.SMART datetime=2026-05-07T12:14:00+08:00 open=211.2800 close=211.5617 volume=323941.0
2026-05-11 23:48:57.644 | INFO | Logger | intraday debug checkpoint: RECEIVED_BAR vt_symbol=NVDA.SMART datetime=2026-05-07T12:15:00+08:00 open=211.5700 close=211.5800 volume=279621.0
2026-05-11 23:48:57.644 | INFO | Logger | intraday debug checkpoint: RECEIVED_BAR vt_symbol=NVDA.SMART datetime=2026-05-07T12:16:00+08:00 open=211.5601 close=210.9300 volume=724184.0
2026-05-11 23:48:57.644 | INFO | Logger | intraday debug checkpoint: RECEIVED_BAR vt_symbol=NVDA.SMART datetime=2026-05-07T12:17:00+08:00 open=210.9500 close=211.2403 volume=678934.0
2026-05-11 23:48:57.644 | INFO | Logger | intraday debug checkpoint: RECEIVED_BAR vt_symbol=NVDA.SMART datetime=2026-05-07T12:18:00+08:00 open=211.2600 close=211.8700 volume=564812.0
2026-05-11 23:48:57.644 | INFO | Logger | intraday debug checkpoint: RECEIVED_BAR vt_symbol=NVDA.SMART datetime=2026-05-07T12:19:00+08:00 open=211.8550 close=211.5400 volume=367036.0
2026-05-11 23:48:57.644 | INFO | Logger | intraday debug checkpoint: RECEIVED_BAR vt_symbol=NVDA.SMART datetime=2026-05-07T12:20:00+08:00 open=211.5200 close=211.2950 volume=313412.0
2026-05-11 23:48:57.644 | INFO | Logger | intraday debug checkpoint: RECEIVED_BAR vt_symbol=NVDA.SMART datetime=2026-05-07T12:21:00+08:00 open=211.3000 close=211.4445 volume=396665.0
2026-05-11 23:48:57.644 | INFO | Logger | intraday debug checkpoint: RECEIVED_BAR vt_symbol=NVDA.SMART datetime=2026-05-07T12:22:00+08:00 open=211.4250 close=211.2750 volume=222478.0
2026-05-11 23:48:57.644 | INFO | Logger | intraday debug checkpoint: RECEIVED_BAR vt_symbol=NVDA.SMART datetime=2026-05-07T12:23:00+08:00 open=211.2900 close=211.8850 volume=275596.0
2026-05-11 23:48:57.644 | INFO | Logger | intraday debug checkpoint: RECEIVED_BAR vt_symbol=NVDA.SMART datetime=2026-05-07T12:24:00+08:00 open=211.8600 close=212.3900 volume=386132.0
2026-05-11 23:48:57.644 | INFO | Logger | intraday debug checkpoint: RECEIVED_BAR vt_symbol=NVDA.SMART datetime=2026-05-07T12:25:00+08:00 open=212.4000 close=212.5550 volume=383986.0
2026-05-11 23:48:57.644 | INFO | Logger | intraday debug checkpoint: RECEIVED_BAR vt_symbol=NVDA.SMART datetime=2026-05-07T12:26:00+08:00 open=212.5550 close=213.1100 volume=552461.0
2026-05-11 23:48:57.645 | INFO | Logger | intraday debug checkpoint: RECEIVED_BAR vt_symbol=NVDA.SMART datetime=2026-05-07T12:27:00+08:00 open=213.1300 close=213.3800 volume=449932.0
2026-05-11 23:48:57.645 | INFO | Logger | intraday debug checkpoint: RECEIVED_BAR vt_symbol=NVDA.SMART datetime=2026-05-07T12:28:00+08:00 open=213.3800 close=213.7200 volume=529525.0
2026-05-11 23:48:57.645 | INFO | Logger | intraday debug checkpoint: RECEIVED_BAR vt_symbol=NVDA.SMART datetime=2026-05-07T12:29:00+08:00 open=213.7250 close=213.5886 volume=444810.0
2026-05-11 23:48:57.645 | INFO | Logger | intraday debug checkpoint: RECEIVED_BAR vt_symbol=NVDA.SMART datetime=2026-05-07T12:30:00+08:00 open=213.5800 close=213.5750 volume=332496.0
2026-05-11 23:48:57.645 | INFO | Logger | intraday debug checkpoint: RECEIVED_BAR vt_symbol=NVDA.SMART datetime=2026-05-07T12:31:00+08:00 open=213.5700 close=213.5401 volume=297899.0
2026-05-11 23:48:57.645 | INFO | Logger | intraday debug checkpoint: RECEIVED_BAR vt_symbol=NVDA.SMART datetime=2026-05-07T12:32:00+08:00 open=213.5600 close=213.3200 volume=297071.0
2026-05-11 23:48:57.645 | INFO | Logger | intraday debug checkpoint: RECEIVED_BAR vt_symbol=NVDA.SMART datetime=2026-05-07T12:33:00+08:00 open=213.3500 close=213.5250 volume=208898.0
2026-05-11 23:48:57.645 | INFO | Logger | intraday debug checkpoint: RECEIVED_BAR vt_symbol=NVDA.SMART datetime=2026-05-07T12:34:00+08:00 open=213.5100 close=213.9800 volume=861533.0
2026-05-11 23:48:57.645 | INFO | Logger | intraday debug checkpoint: RECEIVED_BAR vt_symbol=NVDA.SMART datetime=2026-05-07T12:35:00+08:00 open=213.9900 close=213.7094 volume=422294.0
2026-05-11 23:48:57.645 | INFO | Logger | intraday debug checkpoint: RECEIVED_BAR vt_symbol=NVDA.SMART datetime=2026-05-07T12:36:00+08:00 open=213.7485 close=213.6050 volume=311707.0
2026-05-11 23:48:57.645 | INFO | Logger | intraday debug checkpoint: RECEIVED_BAR vt_symbol=NVDA.SMART datetime=2026-05-07T12:37:00+08:00 open=213.6000 close=213.0700 volume=403799.0
2026-05-11 23:48:57.645 | INFO | Logger | intraday debug checkpoint: RECEIVED_BAR vt_symbol=NVDA.SMART datetime=2026-05-07T12:38:00+08:00 open=213.0700 close=213.2350 volume=243826.0
2026-05-11 23:48:57.645 | INFO | Logger | intraday debug checkpoint: RECEIVED_BAR vt_symbol=NVDA.SMART datetime=2026-05-07T12:39:00+08:00 open=213.2350 close=212.7201 volume=339893.0
2026-05-11 23:48:57.645 | INFO | Logger | intraday debug checkpoint: RECEIVED_BAR vt_symbol=NVDA.SMART datetime=2026-05-07T12:40:00+08:00 open=212.7699 close=212.7800 volume=184803.0
2026-05-11 23:48:57.645 | INFO | Logger | intraday debug checkpoint: RECEIVED_BAR vt_symbol=NVDA.SMART datetime=2026-05-07T12:41:00+08:00 open=212.7800 close=213.1700 volume=280614.0
2026-05-11 23:48:57.645 | INFO | Logger | intraday debug checkpoint: RECEIVED_BAR vt_symbol=NVDA.SMART datetime=2026-05-07T12:42:00+08:00 open=213.1421 close=213.3550 volume=244666.0
2026-05-11 23:48:57.645 | INFO | Logger | intraday debug checkpoint: RECEIVED_BAR vt_symbol=NVDA.SMART datetime=2026-05-07T12:43:00+08:00 open=213.3700 close=213.0400 volume=178221.0
2026-05-11 23:48:57.645 | INFO | Logger | intraday debug checkpoint: RECEIVED_BAR vt_symbol=NVDA.SMART datetime=2026-05-07T12:44:00+08:00 open=213.0500 close=212.6700 volume=195736.0
2026-05-11 23:48:57.645 | INFO | Logger | intraday debug checkpoint: RECEIVED_BAR vt_symbol=NVDA.SMART datetime=2026-05-07T12:45:00+08:00 open=212.6700 close=212.9000 volume=212529.0
2026-05-11 23:48:57.645 | INFO | Logger | intraday debug checkpoint: RECEIVED_BAR vt_symbol=NVDA.SMART datetime=2026-05-07T12:46:00+08:00 open=212.8850 close=212.9500 volume=157309.0
2026-05-11 23:48:57.645 | INFO | Logger | intraday debug checkpoint: RECEIVED_BAR vt_symbol=NVDA.SMART datetime=2026-05-07T12:47:00+08:00 open=212.9800 close=212.7300 volume=167715.0
2026-05-11 23:48:57.645 | INFO | Logger | intraday debug checkpoint: RECEIVED_BAR vt_symbol=NVDA.SMART datetime=2026-05-07T12:48:00+08:00 open=212.7220 close=212.6900 volume=121352.0
2026-05-11 23:48:57.645 | INFO | Logger | intraday debug checkpoint: RECEIVED_BAR vt_symbol=NVDA.SMART datetime=2026-05-07T12:49:00+08:00 open=212.7200 close=212.8100 volume=173023.0
2026-05-11 23:48:57.645 | INFO | Logger | intraday debug checkpoint: RECEIVED_BAR vt_symbol=NVDA.SMART datetime=2026-05-07T12:50:00+08:00 open=212.8000 close=212.9500 volume=256583.0
2026-05-11 23:48:57.645 | INFO | Logger | intraday debug checkpoint: RECEIVED_BAR vt_symbol=NVDA.SMART datetime=2026-05-07T12:51:00+08:00 open=212.9350 close=212.8950 volume=148680.0
2026-05-11 23:48:57.645 | INFO | Logger | intraday debug checkpoint: RECEIVED_BAR vt_symbol=NVDA.SMART datetime=2026-05-07T12:52:00+08:00 open=212.9200 close=212.4099 volume=335147.0
2026-05-11 23:48:57.645 | INFO | Logger | intraday debug checkpoint: RECEIVED_BAR vt_symbol=NVDA.SMART datetime=2026-05-07T12:53:00+08:00 open=212.3950 close=212.6300 volume=165075.0
2026-05-11 23:48:57.645 | INFO | Logger | intraday debug checkpoint: RECEIVED_BAR vt_symbol=NVDA.SMART datetime=2026-05-07T12:54:00+08:00 open=212.6100 close=212.6800 volume=150128.0
2026-05-11 23:48:57.646 | INFO | Logger | intraday debug checkpoint: RECEIVED_BAR vt_symbol=NVDA.SMART datetime=2026-05-07T12:55:00+08:00 open=212.6900 close=212.6675 volume=146516.0
2026-05-11 23:48:57.646 | INFO | Logger | intraday debug checkpoint: RECEIVED_BAR vt_symbol=NVDA.SMART datetime=2026-05-07T12:56:00+08:00 open=212.6700 close=212.5655 volume=130904.0
2026-05-11 23:48:57.646 | INFO | Logger | intraday debug checkpoint: RECEIVED_BAR vt_symbol=NVDA.SMART datetime=2026-05-07T12:57:00+08:00 open=212.5698 close=212.4900 volume=184241.0
2026-05-11 23:48:57.646 | INFO | Logger | intraday debug checkpoint: RECEIVED_BAR vt_symbol=NVDA.SMART datetime=2026-05-07T12:58:00+08:00 open=212.4850 close=212.0550 volume=411299.0
2026-05-11 23:48:57.646 | INFO | Logger | intraday debug checkpoint: RECEIVED_BAR vt_symbol=NVDA.SMART datetime=2026-05-07T12:59:00+08:00 open=212.0600 close=212.1600 volume=160819.0
2026-05-11 23:48:57.646 | INFO | Logger | intraday debug checkpoint: RECEIVED_BAR vt_symbol=NVDA.SMART datetime=2026-05-07T13:00:00+08:00 open=212.1600 close=212.3600 volume=172693.0
2026-05-11 23:48:57.646 | INFO | Logger | intraday debug checkpoint: RECEIVED_BAR vt_symbol=NVDA.SMART datetime=2026-05-07T13:01:00+08:00 open=212.3600 close=212.4200 volume=168443.0
2026-05-11 23:48:57.646 | INFO | Logger | intraday debug checkpoint: RECEIVED_BAR vt_symbol=NVDA.SMART datetime=2026-05-07T13:02:00+08:00 open=212.4100 close=212.4050 volume=272205.0
2026-05-11 23:48:57.646 | INFO | Logger | intraday debug checkpoint: RECEIVED_BAR vt_symbol=NVDA.SMART datetime=2026-05-07T13:03:00+08:00 open=212.3800 close=212.5700 volume=166948.0
2026-05-11 23:48:57.646 | INFO | Logger | intraday debug checkpoint: RECEIVED_BAR vt_symbol=NVDA.SMART datetime=2026-05-07T13:04:00+08:00 open=212.5600 close=212.2399 volume=176177.0
2026-05-11 23:48:57.646 | INFO | Logger | intraday debug checkpoint: RECEIVED_BAR vt_symbol=NVDA.SMART datetime=2026-05-07T13:05:00+08:00 open=212.2350 close=212.0400 volume=244172.0
2026-05-11 23:48:57.646 | INFO | Logger | intraday debug checkpoint: RECEIVED_BAR vt_symbol=NVDA.SMART datetime=2026-05-07T13:06:00+08:00 open=212.0250 close=212.0800 volume=250280.0
2026-05-11 23:48:57.646 | INFO | Logger | intraday debug checkpoint: RECEIVED_BAR vt_symbol=NVDA.SMART datetime=2026-05-07T13:07:00+08:00 open=212.0850 close=212.1500 volume=164663.0
2026-05-11 23:48:57.646 | INFO | Logger | intraday debug checkpoint: RECEIVED_BAR vt_symbol=NVDA.SMART datetime=2026-05-07T13:08:00+08:00 open=212.1650 close=212.1300 volume=249661.0
2026-05-11 23:48:57.646 | INFO | Logger | intraday debug checkpoint: RECEIVED_BAR vt_symbol=NVDA.SMART datetime=2026-05-07T13:09:00+08:00 open=212.1100 close=212.3700 volume=182612.0
2026-05-11 23:48:57.646 | INFO | Logger | intraday debug checkpoint: RECEIVED_BAR vt_symbol=NVDA.SMART datetime=2026-05-07T13:10:00+08:00 open=212.3800 close=212.1200 volume=219464.0
2026-05-11 23:48:57.646 | INFO | Logger | intraday debug checkpoint: RECEIVED_BAR vt_symbol=NVDA.SMART datetime=2026-05-07T13:11:00+08:00 open=212.1199 close=211.9100 volume=212498.0
2026-05-11 23:48:57.646 | INFO | Logger | intraday debug checkpoint: RECEIVED_BAR vt_symbol=NVDA.SMART datetime=2026-05-07T13:12:00+08:00 open=211.9300 close=211.9400 volume=268682.0
2026-05-11 23:48:57.646 | INFO | Logger | intraday debug checkpoint: RECEIVED_BAR vt_symbol=NVDA.SMART datetime=2026-05-07T13:13:00+08:00 open=211.9500 close=211.9500 volume=197429.0
2026-05-11 23:48:57.646 | INFO | Logger | intraday debug checkpoint: RECEIVED_BAR vt_symbol=NVDA.SMART datetime=2026-05-07T13:14:00+08:00 open=211.9400 close=212.0450 volume=153489.0
2026-05-11 23:48:57.646 | INFO | Logger | intraday debug checkpoint: RECEIVED_BAR vt_symbol=NVDA.SMART datetime=2026-05-07T13:15:00+08:00 open=212.0700 close=212.0150 volume=202326.0
2026-05-11 23:48:57.646 | INFO | Logger | intraday debug checkpoint: RECEIVED_BAR vt_symbol=NVDA.SMART datetime=2026-05-07T13:16:00+08:00 open=212.0000 close=211.6400 volume=356744.0
2026-05-11 23:48:57.646 | INFO | Logger | intraday debug checkpoint: RECEIVED_BAR vt_symbol=NVDA.SMART datetime=2026-05-07T13:17:00+08:00 open=211.6300 close=211.6500 volume=384543.0
2026-05-11 23:48:57.646 | INFO | Logger | intraday debug checkpoint: RECEIVED_BAR vt_symbol=NVDA.SMART datetime=2026-05-07T13:18:00+08:00 open=211.6686 close=211.6300 volume=161016.0
2026-05-11 23:48:57.646 | INFO | Logger | intraday debug checkpoint: RECEIVED_BAR vt_symbol=NVDA.SMART datetime=2026-05-07T13:19:00+08:00 open=211.6600 close=211.1640 volume=279874.0
2026-05-11 23:48:57.646 | INFO | Logger | intraday debug checkpoint: RECEIVED_BAR vt_symbol=NVDA.SMART datetime=2026-05-07T13:20:00+08:00 open=211.1400 close=211.2300 volume=242067.0
2026-05-11 23:48:57.647 | INFO | Logger | intraday debug checkpoint: RECEIVED_BAR vt_symbol=NVDA.SMART datetime=2026-05-07T13:21:00+08:00 open=211.2400 close=211.2400 volume=210605.0
2026-05-11 23:48:57.647 | INFO | Logger | intraday debug checkpoint: RECEIVED_BAR vt_symbol=NVDA.SMART datetime=2026-05-07T13:22:00+08:00 open=211.2600 close=211.2900 volume=249441.0
2026-05-11 23:48:57.647 | INFO | Logger | intraday debug checkpoint: RECEIVED_BAR vt_symbol=NVDA.SMART datetime=2026-05-07T13:23:00+08:00 open=211.3034 close=211.8100 volume=265218.0
2026-05-11 23:48:57.647 | INFO | Logger | intraday debug checkpoint: RECEIVED_BAR vt_symbol=NVDA.SMART datetime=2026-05-07T13:24:00+08:00 open=211.8300 close=212.0400 volume=278750.0
2026-05-11 23:48:57.647 | INFO | Logger | intraday debug checkpoint: RECEIVED_BAR vt_symbol=NVDA.SMART datetime=2026-05-07T13:25:00+08:00 open=212.0350 close=212.3100 volume=233330.0
2026-05-11 23:48:57.647 | INFO | Logger | intraday debug checkpoint: RECEIVED_BAR vt_symbol=NVDA.SMART datetime=2026-05-07T13:26:00+08:00 open=212.3100 close=211.8600 volume=484185.0
2026-05-11 23:48:57.647 | INFO | Logger | intraday debug checkpoint: RECEIVED_BAR vt_symbol=NVDA.SMART datetime=2026-05-07T13:27:00+08:00 open=211.8450 close=211.4300 volume=366425.0
2026-05-11 23:48:57.647 | INFO | Logger | intraday debug checkpoint: RECEIVED_BAR vt_symbol=NVDA.SMART datetime=2026-05-07T13:28:00+08:00 open=211.4100 close=211.1700 volume=417692.0
2026-05-11 23:48:57.647 | INFO | Logger | intraday debug checkpoint: RECEIVED_BAR vt_symbol=NVDA.SMART datetime=2026-05-07T13:29:00+08:00 open=211.1550 close=211.8650 volume=288371.0
2026-05-11 23:48:57.647 | INFO | Logger | intraday debug checkpoint: RECEIVED_BAR vt_symbol=NVDA.SMART datetime=2026-05-07T13:30:00+08:00 open=211.8800 close=212.0000 volume=263951.0
2026-05-11 23:48:57.647 | INFO | Logger | intraday debug checkpoint: RECEIVED_BAR vt_symbol=NVDA.SMART datetime=2026-05-07T13:31:00+08:00 open=211.9500 close=211.9845 volume=237859.0
2026-05-11 23:48:57.647 | INFO | Logger | intraday debug checkpoint: RECEIVED_BAR vt_symbol=NVDA.SMART datetime=2026-05-07T13:32:00+08:00 open=211.9800 close=212.0600 volume=164579.0
2026-05-11 23:48:57.647 | INFO | Logger | intraday debug checkpoint: RECEIVED_BAR vt_symbol=NVDA.SMART datetime=2026-05-07T13:33:00+08:00 open=212.0700 close=212.3597 volume=277177.0
2026-05-11 23:48:57.647 | INFO | Logger | intraday debug checkpoint: RECEIVED_BAR vt_symbol=NVDA.SMART datetime=2026-05-07T13:34:00+08:00 open=212.3850 close=212.0299 volume=221840.0
2026-05-11 23:48:57.647 | INFO | Logger | intraday debug checkpoint: RECEIVED_BAR vt_symbol=NVDA.SMART datetime=2026-05-07T13:35:00+08:00 open=212.0300 close=212.1750 volume=177911.0
2026-05-11 23:48:57.647 | INFO | Logger | intraday debug checkpoint: RECEIVED_BAR vt_symbol=NVDA.SMART datetime=2026-05-07T13:36:00+08:00 open=212.2000 close=212.2500 volume=141444.0
2026-05-11 23:48:57.647 | INFO | Logger | intraday debug checkpoint: RECEIVED_BAR vt_symbol=NVDA.SMART datetime=2026-05-07T13:37:00+08:00 open=212.2200 close=212.4500 volume=193722.0
2026-05-11 23:48:57.647 | INFO | Logger | intraday debug checkpoint: RECEIVED_BAR vt_symbol=NVDA.SMART datetime=2026-05-07T13:38:00+08:00 open=212.4500 close=212.5800 volume=323310.0
2026-05-11 23:48:57.647 | INFO | Logger | intraday debug checkpoint: RECEIVED_BAR vt_symbol=NVDA.SMART datetime=2026-05-07T13:39:00+08:00 open=212.5781 close=212.6000 volume=201239.0
2026-05-11 23:48:57.647 | INFO | Logger | intraday debug checkpoint: RECEIVED_BAR vt_symbol=NVDA.SMART datetime=2026-05-07T13:40:00+08:00 open=212.6000 close=212.6100 volume=172686.0
2026-05-11 23:48:57.647 | INFO | Logger | intraday debug checkpoint: RECEIVED_BAR vt_symbol=NVDA.SMART datetime=2026-05-07T13:41:00+08:00 open=212.5900 close=212.8200 volume=206874.0
2026-05-11 23:48:57.647 | INFO | Logger | intraday debug checkpoint: RECEIVED_BAR vt_symbol=NVDA.SMART datetime=2026-05-07T13:42:00+08:00 open=212.8200 close=212.8000 volume=169163.0
2026-05-11 23:48:57.647 | INFO | Logger | intraday debug checkpoint: RECEIVED_BAR vt_symbol=NVDA.SMART datetime=2026-05-07T13:43:00+08:00 open=212.7950 close=212.5245 volume=150055.0
2026-05-11 23:48:57.647 | INFO | Logger | intraday debug checkpoint: RECEIVED_BAR vt_symbol=NVDA.SMART datetime=2026-05-07T13:44:00+08:00 open=212.5499 close=212.5250 volume=199673.0
2026-05-11 23:48:57.647 | INFO | Logger | intraday debug checkpoint: RECEIVED_BAR vt_symbol=NVDA.SMART datetime=2026-05-07T13:45:00+08:00 open=212.5200 close=212.3300 volume=147956.0
2026-05-11 23:48:57.647 | INFO | Logger | intraday debug checkpoint: RECEIVED_BAR vt_symbol=NVDA.SMART datetime=2026-05-07T13:46:00+08:00 open=212.3300 close=212.2101 volume=160866.0
2026-05-11 23:48:57.647 | INFO | Logger | intraday debug checkpoint: RECEIVED_BAR vt_symbol=NVDA.SMART datetime=2026-05-07T13:47:00+08:00 open=212.2101 close=212.0500 volume=119369.0
2026-05-11 23:48:57.647 | INFO | Logger | intraday debug checkpoint: RECEIVED_BAR vt_symbol=NVDA.SMART datetime=2026-05-07T13:48:00+08:00 open=212.0403 close=212.3700 volume=172122.0
2026-05-11 23:48:57.648 | INFO | Logger | intraday debug checkpoint: RECEIVED_BAR vt_symbol=NVDA.SMART datetime=2026-05-07T13:49:00+08:00 open=212.3700 close=212.2000 volume=112321.0
2026-05-11 23:48:57.648 | INFO | Logger | intraday debug checkpoint: RECEIVED_BAR vt_symbol=NVDA.SMART datetime=2026-05-07T13:50:00+08:00 open=212.1900 close=212.0050 volume=866051.0
2026-05-11 23:48:57.648 | INFO | Logger | intraday debug checkpoint: RECEIVED_BAR vt_symbol=NVDA.SMART datetime=2026-05-07T13:51:00+08:00 open=211.9900 close=212.0300 volume=270765.0
2026-05-11 23:48:57.648 | INFO | Logger | intraday debug checkpoint: RECEIVED_BAR vt_symbol=NVDA.SMART datetime=2026-05-07T13:52:00+08:00 open=212.0400 close=212.0459 volume=209108.0
2026-05-11 23:48:57.648 | INFO | Logger | intraday debug checkpoint: RECEIVED_BAR vt_symbol=NVDA.SMART datetime=2026-05-07T13:53:00+08:00 open=212.0400 close=211.8400 volume=137826.0
2026-05-11 23:48:57.648 | INFO | Logger | intraday debug checkpoint: RECEIVED_BAR vt_symbol=NVDA.SMART datetime=2026-05-07T13:54:00+08:00 open=211.8600 close=211.7700 volume=262998.0
2026-05-11 23:48:57.648 | INFO | Logger | intraday debug checkpoint: RECEIVED_BAR vt_symbol=NVDA.SMART datetime=2026-05-07T13:55:00+08:00 open=211.7764 close=211.8233 volume=171828.0
2026-05-11 23:48:57.648 | INFO | Logger | intraday debug checkpoint: RECEIVED_BAR vt_symbol=NVDA.SMART datetime=2026-05-07T13:56:00+08:00 open=211.8600 close=211.9099 volume=124111.0
2026-05-11 23:48:57.648 | INFO | Logger | intraday debug checkpoint: RECEIVED_BAR vt_symbol=NVDA.SMART datetime=2026-05-07T13:57:00+08:00 open=211.8700 close=211.9750 volume=396372.0
2026-05-11 23:48:57.648 | INFO | Logger | intraday debug checkpoint: RECEIVED_BAR vt_symbol=NVDA.SMART datetime=2026-05-07T13:58:00+08:00 open=211.9940 close=212.2050 volume=295551.0
2026-05-11 23:48:57.648 | INFO | Logger | intraday debug checkpoint: RECEIVED_BAR vt_symbol=NVDA.SMART datetime=2026-05-07T13:59:00+08:00 open=212.2050 close=212.1900 volume=126765.0
2026-05-11 23:48:57.648 | INFO | Logger | intraday debug checkpoint: RECEIVED_BAR vt_symbol=NVDA.SMART datetime=2026-05-07T14:00:00+08:00 open=212.1900 close=212.3750 volume=187581.0
2026-05-11 23:48:57.648 | INFO | Logger | intraday debug checkpoint: RECEIVED_BAR vt_symbol=NVDA.SMART datetime=2026-05-07T14:01:00+08:00 open=212.4000 close=212.6200 volume=252661.0
2026-05-11 23:48:57.648 | INFO | Logger | intraday debug checkpoint: RECEIVED_BAR vt_symbol=NVDA.SMART datetime=2026-05-07T14:02:00+08:00 open=212.6106 close=212.4851 volume=287536.0
2026-05-11 23:48:57.648 | INFO | Logger | intraday debug checkpoint: RECEIVED_BAR vt_symbol=NVDA.SMART datetime=2026-05-07T14:03:00+08:00 open=212.4801 close=212.7000 volume=170817.0
2026-05-11 23:48:57.648 | INFO | Logger | intraday debug checkpoint: RECEIVED_BAR vt_symbol=NVDA.SMART datetime=2026-05-07T14:04:00+08:00 open=212.6800 close=212.6000 volume=178576.0
2026-05-11 23:48:57.648 | INFO | Logger | intraday debug checkpoint: RECEIVED_BAR vt_symbol=NVDA.SMART datetime=2026-05-07T14:05:00+08:00 open=212.5850 close=212.6200 volume=192899.0
2026-05-11 23:48:57.648 | INFO | Logger | intraday debug checkpoint: RECEIVED_BAR vt_symbol=NVDA.SMART datetime=2026-05-07T14:06:00+08:00 open=212.6200 close=212.8050 volume=160621.0
2026-05-11 23:48:57.648 | INFO | Logger | intraday debug checkpoint: RECEIVED_BAR vt_symbol=NVDA.SMART datetime=2026-05-07T14:07:00+08:00 open=212.8300 close=213.0400 volume=389710.0
2026-05-11 23:48:57.648 | INFO | Logger | intraday debug checkpoint: RECEIVED_BAR vt_symbol=NVDA.SMART datetime=2026-05-07T14:08:00+08:00 open=213.0642 close=212.9600 volume=254245.0
2026-05-11 23:48:57.648 | INFO | Logger | intraday debug checkpoint: RECEIVED_BAR vt_symbol=NVDA.SMART datetime=2026-05-07T14:09:00+08:00 open=212.9600 close=212.9000 volume=147022.0
2026-05-11 23:48:57.648 | INFO | Logger | intraday debug checkpoint: RECEIVED_BAR vt_symbol=NVDA.SMART datetime=2026-05-07T14:10:00+08:00 open=212.8900 close=212.3300 volume=306792.0
2026-05-11 23:48:57.648 | INFO | Logger | intraday debug checkpoint: RECEIVED_BAR vt_symbol=NVDA.SMART datetime=2026-05-07T14:11:00+08:00 open=212.3100 close=212.6404 volume=260947.0
2026-05-11 23:48:57.648 | INFO | Logger | intraday debug checkpoint: RECEIVED_BAR vt_symbol=NVDA.SMART datetime=2026-05-07T14:12:00+08:00 open=212.6400 close=212.5000 volume=210346.0
2026-05-11 23:48:57.648 | INFO | Logger | intraday debug checkpoint: RECEIVED_BAR vt_symbol=NVDA.SMART datetime=2026-05-07T14:13:00+08:00 open=212.5050 close=212.5000 volume=171572.0
2026-05-11 23:48:57.648 | INFO | Logger | intraday debug checkpoint: RECEIVED_BAR vt_symbol=NVDA.SMART datetime=2026-05-07T14:14:00+08:00 open=212.4950 close=212.6400 volume=160815.0
2026-05-11 23:48:57.648 | INFO | Logger | intraday debug checkpoint: RECEIVED_BAR vt_symbol=NVDA.SMART datetime=2026-05-07T14:15:00+08:00 open=212.6545 close=212.7200 volume=215134.0
2026-05-11 23:48:57.648 | INFO | Logger | intraday debug checkpoint: RECEIVED_BAR vt_symbol=NVDA.SMART datetime=2026-05-07T14:16:00+08:00 open=212.7400 close=212.8385 volume=190168.0
2026-05-11 23:48:57.649 | INFO | Logger | intraday debug checkpoint: RECEIVED_BAR vt_symbol=NVDA.SMART datetime=2026-05-07T14:17:00+08:00 open=212.8550 close=212.9351 volume=250129.0
2026-05-11 23:48:57.649 | INFO | Logger | intraday debug checkpoint: RECEIVED_BAR vt_symbol=NVDA.SMART datetime=2026-05-07T14:18:00+08:00 open=212.9401 close=213.1200 volume=241165.0
2026-05-11 23:48:57.649 | INFO | Logger | intraday debug checkpoint: RECEIVED_BAR vt_symbol=NVDA.SMART datetime=2026-05-07T14:19:00+08:00 open=213.1486 close=213.0000 volume=269940.0
2026-05-11 23:48:57.649 | INFO | Logger | intraday debug checkpoint: RECEIVED_BAR vt_symbol=NVDA.SMART datetime=2026-05-07T14:20:00+08:00 open=213.0000 close=212.8800 volume=192492.0
2026-05-11 23:48:57.649 | INFO | Logger | intraday debug checkpoint: RECEIVED_BAR vt_symbol=NVDA.SMART datetime=2026-05-07T14:21:00+08:00 open=212.8800 close=212.9100 volume=148717.0
2026-05-11 23:48:57.649 | INFO | Logger | intraday debug checkpoint: RECEIVED_BAR vt_symbol=NVDA.SMART datetime=2026-05-07T14:22:00+08:00 open=212.9336 close=212.9800 volume=139968.0
2026-05-11 23:48:57.649 | INFO | Logger | intraday debug checkpoint: RECEIVED_BAR vt_symbol=NVDA.SMART datetime=2026-05-07T14:23:00+08:00 open=212.9800 close=213.0250 volume=158297.0
2026-05-11 23:48:57.649 | INFO | Logger | intraday debug checkpoint: RECEIVED_BAR vt_symbol=NVDA.SMART datetime=2026-05-07T14:24:00+08:00 open=213.0200 close=213.0200 volume=137804.0
2026-05-11 23:48:57.649 | INFO | Logger | intraday debug checkpoint: RECEIVED_BAR vt_symbol=NVDA.SMART datetime=2026-05-07T14:25:00+08:00 open=213.0400 close=212.8099 volume=208917.0
2026-05-11 23:48:57.649 | INFO | Logger | intraday debug checkpoint: RECEIVED_BAR vt_symbol=NVDA.SMART datetime=2026-05-07T14:26:00+08:00 open=212.8000 close=212.9254 volume=181112.0
2026-05-11 23:48:57.649 | INFO | Logger | intraday debug checkpoint: RECEIVED_BAR vt_symbol=NVDA.SMART datetime=2026-05-07T14:27:00+08:00 open=212.9201 close=213.0400 volume=171117.0
2026-05-11 23:48:57.649 | INFO | Logger | intraday debug checkpoint: RECEIVED_BAR vt_symbol=NVDA.SMART datetime=2026-05-07T14:28:00+08:00 open=213.0300 close=212.9800 volume=271085.0
2026-05-11 23:48:57.649 | INFO | Logger | intraday debug checkpoint: RECEIVED_BAR vt_symbol=NVDA.SMART datetime=2026-05-07T14:29:00+08:00 open=212.9900 close=212.8000 volume=309430.0
2026-05-11 23:48:57.649 | INFO | Logger | intraday debug checkpoint: RECEIVED_BAR vt_symbol=NVDA.SMART datetime=2026-05-07T14:30:00+08:00 open=212.8200 close=212.7885 volume=196749.0
2026-05-11 23:48:57.649 | INFO | Logger | intraday debug checkpoint: RECEIVED_BAR vt_symbol=NVDA.SMART datetime=2026-05-07T14:31:00+08:00 open=212.7700 close=213.2299 volume=324537.0
2026-05-11 23:48:57.649 | INFO | Logger | intraday debug checkpoint: RECEIVED_BAR vt_symbol=NVDA.SMART datetime=2026-05-07T14:32:00+08:00 open=213.2250 close=213.1550 volume=191865.0
2026-05-11 23:48:57.649 | INFO | Logger | intraday debug checkpoint: RECEIVED_BAR vt_symbol=NVDA.SMART datetime=2026-05-07T14:33:00+08:00 open=213.1400 close=213.0000 volume=138609.0
2026-05-11 23:48:57.649 | INFO | Logger | intraday debug checkpoint: RECEIVED_BAR vt_symbol=NVDA.SMART datetime=2026-05-07T14:34:00+08:00 open=213.0200 close=213.0500 volume=103127.0
2026-05-11 23:48:57.649 | INFO | Logger | intraday debug checkpoint: RECEIVED_BAR vt_symbol=NVDA.SMART datetime=2026-05-07T14:35:00+08:00 open=213.0300 close=212.9500 volume=110005.0
2026-05-11 23:48:57.649 | INFO | Logger | intraday debug checkpoint: RECEIVED_BAR vt_symbol=NVDA.SMART datetime=2026-05-07T14:36:00+08:00 open=212.9699 close=212.8300 volume=128876.0
2026-05-11 23:48:57.649 | INFO | Logger | intraday debug checkpoint: RECEIVED_BAR vt_symbol=NVDA.SMART datetime=2026-05-07T14:37:00+08:00 open=212.8300 close=212.8100 volume=146285.0
2026-05-11 23:48:57.649 | INFO | Logger | intraday debug checkpoint: RECEIVED_BAR vt_symbol=NVDA.SMART datetime=2026-05-07T14:38:00+08:00 open=212.8100 close=212.6500 volume=155478.0
2026-05-11 23:48:57.649 | INFO | Logger | intraday debug checkpoint: RECEIVED_BAR vt_symbol=NVDA.SMART datetime=2026-05-07T14:39:00+08:00 open=212.6500 close=212.7600 volume=179675.0
2026-05-11 23:48:57.649 | INFO | Logger | intraday debug checkpoint: RECEIVED_BAR vt_symbol=NVDA.SMART datetime=2026-05-07T14:40:00+08:00 open=212.7700 close=213.0743 volume=274067.0
2026-05-11 23:48:57.649 | INFO | Logger | intraday debug checkpoint: RECEIVED_BAR vt_symbol=NVDA.SMART datetime=2026-05-07T14:41:00+08:00 open=213.0800 close=212.9100 volume=116160.0
2026-05-11 23:48:57.649 | INFO | Logger | intraday debug checkpoint: RECEIVED_BAR vt_symbol=NVDA.SMART datetime=2026-05-07T14:42:00+08:00 open=212.9000 close=212.7650 volume=116497.0
2026-05-11 23:48:57.650 | INFO | Logger | intraday debug checkpoint: RECEIVED_BAR vt_symbol=NVDA.SMART datetime=2026-05-07T14:43:00+08:00 open=212.7800 close=213.0300 volume=125017.0
2026-05-11 23:48:57.650 | INFO | Logger | intraday debug checkpoint: RECEIVED_BAR vt_symbol=NVDA.SMART datetime=2026-05-07T14:44:00+08:00 open=213.0400 close=212.8700 volume=641611.0
2026-05-11 23:48:57.650 | INFO | Logger | intraday debug checkpoint: RECEIVED_BAR vt_symbol=NVDA.SMART datetime=2026-05-07T14:45:00+08:00 open=212.8700 close=212.2900 volume=201989.0
2026-05-11 23:48:57.650 | INFO | Logger | intraday debug checkpoint: RECEIVED_BAR vt_symbol=NVDA.SMART datetime=2026-05-07T14:46:00+08:00 open=212.2920 close=212.5605 volume=302220.0
2026-05-11 23:48:57.650 | INFO | Logger | intraday debug checkpoint: RECEIVED_BAR vt_symbol=NVDA.SMART datetime=2026-05-07T14:47:00+08:00 open=212.5800 close=212.6400 volume=134639.0
2026-05-11 23:48:57.650 | INFO | Logger | intraday debug checkpoint: RECEIVED_BAR vt_symbol=NVDA.SMART datetime=2026-05-07T14:48:00+08:00 open=212.6350 close=212.4350 volume=163404.0
2026-05-11 23:48:57.650 | INFO | Logger | intraday debug checkpoint: RECEIVED_BAR vt_symbol=NVDA.SMART datetime=2026-05-07T14:49:00+08:00 open=212.4200 close=212.1600 volume=190847.0
2026-05-11 23:48:57.650 | INFO | Logger | intraday debug checkpoint: RECEIVED_BAR vt_symbol=NVDA.SMART datetime=2026-05-07T14:50:00+08:00 open=212.1900 close=212.2600 volume=116771.0
2026-05-11 23:48:57.650 | INFO | Logger | intraday debug checkpoint: RECEIVED_BAR vt_symbol=NVDA.SMART datetime=2026-05-07T14:51:00+08:00 open=212.2450 close=212.1400 volume=219379.0
2026-05-11 23:48:57.650 | INFO | Logger | intraday debug checkpoint: RECEIVED_BAR vt_symbol=NVDA.SMART datetime=2026-05-07T14:52:00+08:00 open=212.1650 close=212.1300 volume=170127.0
2026-05-11 23:48:57.650 | INFO | Logger | intraday debug checkpoint: RECEIVED_BAR vt_symbol=NVDA.SMART datetime=2026-05-07T14:53:00+08:00 open=212.1001 close=212.1100 volume=213539.0
2026-05-11 23:48:57.650 | INFO | Logger | intraday debug checkpoint: RECEIVED_BAR vt_symbol=NVDA.SMART datetime=2026-05-07T14:54:00+08:00 open=212.1014 close=212.1500 volume=156320.0
2026-05-11 23:48:57.650 | INFO | Logger | intraday debug checkpoint: RECEIVED_BAR vt_symbol=NVDA.SMART datetime=2026-05-07T14:55:00+08:00 open=212.1700 close=212.1050 volume=100951.0
2026-05-11 23:48:57.650 | INFO | Logger | intraday debug checkpoint: RECEIVED_BAR vt_symbol=NVDA.SMART datetime=2026-05-07T14:56:00+08:00 open=212.0800 close=212.2400 volume=298805.0
2026-05-11 23:48:57.650 | INFO | Logger | intraday debug checkpoint: RECEIVED_BAR vt_symbol=NVDA.SMART datetime=2026-05-07T14:57:00+08:00 open=212.2600 close=212.4400 volume=240301.0
2026-05-11 23:48:57.650 | INFO | Logger | intraday debug checkpoint: RECEIVED_BAR vt_symbol=NVDA.SMART datetime=2026-05-07T14:58:00+08:00 open=212.4450 close=212.4200 volume=99363.0
2026-05-11 23:48:57.650 | INFO | Logger | intraday debug checkpoint: RECEIVED_BAR vt_symbol=NVDA.SMART datetime=2026-05-07T14:59:00+08:00 open=212.4300 close=212.3200 volume=140026.0
2026-05-11 23:48:57.650 | INFO | Logger | intraday debug checkpoint: RECEIVED_BAR vt_symbol=NVDA.SMART datetime=2026-05-07T15:00:00+08:00 open=212.3200 close=212.3500 volume=133721.0
2026-05-11 23:48:57.650 | INFO | Logger | intraday debug checkpoint: RECEIVED_BAR vt_symbol=NVDA.SMART datetime=2026-05-07T15:01:00+08:00 open=212.3600 close=212.3800 volume=135460.0
2026-05-11 23:48:57.650 | INFO | Logger | intraday debug checkpoint: RECEIVED_BAR vt_symbol=NVDA.SMART datetime=2026-05-07T15:02:00+08:00 open=212.3950 close=212.4350 volume=160342.0
2026-05-11 23:48:57.650 | INFO | Logger | intraday debug checkpoint: RECEIVED_BAR vt_symbol=NVDA.SMART datetime=2026-05-07T15:03:00+08:00 open=212.4350 close=212.2200 volume=126000.0
2026-05-11 23:48:57.650 | INFO | Logger | intraday debug checkpoint: RECEIVED_BAR vt_symbol=NVDA.SMART datetime=2026-05-07T15:04:00+08:00 open=212.2200 close=212.2390 volume=105637.0
2026-05-11 23:48:57.650 | INFO | Logger | intraday debug checkpoint: RECEIVED_BAR vt_symbol=NVDA.SMART datetime=2026-05-07T15:05:00+08:00 open=212.2450 close=212.3540 volume=106490.0
2026-05-11 23:48:57.650 | INFO | Logger | intraday debug checkpoint: RECEIVED_BAR vt_symbol=NVDA.SMART datetime=2026-05-07T15:06:00+08:00 open=212.3600 close=212.5300 volume=162120.0
2026-05-11 23:48:57.650 | INFO | Logger | intraday debug checkpoint: RECEIVED_BAR vt_symbol=NVDA.SMART datetime=2026-05-07T15:07:00+08:00 open=212.5101 close=212.5790 volume=145358.0
2026-05-11 23:48:57.650 | INFO | Logger | intraday debug checkpoint: RECEIVED_BAR vt_symbol=NVDA.SMART datetime=2026-05-07T15:08:00+08:00 open=212.5600 close=212.5200 volume=179642.0
2026-05-11 23:48:57.651 | INFO | Logger | intraday debug checkpoint: RECEIVED_BAR vt_symbol=NVDA.SMART datetime=2026-05-07T15:09:00+08:00 open=212.5300 close=212.4350 volume=118353.0
2026-05-11 23:48:57.651 | INFO | Logger | intraday debug checkpoint: RECEIVED_BAR vt_symbol=NVDA.SMART datetime=2026-05-07T15:10:00+08:00 open=212.4300 close=212.4300 volume=159847.0
2026-05-11 23:48:57.651 | INFO | Logger | intraday debug checkpoint: RECEIVED_BAR vt_symbol=NVDA.SMART datetime=2026-05-07T15:11:00+08:00 open=212.4498 close=212.4700 volume=158017.0
2026-05-11 23:48:57.651 | INFO | Logger | intraday debug checkpoint: RECEIVED_BAR vt_symbol=NVDA.SMART datetime=2026-05-07T15:12:00+08:00 open=212.4899 close=212.5550 volume=177897.0
2026-05-11 23:48:57.651 | INFO | Logger | intraday debug checkpoint: RECEIVED_BAR vt_symbol=NVDA.SMART datetime=2026-05-07T15:13:00+08:00 open=212.5500 close=212.6000 volume=112256.0
2026-05-11 23:48:57.651 | INFO | Logger | intraday debug checkpoint: RECEIVED_BAR vt_symbol=NVDA.SMART datetime=2026-05-07T15:14:00+08:00 open=212.6500 close=212.7300 volume=187599.0
2026-05-11 23:48:57.651 | INFO | Logger | intraday debug checkpoint: RECEIVED_BAR vt_symbol=NVDA.SMART datetime=2026-05-07T15:15:00+08:00 open=212.7300 close=212.7600 volume=166561.0
2026-05-11 23:48:57.651 | INFO | Logger | intraday debug checkpoint: RECEIVED_BAR vt_symbol=NVDA.SMART datetime=2026-05-07T15:16:00+08:00 open=212.7600 close=212.8200 volume=302493.0
2026-05-11 23:48:57.651 | INFO | Logger | intraday debug checkpoint: RECEIVED_BAR vt_symbol=NVDA.SMART datetime=2026-05-07T15:17:00+08:00 open=212.8200 close=212.7600 volume=203408.0
2026-05-11 23:48:57.651 | INFO | Logger | intraday debug checkpoint: RECEIVED_BAR vt_symbol=NVDA.SMART datetime=2026-05-07T15:18:00+08:00 open=212.7450 close=212.2600 volume=241236.0
2026-05-11 23:48:57.651 | INFO | Logger | intraday debug checkpoint: RECEIVED_BAR vt_symbol=NVDA.SMART datetime=2026-05-07T15:19:00+08:00 open=212.2978 close=212.1850 volume=240619.0
2026-05-11 23:48:57.651 | INFO | Logger | intraday debug checkpoint: RECEIVED_BAR vt_symbol=NVDA.SMART datetime=2026-05-07T15:20:00+08:00 open=212.1700 close=212.2900 volume=260063.0
2026-05-11 23:48:57.651 | INFO | Logger | intraday debug checkpoint: RECEIVED_BAR vt_symbol=NVDA.SMART datetime=2026-05-07T15:21:00+08:00 open=212.2850 close=212.2000 volume=238664.0
2026-05-11 23:48:57.651 | INFO | Logger | intraday debug checkpoint: RECEIVED_BAR vt_symbol=NVDA.SMART datetime=2026-05-07T15:22:00+08:00 open=212.1800 close=212.1600 volume=217208.0
2026-05-11 23:48:57.651 | INFO | Logger | intraday debug checkpoint: RECEIVED_BAR vt_symbol=NVDA.SMART datetime=2026-05-07T15:23:00+08:00 open=212.1800 close=212.0200 volume=154845.0
2026-05-11 23:48:57.651 | INFO | Logger | intraday debug checkpoint: RECEIVED_BAR vt_symbol=NVDA.SMART datetime=2026-05-07T15:24:00+08:00 open=212.0250 close=211.8400 volume=337753.0
2026-05-11 23:48:57.651 | INFO | Logger | intraday debug checkpoint: RECEIVED_BAR vt_symbol=NVDA.SMART datetime=2026-05-07T15:25:00+08:00 open=211.8100 close=211.6700 volume=251937.0
2026-05-11 23:48:57.651 | INFO | Logger | intraday debug checkpoint: RECEIVED_BAR vt_symbol=NVDA.SMART datetime=2026-05-07T15:26:00+08:00 open=211.6700 close=211.7750 volume=558475.0
2026-05-11 23:48:57.651 | INFO | Logger | intraday debug checkpoint: RECEIVED_BAR vt_symbol=NVDA.SMART datetime=2026-05-07T15:27:00+08:00 open=211.7700 close=211.8950 volume=252591.0
2026-05-11 23:48:57.651 | INFO | Logger | intraday debug checkpoint: RECEIVED_BAR vt_symbol=NVDA.SMART datetime=2026-05-07T15:28:00+08:00 open=211.9100 close=212.0899 volume=419402.0
2026-05-11 23:48:57.651 | INFO | Logger | intraday debug checkpoint: RECEIVED_BAR vt_symbol=NVDA.SMART datetime=2026-05-07T15:29:00+08:00 open=212.0900 close=212.0000 volume=283503.0
2026-05-11 23:48:57.651 | INFO | Logger | intraday debug checkpoint: RECEIVED_BAR vt_symbol=NVDA.SMART datetime=2026-05-07T15:30:00+08:00 open=212.0100 close=212.0300 volume=127752.0
2026-05-11 23:48:57.651 | INFO | Logger | intraday debug checkpoint: RECEIVED_BAR vt_symbol=NVDA.SMART datetime=2026-05-07T15:31:00+08:00 open=212.0307 close=212.3000 volume=252749.0
2026-05-11 23:48:57.651 | INFO | Logger | intraday debug checkpoint: RECEIVED_BAR vt_symbol=NVDA.SMART datetime=2026-05-07T15:32:00+08:00 open=212.3050 close=212.3600 volume=234446.0
2026-05-11 23:48:57.651 | INFO | Logger | intraday debug checkpoint: RECEIVED_BAR vt_symbol=NVDA.SMART datetime=2026-05-07T15:33:00+08:00 open=212.3700 close=212.0600 volume=268548.0
2026-05-11 23:48:57.651 | INFO | Logger | intraday debug checkpoint: RECEIVED_BAR vt_symbol=NVDA.SMART datetime=2026-05-07T15:34:00+08:00 open=212.0700 close=212.0200 volume=434415.0
2026-05-11 23:48:57.651 | INFO | Logger | intraday debug checkpoint: RECEIVED_BAR vt_symbol=NVDA.SMART datetime=2026-05-07T15:35:00+08:00 open=212.0100 close=211.9650 volume=142052.0
2026-05-11 23:48:57.651 | INFO | Logger | intraday debug checkpoint: RECEIVED_BAR vt_symbol=NVDA.SMART datetime=2026-05-07T15:36:00+08:00 open=211.9650 close=211.8900 volume=141635.0
2026-05-11 23:48:57.651 | INFO | Logger | intraday debug checkpoint: RECEIVED_BAR vt_symbol=NVDA.SMART datetime=2026-05-07T15:37:00+08:00 open=211.8800 close=212.0200 volume=188809.0
2026-05-11 23:48:57.651 | INFO | Logger | intraday debug checkpoint: RECEIVED_BAR vt_symbol=NVDA.SMART datetime=2026-05-07T15:38:00+08:00 open=212.0200 close=212.0100 volume=218673.0
2026-05-11 23:48:57.651 | INFO | Logger | intraday debug checkpoint: RECEIVED_BAR vt_symbol=NVDA.SMART datetime=2026-05-07T15:39:00+08:00 open=212.0100 close=212.0500 volume=165517.0
2026-05-11 23:48:57.652 | INFO | Logger | intraday debug checkpoint: RECEIVED_BAR vt_symbol=NVDA.SMART datetime=2026-05-07T15:40:00+08:00 open=212.0600 close=211.9400 volume=260220.0
2026-05-11 23:48:57.652 | INFO | Logger | intraday debug checkpoint: RECEIVED_BAR vt_symbol=NVDA.SMART datetime=2026-05-07T15:41:00+08:00 open=211.9600 close=212.0900 volume=181299.0
2026-05-11 23:48:57.652 | INFO | Logger | intraday debug checkpoint: RECEIVED_BAR vt_symbol=NVDA.SMART datetime=2026-05-07T15:42:00+08:00 open=212.0850 close=212.0300 volume=131567.0
2026-05-11 23:48:57.652 | INFO | Logger | intraday debug checkpoint: RECEIVED_BAR vt_symbol=NVDA.SMART datetime=2026-05-07T15:43:00+08:00 open=212.0200 close=211.9401 volume=127554.0
2026-05-11 23:48:57.652 | INFO | Logger | intraday debug checkpoint: RECEIVED_BAR vt_symbol=NVDA.SMART datetime=2026-05-07T15:44:00+08:00 open=211.9400 close=212.0500 volume=164520.0
2026-05-11 23:48:57.652 | INFO | Logger | intraday debug checkpoint: RECEIVED_BAR vt_symbol=NVDA.SMART datetime=2026-05-07T15:45:00+08:00 open=212.0499 close=212.1000 volume=196468.0
2026-05-11 23:48:57.652 | INFO | Logger | intraday debug checkpoint: RECEIVED_BAR vt_symbol=NVDA.SMART datetime=2026-05-07T15:46:00+08:00 open=212.1000 close=212.0939 volume=185610.0
2026-05-11 23:48:57.652 | INFO | Logger | intraday debug checkpoint: RECEIVED_BAR vt_symbol=NVDA.SMART datetime=2026-05-07T15:47:00+08:00 open=212.0804 close=212.0050 volume=318154.0
2026-05-11 23:48:57.652 | INFO | Logger | intraday debug checkpoint: RECEIVED_BAR vt_symbol=NVDA.SMART datetime=2026-05-07T15:48:00+08:00 open=212.0051 close=212.0299 volume=176645.0
2026-05-11 23:48:57.652 | INFO | Logger | intraday debug checkpoint: RECEIVED_BAR vt_symbol=NVDA.SMART datetime=2026-05-07T15:49:00+08:00 open=212.0200 close=212.0200 volume=222051.0
2026-05-11 23:48:57.652 | INFO | Logger | intraday debug checkpoint: RECEIVED_BAR vt_symbol=NVDA.SMART datetime=2026-05-07T15:50:00+08:00 open=212.0200 close=212.0400 volume=214156.0
2026-05-11 23:48:57.652 | INFO | Logger | intraday debug checkpoint: RECEIVED_BAR vt_symbol=NVDA.SMART datetime=2026-05-07T15:51:00+08:00 open=212.0500 close=212.3500 volume=527199.0
2026-05-11 23:48:57.652 | INFO | Logger | intraday debug checkpoint: RECEIVED_BAR vt_symbol=NVDA.SMART datetime=2026-05-07T15:52:00+08:00 open=212.3650 close=212.4900 volume=405211.0
2026-05-11 23:48:57.652 | INFO | Logger | intraday debug checkpoint: RECEIVED_BAR vt_symbol=NVDA.SMART datetime=2026-05-07T15:53:00+08:00 open=212.4999 close=212.1500 volume=550235.0
2026-05-11 23:48:57.652 | INFO | Logger | intraday debug checkpoint: RECEIVED_BAR vt_symbol=NVDA.SMART datetime=2026-05-07T15:54:00+08:00 open=212.1600 close=211.9200 volume=365966.0
2026-05-11 23:48:57.652 | INFO | Logger | intraday debug checkpoint: RECEIVED_BAR vt_symbol=NVDA.SMART datetime=2026-05-07T15:55:00+08:00 open=211.9200 close=211.9799 volume=484074.0
2026-05-11 23:48:57.652 | INFO | Logger | intraday debug checkpoint: RECEIVED_BAR vt_symbol=NVDA.SMART datetime=2026-05-07T15:56:00+08:00 open=211.9500 close=211.5699 volume=549373.0
2026-05-11 23:48:57.652 | INFO | Logger | intraday debug checkpoint: RECEIVED_BAR vt_symbol=NVDA.SMART datetime=2026-05-07T15:57:00+08:00 open=211.5500 close=211.4000 volume=513101.0
2026-05-11 23:48:57.652 | INFO | Logger | intraday debug checkpoint: RECEIVED_BAR vt_symbol=NVDA.SMART datetime=2026-05-07T15:58:00+08:00 open=211.3800 close=211.5100 volume=550577.0
2026-05-11 23:48:57.652 | INFO | Logger | intraday debug checkpoint: RECEIVED_BAR vt_symbol=NVDA.SMART datetime=2026-05-07T15:59:00+08:00 open=211.5100 close=211.5699 volume=648113.0
2026-05-11 23:48:57.652 | INFO | Logger | intraday debug checkpoint: RECEIVED_BAR vt_symbol=NVDA.SMART datetime=2026-05-07T16:00:00+08:00 open=211.5500 close=211.5000 volume=14389212.0
2026-05-11 23:48:57.652 | INFO | Logger | intraday debug checkpoint: RECEIVED_BAR vt_symbol=NVDA.SMART datetime=2026-05-08T09:31:00+08:00 open=213.0300 close=213.5050 volume=2883288.0
2026-05-11 23:48:57.652 | INFO | Logger | intraday debug checkpoint: RECEIVED_BAR vt_symbol=NVDA.SMART datetime=2026-05-08T09:32:00+08:00 open=213.5050 close=214.1900 volume=959267.0
2026-05-11 23:48:57.652 | INFO | Logger | intraday debug checkpoint: RECEIVED_BAR vt_symbol=NVDA.SMART datetime=2026-05-08T09:33:00+08:00 open=214.2300 close=214.3800 volume=675398.0
2026-05-11 23:48:57.652 | INFO | Logger | intraday debug checkpoint: RECEIVED_BAR vt_symbol=NVDA.SMART datetime=2026-05-08T09:34:00+08:00 open=214.4000 close=214.8264 volume=1027963.0
2026-05-11 23:48:57.652 | INFO | Logger | intraday debug checkpoint: RECEIVED_BAR vt_symbol=NVDA.SMART datetime=2026-05-08T09:35:00+08:00 open=214.8101 close=215.1196 volume=1710249.0
2026-05-11 23:48:57.653 | INFO | Logger | intraday debug checkpoint: RECEIVED_BAR vt_symbol=NVDA.SMART datetime=2026-05-08T09:36:00+08:00 open=215.0900 close=214.7713 volume=811622.0
2026-05-11 23:48:57.653 | INFO | Logger | intraday debug checkpoint: RECEIVED_BAR vt_symbol=NVDA.SMART datetime=2026-05-08T09:37:00+08:00 open=214.7800 close=215.2500 volume=921112.0
2026-05-11 23:48:57.653 | INFO | Logger | intraday debug checkpoint: RECEIVED_BAR vt_symbol=NVDA.SMART datetime=2026-05-08T09:38:00+08:00 open=215.2981 close=215.1000 volume=605572.0
2026-05-11 23:48:57.653 | INFO | Logger | intraday debug checkpoint: RECEIVED_BAR vt_symbol=NVDA.SMART datetime=2026-05-08T09:39:00+08:00 open=215.0900 close=215.5500 volume=647389.0
2026-05-11 23:48:57.653 | INFO | Logger | intraday debug checkpoint: RECEIVED_BAR vt_symbol=NVDA.SMART datetime=2026-05-08T09:40:00+08:00 open=215.5400 close=215.7600 volume=778948.0
2026-05-11 23:48:57.653 | INFO | Logger | intraday debug checkpoint: RECEIVED_BAR vt_symbol=NVDA.SMART datetime=2026-05-08T09:41:00+08:00 open=215.7995 close=215.2600 volume=841386.0
2026-05-11 23:48:57.653 | INFO | Logger | intraday debug checkpoint: RECEIVED_BAR vt_symbol=NVDA.SMART datetime=2026-05-08T09:42:00+08:00 open=215.2200 close=215.5100 volume=496908.0
2026-05-11 23:48:57.653 | INFO | Logger | intraday debug checkpoint: RECEIVED_BAR vt_symbol=NVDA.SMART datetime=2026-05-08T09:43:00+08:00 open=215.5250 close=215.7900 volume=522477.0
2026-05-11 23:48:57.653 | INFO | Logger | intraday debug checkpoint: RECEIVED_BAR vt_symbol=NVDA.SMART datetime=2026-05-08T09:44:00+08:00 open=215.7950 close=216.2850 volume=1219436.0
2026-05-11 23:48:57.653 | INFO | Logger | intraday debug checkpoint: RECEIVED_BAR vt_symbol=NVDA.SMART datetime=2026-05-08T09:45:00+08:00 open=216.2800 close=216.7700 volume=1120018.0
2026-05-11 23:48:57.653 | INFO | Logger | intraday debug checkpoint: RECEIVED_BAR vt_symbol=NVDA.SMART datetime=2026-05-08T09:46:00+08:00 open=216.7800 close=216.7700 volume=1204579.0
2026-05-11 23:48:57.653 | INFO | Logger | intraday debug checkpoint: RECEIVED_BAR vt_symbol=NVDA.SMART datetime=2026-05-08T09:47:00+08:00 open=216.7900 close=216.8750 volume=639084.0
2026-05-11 23:48:57.653 | INFO | Logger | intraday debug checkpoint: RECEIVED_BAR vt_symbol=NVDA.SMART datetime=2026-05-08T09:48:00+08:00 open=216.8750 close=217.3040 volume=829338.0
2026-05-11 23:48:57.653 | INFO | Logger | intraday debug checkpoint: RECEIVED_BAR vt_symbol=NVDA.SMART datetime=2026-05-08T09:49:00+08:00 open=217.2800 close=217.5850 volume=859613.0
2026-05-11 23:48:57.653 | INFO | Logger | intraday debug checkpoint: RECEIVED_BAR vt_symbol=NVDA.SMART datetime=2026-05-08T09:50:00+08:00 open=217.5700 close=217.4300 volume=712908.0
2026-05-11 23:48:57.653 | INFO | Logger | intraday debug checkpoint: RECEIVED_BAR vt_symbol=NVDA.SMART datetime=2026-05-08T09:51:00+08:00 open=217.4492 close=217.3200 volume=759768.0
2026-05-11 23:48:57.653 | INFO | Logger | intraday debug checkpoint: RECEIVED_BAR vt_symbol=NVDA.SMART datetime=2026-05-08T09:52:00+08:00 open=217.3000 close=216.6800 volume=972597.0
2026-05-11 23:48:57.653 | INFO | Logger | intraday debug checkpoint: RECEIVED_BAR vt_symbol=NVDA.SMART datetime=2026-05-08T09:53:00+08:00 open=216.6800 close=217.3450 volume=658536.0
2026-05-11 23:48:57.653 | INFO | Logger | intraday debug checkpoint: RECEIVED_BAR vt_symbol=NVDA.SMART datetime=2026-05-08T09:54:00+08:00 open=217.3450 close=217.2000 volume=739475.0
2026-05-11 23:48:57.653 | INFO | Logger | intraday debug checkpoint: RECEIVED_BAR vt_symbol=NVDA.SMART datetime=2026-05-08T09:55:00+08:00 open=217.1654 close=217.6000 volume=507303.0
2026-05-11 23:48:57.653 | INFO | Logger | intraday debug checkpoint: RECEIVED_BAR vt_symbol=NVDA.SMART datetime=2026-05-08T09:56:00+08:00 open=217.6000 close=217.2950 volume=547898.0
2026-05-11 23:48:57.654 | INFO | Logger | intraday debug checkpoint: RECEIVED_BAR vt_symbol=NVDA.SMART datetime=2026-05-08T09:57:00+08:00 open=217.2950 close=216.8700 volume=547218.0
2026-05-11 23:48:57.654 | INFO | Logger | intraday debug checkpoint: RECEIVED_BAR vt_symbol=NVDA.SMART datetime=2026-05-08T09:58:00+08:00 open=216.8500 close=216.9500 volume=522441.0
2026-05-11 23:48:57.654 | INFO | Logger | intraday debug checkpoint: RECEIVED_BAR vt_symbol=NVDA.SMART datetime=2026-05-08T09:59:00+08:00 open=216.9200 close=217.2500 volume=431531.0
2026-05-11 23:48:57.654 | INFO | Logger | intraday debug checkpoint: RECEIVED_BAR vt_symbol=NVDA.SMART datetime=2026-05-08T10:00:00+08:00 open=217.2250 close=217.6100 volume=673886.0
2026-05-11 23:48:57.654 | INFO | Logger | intraday debug checkpoint: RECEIVED_BAR vt_symbol=NVDA.SMART datetime=2026-05-08T10:01:00+08:00 open=217.6100 close=217.5000 volume=768576.0
2026-05-11 23:48:57.654 | INFO | Logger | intraday debug checkpoint: RECEIVED_BAR vt_symbol=NVDA.SMART datetime=2026-05-08T10:02:00+08:00 open=217.4800 close=216.8850 volume=839211.0
2026-05-11 23:48:57.654 | INFO | Logger | intraday debug checkpoint: RECEIVED_BAR vt_symbol=NVDA.SMART datetime=2026-05-08T10:03:00+08:00 open=216.8800 close=216.9500 volume=473114.0
2026-05-11 23:48:57.654 | INFO | Logger | intraday debug checkpoint: RECEIVED_BAR vt_symbol=NVDA.SMART datetime=2026-05-08T10:04:00+08:00 open=216.9550 close=216.5250 volume=566096.0
2026-05-11 23:48:57.654 | INFO | Logger | intraday debug checkpoint: RECEIVED_BAR vt_symbol=NVDA.SMART datetime=2026-05-08T10:05:00+08:00 open=216.5200 close=216.5450 volume=481969.0
2026-05-11 23:48:57.654 | INFO | Logger | intraday debug checkpoint: RECEIVED_BAR vt_symbol=NVDA.SMART datetime=2026-05-08T10:06:00+08:00 open=216.5450 close=216.4750 volume=447676.0
2026-05-11 23:48:57.654 | INFO | Logger | intraday debug checkpoint: RECEIVED_BAR vt_symbol=NVDA.SMART datetime=2026-05-08T10:07:00+08:00 open=216.4604 close=216.5306 volume=702462.0
2026-05-11 23:48:57.654 | INFO | Logger | intraday debug checkpoint: RECEIVED_BAR vt_symbol=NVDA.SMART datetime=2026-05-08T10:08:00+08:00 open=216.5450 close=216.2390 volume=340052.0
2026-05-11 23:48:57.654 | INFO | Logger | intraday debug checkpoint: RECEIVED_BAR vt_symbol=NVDA.SMART datetime=2026-05-08T10:09:00+08:00 open=216.2384 close=216.4899 volume=396898.0
2026-05-11 23:48:57.654 | INFO | Logger | intraday debug checkpoint: RECEIVED_BAR vt_symbol=NVDA.SMART datetime=2026-05-08T10:10:00+08:00 open=216.4600 close=216.2600 volume=325074.0
2026-05-11 23:48:57.654 | INFO | Logger | intraday debug checkpoint: RECEIVED_BAR vt_symbol=NVDA.SMART datetime=2026-05-08T10:11:00+08:00 open=216.2500 close=215.8514 volume=511694.0
2026-05-11 23:48:57.654 | INFO | Logger | intraday debug checkpoint: RECEIVED_BAR vt_symbol=NVDA.SMART datetime=2026-05-08T10:12:00+08:00 open=215.8699 close=215.9100 volume=507470.0
2026-05-11 23:48:57.654 | INFO | Logger | intraday debug checkpoint: RECEIVED_BAR vt_symbol=NVDA.SMART datetime=2026-05-08T10:13:00+08:00 open=215.9100 close=216.2100 volume=457055.0
2026-05-11 23:48:57.654 | INFO | Logger | intraday debug checkpoint: RECEIVED_BAR vt_symbol=NVDA.SMART datetime=2026-05-08T10:14:00+08:00 open=216.2000 close=216.4100 volume=351338.0
2026-05-11 23:48:57.654 | INFO | Logger | intraday debug checkpoint: RECEIVED_BAR vt_symbol=NVDA.SMART datetime=2026-05-08T10:15:00+08:00 open=216.4100 close=216.0556 volume=560545.0
2026-05-11 23:48:57.654 | INFO | Logger | intraday debug checkpoint: RECEIVED_BAR vt_symbol=NVDA.SMART datetime=2026-05-08T10:16:00+08:00 open=216.0300 close=215.9650 volume=295125.0
2026-05-11 23:48:57.654 | INFO | Logger | intraday debug checkpoint: RECEIVED_BAR vt_symbol=NVDA.SMART datetime=2026-05-08T10:17:00+08:00 open=215.9400 close=215.5300 volume=461832.0
2026-05-11 23:48:57.654 | INFO | Logger | intraday debug checkpoint: RECEIVED_BAR vt_symbol=NVDA.SMART datetime=2026-05-08T10:18:00+08:00 open=215.5201 close=215.4250 volume=697439.0
2026-05-11 23:48:57.654 | INFO | Logger | intraday debug checkpoint: RECEIVED_BAR vt_symbol=NVDA.SMART datetime=2026-05-08T10:19:00+08:00 open=215.4250 close=215.8000 volume=450405.0
2026-05-11 23:48:57.654 | INFO | Logger | intraday debug checkpoint: RECEIVED_BAR vt_symbol=NVDA.SMART datetime=2026-05-08T10:20:00+08:00 open=215.7701 close=215.8750 volume=363303.0
2026-05-11 23:48:57.655 | INFO | Logger | intraday debug checkpoint: RECEIVED_BAR vt_symbol=NVDA.SMART datetime=2026-05-08T10:21:00+08:00 open=215.8999 close=215.8981 volume=351568.0
2026-05-11 23:48:57.655 | INFO | Logger | intraday debug checkpoint: RECEIVED_BAR vt_symbol=NVDA.SMART datetime=2026-05-08T10:22:00+08:00 open=215.8800 close=216.1900 volume=440975.0
2026-05-11 23:48:57.655 | INFO | Logger | intraday debug checkpoint: RECEIVED_BAR vt_symbol=NVDA.SMART datetime=2026-05-08T10:23:00+08:00 open=216.1901 close=216.0850 volume=514608.0
2026-05-11 23:48:57.655 | INFO | Logger | intraday debug checkpoint: RECEIVED_BAR vt_symbol=NVDA.SMART datetime=2026-05-08T10:24:00+08:00 open=216.0850 close=215.6802 volume=505115.0
2026-05-11 23:48:57.655 | INFO | Logger | intraday debug checkpoint: RECEIVED_BAR vt_symbol=NVDA.SMART datetime=2026-05-08T10:25:00+08:00 open=215.6601 close=215.8400 volume=272105.0
2026-05-11 23:48:57.655 | INFO | Logger | intraday debug checkpoint: RECEIVED_BAR vt_symbol=NVDA.SMART datetime=2026-05-08T10:26:00+08:00 open=215.8400 close=216.2300 volume=322741.0
2026-05-11 23:48:57.655 | INFO | Logger | intraday debug checkpoint: RECEIVED_BAR vt_symbol=NVDA.SMART datetime=2026-05-08T10:27:00+08:00 open=216.2300 close=216.2598 volume=380716.0
2026-05-11 23:48:57.655 | INFO | Logger | intraday debug checkpoint: RECEIVED_BAR vt_symbol=NVDA.SMART datetime=2026-05-08T10:28:00+08:00 open=216.2594 close=215.8800 volume=272889.0
2026-05-11 23:48:57.655 | INFO | Logger | intraday debug checkpoint: RECEIVED_BAR vt_symbol=NVDA.SMART datetime=2026-05-08T10:29:00+08:00 open=215.8900 close=215.9300 volume=393617.0
2026-05-11 23:48:57.655 | INFO | Logger | intraday debug checkpoint: RECEIVED_BAR vt_symbol=NVDA.SMART datetime=2026-05-08T10:30:00+08:00 open=215.9240 close=215.2900 volume=384959.0
2026-05-11 23:48:57.655 | INFO | Logger | intraday debug checkpoint: RECEIVED_BAR vt_symbol=NVDA.SMART datetime=2026-05-08T10:31:00+08:00 open=215.3112 close=215.1220 volume=447674.0
2026-05-11 23:48:57.655 | INFO | Logger | intraday debug checkpoint: RECEIVED_BAR vt_symbol=NVDA.SMART datetime=2026-05-08T10:32:00+08:00 open=215.1222 close=215.7201 volume=377229.0
2026-05-11 23:48:57.655 | INFO | Logger | intraday debug checkpoint: RECEIVED_BAR vt_symbol=NVDA.SMART datetime=2026-05-08T10:33:00+08:00 open=215.7201 close=215.5399 volume=393766.0
2026-05-11 23:48:57.655 | INFO | Logger | intraday debug checkpoint: RECEIVED_BAR vt_symbol=NVDA.SMART datetime=2026-05-08T10:34:00+08:00 open=215.5400 close=215.2300 volume=260811.0
2026-05-11 23:48:57.655 | INFO | Logger | intraday debug checkpoint: RECEIVED_BAR vt_symbol=NVDA.SMART datetime=2026-05-08T10:35:00+08:00 open=215.2200 close=215.0300 volume=548391.0
2026-05-11 23:48:57.655 | INFO | Logger | intraday debug checkpoint: RECEIVED_BAR vt_symbol=NVDA.SMART datetime=2026-05-08T10:36:00+08:00 open=215.0100 close=214.5750 volume=544671.0
2026-05-11 23:48:57.655 | INFO | Logger | intraday debug checkpoint: RECEIVED_BAR vt_symbol=NVDA.SMART datetime=2026-05-08T10:37:00+08:00 open=214.5603 close=214.5000 volume=482326.0
2026-05-11 23:48:57.655 | INFO | Logger | intraday debug checkpoint: RECEIVED_BAR vt_symbol=NVDA.SMART datetime=2026-05-08T10:38:00+08:00 open=214.6250 close=214.9600 volume=330819.0
2026-05-11 23:48:57.655 | INFO | Logger | intraday debug checkpoint: RECEIVED_BAR vt_symbol=NVDA.SMART datetime=2026-05-08T10:39:00+08:00 open=214.9546 close=214.9800 volume=265244.0
2026-05-11 23:48:57.655 | INFO | Logger | intraday debug checkpoint: RECEIVED_BAR vt_symbol=NVDA.SMART datetime=2026-05-08T10:40:00+08:00 open=214.9689 close=214.9600 volume=267596.0
2026-05-11 23:48:57.655 | INFO | Logger | intraday debug checkpoint: RECEIVED_BAR vt_symbol=NVDA.SMART datetime=2026-05-08T10:41:00+08:00 open=214.9500 close=214.7000 volume=393878.0
2026-05-11 23:48:57.655 | INFO | Logger | intraday debug checkpoint: RECEIVED_BAR vt_symbol=NVDA.SMART datetime=2026-05-08T10:42:00+08:00 open=214.6900 close=214.8000 volume=356667.0
2026-05-11 23:48:57.655 | INFO | Logger | intraday debug checkpoint: RECEIVED_BAR vt_symbol=NVDA.SMART datetime=2026-05-08T10:43:00+08:00 open=214.7900 close=215.1250 volume=363629.0
2026-05-11 23:48:57.655 | INFO | Logger | intraday debug checkpoint: RECEIVED_BAR vt_symbol=NVDA.SMART datetime=2026-05-08T10:44:00+08:00 open=215.1300 close=215.3800 volume=414011.0
2026-05-11 23:48:57.655 | INFO | Logger | intraday debug checkpoint: RECEIVED_BAR vt_symbol=NVDA.SMART datetime=2026-05-08T10:45:00+08:00 open=215.3900 close=215.3000 volume=332859.0
2026-05-11 23:48:57.655 | INFO | Logger | intraday debug checkpoint: RECEIVED_BAR vt_symbol=NVDA.SMART datetime=2026-05-08T10:46:00+08:00 open=215.2850 close=215.1700 volume=257236.0
2026-05-11 23:48:57.655 | INFO | Logger | intraday debug checkpoint: RECEIVED_BAR vt_symbol=NVDA.SMART datetime=2026-05-08T10:47:00+08:00 open=215.1502 close=215.4300 volume=261364.0
2026-05-11 23:48:57.655 | INFO | Logger | intraday debug checkpoint: RECEIVED_BAR vt_symbol=NVDA.SMART datetime=2026-05-08T10:48:00+08:00 open=215.4300 close=215.3600 volume=285522.0
2026-05-11 23:48:57.655 | INFO | Logger | intraday debug checkpoint: RECEIVED_BAR vt_symbol=NVDA.SMART datetime=2026-05-08T10:49:00+08:00 open=215.3500 close=215.4300 volume=189464.0
2026-05-11 23:48:57.655 | INFO | Logger | intraday debug checkpoint: RECEIVED_BAR vt_symbol=NVDA.SMART datetime=2026-05-08T10:50:00+08:00 open=215.4400 close=215.7199 volume=353479.0
2026-05-11 23:48:57.656 | INFO | Logger | intraday debug checkpoint: RECEIVED_BAR vt_symbol=NVDA.SMART datetime=2026-05-08T10:51:00+08:00 open=215.6900 close=215.6200 volume=238283.0
2026-05-11 23:48:57.656 | INFO | Logger | intraday debug checkpoint: RECEIVED_BAR vt_symbol=NVDA.SMART datetime=2026-05-08T10:52:00+08:00 open=215.6150 close=215.6200 volume=233987.0
2026-05-11 23:48:57.656 | INFO | Logger | intraday debug checkpoint: RECEIVED_BAR vt_symbol=NVDA.SMART datetime=2026-05-08T10:53:00+08:00 open=215.6000 close=215.7800 volume=201194.0
2026-05-11 23:48:57.656 | INFO | Logger | intraday debug checkpoint: RECEIVED_BAR vt_symbol=NVDA.SMART datetime=2026-05-08T10:54:00+08:00 open=215.7600 close=215.8100 volume=292441.0
2026-05-11 23:48:57.656 | INFO | Logger | intraday debug checkpoint: RECEIVED_BAR vt_symbol=NVDA.SMART datetime=2026-05-08T10:55:00+08:00 open=215.8100 close=215.7700 volume=217068.0
2026-05-11 23:48:57.656 | INFO | Logger | intraday debug checkpoint: RECEIVED_BAR vt_symbol=NVDA.SMART datetime=2026-05-08T10:56:00+08:00 open=215.7700 close=215.7859 volume=387710.0
2026-05-11 23:48:57.656 | INFO | Logger | intraday debug checkpoint: RECEIVED_BAR vt_symbol=NVDA.SMART datetime=2026-05-08T10:57:00+08:00 open=215.7600 close=215.8300 volume=242644.0
2026-05-11 23:48:57.656 | INFO | Logger | intraday debug checkpoint: RECEIVED_BAR vt_symbol=NVDA.SMART datetime=2026-05-08T10:58:00+08:00 open=215.8300 close=215.9300 volume=255079.0
2026-05-11 23:48:57.656 | INFO | Logger | intraday debug checkpoint: RECEIVED_BAR vt_symbol=NVDA.SMART datetime=2026-05-08T10:59:00+08:00 open=215.9200 close=216.1900 volume=426913.0
2026-05-11 23:48:57.656 | INFO | Logger | intraday debug checkpoint: RECEIVED_BAR vt_symbol=NVDA.SMART datetime=2026-05-08T11:00:00+08:00 open=216.1801 close=215.9200 volume=288861.0
2026-05-11 23:48:57.656 | INFO | Logger | intraday debug checkpoint: RECEIVED_BAR vt_symbol=NVDA.SMART datetime=2026-05-08T11:01:00+08:00 open=215.9020 close=216.1099 volume=424634.0
2026-05-11 23:48:57.656 | INFO | Logger | intraday debug checkpoint: RECEIVED_BAR vt_symbol=NVDA.SMART datetime=2026-05-08T11:02:00+08:00 open=216.1050 close=215.8100 volume=242953.0
2026-05-11 23:48:57.656 | INFO | Logger | intraday debug checkpoint: RECEIVED_BAR vt_symbol=NVDA.SMART datetime=2026-05-08T11:03:00+08:00 open=215.8100 close=215.9400 volume=254025.0
2026-05-11 23:48:57.656 | INFO | Logger | intraday debug checkpoint: RECEIVED_BAR vt_symbol=NVDA.SMART datetime=2026-05-08T11:04:00+08:00 open=215.9200 close=216.0300 volume=192524.0
2026-05-11 23:48:57.656 | INFO | Logger | intraday debug checkpoint: RECEIVED_BAR vt_symbol=NVDA.SMART datetime=2026-05-08T11:05:00+08:00 open=216.0400 close=215.9600 volume=283574.0
2026-05-11 23:48:57.656 | INFO | Logger | intraday debug checkpoint: RECEIVED_BAR vt_symbol=NVDA.SMART datetime=2026-05-08T11:06:00+08:00 open=215.9799 close=216.1600 volume=211531.0
2026-05-11 23:48:57.656 | INFO | Logger | intraday debug checkpoint: RECEIVED_BAR vt_symbol=NVDA.SMART datetime=2026-05-08T11:07:00+08:00 open=216.1500 close=216.3600 volume=381019.0
2026-05-11 23:48:57.656 | INFO | Logger | intraday debug checkpoint: RECEIVED_BAR vt_symbol=NVDA.SMART datetime=2026-05-08T11:08:00+08:00 open=216.3340 close=216.4100 volume=462520.0
2026-05-11 23:48:57.656 | INFO | Logger | intraday debug checkpoint: RECEIVED_BAR vt_symbol=NVDA.SMART datetime=2026-05-08T11:09:00+08:00 open=216.4100 close=216.3700 volume=220721.0
2026-05-11 23:48:57.656 | INFO | Logger | intraday debug checkpoint: RECEIVED_BAR vt_symbol=NVDA.SMART datetime=2026-05-08T11:10:00+08:00 open=216.3799 close=216.1800 volume=214633.0
2026-05-11 23:48:57.656 | INFO | Logger | intraday debug checkpoint: RECEIVED_BAR vt_symbol=NVDA.SMART datetime=2026-05-08T11:11:00+08:00 open=216.1900 close=216.2500 volume=186427.0
2026-05-11 23:48:57.656 | INFO | Logger | intraday debug checkpoint: RECEIVED_BAR vt_symbol=NVDA.SMART datetime=2026-05-08T11:12:00+08:00 open=216.2600 close=216.4200 volume=413061.0
2026-05-11 23:48:57.656 | INFO | Logger | intraday debug checkpoint: RECEIVED_BAR vt_symbol=NVDA.SMART datetime=2026-05-08T11:13:00+08:00 open=216.4200 close=216.6600 volume=472781.0
2026-05-11 23:48:57.656 | INFO | Logger | intraday debug checkpoint: RECEIVED_BAR vt_symbol=NVDA.SMART datetime=2026-05-08T11:14:00+08:00 open=216.6600 close=216.4197 volume=405003.0
2026-05-11 23:48:57.656 | INFO | Logger | intraday debug checkpoint: RECEIVED_BAR vt_symbol=NVDA.SMART datetime=2026-05-08T11:15:00+08:00 open=216.4001 close=216.3486 volume=270262.0
2026-05-11 23:48:57.656 | INFO | Logger | intraday debug checkpoint: RECEIVED_BAR vt_symbol=NVDA.SMART datetime=2026-05-08T11:16:00+08:00 open=216.3600 close=216.1000 volume=319398.0
2026-05-11 23:48:57.656 | INFO | Logger | intraday debug checkpoint: RECEIVED_BAR vt_symbol=NVDA.SMART datetime=2026-05-08T11:17:00+08:00 open=216.1000 close=215.9201 volume=309722.0
2026-05-11 23:48:57.657 | INFO | Logger | intraday debug checkpoint: RECEIVED_BAR vt_symbol=NVDA.SMART datetime=2026-05-08T11:18:00+08:00 open=215.9350 close=215.7700 volume=377474.0
2026-05-11 23:48:57.657 | INFO | Logger | intraday debug checkpoint: RECEIVED_BAR vt_symbol=NVDA.SMART datetime=2026-05-08T11:19:00+08:00 open=215.7500 close=215.6450 volume=353117.0
2026-05-11 23:48:57.657 | INFO | Logger | intraday debug checkpoint: RECEIVED_BAR vt_symbol=NVDA.SMART datetime=2026-05-08T11:20:00+08:00 open=215.6300 close=215.7500 volume=219927.0
2026-05-11 23:48:57.657 | INFO | Logger | intraday debug checkpoint: RECEIVED_BAR vt_symbol=NVDA.SMART datetime=2026-05-08T11:21:00+08:00 open=215.7250 close=215.9050 volume=170847.0
2026-05-11 23:48:57.657 | INFO | Logger | intraday debug checkpoint: RECEIVED_BAR vt_symbol=NVDA.SMART datetime=2026-05-08T11:22:00+08:00 open=215.9005 close=215.9600 volume=259796.0
2026-05-11 23:48:57.657 | INFO | Logger | intraday debug checkpoint: RECEIVED_BAR vt_symbol=NVDA.SMART datetime=2026-05-08T11:23:00+08:00 open=215.9550 close=215.9300 volume=237451.0
2026-05-11 23:48:57.657 | INFO | Logger | intraday debug checkpoint: RECEIVED_BAR vt_symbol=NVDA.SMART datetime=2026-05-08T11:24:00+08:00 open=215.9300 close=216.0850 volume=273641.0
2026-05-11 23:48:57.657 | INFO | Logger | intraday debug checkpoint: RECEIVED_BAR vt_symbol=NVDA.SMART datetime=2026-05-08T11:25:00+08:00 open=216.1100 close=215.9950 volume=197891.0
2026-05-11 23:48:57.657 | INFO | Logger | intraday debug checkpoint: RECEIVED_BAR vt_symbol=NVDA.SMART datetime=2026-05-08T11:26:00+08:00 open=215.9999 close=215.9602 volume=176864.0
2026-05-11 23:48:57.657 | INFO | Logger | intraday debug checkpoint: RECEIVED_BAR vt_symbol=NVDA.SMART datetime=2026-05-08T11:27:00+08:00 open=215.9400 close=215.9450 volume=189515.0
2026-05-11 23:48:57.657 | INFO | Logger | intraday debug checkpoint: RECEIVED_BAR vt_symbol=NVDA.SMART datetime=2026-05-08T11:28:00+08:00 open=215.9500 close=216.2550 volume=295397.0
2026-05-11 23:48:57.657 | INFO | Logger | intraday debug checkpoint: RECEIVED_BAR vt_symbol=NVDA.SMART datetime=2026-05-08T11:29:00+08:00 open=216.2600 close=216.3150 volume=293030.0
2026-05-11 23:48:57.657 | INFO | Logger | intraday debug checkpoint: RECEIVED_BAR vt_symbol=NVDA.SMART datetime=2026-05-08T11:30:00+08:00 open=216.3100 close=216.2600 volume=131001.0
2026-05-11 23:48:57.657 | INFO | Logger | intraday debug checkpoint: RECEIVED_BAR vt_symbol=NVDA.SMART datetime=2026-05-08T11:31:00+08:00 open=216.2800 close=215.9500 volume=223037.0
2026-05-11 23:48:57.657 | INFO | Logger | intraday debug checkpoint: RECEIVED_BAR vt_symbol=NVDA.SMART datetime=2026-05-08T11:32:00+08:00 open=215.9479 close=216.6800 volume=441993.0
2026-05-11 23:48:57.657 | INFO | Logger | intraday debug checkpoint: RECEIVED_BAR vt_symbol=NVDA.SMART datetime=2026-05-08T11:33:00+08:00 open=216.6600 close=216.5250 volume=359850.0
2026-05-11 23:48:57.657 | INFO | Logger | intraday debug checkpoint: RECEIVED_BAR vt_symbol=NVDA.SMART datetime=2026-05-08T11:34:00+08:00 open=216.5400 close=216.5200 volume=210200.0
2026-05-11 23:48:57.657 | INFO | Logger | intraday debug checkpoint: RECEIVED_BAR vt_symbol=NVDA.SMART datetime=2026-05-08T11:35:00+08:00 open=216.5300 close=216.8340 volume=298075.0
2026-05-11 23:48:57.657 | INFO | Logger | intraday debug checkpoint: RECEIVED_BAR vt_symbol=NVDA.SMART datetime=2026-05-08T11:36:00+08:00 open=216.8500 close=216.9600 volume=371014.0
2026-05-11 23:48:57.657 | INFO | Logger | intraday debug checkpoint: RECEIVED_BAR vt_symbol=NVDA.SMART datetime=2026-05-08T11:37:00+08:00 open=216.9700 close=217.1001 volume=659671.0
2026-05-11 23:48:57.657 | INFO | Logger | intraday debug checkpoint: RECEIVED_BAR vt_symbol=NVDA.SMART datetime=2026-05-08T11:38:00+08:00 open=217.1002 close=217.0200 volume=318125.0
2026-05-11 23:48:57.657 | INFO | Logger | intraday debug checkpoint: RECEIVED_BAR vt_symbol=NVDA.SMART datetime=2026-05-08T11:39:00+08:00 open=217.0200 close=217.0550 volume=305254.0
2026-05-11 23:48:57.657 | INFO | Logger | intraday debug checkpoint: RECEIVED_BAR vt_symbol=NVDA.SMART datetime=2026-05-08T11:40:00+08:00 open=217.0400 close=216.8884 volume=398790.0
2026-05-11 23:48:57.657 | INFO | Logger | intraday debug checkpoint: RECEIVED_BAR vt_symbol=NVDA.SMART datetime=2026-05-08T11:41:00+08:00 open=216.8800 close=216.7538 volume=239014.0
2026-05-11 23:48:57.657 | INFO | Logger | intraday debug checkpoint: RECEIVED_BAR vt_symbol=NVDA.SMART datetime=2026-05-08T11:42:00+08:00 open=216.7500 close=216.4400 volume=266760.0
2026-05-11 23:48:57.657 | INFO | Logger | intraday debug checkpoint: RECEIVED_BAR vt_symbol=NVDA.SMART datetime=2026-05-08T11:43:00+08:00 open=216.4440 close=216.2994 volume=200548.0
2026-05-11 23:48:57.657 | INFO | Logger | intraday debug checkpoint: RECEIVED_BAR vt_symbol=NVDA.SMART datetime=2026-05-08T11:44:00+08:00 open=216.3100 close=216.3300 volume=249055.0
2026-05-11 23:48:57.657 | INFO | Logger | intraday debug checkpoint: RECEIVED_BAR vt_symbol=NVDA.SMART datetime=2026-05-08T11:45:00+08:00 open=216.3367 close=216.3500 volume=160770.0
2026-05-11 23:48:57.658 | INFO | Logger | intraday debug checkpoint: RECEIVED_BAR vt_symbol=NVDA.SMART datetime=2026-05-08T11:46:00+08:00 open=216.3600 close=216.2300 volume=320228.0
2026-05-11 23:48:57.658 | INFO | Logger | intraday debug checkpoint: RECEIVED_BAR vt_symbol=NVDA.SMART datetime=2026-05-08T11:47:00+08:00 open=216.2400 close=216.2300 volume=142697.0
2026-05-11 23:48:57.658 | INFO | Logger | intraday debug checkpoint: RECEIVED_BAR vt_symbol=NVDA.SMART datetime=2026-05-08T11:48:00+08:00 open=216.2300 close=216.4013 volume=378653.0
2026-05-11 23:48:57.658 | INFO | Logger | intraday debug checkpoint: RECEIVED_BAR vt_symbol=NVDA.SMART datetime=2026-05-08T11:49:00+08:00 open=216.4200 close=216.3800 volume=152105.0
2026-05-11 23:48:57.658 | INFO | Logger | intraday debug checkpoint: RECEIVED_BAR vt_symbol=NVDA.SMART datetime=2026-05-08T11:50:00+08:00 open=216.3900 close=216.2899 volume=168855.0
2026-05-11 23:48:57.658 | INFO | Logger | intraday debug checkpoint: RECEIVED_BAR vt_symbol=NVDA.SMART datetime=2026-05-08T11:51:00+08:00 open=216.2800 close=216.3100 volume=124600.0
2026-05-11 23:48:57.658 | INFO | Logger | intraday debug checkpoint: RECEIVED_BAR vt_symbol=NVDA.SMART datetime=2026-05-08T11:52:00+08:00 open=216.2900 close=216.2100 volume=232603.0
2026-05-11 23:48:57.658 | INFO | Logger | intraday debug checkpoint: RECEIVED_BAR vt_symbol=NVDA.SMART datetime=2026-05-08T11:53:00+08:00 open=216.2200 close=216.1068 volume=150232.0
2026-05-11 23:48:57.658 | INFO | Logger | intraday debug checkpoint: RECEIVED_BAR vt_symbol=NVDA.SMART datetime=2026-05-08T11:54:00+08:00 open=216.1000 close=216.1050 volume=151054.0
2026-05-11 23:48:57.658 | INFO | Logger | intraday debug checkpoint: RECEIVED_BAR vt_symbol=NVDA.SMART datetime=2026-05-08T11:55:00+08:00 open=216.1000 close=216.0800 volume=200484.0
2026-05-11 23:48:57.658 | INFO | Logger | intraday debug checkpoint: RECEIVED_BAR vt_symbol=NVDA.SMART datetime=2026-05-08T11:56:00+08:00 open=216.0800 close=215.8200 volume=333035.0
2026-05-11 23:48:57.658 | INFO | Logger | intraday debug checkpoint: RECEIVED_BAR vt_symbol=NVDA.SMART datetime=2026-05-08T11:57:00+08:00 open=215.8000 close=215.9900 volume=162781.0
2026-05-11 23:48:57.658 | INFO | Logger | intraday debug checkpoint: RECEIVED_BAR vt_symbol=NVDA.SMART datetime=2026-05-08T11:58:00+08:00 open=215.9700 close=215.7800 volume=134546.0
2026-05-11 23:48:57.658 | INFO | Logger | intraday debug checkpoint: RECEIVED_BAR vt_symbol=NVDA.SMART datetime=2026-05-08T11:59:00+08:00 open=215.7800 close=215.5600 volume=159953.0
2026-05-11 23:48:57.658 | INFO | Logger | intraday debug checkpoint: RECEIVED_BAR vt_symbol=NVDA.SMART datetime=2026-05-08T12:00:00+08:00 open=215.5500 close=215.5200 volume=186005.0
2026-05-11 23:48:57.658 | INFO | Logger | intraday debug checkpoint: RECEIVED_BAR vt_symbol=NVDA.SMART datetime=2026-05-08T12:01:00+08:00 open=215.4900 close=215.8099 volume=261172.0
2026-05-11 23:48:57.658 | INFO | Logger | intraday debug checkpoint: RECEIVED_BAR vt_symbol=NVDA.SMART datetime=2026-05-08T12:02:00+08:00 open=215.8100 close=215.8900 volume=144123.0
2026-05-11 23:48:57.658 | INFO | Logger | intraday debug checkpoint: RECEIVED_BAR vt_symbol=NVDA.SMART datetime=2026-05-08T12:03:00+08:00 open=215.8999 close=215.8700 volume=111736.0
2026-05-11 23:48:57.658 | INFO | Logger | intraday debug checkpoint: RECEIVED_BAR vt_symbol=NVDA.SMART datetime=2026-05-08T12:04:00+08:00 open=215.8500 close=215.6500 volume=153197.0
2026-05-11 23:48:57.658 | INFO | Logger | intraday debug checkpoint: RECEIVED_BAR vt_symbol=NVDA.SMART datetime=2026-05-08T12:05:00+08:00 open=215.6800 close=215.5700 volume=161311.0
2026-05-11 23:48:57.658 | INFO | Logger | intraday debug checkpoint: RECEIVED_BAR vt_symbol=NVDA.SMART datetime=2026-05-08T12:06:00+08:00 open=215.5700 close=215.5499 volume=184286.0
2026-05-11 23:48:57.658 | INFO | Logger | intraday debug checkpoint: RECEIVED_BAR vt_symbol=NVDA.SMART datetime=2026-05-08T12:07:00+08:00 open=215.5500 close=215.5200 volume=186550.0
2026-05-11 23:48:57.658 | INFO | Logger | intraday debug checkpoint: RECEIVED_BAR vt_symbol=NVDA.SMART datetime=2026-05-08T12:08:00+08:00 open=215.5101 close=215.3600 volume=280885.0
2026-05-11 23:48:57.658 | INFO | Logger | intraday debug checkpoint: RECEIVED_BAR vt_symbol=NVDA.SMART datetime=2026-05-08T12:09:00+08:00 open=215.3600 close=215.3300 volume=260496.0
2026-05-11 23:48:57.659 | INFO | Logger | intraday debug checkpoint: RECEIVED_BAR vt_symbol=NVDA.SMART datetime=2026-05-08T12:10:00+08:00 open=215.3300 close=215.3750 volume=134109.0
2026-05-11 23:48:57.659 | INFO | Logger | intraday debug checkpoint: RECEIVED_BAR vt_symbol=NVDA.SMART datetime=2026-05-08T12:11:00+08:00 open=215.3750 close=215.2600 volume=233087.0
2026-05-11 23:48:57.659 | INFO | Logger | intraday debug checkpoint: RECEIVED_BAR vt_symbol=NVDA.SMART datetime=2026-05-08T12:12:00+08:00 open=215.2476 close=215.2450 volume=248461.0
2026-05-11 23:48:57.659 | INFO | Logger | intraday debug checkpoint: RECEIVED_BAR vt_symbol=NVDA.SMART datetime=2026-05-08T12:13:00+08:00 open=215.2628 close=215.3600 volume=133919.0
2026-05-11 23:48:57.659 | INFO | Logger | intraday debug checkpoint: RECEIVED_BAR vt_symbol=NVDA.SMART datetime=2026-05-08T12:14:00+08:00 open=215.3700 close=215.5200 volume=262876.0
2026-05-11 23:48:57.659 | INFO | Logger | intraday debug checkpoint: RECEIVED_BAR vt_symbol=NVDA.SMART datetime=2026-05-08T12:15:00+08:00 open=215.5050 close=215.4800 volume=219044.0
2026-05-11 23:48:57.659 | INFO | Logger | intraday debug checkpoint: RECEIVED_BAR vt_symbol=NVDA.SMART datetime=2026-05-08T12:16:00+08:00 open=215.4701 close=215.5600 volume=152917.0
2026-05-11 23:48:57.659 | INFO | Logger | intraday debug checkpoint: RECEIVED_BAR vt_symbol=NVDA.SMART datetime=2026-05-08T12:17:00+08:00 open=215.5600 close=215.5450 volume=138341.0
2026-05-11 23:48:57.659 | INFO | Logger | intraday debug checkpoint: RECEIVED_BAR vt_symbol=NVDA.SMART datetime=2026-05-08T12:18:00+08:00 open=215.5590 close=215.4100 volume=143566.0
2026-05-11 23:48:57.659 | INFO | Logger | intraday debug checkpoint: RECEIVED_BAR vt_symbol=NVDA.SMART datetime=2026-05-08T12:19:00+08:00 open=215.4050 close=215.5300 volume=124617.0
2026-05-11 23:48:57.659 | INFO | Logger | intraday debug checkpoint: RECEIVED_BAR vt_symbol=NVDA.SMART datetime=2026-05-08T12:20:00+08:00 open=215.5001 close=215.3500 volume=144981.0
2026-05-11 23:48:57.659 | INFO | Logger | intraday debug checkpoint: RECEIVED_BAR vt_symbol=NVDA.SMART datetime=2026-05-08T12:21:00+08:00 open=215.3500 close=215.5000 volume=120669.0
2026-05-11 23:48:57.659 | INFO | Logger | intraday debug checkpoint: RECEIVED_BAR vt_symbol=NVDA.SMART datetime=2026-05-08T12:22:00+08:00 open=215.4700 close=215.4336 volume=143220.0
2026-05-11 23:48:57.659 | INFO | Logger | intraday debug checkpoint: RECEIVED_BAR vt_symbol=NVDA.SMART datetime=2026-05-08T12:23:00+08:00 open=215.4599 close=215.5995 volume=213997.0
2026-05-11 23:48:57.659 | INFO | Logger | intraday debug checkpoint: RECEIVED_BAR vt_symbol=NVDA.SMART datetime=2026-05-08T12:24:00+08:00 open=215.5900 close=215.5600 volume=170464.0
2026-05-11 23:48:57.659 | INFO | Logger | intraday debug checkpoint: RECEIVED_BAR vt_symbol=NVDA.SMART datetime=2026-05-08T12:25:00+08:00 open=215.5600 close=215.7900 volume=279606.0
2026-05-11 23:48:57.659 | INFO | Logger | intraday debug checkpoint: RECEIVED_BAR vt_symbol=NVDA.SMART datetime=2026-05-08T12:26:00+08:00 open=215.7989 close=215.9600 volume=452190.0
2026-05-11 23:48:57.659 | INFO | Logger | intraday debug checkpoint: RECEIVED_BAR vt_symbol=NVDA.SMART datetime=2026-05-08T12:27:00+08:00 open=215.9799 close=216.1000 volume=252305.0
2026-05-11 23:48:57.659 | INFO | Logger | intraday debug checkpoint: RECEIVED_BAR vt_symbol=NVDA.SMART datetime=2026-05-08T12:28:00+08:00 open=216.1050 close=216.1600 volume=166451.0
2026-05-11 23:48:57.659 | INFO | Logger | intraday debug checkpoint: RECEIVED_BAR vt_symbol=NVDA.SMART datetime=2026-05-08T12:29:00+08:00 open=216.1500 close=216.1200 volume=162225.0
2026-05-11 23:48:57.659 | INFO | Logger | intraday debug checkpoint: RECEIVED_BAR vt_symbol=NVDA.SMART datetime=2026-05-08T12:30:00+08:00 open=216.1200 close=215.8900 volume=184027.0
2026-05-11 23:48:57.659 | INFO | Logger | intraday debug checkpoint: RECEIVED_BAR vt_symbol=NVDA.SMART datetime=2026-05-08T12:31:00+08:00 open=215.9000 close=215.8400 volume=200264.0
2026-05-11 23:48:57.659 | INFO | Logger | intraday debug checkpoint: RECEIVED_BAR vt_symbol=NVDA.SMART datetime=2026-05-08T12:32:00+08:00 open=215.8200 close=215.8200 volume=172559.0
2026-05-11 23:48:57.659 | INFO | Logger | intraday debug checkpoint: RECEIVED_BAR vt_symbol=NVDA.SMART datetime=2026-05-08T12:33:00+08:00 open=215.8200 close=215.9275 volume=226693.0
2026-05-11 23:48:57.659 | INFO | Logger | intraday debug checkpoint: RECEIVED_BAR vt_symbol=NVDA.SMART datetime=2026-05-08T12:34:00+08:00 open=215.9500 close=215.9200 volume=187065.0
2026-05-11 23:48:57.659 | INFO | Logger | intraday debug checkpoint: RECEIVED_BAR vt_symbol=NVDA.SMART datetime=2026-05-08T12:35:00+08:00 open=215.9200 close=215.7800 volume=114818.0
2026-05-11 23:48:57.659 | INFO | Logger | intraday debug checkpoint: RECEIVED_BAR vt_symbol=NVDA.SMART datetime=2026-05-08T12:36:00+08:00 open=215.7850 close=215.4900 volume=135438.0
2026-05-11 23:48:57.660 | INFO | Logger | intraday debug checkpoint: RECEIVED_BAR vt_symbol=NVDA.SMART datetime=2026-05-08T12:37:00+08:00 open=215.4900 close=215.4450 volume=155317.0
2026-05-11 23:48:57.660 | INFO | Logger | intraday debug checkpoint: RECEIVED_BAR vt_symbol=NVDA.SMART datetime=2026-05-08T12:38:00+08:00 open=215.4566 close=215.5650 volume=113332.0
2026-05-11 23:48:57.660 | INFO | Logger | intraday debug checkpoint: RECEIVED_BAR vt_symbol=NVDA.SMART datetime=2026-05-08T12:39:00+08:00 open=215.5600 close=215.5610 volume=134598.0
2026-05-11 23:48:57.660 | INFO | Logger | intraday debug checkpoint: RECEIVED_BAR vt_symbol=NVDA.SMART datetime=2026-05-08T12:40:00+08:00 open=215.5750 close=215.7840 volume=133606.0
2026-05-11 23:48:57.660 | INFO | Logger | intraday debug checkpoint: RECEIVED_BAR vt_symbol=NVDA.SMART datetime=2026-05-08T12:41:00+08:00 open=215.7900 close=215.9300 volume=306772.0
2026-05-11 23:48:57.660 | INFO | Logger | intraday debug checkpoint: RECEIVED_BAR vt_symbol=NVDA.SMART datetime=2026-05-08T12:42:00+08:00 open=215.9300 close=215.7600 volume=169553.0
2026-05-11 23:48:57.660 | INFO | Logger | intraday debug checkpoint: RECEIVED_BAR vt_symbol=NVDA.SMART datetime=2026-05-08T12:43:00+08:00 open=215.7600 close=215.8196 volume=103998.0
2026-05-11 23:48:57.660 | INFO | Logger | intraday debug checkpoint: RECEIVED_BAR vt_symbol=NVDA.SMART datetime=2026-05-08T12:44:00+08:00 open=215.8600 close=215.6550 volume=133838.0
2026-05-11 23:48:57.660 | INFO | Logger | intraday debug checkpoint: RECEIVED_BAR vt_symbol=NVDA.SMART datetime=2026-05-08T12:45:00+08:00 open=215.6516 close=215.6800 volume=93346.0
2026-05-11 23:48:57.660 | INFO | Logger | intraday debug checkpoint: RECEIVED_BAR vt_symbol=NVDA.SMART datetime=2026-05-08T12:46:00+08:00 open=215.6850 close=215.7050 volume=106285.0
2026-05-11 23:48:57.660 | INFO | Logger | intraday debug checkpoint: RECEIVED_BAR vt_symbol=NVDA.SMART datetime=2026-05-08T12:47:00+08:00 open=215.7199 close=215.6400 volume=106490.0
2026-05-11 23:48:57.660 | INFO | Logger | intraday debug checkpoint: RECEIVED_BAR vt_symbol=NVDA.SMART datetime=2026-05-08T12:48:00+08:00 open=215.6450 close=215.5450 volume=106920.0
2026-05-11 23:48:57.660 | INFO | Logger | intraday debug checkpoint: RECEIVED_BAR vt_symbol=NVDA.SMART datetime=2026-05-08T12:49:00+08:00 open=215.5600 close=215.6300 volume=130411.0
2026-05-11 23:48:57.660 | INFO | Logger | intraday debug checkpoint: RECEIVED_BAR vt_symbol=NVDA.SMART datetime=2026-05-08T12:50:00+08:00 open=215.6400 close=215.6700 volume=135013.0
2026-05-11 23:48:57.660 | INFO | Logger | intraday debug checkpoint: RECEIVED_BAR vt_symbol=NVDA.SMART datetime=2026-05-08T12:51:00+08:00 open=215.6600 close=215.3700 volume=269133.0
2026-05-11 23:48:57.660 | INFO | Logger | intraday debug checkpoint: RECEIVED_BAR vt_symbol=NVDA.SMART datetime=2026-05-08T12:52:00+08:00 open=215.3800 close=215.3200 volume=154474.0
2026-05-11 23:48:57.660 | INFO | Logger | intraday debug checkpoint: RECEIVED_BAR vt_symbol=NVDA.SMART datetime=2026-05-08T12:53:00+08:00 open=215.3200 close=215.3400 volume=125625.0
2026-05-11 23:48:57.660 | INFO | Logger | intraday debug checkpoint: RECEIVED_BAR vt_symbol=NVDA.SMART datetime=2026-05-08T12:54:00+08:00 open=215.3500 close=215.4200 volume=110542.0
2026-05-11 23:48:57.660 | INFO | Logger | intraday debug checkpoint: RECEIVED_BAR vt_symbol=NVDA.SMART datetime=2026-05-08T12:55:00+08:00 open=215.4200 close=215.2000 volume=291213.0
2026-05-11 23:48:57.660 | INFO | Logger | intraday debug checkpoint: RECEIVED_BAR vt_symbol=NVDA.SMART datetime=2026-05-08T12:56:00+08:00 open=215.1950 close=215.2700 volume=134752.0
2026-05-11 23:48:57.660 | INFO | Logger | intraday debug checkpoint: RECEIVED_BAR vt_symbol=NVDA.SMART datetime=2026-05-08T12:57:00+08:00 open=215.2600 close=215.1315 volume=153621.0
2026-05-11 23:48:57.660 | INFO | Logger | intraday debug checkpoint: RECEIVED_BAR vt_symbol=NVDA.SMART datetime=2026-05-08T12:58:00+08:00 open=215.1450 close=215.2499 volume=196835.0
2026-05-11 23:48:57.660 | INFO | Logger | intraday debug checkpoint: RECEIVED_BAR vt_symbol=NVDA.SMART datetime=2026-05-08T12:59:00+08:00 open=215.2400 close=215.2201 volume=104611.0
2026-05-11 23:48:57.660 | INFO | Logger | intraday debug checkpoint: RECEIVED_BAR vt_symbol=NVDA.SMART datetime=2026-05-08T13:00:00+08:00 open=215.2210 close=215.2600 volume=107614.0
2026-05-11 23:48:57.660 | INFO | Logger | intraday debug checkpoint: RECEIVED_BAR vt_symbol=NVDA.SMART datetime=2026-05-08T13:01:00+08:00 open=215.2500 close=215.2404 volume=112056.0
2026-05-11 23:48:57.660 | INFO | Logger | intraday debug checkpoint: RECEIVED_BAR vt_symbol=NVDA.SMART datetime=2026-05-08T13:02:00+08:00 open=215.2500 close=215.4056 volume=198179.0
2026-05-11 23:48:57.660 | INFO | Logger | intraday debug checkpoint: RECEIVED_BAR vt_symbol=NVDA.SMART datetime=2026-05-08T13:03:00+08:00 open=215.4200 close=215.6000 volume=245065.0
2026-05-11 23:48:57.660 | INFO | Logger | intraday debug checkpoint: RECEIVED_BAR vt_symbol=NVDA.SMART datetime=2026-05-08T13:04:00+08:00 open=215.5800 close=215.5100 volume=109681.0
2026-05-11 23:48:57.660 | INFO | Logger | intraday debug checkpoint: RECEIVED_BAR vt_symbol=NVDA.SMART datetime=2026-05-08T13:05:00+08:00 open=215.5185 close=215.6001 volume=128515.0
2026-05-11 23:48:57.660 | INFO | Logger | intraday debug checkpoint: RECEIVED_BAR vt_symbol=NVDA.SMART datetime=2026-05-08T13:06:00+08:00 open=215.6000 close=215.4799 volume=116972.0
2026-05-11 23:48:57.661 | INFO | Logger | intraday debug checkpoint: RECEIVED_BAR vt_symbol=NVDA.SMART datetime=2026-05-08T13:07:00+08:00 open=215.5000 close=215.3800 volume=110826.0
2026-05-11 23:48:57.661 | INFO | Logger | intraday debug checkpoint: RECEIVED_BAR vt_symbol=NVDA.SMART datetime=2026-05-08T13:08:00+08:00 open=215.4150 close=215.4300 volume=110928.0
2026-05-11 23:48:57.661 | INFO | Logger | intraday debug checkpoint: RECEIVED_BAR vt_symbol=NVDA.SMART datetime=2026-05-08T13:09:00+08:00 open=215.4200 close=215.1200 volume=172129.0
2026-05-11 23:48:57.661 | INFO | Logger | intraday debug checkpoint: RECEIVED_BAR vt_symbol=NVDA.SMART datetime=2026-05-08T13:10:00+08:00 open=215.1100 close=215.4000 volume=134406.0
2026-05-11 23:48:57.661 | INFO | Logger | intraday debug checkpoint: RECEIVED_BAR vt_symbol=NVDA.SMART datetime=2026-05-08T13:11:00+08:00 open=215.4092 close=215.3850 volume=115788.0
2026-05-11 23:48:57.661 | INFO | Logger | intraday debug checkpoint: RECEIVED_BAR vt_symbol=NVDA.SMART datetime=2026-05-08T13:12:00+08:00 open=215.3850 close=215.4050 volume=144049.0
2026-05-11 23:48:57.661 | INFO | Logger | intraday debug checkpoint: RECEIVED_BAR vt_symbol=NVDA.SMART datetime=2026-05-08T13:13:00+08:00 open=215.4150 close=215.4200 volume=161668.0
2026-05-11 23:48:57.661 | INFO | Logger | intraday debug checkpoint: RECEIVED_BAR vt_symbol=NVDA.SMART datetime=2026-05-08T13:14:00+08:00 open=215.4100 close=215.5500 volume=83180.0
2026-05-11 23:48:57.661 | INFO | Logger | intraday debug checkpoint: RECEIVED_BAR vt_symbol=NVDA.SMART datetime=2026-05-08T13:15:00+08:00 open=215.5500 close=215.4900 volume=102905.0
2026-05-11 23:48:57.661 | INFO | Logger | intraday debug checkpoint: RECEIVED_BAR vt_symbol=NVDA.SMART datetime=2026-05-08T13:16:00+08:00 open=215.4900 close=215.5250 volume=108743.0
2026-05-11 23:48:57.661 | INFO | Logger | intraday debug checkpoint: RECEIVED_BAR vt_symbol=NVDA.SMART datetime=2026-05-08T13:17:00+08:00 open=215.5250 close=215.5863 volume=89041.0
2026-05-11 23:48:57.661 | INFO | Logger | intraday debug checkpoint: RECEIVED_BAR vt_symbol=NVDA.SMART datetime=2026-05-08T13:18:00+08:00 open=215.5750 close=215.4600 volume=164820.0
2026-05-11 23:48:57.661 | INFO | Logger | intraday debug checkpoint: RECEIVED_BAR vt_symbol=NVDA.SMART datetime=2026-05-08T13:19:00+08:00 open=215.4400 close=215.6700 volume=113085.0
2026-05-11 23:48:57.661 | INFO | Logger | intraday debug checkpoint: RECEIVED_BAR vt_symbol=NVDA.SMART datetime=2026-05-08T13:20:00+08:00 open=215.6600 close=215.7600 volume=141540.0
2026-05-11 23:48:57.661 | INFO | Logger | intraday debug checkpoint: RECEIVED_BAR vt_symbol=NVDA.SMART datetime=2026-05-08T13:21:00+08:00 open=215.7300 close=215.6600 volume=123947.0
2026-05-11 23:48:57.661 | INFO | Logger | intraday debug checkpoint: RECEIVED_BAR vt_symbol=NVDA.SMART datetime=2026-05-08T13:22:00+08:00 open=215.6600 close=216.0100 volume=335293.0
2026-05-11 23:48:57.661 | INFO | Logger | intraday debug checkpoint: RECEIVED_BAR vt_symbol=NVDA.SMART datetime=2026-05-08T13:23:00+08:00 open=216.0050 close=215.8599 volume=162185.0
2026-05-11 23:48:57.661 | INFO | Logger | intraday debug checkpoint: RECEIVED_BAR vt_symbol=NVDA.SMART datetime=2026-05-08T13:24:00+08:00 open=215.8500 close=215.8050 volume=97797.0
2026-05-11 23:48:57.661 | INFO | Logger | intraday debug checkpoint: RECEIVED_BAR vt_symbol=NVDA.SMART datetime=2026-05-08T13:25:00+08:00 open=215.8000 close=215.8000 volume=130907.0
2026-05-11 23:48:57.661 | INFO | Logger | intraday debug checkpoint: RECEIVED_BAR vt_symbol=NVDA.SMART datetime=2026-05-08T13:26:00+08:00 open=215.8000 close=215.7100 volume=115211.0
2026-05-11 23:48:57.661 | INFO | Logger | intraday debug checkpoint: RECEIVED_BAR vt_symbol=NVDA.SMART datetime=2026-05-08T13:27:00+08:00 open=215.7150 close=215.4850 volume=169282.0
2026-05-11 23:48:57.661 | INFO | Logger | intraday debug checkpoint: RECEIVED_BAR vt_symbol=NVDA.SMART datetime=2026-05-08T13:28:00+08:00 open=215.4850 close=215.5750 volume=130500.0
2026-05-11 23:48:57.661 | INFO | Logger | intraday debug checkpoint: RECEIVED_BAR vt_symbol=NVDA.SMART datetime=2026-05-08T13:29:00+08:00 open=215.5900 close=215.6900 volume=117662.0
2026-05-11 23:48:57.661 | INFO | Logger | intraday debug checkpoint: RECEIVED_BAR vt_symbol=NVDA.SMART datetime=2026-05-08T13:30:00+08:00 open=215.6900 close=215.6750 volume=140013.0
2026-05-11 23:48:57.661 | INFO | Logger | intraday debug checkpoint: RECEIVED_BAR vt_symbol=NVDA.SMART datetime=2026-05-08T13:31:00+08:00 open=215.6850 close=215.6300 volume=137196.0
2026-05-11 23:48:57.662 | INFO | Logger | intraday debug checkpoint: RECEIVED_BAR vt_symbol=NVDA.SMART datetime=2026-05-08T13:32:00+08:00 open=215.6300 close=215.6599 volume=93184.0
2026-05-11 23:48:57.662 | INFO | Logger | intraday debug checkpoint: RECEIVED_BAR vt_symbol=NVDA.SMART datetime=2026-05-08T13:33:00+08:00 open=215.6600 close=215.6100 volume=148258.0
2026-05-11 23:48:57.662 | INFO | Logger | intraday debug checkpoint: RECEIVED_BAR vt_symbol=NVDA.SMART datetime=2026-05-08T13:34:00+08:00 open=215.6100 close=215.5250 volume=72398.0
2026-05-11 23:48:57.662 | INFO | Logger | intraday debug checkpoint: RECEIVED_BAR vt_symbol=NVDA.SMART datetime=2026-05-08T13:35:00+08:00 open=215.5250 close=215.6300 volume=131986.0
2026-05-11 23:48:57.662 | INFO | Logger | intraday debug checkpoint: RECEIVED_BAR vt_symbol=NVDA.SMART datetime=2026-05-08T13:36:00+08:00 open=215.6400 close=215.5800 volume=122018.0
2026-05-11 23:48:57.662 | INFO | Logger | intraday debug checkpoint: RECEIVED_BAR vt_symbol=NVDA.SMART datetime=2026-05-08T13:37:00+08:00 open=215.5700 close=215.4900 volume=136706.0
2026-05-11 23:48:57.662 | INFO | Logger | intraday debug checkpoint: RECEIVED_BAR vt_symbol=NVDA.SMART datetime=2026-05-08T13:38:00+08:00 open=215.4999 close=215.4000 volume=168632.0
2026-05-11 23:48:57.662 | INFO | Logger | intraday debug checkpoint: RECEIVED_BAR vt_symbol=NVDA.SMART datetime=2026-05-08T13:39:00+08:00 open=215.3900 close=215.4550 volume=132933.0
2026-05-11 23:48:57.662 | INFO | Logger | intraday debug checkpoint: RECEIVED_BAR vt_symbol=NVDA.SMART datetime=2026-05-08T13:40:00+08:00 open=215.4650 close=215.3400 volume=100839.0
2026-05-11 23:48:57.662 | INFO | Logger | intraday debug checkpoint: RECEIVED_BAR vt_symbol=NVDA.SMART datetime=2026-05-08T13:41:00+08:00 open=215.3400 close=215.6000 volume=150084.0
2026-05-11 23:48:57.662 | INFO | Logger | intraday debug checkpoint: RECEIVED_BAR vt_symbol=NVDA.SMART datetime=2026-05-08T13:42:00+08:00 open=215.6000 close=215.5000 volume=104900.0
2026-05-11 23:48:57.662 | INFO | Logger | intraday debug checkpoint: RECEIVED_BAR vt_symbol=NVDA.SMART datetime=2026-05-08T13:43:00+08:00 open=215.5250 close=215.5100 volume=84137.0
2026-05-11 23:48:57.662 | INFO | Logger | intraday debug checkpoint: RECEIVED_BAR vt_symbol=NVDA.SMART datetime=2026-05-08T13:44:00+08:00 open=215.5150 close=215.2600 volume=187325.0
2026-05-11 23:48:57.662 | INFO | Logger | intraday debug checkpoint: RECEIVED_BAR vt_symbol=NVDA.SMART datetime=2026-05-08T13:45:00+08:00 open=215.2500 close=215.2650 volume=97112.0
2026-05-11 23:48:57.662 | INFO | Logger | intraday debug checkpoint: RECEIVED_BAR vt_symbol=NVDA.SMART datetime=2026-05-08T13:46:00+08:00 open=215.2600 close=215.2205 volume=90746.0
2026-05-11 23:48:57.662 | INFO | Logger | intraday debug checkpoint: RECEIVED_BAR vt_symbol=NVDA.SMART datetime=2026-05-08T13:47:00+08:00 open=215.2100 close=215.3400 volume=120345.0
2026-05-11 23:48:57.662 | INFO | Logger | intraday debug checkpoint: RECEIVED_BAR vt_symbol=NVDA.SMART datetime=2026-05-08T13:48:00+08:00 open=215.3500 close=215.1700 volume=185698.0
2026-05-11 23:48:57.662 | INFO | Logger | intraday debug checkpoint: RECEIVED_BAR vt_symbol=NVDA.SMART datetime=2026-05-08T13:49:00+08:00 open=215.1700 close=215.2851 volume=122201.0
2026-05-11 23:48:57.662 | INFO | Logger | intraday debug checkpoint: RECEIVED_BAR vt_symbol=NVDA.SMART datetime=2026-05-08T13:50:00+08:00 open=215.3000 close=215.1888 volume=88334.0
2026-05-11 23:48:57.662 | INFO | Logger | intraday debug checkpoint: RECEIVED_BAR vt_symbol=NVDA.SMART datetime=2026-05-08T13:51:00+08:00 open=215.1701 close=215.1150 volume=368849.0
2026-05-11 23:48:57.662 | INFO | Logger | intraday debug checkpoint: RECEIVED_BAR vt_symbol=NVDA.SMART datetime=2026-05-08T13:52:00+08:00 open=215.0900 close=214.9850 volume=261067.0
2026-05-11 23:48:57.662 | INFO | Logger | intraday debug checkpoint: RECEIVED_BAR vt_symbol=NVDA.SMART datetime=2026-05-08T13:53:00+08:00 open=214.9850 close=215.0000 volume=179873.0
2026-05-11 23:48:57.662 | INFO | Logger | intraday debug checkpoint: RECEIVED_BAR vt_symbol=NVDA.SMART datetime=2026-05-08T13:54:00+08:00 open=214.9989 close=215.1300 volume=150096.0
2026-05-11 23:48:57.662 | INFO | Logger | intraday debug checkpoint: RECEIVED_BAR vt_symbol=NVDA.SMART datetime=2026-05-08T13:55:00+08:00 open=215.1455 close=215.1100 volume=101888.0
2026-05-11 23:48:57.662 | INFO | Logger | intraday debug checkpoint: RECEIVED_BAR vt_symbol=NVDA.SMART datetime=2026-05-08T13:56:00+08:00 open=215.0950 close=215.0900 volume=98855.0
2026-05-11 23:48:57.663 | INFO | Logger | intraday debug checkpoint: RECEIVED_BAR vt_symbol=NVDA.SMART datetime=2026-05-08T13:57:00+08:00 open=215.0900 close=215.2450 volume=122255.0
2026-05-11 23:48:57.663 | INFO | Logger | intraday debug checkpoint: RECEIVED_BAR vt_symbol=NVDA.SMART datetime=2026-05-08T13:58:00+08:00 open=215.2500 close=215.1900 volume=1096178.0
2026-05-11 23:48:57.663 | INFO | Logger | intraday debug checkpoint: RECEIVED_BAR vt_symbol=NVDA.SMART datetime=2026-05-08T13:59:00+08:00 open=215.2000 close=215.1450 volume=88926.0
2026-05-11 23:48:57.663 | INFO | Logger | intraday debug checkpoint: RECEIVED_BAR vt_symbol=NVDA.SMART datetime=2026-05-08T14:00:00+08:00 open=215.1522 close=214.9500 volume=168662.0
2026-05-11 23:48:57.663 | INFO | Logger | intraday debug checkpoint: RECEIVED_BAR vt_symbol=NVDA.SMART datetime=2026-05-08T14:01:00+08:00 open=214.9500 close=215.2700 volume=277732.0
2026-05-11 23:48:57.663 | INFO | Logger | intraday debug checkpoint: RECEIVED_BAR vt_symbol=NVDA.SMART datetime=2026-05-08T14:02:00+08:00 open=215.3100 close=215.4262 volume=131081.0
2026-05-11 23:48:57.663 | INFO | Logger | intraday debug checkpoint: RECEIVED_BAR vt_symbol=NVDA.SMART datetime=2026-05-08T14:03:00+08:00 open=215.4150 close=215.3780 volume=126558.0
2026-05-11 23:48:57.663 | INFO | Logger | intraday debug checkpoint: RECEIVED_BAR vt_symbol=NVDA.SMART datetime=2026-05-08T14:04:00+08:00 open=215.3700 close=215.3100 volume=96891.0
2026-05-11 23:48:57.663 | INFO | Logger | intraday debug checkpoint: RECEIVED_BAR vt_symbol=NVDA.SMART datetime=2026-05-08T14:05:00+08:00 open=215.3000 close=215.4500 volume=220187.0
2026-05-11 23:48:57.663 | INFO | Logger | intraday debug checkpoint: RECEIVED_BAR vt_symbol=NVDA.SMART datetime=2026-05-08T14:06:00+08:00 open=215.4600 close=215.7200 volume=173304.0
2026-05-11 23:48:57.663 | INFO | Logger | intraday debug checkpoint: RECEIVED_BAR vt_symbol=NVDA.SMART datetime=2026-05-08T14:07:00+08:00 open=215.7250 close=215.6600 volume=180308.0
2026-05-11 23:48:57.663 | INFO | Logger | intraday debug checkpoint: RECEIVED_BAR vt_symbol=NVDA.SMART datetime=2026-05-08T14:08:00+08:00 open=215.6600 close=215.5100 volume=145420.0
2026-05-11 23:48:57.663 | INFO | Logger | intraday debug checkpoint: RECEIVED_BAR vt_symbol=NVDA.SMART datetime=2026-05-08T14:09:00+08:00 open=215.5100 close=215.4950 volume=151404.0
2026-05-11 23:48:57.663 | INFO | Logger | intraday debug checkpoint: RECEIVED_BAR vt_symbol=NVDA.SMART datetime=2026-05-08T14:10:00+08:00 open=215.5000 close=215.3400 volume=160785.0
2026-05-11 23:48:57.663 | INFO | Logger | intraday debug checkpoint: RECEIVED_BAR vt_symbol=NVDA.SMART datetime=2026-05-08T14:11:00+08:00 open=215.3400 close=215.1550 volume=155227.0
2026-05-11 23:48:57.663 | INFO | Logger | intraday debug checkpoint: RECEIVED_BAR vt_symbol=NVDA.SMART datetime=2026-05-08T14:12:00+08:00 open=215.1560 close=215.0900 volume=90102.0
2026-05-11 23:48:57.663 | INFO | Logger | intraday debug checkpoint: RECEIVED_BAR vt_symbol=NVDA.SMART datetime=2026-05-08T14:13:00+08:00 open=215.0950 close=215.1810 volume=170370.0
2026-05-11 23:48:57.663 | INFO | Logger | intraday debug checkpoint: RECEIVED_BAR vt_symbol=NVDA.SMART datetime=2026-05-08T14:14:00+08:00 open=215.1900 close=215.3400 volume=182632.0
2026-05-11 23:48:57.663 | INFO | Logger | intraday debug checkpoint: RECEIVED_BAR vt_symbol=NVDA.SMART datetime=2026-05-08T14:15:00+08:00 open=215.3400 close=215.3000 volume=93152.0
2026-05-11 23:48:57.663 | INFO | Logger | intraday debug checkpoint: RECEIVED_BAR vt_symbol=NVDA.SMART datetime=2026-05-08T14:16:00+08:00 open=215.3100 close=215.2000 volume=117768.0
2026-05-11 23:48:57.663 | INFO | Logger | intraday debug checkpoint: RECEIVED_BAR vt_symbol=NVDA.SMART datetime=2026-05-08T14:17:00+08:00 open=215.2000 close=215.2700 volume=99623.0
2026-05-11 23:48:57.664 | INFO | Logger | intraday debug checkpoint: RECEIVED_BAR vt_symbol=NVDA.SMART datetime=2026-05-08T14:18:00+08:00 open=215.2800 close=215.3600 volume=99406.0
2026-05-11 23:48:57.664 | INFO | Logger | intraday debug checkpoint: RECEIVED_BAR vt_symbol=NVDA.SMART datetime=2026-05-08T14:19:00+08:00 open=215.3620 close=215.3600 volume=92868.0
2026-05-11 23:48:57.664 | INFO | Logger | intraday debug checkpoint: RECEIVED_BAR vt_symbol=NVDA.SMART datetime=2026-05-08T14:20:00+08:00 open=215.3501 close=215.3410 volume=74462.0
2026-05-11 23:48:57.664 | INFO | Logger | intraday debug checkpoint: RECEIVED_BAR vt_symbol=NVDA.SMART datetime=2026-05-08T14:21:00+08:00 open=215.3400 close=215.5600 volume=155771.0
2026-05-11 23:48:57.664 | INFO | Logger | intraday debug checkpoint: RECEIVED_BAR vt_symbol=NVDA.SMART datetime=2026-05-08T14:22:00+08:00 open=215.5800 close=215.4599 volume=105225.0
2026-05-11 23:48:57.664 | INFO | Logger | intraday debug checkpoint: RECEIVED_BAR vt_symbol=NVDA.SMART datetime=2026-05-08T14:23:00+08:00 open=215.4577 close=215.5450 volume=89623.0
2026-05-11 23:48:57.664 | INFO | Logger | intraday debug checkpoint: RECEIVED_BAR vt_symbol=NVDA.SMART datetime=2026-05-08T14:24:00+08:00 open=215.5500 close=215.5499 volume=98714.0
2026-05-11 23:48:57.664 | INFO | Logger | intraday debug checkpoint: RECEIVED_BAR vt_symbol=NVDA.SMART datetime=2026-05-08T14:25:00+08:00 open=215.5500 close=215.5600 volume=110604.0
2026-05-11 23:48:57.664 | INFO | Logger | intraday debug checkpoint: RECEIVED_BAR vt_symbol=NVDA.SMART datetime=2026-05-08T14:26:00+08:00 open=215.5700 close=215.5150 volume=74744.0
2026-05-11 23:48:57.664 | INFO | Logger | intraday debug checkpoint: RECEIVED_BAR vt_symbol=NVDA.SMART datetime=2026-05-08T14:27:00+08:00 open=215.5250 close=215.4400 volume=116110.0
2026-05-11 23:48:57.664 | INFO | Logger | intraday debug checkpoint: RECEIVED_BAR vt_symbol=NVDA.SMART datetime=2026-05-08T14:28:00+08:00 open=215.4400 close=215.4850 volume=71971.0
2026-05-11 23:48:57.664 | INFO | Logger | intraday debug checkpoint: RECEIVED_BAR vt_symbol=NVDA.SMART datetime=2026-05-08T14:29:00+08:00 open=215.4850 close=215.4300 volume=81131.0
2026-05-11 23:48:57.664 | INFO | Logger | intraday debug checkpoint: RECEIVED_BAR vt_symbol=NVDA.SMART datetime=2026-05-08T14:30:00+08:00 open=215.4300 close=215.3630 volume=129361.0
2026-05-11 23:48:57.664 | INFO | Logger | intraday debug checkpoint: RECEIVED_BAR vt_symbol=NVDA.SMART datetime=2026-05-08T14:31:00+08:00 open=215.3650 close=215.3900 volume=80047.0
2026-05-11 23:48:57.664 | INFO | Logger | intraday debug checkpoint: RECEIVED_BAR vt_symbol=NVDA.SMART datetime=2026-05-08T14:32:00+08:00 open=215.3900 close=215.3800 volume=86761.0
2026-05-11 23:48:57.664 | INFO | Logger | intraday debug checkpoint: RECEIVED_BAR vt_symbol=NVDA.SMART datetime=2026-05-08T14:33:00+08:00 open=215.3800 close=215.3800 volume=78084.0
2026-05-11 23:48:57.664 | INFO | Logger | intraday debug checkpoint: RECEIVED_BAR vt_symbol=NVDA.SMART datetime=2026-05-08T14:34:00+08:00 open=215.3800 close=215.3300 volume=113935.0
2026-05-11 23:48:57.664 | INFO | Logger | intraday debug checkpoint: RECEIVED_BAR vt_symbol=NVDA.SMART datetime=2026-05-08T14:35:00+08:00 open=215.3500 close=215.2900 volume=107801.0
2026-05-11 23:48:57.665 | INFO | Logger | intraday debug checkpoint: RECEIVED_BAR vt_symbol=NVDA.SMART datetime=2026-05-08T14:36:00+08:00 open=215.3100 close=215.3700 volume=100462.0
2026-05-11 23:48:57.665 | INFO | Logger | intraday debug checkpoint: RECEIVED_BAR vt_symbol=NVDA.SMART datetime=2026-05-08T14:37:00+08:00 open=215.3600 close=215.3650 volume=102242.0
2026-05-11 23:48:57.665 | INFO | Logger | intraday debug checkpoint: RECEIVED_BAR vt_symbol=NVDA.SMART datetime=2026-05-08T14:38:00+08:00 open=215.3700 close=215.3700 volume=98417.0
2026-05-11 23:48:57.665 | INFO | Logger | intraday debug checkpoint: RECEIVED_BAR vt_symbol=NVDA.SMART datetime=2026-05-08T14:39:00+08:00 open=215.3500 close=215.3500 volume=81561.0
2026-05-11 23:48:57.665 | INFO | Logger | intraday debug checkpoint: RECEIVED_BAR vt_symbol=NVDA.SMART datetime=2026-05-08T14:40:00+08:00 open=215.3600 close=215.3599 volume=96120.0
2026-05-11 23:48:57.665 | INFO | Logger | intraday debug checkpoint: RECEIVED_BAR vt_symbol=NVDA.SMART datetime=2026-05-08T14:41:00+08:00 open=215.3400 close=215.2700 volume=87129.0
2026-05-11 23:48:57.665 | INFO | Logger | intraday debug checkpoint: RECEIVED_BAR vt_symbol=NVDA.SMART datetime=2026-05-08T14:42:00+08:00 open=215.2600 close=215.2099 volume=153167.0
2026-05-11 23:48:57.665 | INFO | Logger | intraday debug checkpoint: RECEIVED_BAR vt_symbol=NVDA.SMART datetime=2026-05-08T14:43:00+08:00 open=215.1950 close=215.2300 volume=96484.0
2026-05-11 23:48:57.665 | INFO | Logger | intraday debug checkpoint: RECEIVED_BAR vt_symbol=NVDA.SMART datetime=2026-05-08T14:44:00+08:00 open=215.2250 close=215.2900 volume=90121.0
2026-05-11 23:48:57.665 | INFO | Logger | intraday debug checkpoint: RECEIVED_BAR vt_symbol=NVDA.SMART datetime=2026-05-08T14:45:00+08:00 open=215.3000 close=215.1200 volume=94869.0
2026-05-11 23:48:57.665 | INFO | Logger | intraday debug checkpoint: RECEIVED_BAR vt_symbol=NVDA.SMART datetime=2026-05-08T14:46:00+08:00 open=215.1200 close=215.1800 volume=136700.0
2026-05-11 23:48:57.665 | INFO | Logger | intraday debug checkpoint: RECEIVED_BAR vt_symbol=NVDA.SMART datetime=2026-05-08T14:47:00+08:00 open=215.1804 close=215.1600 volume=108318.0
2026-05-11 23:48:57.665 | INFO | Logger | intraday debug checkpoint: RECEIVED_BAR vt_symbol=NVDA.SMART datetime=2026-05-08T14:48:00+08:00 open=215.1600 close=215.1300 volume=194561.0
2026-05-11 23:48:57.665 | INFO | Logger | intraday debug checkpoint: RECEIVED_BAR vt_symbol=NVDA.SMART datetime=2026-05-08T14:49:00+08:00 open=215.1300 close=215.1600 volume=91859.0
2026-05-11 23:48:57.665 | INFO | Logger | intraday debug checkpoint: RECEIVED_BAR vt_symbol=NVDA.SMART datetime=2026-05-08T14:50:00+08:00 open=215.1600 close=215.1200 volume=103029.0
2026-05-11 23:48:57.665 | INFO | Logger | intraday debug checkpoint: RECEIVED_BAR vt_symbol=NVDA.SMART datetime=2026-05-08T14:51:00+08:00 open=215.1100 close=215.1100 volume=106427.0
2026-05-11 23:48:57.665 | INFO | Logger | intraday debug checkpoint: RECEIVED_BAR vt_symbol=NVDA.SMART datetime=2026-05-08T14:52:00+08:00 open=215.1050 close=215.1150 volume=120784.0
2026-05-11 23:48:57.665 | INFO | Logger | intraday debug checkpoint: RECEIVED_BAR vt_symbol=NVDA.SMART datetime=2026-05-08T14:53:00+08:00 open=215.1200 close=215.1950 volume=113663.0
2026-05-11 23:48:57.665 | INFO | Logger | intraday debug checkpoint: RECEIVED_BAR vt_symbol=NVDA.SMART datetime=2026-05-08T14:54:00+08:00 open=215.2000 close=215.2300 volume=148630.0
2026-05-11 23:48:57.666 | INFO | Logger | intraday debug checkpoint: RECEIVED_BAR vt_symbol=NVDA.SMART datetime=2026-05-08T14:55:00+08:00 open=215.2301 close=215.2000 volume=162809.0
2026-05-11 23:48:57.666 | INFO | Logger | intraday debug checkpoint: RECEIVED_BAR vt_symbol=NVDA.SMART datetime=2026-05-08T14:56:00+08:00 open=215.2100 close=214.9850 volume=306609.0
2026-05-11 23:48:57.666 | INFO | Logger | intraday debug checkpoint: RECEIVED_BAR vt_symbol=NVDA.SMART datetime=2026-05-08T14:57:00+08:00 open=214.9900 close=215.3799 volume=253932.0
2026-05-11 23:48:57.666 | INFO | Logger | intraday debug checkpoint: RECEIVED_BAR vt_symbol=NVDA.SMART datetime=2026-05-08T14:58:00+08:00 open=215.3601 close=215.3501 volume=184521.0
2026-05-11 23:48:57.666 | INFO | Logger | intraday debug checkpoint: RECEIVED_BAR vt_symbol=NVDA.SMART datetime=2026-05-08T14:59:00+08:00 open=215.3550 close=215.3970 volume=167015.0
2026-05-11 23:48:57.666 | INFO | Logger | intraday debug checkpoint: RECEIVED_BAR vt_symbol=NVDA.SMART datetime=2026-05-08T15:00:00+08:00 open=215.3800 close=215.0700 volume=180745.0
2026-05-11 23:48:57.666 | INFO | Logger | intraday debug checkpoint: RECEIVED_BAR vt_symbol=NVDA.SMART datetime=2026-05-08T15:01:00+08:00 open=215.0646 close=215.1900 volume=145832.0
2026-05-11 23:48:57.666 | INFO | Logger | intraday debug checkpoint: RECEIVED_BAR vt_symbol=NVDA.SMART datetime=2026-05-08T15:02:00+08:00 open=215.1804 close=215.1599 volume=116338.0
2026-05-11 23:48:57.666 | INFO | Logger | intraday debug checkpoint: RECEIVED_BAR vt_symbol=NVDA.SMART datetime=2026-05-08T15:03:00+08:00 open=215.1301 close=215.2550 volume=194377.0
2026-05-11 23:48:57.666 | INFO | Logger | intraday debug checkpoint: RECEIVED_BAR vt_symbol=NVDA.SMART datetime=2026-05-08T15:04:00+08:00 open=215.2550 close=215.2700 volume=132512.0
2026-05-11 23:48:57.666 | INFO | Logger | intraday debug checkpoint: RECEIVED_BAR vt_symbol=NVDA.SMART datetime=2026-05-08T15:05:00+08:00 open=215.2750 close=215.4200 volume=302319.0
2026-05-11 23:48:57.666 | INFO | Logger | intraday debug checkpoint: RECEIVED_BAR vt_symbol=NVDA.SMART datetime=2026-05-08T15:06:00+08:00 open=215.4130 close=215.3456 volume=123498.0
2026-05-11 23:48:57.666 | INFO | Logger | intraday debug checkpoint: RECEIVED_BAR vt_symbol=NVDA.SMART datetime=2026-05-08T15:07:00+08:00 open=215.3230 close=215.5600 volume=250680.0
2026-05-11 23:48:57.666 | INFO | Logger | intraday debug checkpoint: RECEIVED_BAR vt_symbol=NVDA.SMART datetime=2026-05-08T15:08:00+08:00 open=215.5819 close=215.6900 volume=238322.0
2026-05-11 23:48:57.666 | INFO | Logger | intraday debug checkpoint: RECEIVED_BAR vt_symbol=NVDA.SMART datetime=2026-05-08T15:09:00+08:00 open=215.6800 close=215.7400 volume=215245.0
2026-05-11 23:48:57.666 | INFO | Logger | intraday debug checkpoint: RECEIVED_BAR vt_symbol=NVDA.SMART datetime=2026-05-08T15:10:00+08:00 open=215.7400 close=215.6400 volume=263204.0
2026-05-11 23:48:57.666 | INFO | Logger | intraday debug checkpoint: RECEIVED_BAR vt_symbol=NVDA.SMART datetime=2026-05-08T15:11:00+08:00 open=215.6500 close=215.6000 volume=169121.0
2026-05-11 23:48:57.666 | INFO | Logger | intraday debug checkpoint: RECEIVED_BAR vt_symbol=NVDA.SMART datetime=2026-05-08T15:12:00+08:00 open=215.6200 close=215.5600 volume=137220.0
2026-05-11 23:48:57.666 | INFO | Logger | intraday debug checkpoint: RECEIVED_BAR vt_symbol=NVDA.SMART datetime=2026-05-08T15:13:00+08:00 open=215.5600 close=215.6799 volume=112184.0
2026-05-11 23:48:57.667 | INFO | Logger | intraday debug checkpoint: RECEIVED_BAR vt_symbol=NVDA.SMART datetime=2026-05-08T15:14:00+08:00 open=215.6600 close=215.5462 volume=157771.0
2026-05-11 23:48:57.667 | INFO | Logger | intraday debug checkpoint: RECEIVED_BAR vt_symbol=NVDA.SMART datetime=2026-05-08T15:15:00+08:00 open=215.5500 close=215.5150 volume=113389.0
2026-05-11 23:48:57.667 | INFO | Logger | intraday debug checkpoint: RECEIVED_BAR vt_symbol=NVDA.SMART datetime=2026-05-08T15:16:00+08:00 open=215.5100 close=215.5750 volume=142221.0
2026-05-11 23:48:57.667 | INFO | Logger | intraday debug checkpoint: RECEIVED_BAR vt_symbol=NVDA.SMART datetime=2026-05-08T15:17:00+08:00 open=215.5700 close=215.5000 volume=125843.0
2026-05-11 23:48:57.667 | INFO | Logger | intraday debug checkpoint: RECEIVED_BAR vt_symbol=NVDA.SMART datetime=2026-05-08T15:18:00+08:00 open=215.5000 close=215.3250 volume=205581.0
2026-05-11 23:48:57.667 | INFO | Logger | intraday debug checkpoint: RECEIVED_BAR vt_symbol=NVDA.SMART datetime=2026-05-08T15:19:00+08:00 open=215.3300 close=215.3800 volume=170615.0
2026-05-11 23:48:57.667 | INFO | Logger | intraday debug checkpoint: RECEIVED_BAR vt_symbol=NVDA.SMART datetime=2026-05-08T15:20:00+08:00 open=215.3601 close=215.2901 volume=160015.0
2026-05-11 23:48:57.667 | INFO | Logger | intraday debug checkpoint: RECEIVED_BAR vt_symbol=NVDA.SMART datetime=2026-05-08T15:21:00+08:00 open=215.2900 close=215.2100 volume=211679.0
2026-05-11 23:48:57.667 | INFO | Logger | intraday debug checkpoint: RECEIVED_BAR vt_symbol=NVDA.SMART datetime=2026-05-08T15:22:00+08:00 open=215.1900 close=215.2200 volume=285525.0
2026-05-11 23:48:57.667 | INFO | Logger | intraday debug checkpoint: RECEIVED_BAR vt_symbol=NVDA.SMART datetime=2026-05-08T15:23:00+08:00 open=215.2100 close=215.1200 volume=144760.0
2026-05-11 23:48:57.667 | INFO | Logger | intraday debug checkpoint: RECEIVED_BAR vt_symbol=NVDA.SMART datetime=2026-05-08T15:24:00+08:00 open=215.1200 close=215.1999 volume=215529.0
2026-05-11 23:48:57.667 | INFO | Logger | intraday debug checkpoint: RECEIVED_BAR vt_symbol=NVDA.SMART datetime=2026-05-08T15:25:00+08:00 open=215.2000 close=215.0900 volume=229974.0
2026-05-11 23:48:57.667 | INFO | Logger | intraday debug checkpoint: RECEIVED_BAR vt_symbol=NVDA.SMART datetime=2026-05-08T15:26:00+08:00 open=215.0900 close=215.1150 volume=242754.0
2026-05-11 23:48:57.667 | INFO | Logger | intraday debug checkpoint: RECEIVED_BAR vt_symbol=NVDA.SMART datetime=2026-05-08T15:27:00+08:00 open=215.1134 close=215.0400 volume=201323.0
2026-05-11 23:48:57.667 | INFO | Logger | intraday debug checkpoint: RECEIVED_BAR vt_symbol=NVDA.SMART datetime=2026-05-08T15:28:00+08:00 open=215.0450 close=215.0500 volume=159209.0
2026-05-11 23:48:57.667 | INFO | Logger | intraday debug checkpoint: RECEIVED_BAR vt_symbol=NVDA.SMART datetime=2026-05-08T15:29:00+08:00 open=215.0400 close=214.9650 volume=174515.0
2026-05-11 23:48:57.667 | INFO | Logger | intraday debug checkpoint: RECEIVED_BAR vt_symbol=NVDA.SMART datetime=2026-05-08T15:30:00+08:00 open=214.9700 close=214.8500 volume=360048.0
2026-05-11 23:48:57.667 | INFO | Logger | intraday debug checkpoint: RECEIVED_BAR vt_symbol=NVDA.SMART datetime=2026-05-08T15:31:00+08:00 open=214.8500 close=215.0000 volume=354068.0
2026-05-11 23:48:57.667 | INFO | Logger | intraday debug checkpoint: RECEIVED_BAR vt_symbol=NVDA.SMART datetime=2026-05-08T15:32:00+08:00 open=215.0000 close=214.8900 volume=200559.0
2026-05-11 23:48:57.668 | INFO | Logger | intraday debug checkpoint: RECEIVED_BAR vt_symbol=NVDA.SMART datetime=2026-05-08T15:33:00+08:00 open=214.8850 close=214.7591 volume=260112.0
2026-05-11 23:48:57.668 | INFO | Logger | intraday debug checkpoint: RECEIVED_BAR vt_symbol=NVDA.SMART datetime=2026-05-08T15:34:00+08:00 open=214.7432 close=214.7900 volume=260549.0
2026-05-11 23:48:57.668 | INFO | Logger | intraday debug checkpoint: RECEIVED_BAR vt_symbol=NVDA.SMART datetime=2026-05-08T15:35:00+08:00 open=214.7801 close=214.8300 volume=137864.0
2026-05-11 23:48:57.668 | INFO | Logger | intraday debug checkpoint: RECEIVED_BAR vt_symbol=NVDA.SMART datetime=2026-05-08T15:36:00+08:00 open=214.8200 close=214.7600 volume=186759.0
2026-05-11 23:48:57.668 | INFO | Logger | intraday debug checkpoint: RECEIVED_BAR vt_symbol=NVDA.SMART datetime=2026-05-08T15:37:00+08:00 open=214.7750 close=214.9500 volume=169893.0
2026-05-11 23:48:57.668 | INFO | Logger | intraday debug checkpoint: RECEIVED_BAR vt_symbol=NVDA.SMART datetime=2026-05-08T15:38:00+08:00 open=214.9440 close=214.9781 volume=228293.0
2026-05-11 23:48:57.668 | INFO | Logger | intraday debug checkpoint: RECEIVED_BAR vt_symbol=NVDA.SMART datetime=2026-05-08T15:39:00+08:00 open=214.9900 close=215.0674 volume=185758.0
2026-05-11 23:48:57.668 | INFO | Logger | intraday debug checkpoint: RECEIVED_BAR vt_symbol=NVDA.SMART datetime=2026-05-08T15:40:00+08:00 open=215.0699 close=215.0901 volume=182603.0
2026-05-11 23:48:57.668 | INFO | Logger | intraday debug checkpoint: RECEIVED_BAR vt_symbol=NVDA.SMART datetime=2026-05-08T15:41:00+08:00 open=215.0950 close=215.2400 volume=265282.0
2026-05-11 23:48:57.668 | INFO | Logger | intraday debug checkpoint: RECEIVED_BAR vt_symbol=NVDA.SMART datetime=2026-05-08T15:42:00+08:00 open=215.2400 close=215.2500 volume=262675.0
2026-05-11 23:48:57.668 | INFO | Logger | intraday debug checkpoint: RECEIVED_BAR vt_symbol=NVDA.SMART datetime=2026-05-08T15:43:00+08:00 open=215.2600 close=215.3100 volume=201858.0
2026-05-11 23:48:57.668 | INFO | Logger | intraday debug checkpoint: RECEIVED_BAR vt_symbol=NVDA.SMART datetime=2026-05-08T15:44:00+08:00 open=215.3150 close=215.3300 volume=224187.0
2026-05-11 23:48:57.668 | INFO | Logger | intraday debug checkpoint: RECEIVED_BAR vt_symbol=NVDA.SMART datetime=2026-05-08T15:45:00+08:00 open=215.3300 close=215.2700 volume=196984.0
2026-05-11 23:48:57.668 | INFO | Logger | intraday debug checkpoint: RECEIVED_BAR vt_symbol=NVDA.SMART datetime=2026-05-08T15:46:00+08:00 open=215.2650 close=215.2100 volume=198809.0
2026-05-11 23:48:57.668 | INFO | Logger | intraday debug checkpoint: RECEIVED_BAR vt_symbol=NVDA.SMART datetime=2026-05-08T15:47:00+08:00 open=215.2050 close=215.0600 volume=227322.0
2026-05-11 23:48:57.668 | INFO | Logger | intraday debug checkpoint: RECEIVED_BAR vt_symbol=NVDA.SMART datetime=2026-05-08T15:48:00+08:00 open=215.0500 close=215.1400 volume=228285.0
2026-05-11 23:48:57.668 | INFO | Logger | intraday debug checkpoint: RECEIVED_BAR vt_symbol=NVDA.SMART datetime=2026-05-08T15:49:00+08:00 open=215.1400 close=215.1100 volume=241617.0
2026-05-11 23:48:57.668 | INFO | Logger | intraday debug checkpoint: RECEIVED_BAR vt_symbol=NVDA.SMART datetime=2026-05-08T15:50:00+08:00 open=215.1100 close=214.9700 volume=229645.0
2026-05-11 23:48:57.668 | INFO | Logger | intraday debug checkpoint: RECEIVED_BAR vt_symbol=NVDA.SMART datetime=2026-05-08T15:51:00+08:00 open=214.9600 close=215.1456 volume=548058.0
2026-05-11 23:48:57.669 | INFO | Logger | intraday debug checkpoint: RECEIVED_BAR vt_symbol=NVDA.SMART datetime=2026-05-08T15:52:00+08:00 open=215.1300 close=215.0800 volume=318452.0
2026-05-11 23:48:57.669 | INFO | Logger | intraday debug checkpoint: RECEIVED_BAR vt_symbol=NVDA.SMART datetime=2026-05-08T15:53:00+08:00 open=215.0600 close=215.0900 volume=328371.0
2026-05-11 23:48:57.669 | INFO | Logger | intraday debug checkpoint: RECEIVED_BAR vt_symbol=NVDA.SMART datetime=2026-05-08T15:54:00+08:00 open=215.0900 close=215.0400 volume=277645.0
2026-05-11 23:48:57.669 | INFO | Logger | intraday debug checkpoint: RECEIVED_BAR vt_symbol=NVDA.SMART datetime=2026-05-08T15:55:00+08:00 open=215.0400 close=215.2189 volume=417686.0
2026-05-11 23:48:57.669 | INFO | Logger | intraday debug checkpoint: RECEIVED_BAR vt_symbol=NVDA.SMART datetime=2026-05-08T15:56:00+08:00 open=215.2000 close=215.0450 volume=722370.0
2026-05-11 23:48:57.669 | INFO | Logger | intraday debug checkpoint: RECEIVED_BAR vt_symbol=NVDA.SMART datetime=2026-05-08T15:57:00+08:00 open=215.0450 close=215.1350 volume=386922.0
2026-05-11 23:48:57.669 | INFO | Logger | intraday debug checkpoint: RECEIVED_BAR vt_symbol=NVDA.SMART datetime=2026-05-08T15:58:00+08:00 open=215.1400 close=215.1700 volume=722144.0
2026-05-11 23:48:57.669 | INFO | Logger | intraday debug checkpoint: RECEIVED_BAR vt_symbol=NVDA.SMART datetime=2026-05-08T15:59:00+08:00 open=215.1800 close=215.1700 volume=1029707.0
2026-05-11 23:48:57.669 | INFO | Logger | intraday debug checkpoint: RECEIVED_BAR vt_symbol=NVDA.SMART datetime=2026-05-08T16:00:00+08:00 open=215.1800 close=215.2000 volume=16223010.0
2026-05-11 23:48:57.669 | INFO | Logger | intraday debug checkpoint: RECEIVED_BAR vt_symbol=NVDA.SMART datetime=2026-05-11T09:31:00+08:00 open=213.9300 close=215.0900 volume=3037219.0
2026-05-11 23:48:57.669 | INFO | Logger | intraday debug checkpoint: RECEIVED_BAR vt_symbol=NVDA.SMART datetime=2026-05-11T09:32:00+08:00 open=215.0950 close=215.2850 volume=679891.0
2026-05-11 23:48:57.669 | INFO | Logger | intraday debug checkpoint: RECEIVED_BAR vt_symbol=NVDA.SMART datetime=2026-05-11T09:33:00+08:00 open=215.3050 close=215.5550 volume=535645.0
2026-05-11 23:48:57.669 | INFO | Logger | intraday debug checkpoint: RECEIVED_BAR vt_symbol=NVDA.SMART datetime=2026-05-11T09:34:00+08:00 open=215.5550 close=215.6400 volume=662908.0
2026-05-11 23:48:57.669 | INFO | Logger | intraday debug checkpoint: RECEIVED_BAR vt_symbol=NVDA.SMART datetime=2026-05-11T09:35:00+08:00 open=215.6500 close=215.4400 volume=525954.0
2026-05-11 23:48:57.669 | INFO | Logger | intraday debug checkpoint: RECEIVED_BAR vt_symbol=NVDA.SMART datetime=2026-05-11T09:36:00+08:00 open=215.4282 close=215.1000 volume=381597.0
2026-05-11 23:48:57.669 | INFO | Logger | intraday debug checkpoint: RECEIVED_BAR vt_symbol=NVDA.SMART datetime=2026-05-11T09:37:00+08:00 open=215.0900 close=215.6800 volume=554967.0
2026-05-11 23:48:57.670 | INFO | Logger | intraday debug checkpoint: RECEIVED_BAR vt_symbol=NVDA.SMART datetime=2026-05-11T09:38:00+08:00 open=215.6850 close=216.2850 volume=821762.0
2026-05-11 23:48:57.670 | INFO | Logger | intraday debug checkpoint: RECEIVED_BAR vt_symbol=NVDA.SMART datetime=2026-05-11T09:39:00+08:00 open=216.2400 close=216.9600 volume=559153.0
2026-05-11 23:48:57.670 | INFO | Logger | intraday debug checkpoint: RECEIVED_BAR vt_symbol=NVDA.SMART datetime=2026-05-11T09:40:00+08:00 open=216.9600 close=217.5845 volume=890979.0
2026-05-11 23:48:57.670 | INFO | Logger | intraday debug checkpoint: RECEIVED_BAR vt_symbol=NVDA.SMART datetime=2026-05-11T09:41:00+08:00 open=217.5900 close=218.1350 volume=1044251.0
2026-05-11 23:48:57.670 | INFO | Logger | intraday debug checkpoint: RECEIVED_BAR vt_symbol=NVDA.SMART datetime=2026-05-11T09:42:00+08:00 open=218.1400 close=218.3014 volume=697633.0
2026-05-11 23:48:57.670 | INFO | Logger | intraday debug checkpoint: RECEIVED_BAR vt_symbol=NVDA.SMART datetime=2026-05-11T09:43:00+08:00 open=218.3000 close=217.9150 volume=608400.0
2026-05-11 23:48:57.670 | INFO | Logger | intraday debug checkpoint: RECEIVED_BAR vt_symbol=NVDA.SMART datetime=2026-05-11T09:44:00+08:00 open=217.9200 close=218.2310 volume=587547.0
2026-05-11 23:48:57.670 | INFO | Logger | intraday debug checkpoint: RECEIVED_BAR vt_symbol=NVDA.SMART datetime=2026-05-11T09:45:00+08:00 open=218.2500 close=218.8800 volume=897162.0
2026-05-11 23:48:57.670 | INFO | Logger | intraday debug checkpoint: RECEIVED_BAR vt_symbol=NVDA.SMART datetime=2026-05-11T09:46:00+08:00 open=218.8860 close=219.0150 volume=653084.0
2026-05-11 23:48:57.670 | INFO | Logger | intraday debug checkpoint: RECEIVED_BAR vt_symbol=NVDA.SMART datetime=2026-05-11T09:47:00+08:00 open=219.0700 close=219.5800 volume=713198.0
2026-05-11 23:48:57.670 | INFO | Logger | intraday debug checkpoint: RECEIVED_BAR vt_symbol=NVDA.SMART datetime=2026-05-11T09:48:00+08:00 open=219.5750 close=219.8400 volume=858615.0
2026-05-11 23:48:57.670 | INFO | Logger | intraday debug checkpoint: RECEIVED_BAR vt_symbol=NVDA.SMART datetime=2026-05-11T09:49:00+08:00 open=219.8300 close=220.8650 volume=2047732.0
2026-05-11 23:48:57.670 | INFO | Logger | intraday debug checkpoint: RECEIVED_BAR vt_symbol=NVDA.SMART datetime=2026-05-11T09:50:00+08:00 open=220.8700 close=219.4750 volume=1021806.0
2026-05-11 23:48:57.670 | INFO | Logger | intraday debug checkpoint: RECEIVED_BAR vt_symbol=NVDA.SMART datetime=2026-05-11T09:51:00+08:00 open=219.4800 close=220.2550 volume=683173.0
2026-05-11 23:48:57.670 | INFO | Logger | intraday debug checkpoint: RECEIVED_BAR vt_symbol=NVDA.SMART datetime=2026-05-11T09:52:00+08:00 open=220.2600 close=219.5980 volume=559503.0
2026-05-11 23:48:57.670 | INFO | Logger | intraday debug checkpoint: RECEIVED_BAR vt_symbol=NVDA.SMART datetime=2026-05-11T09:53:00+08:00 open=219.6400 close=219.5500 volume=367630.0
2026-05-11 23:48:57.670 | INFO | Logger | intraday debug checkpoint: RECEIVED_BAR vt_symbol=NVDA.SMART datetime=2026-05-11T09:54:00+08:00 open=219.5600 close=218.5036 volume=602892.0
2026-05-11 23:48:57.670 | INFO | Logger | intraday debug checkpoint: RECEIVED_BAR vt_symbol=NVDA.SMART datetime=2026-05-11T09:55:00+08:00 open=218.5200 close=217.8500 volume=656959.0
2026-05-11 23:48:57.671 | INFO | Logger | intraday debug checkpoint: RECEIVED_BAR vt_symbol=NVDA.SMART datetime=2026-05-11T09:56:00+08:00 open=217.8700 close=217.6500 volume=597233.0
2026-05-11 23:48:57.671 | INFO | Logger | intraday debug checkpoint: RECEIVED_BAR vt_symbol=NVDA.SMART datetime=2026-05-11T09:57:00+08:00 open=217.6500 close=217.5314 volume=583597.0
2026-05-11 23:48:57.671 | INFO | Logger | intraday debug checkpoint: RECEIVED_BAR vt_symbol=NVDA.SMART datetime=2026-05-11T09:58:00+08:00 open=217.5700 close=217.2550 volume=402284.0
2026-05-11 23:48:57.671 | INFO | Logger | intraday debug checkpoint: RECEIVED_BAR vt_symbol=NVDA.SMART datetime=2026-05-11T09:59:00+08:00 open=217.2700 close=217.2400 volume=381480.0
2026-05-11 23:48:57.671 | INFO | Logger | intraday debug checkpoint: RECEIVED_BAR vt_symbol=NVDA.SMART datetime=2026-05-11T10:00:00+08:00 open=217.2595 close=217.0200 volume=680627.0
2026-05-11 23:48:57.671 | INFO | Logger | intraday debug checkpoint: RECEIVED_BAR vt_symbol=NVDA.SMART datetime=2026-05-11T10:01:00+08:00 open=216.9550 close=217.4800 volume=519481.0
2026-05-11 23:48:57.671 | INFO | Logger | intraday debug checkpoint: RECEIVED_BAR vt_symbol=NVDA.SMART datetime=2026-05-11T10:02:00+08:00 open=217.4500 close=218.0250 volume=647768.0
2026-05-11 23:48:57.671 | INFO | Logger | intraday debug checkpoint: RECEIVED_BAR vt_symbol=NVDA.SMART datetime=2026-05-11T10:03:00+08:00 open=218.0150 close=217.6600 volume=494118.0
2026-05-11 23:48:57.671 | INFO | Logger | intraday debug checkpoint: RECEIVED_BAR vt_symbol=NVDA.SMART datetime=2026-05-11T10:04:00+08:00 open=217.6400 close=217.9400 volume=371734.0
2026-05-11 23:48:57.671 | INFO | Logger | intraday debug checkpoint: RECEIVED_BAR vt_symbol=NVDA.SMART datetime=2026-05-11T10:05:00+08:00 open=217.9550 close=217.9250 volume=326913.0
2026-05-11 23:48:57.671 | INFO | Logger | intraday debug checkpoint: RECEIVED_BAR vt_symbol=NVDA.SMART datetime=2026-05-11T10:06:00+08:00 open=217.9300 close=218.3550 volume=451141.0
2026-05-11 23:48:57.671 | INFO | Logger | intraday debug checkpoint: RECEIVED_BAR vt_symbol=NVDA.SMART datetime=2026-05-11T10:07:00+08:00 open=218.3102 close=218.1200 volume=314429.0
2026-05-11 23:48:57.671 | INFO | Logger | intraday debug checkpoint: RECEIVED_BAR vt_symbol=NVDA.SMART datetime=2026-05-11T10:08:00+08:00 open=218.1500 close=218.1000 volume=264650.0
2026-05-11 23:48:57.671 | INFO | Logger | intraday debug checkpoint: RECEIVED_BAR vt_symbol=NVDA.SMART datetime=2026-05-11T10:09:00+08:00 open=218.1050 close=218.0100 volume=275486.0
2026-05-11 23:48:57.671 | INFO | Logger | intraday debug checkpoint: RECEIVED_BAR vt_symbol=NVDA.SMART datetime=2026-05-11T10:10:00+08:00 open=218.0150 close=218.1650 volume=277063.0
2026-05-11 23:48:57.671 | INFO | Logger | intraday debug checkpoint: RECEIVED_BAR vt_symbol=NVDA.SMART datetime=2026-05-11T10:11:00+08:00 open=218.1400 close=218.6812 volume=409423.0
2026-05-11 23:48:57.671 | INFO | Logger | intraday debug checkpoint: RECEIVED_BAR vt_symbol=NVDA.SMART datetime=2026-05-11T10:12:00+08:00 open=218.6950 close=218.7600 volume=394872.0
2026-05-11 23:48:57.671 | INFO | Logger | intraday debug checkpoint: RECEIVED_BAR vt_symbol=NVDA.SMART datetime=2026-05-11T10:13:00+08:00 open=218.7600 close=218.8900 volume=328933.0
2026-05-11 23:48:57.671 | INFO | Logger | intraday debug checkpoint: RECEIVED_BAR vt_symbol=NVDA.SMART datetime=2026-05-11T10:14:00+08:00 open=218.9200 close=219.2200 volume=458374.0
2026-05-11 23:48:57.672 | INFO | Logger | intraday debug checkpoint: RECEIVED_BAR vt_symbol=NVDA.SMART datetime=2026-05-11T10:15:00+08:00 open=219.2400 close=219.3800 volume=394284.0
2026-05-11 23:48:57.672 | INFO | Logger | intraday debug checkpoint: RECEIVED_BAR vt_symbol=NVDA.SMART datetime=2026-05-11T10:16:00+08:00 open=219.3820 close=219.4050 volume=345496.0
2026-05-11 23:48:57.672 | INFO | Logger | intraday debug checkpoint: RECEIVED_BAR vt_symbol=NVDA.SMART datetime=2026-05-11T10:17:00+08:00 open=219.4000 close=219.4950 volume=311164.0
2026-05-11 23:48:57.672 | INFO | Logger | intraday debug checkpoint: RECEIVED_BAR vt_symbol=NVDA.SMART datetime=2026-05-11T10:18:00+08:00 open=219.4850 close=219.0400 volume=343803.0
2026-05-11 23:48:57.672 | INFO | Logger | intraday debug checkpoint: RECEIVED_BAR vt_symbol=NVDA.SMART datetime=2026-05-11T10:19:00+08:00 open=219.1000 close=219.1500 volume=294650.0
2026-05-11 23:48:57.672 | INFO | Logger | intraday debug checkpoint: RECEIVED_BAR vt_symbol=NVDA.SMART datetime=2026-05-11T10:20:00+08:00 open=219.1450 close=219.1500 volume=228453.0
2026-05-11 23:48:57.672 | INFO | Logger | intraday debug checkpoint: RECEIVED_BAR vt_symbol=NVDA.SMART datetime=2026-05-11T10:21:00+08:00 open=219.1446 close=219.4701 volume=310593.0
2026-05-11 23:48:57.672 | INFO | Logger | intraday debug checkpoint: RECEIVED_BAR vt_symbol=NVDA.SMART datetime=2026-05-11T10:22:00+08:00 open=219.4800 close=219.4400 volume=275120.0
2026-05-11 23:48:57.672 | INFO | Logger | intraday debug checkpoint: RECEIVED_BAR vt_symbol=NVDA.SMART datetime=2026-05-11T10:23:00+08:00 open=219.4550 close=219.5250 volume=280150.0
2026-05-11 23:48:57.672 | INFO | Logger | intraday debug checkpoint: RECEIVED_BAR vt_symbol=NVDA.SMART datetime=2026-05-11T10:24:00+08:00 open=219.5600 close=219.3800 volume=262718.0
2026-05-11 23:48:57.672 | INFO | Logger | intraday debug checkpoint: RECEIVED_BAR vt_symbol=NVDA.SMART datetime=2026-05-11T10:25:00+08:00 open=219.3650 close=219.1850 volume=273443.0
2026-05-11 23:48:57.672 | INFO | Logger | intraday debug checkpoint: RECEIVED_BAR vt_symbol=NVDA.SMART datetime=2026-05-11T10:26:00+08:00 open=219.2000 close=218.9600 volume=245684.0
2026-05-11 23:48:57.672 | INFO | Logger | intraday debug checkpoint: RECEIVED_BAR vt_symbol=NVDA.SMART datetime=2026-05-11T10:27:00+08:00 open=218.9600 close=218.9650 volume=263517.0
2026-05-11 23:48:57.672 | INFO | Logger | intraday debug checkpoint: RECEIVED_BAR vt_symbol=NVDA.SMART datetime=2026-05-11T10:28:00+08:00 open=218.9650 close=218.7600 volume=289946.0
2026-05-11 23:48:57.672 | INFO | Logger | intraday debug checkpoint: RECEIVED_BAR vt_symbol=NVDA.SMART datetime=2026-05-11T10:29:00+08:00 open=218.7600 close=218.5500 volume=253475.0
2026-05-11 23:48:57.672 | INFO | Logger | intraday debug checkpoint: RECEIVED_BAR vt_symbol=NVDA.SMART datetime=2026-05-11T10:30:00+08:00 open=218.5650 close=217.9700 volume=371095.0
2026-05-11 23:48:57.672 | INFO | Logger | intraday debug checkpoint: RECEIVED_BAR vt_symbol=NVDA.SMART datetime=2026-05-11T10:31:00+08:00 open=217.9850 close=218.1500 volume=321255.0
2026-05-11 23:48:57.673 | INFO | Logger | intraday debug checkpoint: RECEIVED_BAR vt_symbol=NVDA.SMART datetime=2026-05-11T10:32:00+08:00 open=218.2399 close=217.5000 volume=377281.0
2026-05-11 23:48:57.673 | INFO | Logger | intraday debug checkpoint: RECEIVED_BAR vt_symbol=NVDA.SMART datetime=2026-05-11T10:33:00+08:00 open=217.5350 close=217.9100 volume=301019.0
2026-05-11 23:48:57.673 | INFO | Logger | intraday debug checkpoint: RECEIVED_BAR vt_symbol=NVDA.SMART datetime=2026-05-11T10:34:00+08:00 open=217.9100 close=218.2550 volume=321326.0
2026-05-11 23:48:57.673 | INFO | Logger | intraday debug checkpoint: RECEIVED_BAR vt_symbol=NVDA.SMART datetime=2026-05-11T10:35:00+08:00 open=218.2600 close=218.2400 volume=227759.0
2026-05-11 23:48:57.673 | INFO | Logger | intraday debug checkpoint: RECEIVED_BAR vt_symbol=NVDA.SMART datetime=2026-05-11T10:36:00+08:00 open=218.2600 close=218.5500 volume=328264.0
2026-05-11 23:48:57.673 | INFO | Logger | intraday debug checkpoint: RECEIVED_BAR vt_symbol=NVDA.SMART datetime=2026-05-11T10:37:00+08:00 open=218.5101 close=217.9450 volume=676147.0
2026-05-11 23:48:57.673 | INFO | Logger | intraday debug checkpoint: RECEIVED_BAR vt_symbol=NVDA.SMART datetime=2026-05-11T10:38:00+08:00 open=217.9450 close=218.4950 volume=434703.0
2026-05-11 23:48:57.673 | INFO | Logger | intraday debug checkpoint: RECEIVED_BAR vt_symbol=NVDA.SMART datetime=2026-05-11T10:39:00+08:00 open=218.4950 close=218.3600 volume=327363.0
2026-05-11 23:48:57.673 | INFO | Logger | intraday debug checkpoint: RECEIVED_BAR vt_symbol=NVDA.SMART datetime=2026-05-11T10:40:00+08:00 open=218.3450 close=218.7157 volume=325413.0
2026-05-11 23:48:57.673 | INFO | Logger | intraday debug checkpoint: RECEIVED_BAR vt_symbol=NVDA.SMART datetime=2026-05-11T10:41:00+08:00 open=218.7050 close=218.9400 volume=420808.0
2026-05-11 23:48:57.673 | INFO | Logger | intraday debug checkpoint: RECEIVED_BAR vt_symbol=NVDA.SMART datetime=2026-05-11T10:42:00+08:00 open=218.9350 close=219.3000 volume=568559.0
2026-05-11 23:48:57.673 | INFO | Logger | intraday debug checkpoint: RECEIVED_BAR vt_symbol=NVDA.SMART datetime=2026-05-11T10:43:00+08:00 open=219.3050 close=219.0350 volume=293695.0
2026-05-11 23:48:57.673 | INFO | Logger | intraday debug checkpoint: RECEIVED_BAR vt_symbol=NVDA.SMART datetime=2026-05-11T10:44:00+08:00 open=219.0400 close=219.1950 volume=191384.0
2026-05-11 23:48:57.673 | INFO | Logger | intraday debug checkpoint: RECEIVED_BAR vt_symbol=NVDA.SMART datetime=2026-05-11T10:45:00+08:00 open=219.1915 close=219.2900 volume=215219.0
2026-05-11 23:48:57.673 | INFO | Logger | intraday debug checkpoint: RECEIVED_BAR vt_symbol=NVDA.SMART datetime=2026-05-11T10:46:00+08:00 open=219.2800 close=219.3300 volume=291038.0
2026-05-11 23:48:57.673 | INFO | Logger | intraday debug checkpoint: RECEIVED_BAR vt_symbol=NVDA.SMART datetime=2026-05-11T10:47:00+08:00 open=219.3350 close=219.6700 volume=367258.0
2026-05-11 23:48:57.674 | INFO | Logger | intraday debug checkpoint: RECEIVED_BAR vt_symbol=NVDA.SMART datetime=2026-05-11T10:48:00+08:00 open=219.6799 close=219.7400 volume=292269.0
2026-05-11 23:48:57.674 | INFO | Logger | intraday debug checkpoint: RECEIVED_BAR vt_symbol=NVDA.SMART datetime=2026-05-11T10:49:00+08:00 open=219.7300 close=219.9000 volume=635854.0
2026-05-11 23:48:57.674 | INFO | Logger | intraday debug checkpoint: RECEIVED_BAR vt_symbol=NVDA.SMART datetime=2026-05-11T10:50:00+08:00 open=219.9100 close=220.2701 volume=546439.0
2026-05-11 23:48:57.674 | INFO | Logger | intraday debug checkpoint: RECEIVED_BAR vt_symbol=NVDA.SMART datetime=2026-05-11T10:51:00+08:00 open=220.2800 close=220.5135 volume=605247.0
2026-05-11 23:48:57.674 | INFO | Logger | intraday debug checkpoint: RECEIVED_BAR vt_symbol=NVDA.SMART datetime=2026-05-11T10:52:00+08:00 open=220.5200 close=221.2401 volume=904993.0
2026-05-11 23:48:57.674 | INFO | Logger | intraday debug checkpoint: RECEIVED_BAR vt_symbol=NVDA.SMART datetime=2026-05-11T10:53:00+08:00 open=221.2400 close=221.7100 volume=768071.0
2026-05-11 23:48:57.674 | INFO | Logger | intraday debug checkpoint: RECEIVED_BAR vt_symbol=NVDA.SMART datetime=2026-05-11T10:54:00+08:00 open=221.7100 close=221.8050 volume=1042386.0
2026-05-11 23:48:57.674 | INFO | Logger | intraday debug checkpoint: RECEIVED_BAR vt_symbol=NVDA.SMART datetime=2026-05-11T10:55:00+08:00 open=221.8050 close=222.0505 volume=542606.0
2026-05-11 23:48:57.674 | INFO | Logger | intraday debug checkpoint: RECEIVED_BAR vt_symbol=NVDA.SMART datetime=2026-05-11T10:56:00+08:00 open=222.0650 close=221.7114 volume=506698.0
2026-05-11 23:48:57.674 | INFO | Logger | intraday debug checkpoint: RECEIVED_BAR vt_symbol=NVDA.SMART datetime=2026-05-11T10:57:00+08:00 open=221.7300 close=221.3755 volume=448702.0
2026-05-11 23:48:57.674 | INFO | Logger | intraday debug checkpoint: RECEIVED_BAR vt_symbol=NVDA.SMART datetime=2026-05-11T10:58:00+08:00 open=221.3800 close=221.6900 volume=400715.0
2026-05-11 23:48:57.674 | INFO | Logger | intraday debug checkpoint: RECEIVED_BAR vt_symbol=NVDA.SMART datetime=2026-05-11T10:59:00+08:00 open=221.6450 close=221.8650 volume=392302.0
2026-05-11 23:48:57.674 | INFO | Logger | intraday debug checkpoint: RECEIVED_BAR vt_symbol=NVDA.SMART datetime=2026-05-11T11:00:00+08:00 open=221.8650 close=221.6100 volume=275828.0
2026-05-11 23:48:57.674 | INFO | Logger | intraday debug checkpoint: RECEIVED_BAR vt_symbol=NVDA.SMART datetime=2026-05-11T11:01:00+08:00 open=221.5900 close=221.1500 volume=347813.0
2026-05-11 23:48:57.674 | INFO | Logger | intraday debug checkpoint: RECEIVED_BAR vt_symbol=NVDA.SMART datetime=2026-05-11T11:02:00+08:00 open=221.1400 close=221.1950 volume=320790.0
2026-05-11 23:48:57.674 | INFO | Logger | intraday debug checkpoint: RECEIVED_BAR vt_symbol=NVDA.SMART datetime=2026-05-11T11:03:00+08:00 open=221.1950 close=221.3600 volume=276021.0
2026-05-11 23:48:57.675 | INFO | Logger | intraday debug checkpoint: RECEIVED_BAR vt_symbol=NVDA.SMART datetime=2026-05-11T11:04:00+08:00 open=221.3898 close=221.2950 volume=227430.0
2026-05-11 23:48:57.675 | INFO | Logger | intraday debug checkpoint: RECEIVED_BAR vt_symbol=NVDA.SMART datetime=2026-05-11T11:05:00+08:00 open=221.2800 close=221.1600 volume=222796.0
2026-05-11 23:48:57.675 | INFO | Logger | intraday debug checkpoint: RECEIVED_BAR vt_symbol=NVDA.SMART datetime=2026-05-11T11:06:00+08:00 open=221.1793 close=221.1601 volume=258380.0
2026-05-11 23:48:57.675 | INFO | Logger | intraday debug checkpoint: RECEIVED_BAR vt_symbol=NVDA.SMART datetime=2026-05-11T11:07:00+08:00 open=221.1900 close=221.0100 volume=318553.0
2026-05-11 23:48:57.675 | INFO | Logger | intraday debug checkpoint: RECEIVED_BAR vt_symbol=NVDA.SMART datetime=2026-05-11T11:08:00+08:00 open=221.0200 close=221.5450 volume=336270.0
2026-05-11 23:48:57.675 | INFO | Logger | intraday debug checkpoint: RECEIVED_BAR vt_symbol=NVDA.SMART datetime=2026-05-11T11:09:00+08:00 open=221.5400 close=221.8000 volume=342691.0
2026-05-11 23:48:57.675 | INFO | Logger | intraday debug checkpoint: RECEIVED_BAR vt_symbol=NVDA.SMART datetime=2026-05-11T11:10:00+08:00 open=221.8000 close=222.2500 volume=576227.0
2026-05-11 23:48:57.675 | INFO | Logger | intraday debug checkpoint: RECEIVED_BAR vt_symbol=NVDA.SMART datetime=2026-05-11T11:11:00+08:00 open=222.2599 close=221.6000 volume=469509.0
2026-05-11 23:48:57.675 | INFO | Logger | intraday debug checkpoint: RECEIVED_BAR vt_symbol=NVDA.SMART datetime=2026-05-11T11:12:00+08:00 open=221.6199 close=221.3800 volume=305401.0
2026-05-11 23:48:57.675 | INFO | Logger | intraday debug checkpoint: RECEIVED_BAR vt_symbol=NVDA.SMART datetime=2026-05-11T11:13:00+08:00 open=221.3999 close=221.2800 volume=333844.0
2026-05-11 23:48:57.675 | INFO | Logger | intraday debug checkpoint: RECEIVED_BAR vt_symbol=NVDA.SMART datetime=2026-05-11T11:14:00+08:00 open=221.2550 close=221.0600 volume=255847.0
2026-05-11 23:48:57.675 | INFO | Logger | intraday debug checkpoint: RECEIVED_BAR vt_symbol=NVDA.SMART datetime=2026-05-11T11:15:00+08:00 open=221.0600 close=220.7600 volume=256661.0
2026-05-11 23:48:57.675 | INFO | Logger | intraday debug checkpoint: RECEIVED_BAR vt_symbol=NVDA.SMART datetime=2026-05-11T11:16:00+08:00 open=220.8099 close=220.8600 volume=373592.0
2026-05-11 23:48:57.675 | INFO | Logger | intraday debug checkpoint: RECEIVED_BAR vt_symbol=NVDA.SMART datetime=2026-05-11T11:17:00+08:00 open=220.8650 close=221.2600 volume=288744.0
2026-05-11 23:48:57.675 | INFO | Logger | intraday debug checkpoint: RECEIVED_BAR vt_symbol=NVDA.SMART datetime=2026-05-11T11:18:00+08:00 open=221.2552 close=221.2100 volume=226197.0
2026-05-11 23:48:57.675 | INFO | Logger | intraday debug checkpoint: RECEIVED_BAR vt_symbol=NVDA.SMART datetime=2026-05-11T11:19:00+08:00 open=221.1950 close=221.2400 volume=228905.0
2026-05-11 23:48:57.676 | INFO | Logger | intraday debug checkpoint: RECEIVED_BAR vt_symbol=NVDA.SMART datetime=2026-05-11T11:20:00+08:00 open=221.2250 close=221.3370 volume=200544.0
2026-05-11 23:48:57.676 | INFO | Logger | intraday debug checkpoint: RECEIVED_BAR vt_symbol=NVDA.SMART datetime=2026-05-11T11:21:00+08:00 open=221.3300 close=221.1450 volume=205339.0
2026-05-11 23:48:57.676 | INFO | Logger | intraday debug checkpoint: RECEIVED_BAR vt_symbol=NVDA.SMART datetime=2026-05-11T11:22:00+08:00 open=221.1300 close=221.2355 volume=150194.0
2026-05-11 23:48:57.676 | INFO | Logger | intraday debug checkpoint: RECEIVED_BAR vt_symbol=NVDA.SMART datetime=2026-05-11T11:23:00+08:00 open=221.2250 close=221.2692 volume=120033.0
2026-05-11 23:48:57.676 | INFO | Logger | intraday debug checkpoint: RECEIVED_BAR vt_symbol=NVDA.SMART datetime=2026-05-11T11:24:00+08:00 open=221.2550 close=221.2600 volume=164358.0
2026-05-11 23:48:57.676 | INFO | Logger | intraday debug checkpoint: RECEIVED_BAR vt_symbol=NVDA.SMART datetime=2026-05-11T11:25:00+08:00 open=221.2800 close=221.2550 volume=182646.0
2026-05-11 23:48:57.676 | INFO | Logger | intraday debug checkpoint: RECEIVED_BAR vt_symbol=NVDA.SMART datetime=2026-05-11T11:26:00+08:00 open=221.2400 close=221.1000 volume=173126.0
2026-05-11 23:48:57.676 | INFO | Logger | intraday debug checkpoint: RECEIVED_BAR vt_symbol=NVDA.SMART datetime=2026-05-11T11:27:00+08:00 open=221.0900 close=220.9200 volume=219574.0
2026-05-11 23:48:57.676 | INFO | Logger | intraday debug checkpoint: RECEIVED_BAR vt_symbol=NVDA.SMART datetime=2026-05-11T11:28:00+08:00 open=220.9328 close=221.2600 volume=193534.0
2026-05-11 23:48:57.676 | INFO | Logger | intraday debug checkpoint: RECEIVED_BAR vt_symbol=NVDA.SMART datetime=2026-05-11T11:29:00+08:00 open=221.2600 close=221.3900 volume=192590.0
2026-05-11 23:48:57.676 | INFO | Logger | intraday debug checkpoint: RECEIVED_BAR vt_symbol=NVDA.SMART datetime=2026-05-11T11:30:00+08:00 open=221.3700 close=221.9850 volume=412636.0
2026-05-11 23:48:57.676 | INFO | Logger | intraday debug checkpoint: RECEIVED_BAR vt_symbol=NVDA.SMART datetime=2026-05-11T11:31:00+08:00 open=221.9850 close=221.9200 volume=312908.0
2026-05-11 23:48:57.676 | INFO | Logger | intraday debug checkpoint: RECEIVED_BAR vt_symbol=NVDA.SMART datetime=2026-05-11T11:32:00+08:00 open=221.9000 close=221.5850 volume=270309.0
2026-05-11 23:48:57.676 | INFO | Logger | intraday debug checkpoint: RECEIVED_BAR vt_symbol=NVDA.SMART datetime=2026-05-11T11:33:00+08:00 open=221.5600 close=221.5000 volume=143088.0
2026-05-11 23:48:57.676 | INFO | Logger | intraday debug checkpoint: RECEIVED_BAR vt_symbol=NVDA.SMART datetime=2026-05-11T11:34:00+08:00 open=221.5100 close=221.3000 volume=160345.0
2026-05-11 23:48:57.677 | INFO | Logger | intraday debug checkpoint: RECEIVED_BAR vt_symbol=NVDA.SMART datetime=2026-05-11T11:35:00+08:00 open=221.3000 close=221.4900 volume=159025.0
2026-05-11 23:48:57.677 | INFO | Logger | intraday debug checkpoint: RECEIVED_BAR vt_symbol=NVDA.SMART datetime=2026-05-11T11:36:00+08:00 open=221.4901 close=221.2400 volume=166746.0
2026-05-11 23:48:57.677 | INFO | Logger | intraday debug checkpoint: RECEIVED_BAR vt_symbol=NVDA.SMART datetime=2026-05-11T11:37:00+08:00 open=221.2500 close=221.3510 volume=232098.0
2026-05-11 23:48:57.677 | INFO | Logger | intraday debug checkpoint: RECEIVED_BAR vt_symbol=NVDA.SMART datetime=2026-05-11T11:38:00+08:00 open=221.3999 close=221.3400 volume=155032.0
2026-05-11 23:48:57.677 | INFO | Logger | intraday debug checkpoint: RECEIVED_BAR vt_symbol=NVDA.SMART datetime=2026-05-11T11:39:00+08:00 open=221.3799 close=221.1800 volume=181546.0
2026-05-11 23:48:57.677 | INFO | Logger | intraday debug checkpoint: RECEIVED_BAR vt_symbol=NVDA.SMART datetime=2026-05-11T11:40:00+08:00 open=221.1900 close=221.2271 volume=197057.0
2026-05-11 23:48:57.677 | INFO | Logger | intraday debug checkpoint: RECEIVED_BAR vt_symbol=NVDA.SMART datetime=2026-05-11T11:41:00+08:00 open=221.2400 close=221.1300 volume=130500.0
2026-05-11 23:48:57.677 | INFO | Logger | intraday debug checkpoint: RECEIVED_BAR vt_symbol=NVDA.SMART datetime=2026-05-11T11:42:00+08:00 open=221.1250 close=221.2600 volume=227742.0
2026-05-11 23:48:57.677 | INFO | Logger | intraday debug checkpoint: RECEIVED_BAR vt_symbol=NVDA.SMART datetime=2026-05-11T11:43:00+08:00 open=221.2502 close=221.2450 volume=116428.0
2026-05-11 23:48:57.677 | INFO | Logger | intraday debug checkpoint: RECEIVED_BAR vt_symbol=NVDA.SMART datetime=2026-05-11T11:44:00+08:00 open=221.2700 close=221.3100 volume=126588.0
2026-05-11 23:48:57.677 | INFO | Logger | intraday debug checkpoint: RECEIVED_BAR vt_symbol=NVDA.SMART datetime=2026-05-11T11:45:00+08:00 open=221.2836 close=221.1300 volume=221476.0
2026-05-11 23:48:57.677 | INFO | Logger | intraday debug checkpoint: RECEIVED_BAR vt_symbol=NVDA.SMART datetime=2026-05-11T11:46:00+08:00 open=221.1300 close=221.2500 volume=164857.0
2026-05-11 23:48:57.677 | INFO | Logger | intraday debug checkpoint: RECEIVED_BAR vt_symbol=NVDA.SMART datetime=2026-05-11T11:47:00+08:00 open=221.2100 close=221.2250 volume=130304.0
2026-05-11 23:48:57.677 | INFO | Logger | intraday debug checkpoint: RECEIVED_BAR vt_symbol=NVDA.SMART datetime=2026-05-11T11:48:00+08:00 open=221.2300 close=221.2600 volume=114792.0
2026-05-11 23:48:57.678 | INFO | MainEngine | 订阅行情 -> FUTU：SubscribeRequest(symbol='NVDA', exchange=<Exchange.SMART: 'SMART'>)
2026-05-11 23:48:57.716 | INFO | Logger | strategy initialised: classic_multifactor_NVDA_US
2026-05-11 23:48:57.717 | INFO | FUTU | 订阅行情成功：NVDA.SMART
2026-05-11 23:48:57.717 | INFO | Logger | strategy started: classic_multifactor_NVDA_US (loop_mode=intraday, live_submit=False)
2026-05-11 23:48:57.717 | INFO | CtaStrategy | classic_multifactor_NVDA_US initialization completed
2026-05-11 23:49:47.718 | INFO | Logger | intraday runtime heartbeat: strategy=classic_multifactor_NVDA_US bars_seen=0 last_bar_time=none seconds_since_last_bar=none quote_ctx_attached=True gateway_data_flowing=False last_signal=warmup pos=0 active_orders=0 bars_cached=322 approved_total=0 blocked_total=0
2026-05-11 23:50:47.720 | INFO | Logger | intraday runtime heartbeat: strategy=classic_multifactor_NVDA_US bars_seen=0 last_bar_time=none seconds_since_last_bar=none quote_ctx_attached=True gateway_data_flowing=False last_signal=warmup pos=0 active_orders=0 bars_cached=322 approved_total=0 blocked_total=0
2026-05-11 23:51:47.721 | INFO | Logger | intraday runtime heartbeat: strategy=classic_multifactor_NVDA_US bars_seen=0 last_bar_time=none seconds_since_last_bar=none quote_ctx_attached=True gateway_data_flowing=False last_signal=warmup pos=0 active_orders=0 bars_cached=322 approved_total=0 blocked_total=0
2026-05-11 23:52:47.722 | INFO | Logger | intraday runtime heartbeat: strategy=classic_multifactor_NVDA_US bars_seen=0 last_bar_time=none seconds_since_last_bar=none quote_ctx_attached=True gateway_data_flowing=False last_signal=warmup pos=0 active_orders=0 bars_cached=322 approved_total=0 blocked_total=0
2026-05-11 23:53:47.723 | INFO | Logger | intraday runtime heartbeat: strategy=classic_multifactor_NVDA_US bars_seen=0 last_bar_time=none seconds_since_last_bar=none quote_ctx_attached=True gateway_data_flowing=False last_signal=warmup pos=0 active_orders=0 bars_cached=322 approved_total=0 blocked_total=0
2026-05-11 23:54:47.724 | INFO | Logger | intraday runtime heartbeat: strategy=classic_multifactor_NVDA_US bars_seen=0 last_bar_time=none seconds_since_last_bar=none quote_ctx_attached=True gateway_data_flowing=False last_signal=warmup pos=0 active_orders=0 bars_cached=322 approved_total=0 blocked_total=0
2026-05-11 23:55:47.725 | INFO | Logger | intraday runtime heartbeat: strategy=classic_multifactor_NVDA_US bars_seen=0 last_bar_time=none seconds_since_last_bar=none quote_ctx_attached=True gateway_data_flowing=False last_signal=warmup pos=0 active_orders=0 bars_cached=322 approved_total=0 blocked_total=0
2026-05-11 23:56:47.727 | INFO | Logger | intraday runtime heartbeat: strategy=classic_multifactor_NVDA_US bars_seen=0 last_bar_time=none seconds_since_last_bar=none quote_ctx_attached=True gateway_data_flowing=False last_signal=warmup pos=0 active_orders=0 bars_cached=322 approved_total=0 blocked_total=0
2026-05-11 23:57:47.728 | INFO | Logger | intraday runtime heartbeat: strategy=classic_multifactor_NVDA_US bars_seen=0 last_bar_time=none seconds_since_last_bar=none quote_ctx_attached=True gateway_data_flowing=False last_signal=warmup pos=0 active_orders=0 bars_cached=322 approved_total=0 blocked_total=0
2026-05-11 23:58:47.729 | INFO | Logger | intraday runtime heartbeat: strategy=classic_multifactor_NVDA_US bars_seen=0 last_bar_time=none seconds_since_last_bar=none quote_ctx_attached=True gateway_data_flowing=False last_signal=warmup pos=0 active_orders=0 bars_cached=322 approved_total=0 blocked_total=0
2026-05-11 23:59:47.730 | INFO | Logger | intraday runtime heartbeat: strategy=classic_multifactor_NVDA_US bars_seen=0 last_bar_time=none seconds_since_last_bar=none quote_ctx_attached=True gateway_data_flowing=False last_signal=warmup pos=0 active_orders=0 bars_cached=322 approved_total=0 blocked_total=0
2026-05-12 00:00:47.731 | INFO | Logger | intraday runtime heartbeat: strategy=classic_multifactor_NVDA_US bars_seen=0 last_bar_time=none seconds_since_last_bar=none quote_ctx_attached=True gateway_data_flowing=False last_signal=warmup pos=0 active_orders=0 bars_cached=322 approved_total=0 blocked_total=0
2026-05-12 00:01:47.732 | INFO | Logger | intraday runtime heartbeat: strategy=classic_multifactor_NVDA_US bars_seen=0 last_bar_time=none seconds_since_last_bar=none quote_ctx_attached=True gateway_data_flowing=False last_signal=warmup pos=0 active_orders=0 bars_cached=322 approved_total=0 blocked_total=0
2026-05-12 00:02:47.733 | INFO | Logger | intraday runtime heartbeat: strategy=classic_multifactor_NVDA_US bars_seen=0 last_bar_time=none seconds_since_last_bar=none quote_ctx_attached=True gateway_data_flowing=False last_signal=warmup pos=0 active_orders=0 bars_cached=322 approved_total=0 blocked_total=0
2026-05-12 00:03:47.734 | INFO | Logger | intraday runtime heartbeat: strategy=classic_multifactor_NVDA_US bars_seen=0 last_bar_time=none seconds_since_last_bar=none quote_ctx_attached=True gateway_data_flowing=False last_signal=warmup pos=0 active_orders=0 bars_cached=322 approved_total=0 blocked_total=0
2026-05-12 00:04:47.735 | INFO | Logger | intraday runtime heartbeat: strategy=classic_multifactor_NVDA_US bars_seen=0 last_bar_time=none seconds_since_last_bar=none quote_ctx_attached=True gateway_data_flowing=False last_signal=warmup pos=0 active_orders=0 bars_cached=322 approved_total=0 blocked_total=0
2026-05-12 00:05:47.738 | INFO | Logger | intraday runtime heartbeat: strategy=classic_multifactor_NVDA_US bars_seen=0 last_bar_time=none seconds_since_last_bar=none quote_ctx_attached=True gateway_data_flowing=False last_signal=warmup pos=0 active_orders=0 bars_cached=322 approved_total=0 blocked_total=0
2026-05-12 00:06:47.739 | INFO | Logger | intraday runtime heartbeat: strategy=classic_multifactor_NVDA_US bars_seen=0 last_bar_time=none seconds_since_last_bar=none quote_ctx_attached=True gateway_data_flowing=False last_signal=warmup pos=0 active_orders=0 bars_cached=322 approved_total=0 blocked_total=0
2026-05-12 00:07:47.740 | INFO | Logger | intraday runtime heartbeat: strategy=classic_multifactor_NVDA_US bars_seen=0 last_bar_time=none seconds_since_last_bar=none quote_ctx_attached=True gateway_data_flowing=False last_signal=warmup pos=0 active_orders=0 bars_cached=322 approved_total=0 blocked_total=0
2026-05-12 00:08:47.741 | INFO | Logger | intraday runtime heartbeat: strategy=classic_multifactor_NVDA_US bars_seen=0 last_bar_time=none seconds_since_last_bar=none quote_ctx_attached=True gateway_data_flowing=False last_signal=warmup pos=0 active_orders=0 bars_cached=322 approved_total=0 blocked_total=0
2026-05-12 00:09:47.743 | INFO | Logger | intraday runtime heartbeat: strategy=classic_multifactor_NVDA_US bars_seen=0 last_bar_time=none seconds_since_last_bar=none quote_ctx_attached=True gateway_data_flowing=False last_signal=warmup pos=0 active_orders=0 bars_cached=322 approved_total=0 blocked_total=0
2026-05-12 00:10:47.744 | INFO | Logger | intraday runtime heartbeat: strategy=classic_multifactor_NVDA_US bars_seen=0 last_bar_time=none seconds_since_last_bar=none quote_ctx_attached=True gateway_data_flowing=False last_signal=warmup pos=0 active_orders=0 bars_cached=322 approved_total=0 blocked_total=0
2026-05-12 00:11:47.746 | INFO | Logger | intraday runtime heartbeat: strategy=classic_multifactor_NVDA_US bars_seen=0 last_bar_time=none seconds_since_last_bar=none quote_ctx_attached=True gateway_data_flowing=False last_signal=warmup pos=0 active_orders=0 bars_cached=322 approved_total=0 blocked_total=0
2026-05-12 00:12:47.748 | INFO | Logger | intraday runtime heartbeat: strategy=classic_multifactor_NVDA_US bars_seen=0 last_bar_time=none seconds_since_last_bar=none quote_ctx_attached=True gateway_data_flowing=False last_signal=warmup pos=0 active_orders=0 bars_cached=322 approved_total=0 blocked_total=0
2026-05-12 00:13:47.749 | INFO | Logger | intraday runtime heartbeat: strategy=classic_multifactor_NVDA_US bars_seen=0 last_bar_time=none seconds_since_last_bar=none quote_ctx_attached=True gateway_data_flowing=False last_signal=warmup pos=0 active_orders=0 bars_cached=322 approved_total=0 blocked_total=0
2026-05-12 00:14:47.750 | INFO | Logger | intraday runtime heartbeat: strategy=classic_multifactor_NVDA_US bars_seen=0 last_bar_time=none seconds_since_last_bar=none quote_ctx_attached=True gateway_data_flowing=False last_signal=warmup pos=0 active_orders=0 bars_cached=322 approved_total=0 blocked_total=0
2026-05-12 00:15:47.751 | INFO | Logger | intraday runtime heartbeat: strategy=classic_multifactor_NVDA_US bars_seen=0 last_bar_time=none seconds_since_last_bar=none quote_ctx_attached=True gateway_data_flowing=False last_signal=warmup pos=0 active_orders=0 bars_cached=322 approved_total=0 blocked_total=0
2026-05-12 00:16:47.752 | INFO | Logger | intraday runtime heartbeat: strategy=classic_multifactor_NVDA_US bars_seen=0 last_bar_time=none seconds_since_last_bar=none quote_ctx_attached=True gateway_data_flowing=False last_signal=warmup pos=0 active_orders=0 bars_cached=322 approved_total=0 blocked_total=0
2026-05-12 00:17:47.753 | INFO | Logger | intraday runtime heartbeat: strategy=classic_multifactor_NVDA_US bars_seen=0 last_bar_time=none seconds_since_last_bar=none quote_ctx_attached=True gateway_data_flowing=False last_signal=warmup pos=0 active_orders=0 bars_cached=322 approved_total=0 blocked_total=0
2026-05-12 00:18:47.754 | INFO | Logger | intraday runtime heartbeat: strategy=classic_multifactor_NVDA_US bars_seen=0 last_bar_time=none seconds_since_last_bar=none quote_ctx_attached=True gateway_data_flowing=False last_signal=warmup pos=0 active_orders=0 bars_cached=322 approved_total=0 blocked_total=0
2026-05-12 00:19:47.755 | INFO | Logger | intraday runtime heartbeat: strategy=classic_multifactor_NVDA_US bars_seen=0 last_bar_time=none seconds_since_last_bar=none quote_ctx_attached=True gateway_data_flowing=False last_signal=warmup pos=0 active_orders=0 bars_cached=322 approved_total=0 blocked_total=0
2026-05-12 00:20:47.757 | INFO | Logger | intraday runtime heartbeat: strategy=classic_multifactor_NVDA_US bars_seen=0 last_bar_time=none seconds_since_last_bar=none quote_ctx_attached=True gateway_data_flowing=False last_signal=warmup pos=0 active_orders=0 bars_cached=322 approved_total=0 blocked_total=0
2026-05-12 00:21:47.759 | INFO | Logger | intraday runtime heartbeat: strategy=classic_multifactor_NVDA_US bars_seen=0 last_bar_time=none seconds_since_last_bar=none quote_ctx_attached=True gateway_data_flowing=False last_signal=warmup pos=0 active_orders=0 bars_cached=322 approved_total=0 blocked_total=0
2026-05-12 00:22:47.760 | INFO | Logger | intraday runtime heartbeat: strategy=classic_multifactor_NVDA_US bars_seen=0 last_bar_time=none seconds_since_last_bar=none quote_ctx_attached=True gateway_data_flowing=False last_signal=warmup pos=0 active_orders=0 bars_cached=322 approved_total=0 blocked_total=0
2026-05-12 00:23:47.761 | INFO | Logger | intraday runtime heartbeat: strategy=classic_multifactor_NVDA_US bars_seen=0 last_bar_time=none seconds_since_last_bar=none quote_ctx_attached=True gateway_data_flowing=False last_signal=warmup pos=0 active_orders=0 bars_cached=322 approved_total=0 blocked_total=0
2026-05-12 00:24:47.762 | INFO | Logger | intraday runtime heartbeat: strategy=classic_multifactor_NVDA_US bars_seen=0 last_bar_time=none seconds_since_last_bar=none quote_ctx_attached=True gateway_data_flowing=False last_signal=warmup pos=0 active_orders=0 bars_cached=322 approved_total=0 blocked_total=0
2026-05-12 00:25:47.763 | INFO | Logger | intraday runtime heartbeat: strategy=classic_multifactor_NVDA_US bars_seen=0 last_bar_time=none seconds_since_last_bar=none quote_ctx_attached=True gateway_data_flowing=False last_signal=warmup pos=0 active_orders=0 bars_cached=322 approved_total=0 blocked_total=0
2026-05-12 00:26:47.764 | INFO | Logger | intraday runtime heartbeat: strategy=classic_multifactor_NVDA_US bars_seen=0 last_bar_time=none seconds_since_last_bar=none quote_ctx_attached=True gateway_data_flowing=False last_signal=warmup pos=0 active_orders=0 bars_cached=322 approved_total=0 blocked_total=0
2026-05-12 00:27:47.765 | INFO | Logger | intraday runtime heartbeat: strategy=classic_multifactor_NVDA_US bars_seen=0 last_bar_time=none seconds_since_last_bar=none quote_ctx_attached=True gateway_data_flowing=False last_signal=warmup pos=0 active_orders=0 bars_cached=322 approved_total=0 blocked_total=0
2026-05-12 00:28:47.766 | INFO | Logger | intraday runtime heartbeat: strategy=classic_multifactor_NVDA_US bars_seen=0 last_bar_time=none seconds_since_last_bar=none quote_ctx_attached=True gateway_data_flowing=False last_signal=warmup pos=0 active_orders=0 bars_cached=322 approved_total=0 blocked_total=0
2026-05-12 00:29:47.767 | INFO | Logger | intraday runtime heartbeat: strategy=classic_multifactor_NVDA_US bars_seen=0 last_bar_time=none seconds_since_last_bar=none quote_ctx_attached=True gateway_data_flowing=False last_signal=warmup pos=0 active_orders=0 bars_cached=322 approved_total=0 blocked_total=0
2026-05-12 00:30:47.768 | INFO | Logger | intraday runtime heartbeat: strategy=classic_multifactor_NVDA_US bars_seen=0 last_bar_time=none seconds_since_last_bar=none quote_ctx_attached=True gateway_data_flowing=False last_signal=warmup pos=0 active_orders=0 bars_cached=322 approved_total=0 blocked_total=0
2026-05-12 00:31:47.769 | INFO | Logger | intraday runtime heartbeat: strategy=classic_multifactor_NVDA_US bars_seen=0 last_bar_time=none seconds_since_last_bar=none quote_ctx_attached=True gateway_data_flowing=False last_signal=warmup pos=0 active_orders=0 bars_cached=322 approved_total=0 blocked_total=0
2026-05-12 00:32:47.770 | INFO | Logger | intraday runtime heartbeat: strategy=classic_multifactor_NVDA_US bars_seen=0 last_bar_time=none seconds_since_last_bar=none quote_ctx_attached=True gateway_data_flowing=False last_signal=warmup pos=0 active_orders=0 bars_cached=322 approved_total=0 blocked_total=0
2026-05-12 00:33:47.771 | INFO | Logger | intraday runtime heartbeat: strategy=classic_multifactor_NVDA_US bars_seen=0 last_bar_time=none seconds_since_last_bar=none quote_ctx_attached=True gateway_data_flowing=False last_signal=warmup pos=0 active_orders=0 bars_cached=322 approved_total=0 blocked_total=0
2026-05-12 00:34:47.772 | INFO | Logger | intraday runtime heartbeat: strategy=classic_multifactor_NVDA_US bars_seen=0 last_bar_time=none seconds_since_last_bar=none quote_ctx_attached=True gateway_data_flowing=False last_signal=warmup pos=0 active_orders=0 bars_cached=322 approved_total=0 blocked_total=0
2026-05-12 00:35:47.773 | INFO | Logger | intraday runtime heartbeat: strategy=classic_multifactor_NVDA_US bars_seen=0 last_bar_time=none seconds_since_last_bar=none quote_ctx_attached=True gateway_data_flowing=False last_signal=warmup pos=0 active_orders=0 bars_cached=322 approved_total=0 blocked_total=0
2026-05-12 00:36:47.774 | INFO | Logger | intraday runtime heartbeat: strategy=classic_multifactor_NVDA_US bars_seen=0 last_bar_time=none seconds_since_last_bar=none quote_ctx_attached=True gateway_data_flowing=False last_signal=warmup pos=0 active_orders=0 bars_cached=322 approved_total=0 blocked_total=0
2026-05-12 00:37:47.775 | INFO | Logger | intraday runtime heartbeat: strategy=classic_multifactor_NVDA_US bars_seen=0 last_bar_time=none seconds_since_last_bar=none quote_ctx_attached=True gateway_data_flowing=False last_signal=warmup pos=0 active_orders=0 bars_cached=322 approved_total=0 blocked_total=0
2026-05-12 00:38:47.778 | INFO | Logger | intraday runtime heartbeat: strategy=classic_multifactor_NVDA_US bars_seen=0 last_bar_time=none seconds_since_last_bar=none quote_ctx_attached=True gateway_data_flowing=False last_signal=warmup pos=0 active_orders=0 bars_cached=322 approved_total=0 blocked_total=0
2026-05-12 00:39:47.779 | INFO | Logger | intraday runtime heartbeat: strategy=classic_multifactor_NVDA_US bars_seen=0 last_bar_time=none seconds_since_last_bar=none quote_ctx_attached=True gateway_data_flowing=False last_signal=warmup pos=0 active_orders=0 bars_cached=322 approved_total=0 blocked_total=0
2026-05-12 00:40:47.780 | INFO | Logger | intraday runtime heartbeat: strategy=classic_multifactor_NVDA_US bars_seen=0 last_bar_time=none seconds_since_last_bar=none quote_ctx_attached=True gateway_data_flowing=False last_signal=warmup pos=0 active_orders=0 bars_cached=322 approved_total=0 blocked_total=0
2026-05-12 00:41:47.782 | INFO | Logger | intraday runtime heartbeat: strategy=classic_multifactor_NVDA_US bars_seen=0 last_bar_time=none seconds_since_last_bar=none quote_ctx_attached=True gateway_data_flowing=False last_signal=warmup pos=0 active_orders=0 bars_cached=322 approved_total=0 blocked_total=0
2026-05-12 00:42:47.783 | INFO | Logger | intraday runtime heartbeat: strategy=classic_multifactor_NVDA_US bars_seen=0 last_bar_time=none seconds_since_last_bar=none quote_ctx_attached=True gateway_data_flowing=False last_signal=warmup pos=0 active_orders=0 bars_cached=322 approved_total=0 blocked_total=0
2026-05-12 00:43:47.784 | INFO | Logger | intraday runtime heartbeat: strategy=classic_multifactor_NVDA_US bars_seen=0 last_bar_time=none seconds_since_last_bar=none quote_ctx_attached=True gateway_data_flowing=False last_signal=warmup pos=0 active_orders=0 bars_cached=322 approved_total=0 blocked_total=0
2026-05-12 00:44:47.785 | INFO | Logger | intraday runtime heartbeat: strategy=classic_multifactor_NVDA_US bars_seen=0 last_bar_time=none seconds_since_last_bar=none quote_ctx_attached=True gateway_data_flowing=False last_signal=warmup pos=0 active_orders=0 bars_cached=322 approved_total=0 blocked_total=0
2026-05-12 00:45:47.786 | INFO | Logger | intraday runtime heartbeat: strategy=classic_multifactor_NVDA_US bars_seen=0 last_bar_time=none seconds_since_last_bar=none quote_ctx_attached=True gateway_data_flowing=False last_signal=warmup pos=0 active_orders=0 bars_cached=322 approved_total=0 blocked_total=0
2026-05-12 00:46:47.787 | INFO | Logger | intraday runtime heartbeat: strategy=classic_multifactor_NVDA_US bars_seen=0 last_bar_time=none seconds_since_last_bar=none quote_ctx_attached=True gateway_data_flowing=False last_signal=warmup pos=0 active_orders=0 bars_cached=322 approved_total=0 blocked_total=0
2026-05-12 00:47:47.788 | INFO | Logger | intraday runtime heartbeat: strategy=classic_multifactor_NVDA_US bars_seen=0 last_bar_time=none seconds_since_last_bar=none quote_ctx_attached=True gateway_data_flowing=False last_signal=warmup pos=0 active_orders=0 bars_cached=322 approved_total=0 blocked_total=0
2026-05-12 00:48:47.789 | INFO | Logger | intraday runtime heartbeat: strategy=classic_multifactor_NVDA_US bars_seen=0 last_bar_time=none seconds_since_last_bar=none quote_ctx_attached=True gateway_data_flowing=False last_signal=warmup pos=0 active_orders=0 bars_cached=322 approved_total=0 blocked_total=0
2026-05-12 00:49:47.790 | INFO | Logger | intraday runtime heartbeat: strategy=classic_multifactor_NVDA_US bars_seen=0 last_bar_time=none seconds_since_last_bar=none quote_ctx_attached=True gateway_data_flowing=False last_signal=warmup pos=0 active_orders=0 bars_cached=322 approved_total=0 blocked_total=0
2026-05-12 00:50:47.791 | INFO | Logger | intraday runtime heartbeat: strategy=classic_multifactor_NVDA_US bars_seen=0 last_bar_time=none seconds_since_last_bar=none quote_ctx_attached=True gateway_data_flowing=False last_signal=warmup pos=0 active_orders=0 bars_cached=322 approved_total=0 blocked_total=0
2026-05-12 00:51:47.792 | INFO | Logger | intraday runtime heartbeat: strategy=classic_multifactor_NVDA_US bars_seen=0 last_bar_time=none seconds_since_last_bar=none quote_ctx_attached=True gateway_data_flowing=False last_signal=warmup pos=0 active_orders=0 bars_cached=322 approved_total=0 blocked_total=0
2026-05-12 00:52:47.793 | INFO | Logger | intraday runtime heartbeat: strategy=classic_multifactor_NVDA_US bars_seen=0 last_bar_time=none seconds_since_last_bar=none quote_ctx_attached=True gateway_data_flowing=False last_signal=warmup pos=0 active_orders=0 bars_cached=322 approved_total=0 blocked_total=0
2026-05-12 00:53:47.794 | INFO | Logger | intraday runtime heartbeat: strategy=classic_multifactor_NVDA_US bars_seen=0 last_bar_time=none seconds_since_last_bar=none quote_ctx_attached=True gateway_data_flowing=False last_signal=warmup pos=0 active_orders=0 bars_cached=322 approved_total=0 blocked_total=0
2026-05-12 00:54:47.795 | INFO | Logger | intraday runtime heartbeat: strategy=classic_multifactor_NVDA_US bars_seen=0 last_bar_time=none seconds_since_last_bar=none quote_ctx_attached=True gateway_data_flowing=False last_signal=warmup pos=0 active_orders=0 bars_cached=322 approved_total=0 blocked_total=0
2026-05-12 00:55:47.796 | INFO | Logger | intraday runtime heartbeat: strategy=classic_multifactor_NVDA_US bars_seen=0 last_bar_time=none seconds_since_last_bar=none quote_ctx_attached=True gateway_data_flowing=False last_signal=warmup pos=0 active_orders=0 bars_cached=322 approved_total=0 blocked_total=0
2026-05-12 00:56:47.797 | INFO | Logger | intraday runtime heartbeat: strategy=classic_multifactor_NVDA_US bars_seen=0 last_bar_time=none seconds_since_last_bar=none quote_ctx_attached=True gateway_data_flowing=False last_signal=warmup pos=0 active_orders=0 bars_cached=322 approved_total=0 blocked_total=0
2026-05-12 00:57:47.798 | INFO | Logger | intraday runtime heartbeat: strategy=classic_multifactor_NVDA_US bars_seen=0 last_bar_time=none seconds_since_last_bar=none quote_ctx_attached=True gateway_data_flowing=False last_signal=warmup pos=0 active_orders=0 bars_cached=322 approved_total=0 blocked_total=0
2026-05-12 00:58:47.799 | INFO | Logger | intraday runtime heartbeat: strategy=classic_multifactor_NVDA_US bars_seen=0 last_bar_time=none seconds_since_last_bar=none quote_ctx_attached=True gateway_data_flowing=False last_signal=warmup pos=0 active_orders=0 bars_cached=322 approved_total=0 blocked_total=0
2026-05-12 00:59:47.800 | INFO | Logger | intraday runtime heartbeat: strategy=classic_multifactor_NVDA_US bars_seen=0 last_bar_time=none seconds_since_last_bar=none quote_ctx_attached=True gateway_data_flowing=False last_signal=warmup pos=0 active_orders=0 bars_cached=322 approved_total=0 blocked_total=0
2026-05-12 01:00:47.801 | INFO | Logger | intraday runtime heartbeat: strategy=classic_multifactor_NVDA_US bars_seen=0 last_bar_time=none seconds_since_last_bar=none quote_ctx_attached=True gateway_data_flowing=False last_signal=warmup pos=0 active_orders=0 bars_cached=322 approved_total=0 blocked_total=0
2026-05-12 01:01:47.802 | INFO | Logger | intraday runtime heartbeat: strategy=classic_multifactor_NVDA_US bars_seen=0 last_bar_time=none seconds_since_last_bar=none quote_ctx_attached=True gateway_data_flowing=False last_signal=warmup pos=0 active_orders=0 bars_cached=322 approved_total=0 blocked_total=0
2026-05-12 01:02:47.803 | INFO | Logger | intraday runtime heartbeat: strategy=classic_multifactor_NVDA_US bars_seen=0 last_bar_time=none seconds_since_last_bar=none quote_ctx_attached=True gateway_data_flowing=False last_signal=warmup pos=0 active_orders=0 bars_cached=322 approved_total=0 blocked_total=0
2026-05-12 01:03:47.804 | INFO | Logger | intraday runtime heartbeat: strategy=classic_multifactor_NVDA_US bars_seen=0 last_bar_time=none seconds_since_last_bar=none quote_ctx_attached=True gateway_data_flowing=False last_signal=warmup pos=0 active_orders=0 bars_cached=322 approved_total=0 blocked_total=0
2026-05-12 01:04:47.806 | INFO | Logger | intraday runtime heartbeat: strategy=classic_multifactor_NVDA_US bars_seen=0 last_bar_time=none seconds_since_last_bar=none quote_ctx_attached=True gateway_data_flowing=False last_signal=warmup pos=0 active_orders=0 bars_cached=322 approved_total=0 blocked_total=0
2026-05-12 01:05:47.807 | INFO | Logger | intraday runtime heartbeat: strategy=classic_multifactor_NVDA_US bars_seen=0 last_bar_time=none seconds_since_last_bar=none quote_ctx_attached=True gateway_data_flowing=False last_signal=warmup pos=0 active_orders=0 bars_cached=322 approved_total=0 blocked_total=0
2026-05-12 01:06:47.808 | INFO | Logger | intraday runtime heartbeat: strategy=classic_multifactor_NVDA_US bars_seen=0 last_bar_time=none seconds_since_last_bar=none quote_ctx_attached=True gateway_data_flowing=False last_signal=warmup pos=0 active_orders=0 bars_cached=322 approved_total=0 blocked_total=0
2026-05-12 01:07:47.809 | INFO | Logger | intraday runtime heartbeat: strategy=classic_multifactor_NVDA_US bars_seen=0 last_bar_time=none seconds_since_last_bar=none quote_ctx_attached=True gateway_data_flowing=False last_signal=warmup pos=0 active_orders=0 bars_cached=322 approved_total=0 blocked_total=0
2026-05-12 01:08:47.810 | INFO | Logger | intraday runtime heartbeat: strategy=classic_multifactor_NVDA_US bars_seen=0 last_bar_time=none seconds_since_last_bar=none quote_ctx_attached=True gateway_data_flowing=False last_signal=warmup pos=0 active_orders=0 bars_cached=322 approved_total=0 blocked_total=0
2026-05-12 01:09:47.811 | INFO | Logger | intraday runtime heartbeat: strategy=classic_multifactor_NVDA_US bars_seen=0 last_bar_time=none seconds_since_last_bar=none quote_ctx_attached=True gateway_data_flowing=False last_signal=warmup pos=0 active_orders=0 bars_cached=322 approved_total=0 blocked_total=0
2026-05-12 01:10:47.812 | INFO | Logger | intraday runtime heartbeat: strategy=classic_multifactor_NVDA_US bars_seen=0 last_bar_time=none seconds_since_last_bar=none quote_ctx_attached=True gateway_data_flowing=False last_signal=warmup pos=0 active_orders=0 bars_cached=322 approved_total=0 blocked_total=0
2026-05-12 01:11:47.813 | INFO | Logger | intraday runtime heartbeat: strategy=classic_multifactor_NVDA_US bars_seen=0 last_bar_time=none seconds_since_last_bar=none quote_ctx_attached=True gateway_data_flowing=False last_signal=warmup pos=0 active_orders=0 bars_cached=322 approved_total=0 blocked_total=0
2026-05-12 01:12:47.814 | INFO | Logger | intraday runtime heartbeat: strategy=classic_multifactor_NVDA_US bars_seen=0 last_bar_time=none seconds_since_last_bar=none quote_ctx_attached=True gateway_data_flowing=False last_signal=warmup pos=0 active_orders=0 bars_cached=322 approved_total=0 blocked_total=0
2026-05-12 01:13:47.815 | INFO | Logger | intraday runtime heartbeat: strategy=classic_multifactor_NVDA_US bars_seen=0 last_bar_time=none seconds_since_last_bar=none quote_ctx_attached=True gateway_data_flowing=False last_signal=warmup pos=0 active_orders=0 bars_cached=322 approved_total=0 blocked_total=0
2026-05-12 01:14:47.816 | INFO | Logger | intraday runtime heartbeat: strategy=classic_multifactor_NVDA_US bars_seen=0 last_bar_time=none seconds_since_last_bar=none quote_ctx_attached=True gateway_data_flowing=False last_signal=warmup pos=0 active_orders=0 bars_cached=322 approved_total=0 blocked_total=0
2026-05-12 01:15:47.817 | INFO | Logger | intraday runtime heartbeat: strategy=classic_multifactor_NVDA_US bars_seen=0 last_bar_time=none seconds_since_last_bar=none quote_ctx_attached=True gateway_data_flowing=False last_signal=warmup pos=0 active_orders=0 bars_cached=322 approved_total=0 blocked_total=0
2026-05-12 01:16:47.818 | INFO | Logger | intraday runtime heartbeat: strategy=classic_multifactor_NVDA_US bars_seen=0 last_bar_time=none seconds_since_last_bar=none quote_ctx_attached=True gateway_data_flowing=False last_signal=warmup pos=0 active_orders=0 bars_cached=322 approved_total=0 blocked_total=0
2026-05-12 01:17:47.820 | INFO | Logger | intraday runtime heartbeat: strategy=classic_multifactor_NVDA_US bars_seen=0 last_bar_time=none seconds_since_last_bar=none quote_ctx_attached=True gateway_data_flowing=False last_signal=warmup pos=0 active_orders=0 bars_cached=322 approved_total=0 blocked_total=0
2026-05-12 01:18:47.822 | INFO | Logger | intraday runtime heartbeat: strategy=classic_multifactor_NVDA_US bars_seen=0 last_bar_time=none seconds_since_last_bar=none quote_ctx_attached=True gateway_data_flowing=False last_signal=warmup pos=0 active_orders=0 bars_cached=322 approved_total=0 blocked_total=0
2026-05-12 01:19:47.824 | INFO | Logger | intraday runtime heartbeat: strategy=classic_multifactor_NVDA_US bars_seen=0 last_bar_time=none seconds_since_last_bar=none quote_ctx_attached=True gateway_data_flowing=False last_signal=warmup pos=0 active_orders=0 bars_cached=322 approved_total=0 blocked_total=0
2026-05-12 01:20:47.827 | INFO | Logger | intraday runtime heartbeat: strategy=classic_multifactor_NVDA_US bars_seen=0 last_bar_time=none seconds_since_last_bar=none quote_ctx_attached=True gateway_data_flowing=False last_signal=warmup pos=0 active_orders=0 bars_cached=322 approved_total=0 blocked_total=0
2026-05-12 01:21:47.828 | INFO | Logger | intraday runtime heartbeat: strategy=classic_multifactor_NVDA_US bars_seen=0 last_bar_time=none seconds_since_last_bar=none quote_ctx_attached=True gateway_data_flowing=False last_signal=warmup pos=0 active_orders=0 bars_cached=322 approved_total=0 blocked_total=0
2026-05-12 01:22:47.830 | INFO | Logger | intraday runtime heartbeat: strategy=classic_multifactor_NVDA_US bars_seen=0 last_bar_time=none seconds_since_last_bar=none quote_ctx_attached=True gateway_data_flowing=False last_signal=warmup pos=0 active_orders=0 bars_cached=322 approved_total=0 blocked_total=0
2026-05-12 01:23:47.831 | INFO | Logger | intraday runtime heartbeat: strategy=classic_multifactor_NVDA_US bars_seen=0 last_bar_time=none seconds_since_last_bar=none quote_ctx_attached=True gateway_data_flowing=False last_signal=warmup pos=0 active_orders=0 bars_cached=322 approved_total=0 blocked_total=0
2026-05-12 01:24:47.832 | INFO | Logger | intraday runtime heartbeat: strategy=classic_multifactor_NVDA_US bars_seen=0 last_bar_time=none seconds_since_last_bar=none quote_ctx_attached=True gateway_data_flowing=False last_signal=warmup pos=0 active_orders=0 bars_cached=322 approved_total=0 blocked_total=0
2026-05-12 01:25:47.833 | INFO | Logger | intraday runtime heartbeat: strategy=classic_multifactor_NVDA_US bars_seen=0 last_bar_time=none seconds_since_last_bar=none quote_ctx_attached=True gateway_data_flowing=False last_signal=warmup pos=0 active_orders=0 bars_cached=322 approved_total=0 blocked_total=0
2026-05-12 01:26:47.834 | INFO | Logger | intraday runtime heartbeat: strategy=classic_multifactor_NVDA_US bars_seen=0 last_bar_time=none seconds_since_last_bar=none quote_ctx_attached=True gateway_data_flowing=False last_signal=warmup pos=0 active_orders=0 bars_cached=322 approved_total=0 blocked_total=0
2026-05-12 01:27:47.835 | INFO | Logger | intraday runtime heartbeat: strategy=classic_multifactor_NVDA_US bars_seen=0 last_bar_time=none seconds_since_last_bar=none quote_ctx_attached=True gateway_data_flowing=False last_signal=warmup pos=0 active_orders=0 bars_cached=322 approved_total=0 blocked_total=0
2026-05-12 01:28:47.836 | INFO | Logger | intraday runtime heartbeat: strategy=classic_multifactor_NVDA_US bars_seen=0 last_bar_time=none seconds_since_last_bar=none quote_ctx_attached=True gateway_data_flowing=False last_signal=warmup pos=0 active_orders=0 bars_cached=322 approved_total=0 blocked_total=0
2026-05-12 01:29:47.837 | INFO | Logger | intraday runtime heartbeat: strategy=classic_multifactor_NVDA_US bars_seen=0 last_bar_time=none seconds_since_last_bar=none quote_ctx_attached=True gateway_data_flowing=False last_signal=warmup pos=0 active_orders=0 bars_cached=322 approved_total=0 blocked_total=0
2026-05-12 01:30:47.838 | INFO | Logger | intraday runtime heartbeat: strategy=classic_multifactor_NVDA_US bars_seen=0 last_bar_time=none seconds_since_last_bar=none quote_ctx_attached=True gateway_data_flowing=False last_signal=warmup pos=0 active_orders=0 bars_cached=322 approved_total=0 blocked_total=0
2026-05-12 01:31:47.839 | INFO | Logger | intraday runtime heartbeat: strategy=classic_multifactor_NVDA_US bars_seen=0 last_bar_time=none seconds_since_last_bar=none quote_ctx_attached=True gateway_data_flowing=False last_signal=warmup pos=0 active_orders=0 bars_cached=322 approved_total=0 blocked_total=0
2026-05-12 01:32:47.840 | INFO | Logger | intraday runtime heartbeat: strategy=classic_multifactor_NVDA_US bars_seen=0 last_bar_time=none seconds_since_last_bar=none quote_ctx_attached=True gateway_data_flowing=False last_signal=warmup pos=0 active_orders=0 bars_cached=322 approved_total=0 blocked_total=0
2026-05-12 01:33:47.841 | INFO | Logger | intraday runtime heartbeat: strategy=classic_multifactor_NVDA_US bars_seen=0 last_bar_time=none seconds_since_last_bar=none quote_ctx_attached=True gateway_data_flowing=False last_signal=warmup pos=0 active_orders=0 bars_cached=322 approved_total=0 blocked_total=0
2026-05-12 01:34:47.842 | INFO | Logger | intraday runtime heartbeat: strategy=classic_multifactor_NVDA_US bars_seen=0 last_bar_time=none seconds_since_last_bar=none quote_ctx_attached=True gateway_data_flowing=False last_signal=warmup pos=0 active_orders=0 bars_cached=322 approved_total=0 blocked_total=0
2026-05-12 01:35:47.844 | INFO | Logger | intraday runtime heartbeat: strategy=classic_multifactor_NVDA_US bars_seen=0 last_bar_time=none seconds_since_last_bar=none quote_ctx_attached=True gateway_data_flowing=False last_signal=warmup pos=0 active_orders=0 bars_cached=322 approved_total=0 blocked_total=0
2026-05-12 01:36:47.845 | INFO | Logger | intraday runtime heartbeat: strategy=classic_multifactor_NVDA_US bars_seen=0 last_bar_time=none seconds_since_last_bar=none quote_ctx_attached=True gateway_data_flowing=False last_signal=warmup pos=0 active_orders=0 bars_cached=322 approved_total=0 blocked_total=0
2026-05-12 01:37:47.846 | INFO | Logger | intraday runtime heartbeat: strategy=classic_multifactor_NVDA_US bars_seen=0 last_bar_time=none seconds_since_last_bar=none quote_ctx_attached=True gateway_data_flowing=False last_signal=warmup pos=0 active_orders=0 bars_cached=322 approved_total=0 blocked_total=0
2026-05-12 01:38:47.847 | INFO | Logger | intraday runtime heartbeat: strategy=classic_multifactor_NVDA_US bars_seen=0 last_bar_time=none seconds_since_last_bar=none quote_ctx_attached=True gateway_data_flowing=False last_signal=warmup pos=0 active_orders=0 bars_cached=322 approved_total=0 blocked_total=0
2026-05-12 01:39:47.848 | INFO | Logger | intraday runtime heartbeat: strategy=classic_multifactor_NVDA_US bars_seen=0 last_bar_time=none seconds_since_last_bar=none quote_ctx_attached=True gateway_data_flowing=False last_signal=warmup pos=0 active_orders=0 bars_cached=322 approved_total=0 blocked_total=0
2026-05-12 01:40:47.849 | INFO | Logger | intraday runtime heartbeat: strategy=classic_multifactor_NVDA_US bars_seen=0 last_bar_time=none seconds_since_last_bar=none quote_ctx_attached=True gateway_data_flowing=False last_signal=warmup pos=0 active_orders=0 bars_cached=322 approved_total=0 blocked_total=0
2026-05-12 01:41:47.850 | INFO | Logger | intraday runtime heartbeat: strategy=classic_multifactor_NVDA_US bars_seen=0 last_bar_time=none seconds_since_last_bar=none quote_ctx_attached=True gateway_data_flowing=False last_signal=warmup pos=0 active_orders=0 bars_cached=322 approved_total=0 blocked_total=0
2026-05-12 01:42:47.851 | INFO | Logger | intraday runtime heartbeat: strategy=classic_multifactor_NVDA_US bars_seen=0 last_bar_time=none seconds_since_last_bar=none quote_ctx_attached=True gateway_data_flowing=False last_signal=warmup pos=0 active_orders=0 bars_cached=322 approved_total=0 blocked_total=0
2026-05-12 01:43:47.852 | INFO | Logger | intraday runtime heartbeat: strategy=classic_multifactor_NVDA_US bars_seen=0 last_bar_time=none seconds_since_last_bar=none quote_ctx_attached=True gateway_data_flowing=False last_signal=warmup pos=0 active_orders=0 bars_cached=322 approved_total=0 blocked_total=0
2026-05-12 01:44:47.853 | INFO | Logger | intraday runtime heartbeat: strategy=classic_multifactor_NVDA_US bars_seen=0 last_bar_time=none seconds_since_last_bar=none quote_ctx_attached=True gateway_data_flowing=False last_signal=warmup pos=0 active_orders=0 bars_cached=322 approved_total=0 blocked_total=0
2026-05-12 01:45:47.854 | INFO | Logger | intraday runtime heartbeat: strategy=classic_multifactor_NVDA_US bars_seen=0 last_bar_time=none seconds_since_last_bar=none quote_ctx_attached=True gateway_data_flowing=False last_signal=warmup pos=0 active_orders=0 bars_cached=322 approved_total=0 blocked_total=0
2026-05-12 01:46:47.855 | INFO | Logger | intraday runtime heartbeat: strategy=classic_multifactor_NVDA_US bars_seen=0 last_bar_time=none seconds_since_last_bar=none quote_ctx_attached=True gateway_data_flowing=False last_signal=warmup pos=0 active_orders=0 bars_cached=322 approved_total=0 blocked_total=0
2026-05-12 01:47:47.856 | INFO | Logger | intraday runtime heartbeat: strategy=classic_multifactor_NVDA_US bars_seen=0 last_bar_time=none seconds_since_last_bar=none quote_ctx_attached=True gateway_data_flowing=False last_signal=warmup pos=0 active_orders=0 bars_cached=322 approved_total=0 blocked_total=0
2026-05-12 01:48:47.859 | INFO | Logger | intraday runtime heartbeat: strategy=classic_multifactor_NVDA_US bars_seen=0 last_bar_time=none seconds_since_last_bar=none quote_ctx_attached=True gateway_data_flowing=False last_signal=warmup pos=0 active_orders=0 bars_cached=322 approved_total=0 blocked_total=0
2026-05-12 01:49:47.860 | INFO | Logger | intraday runtime heartbeat: strategy=classic_multifactor_NVDA_US bars_seen=0 last_bar_time=none seconds_since_last_bar=none quote_ctx_attached=True gateway_data_flowing=False last_signal=warmup pos=0 active_orders=0 bars_cached=322 approved_total=0 blocked_total=0
2026-05-12 01:50:47.861 | INFO | Logger | intraday runtime heartbeat: strategy=classic_multifactor_NVDA_US bars_seen=0 last_bar_time=none seconds_since_last_bar=none quote_ctx_attached=True gateway_data_flowing=False last_signal=warmup pos=0 active_orders=0 bars_cached=322 approved_total=0 blocked_total=0
2026-05-12 01:51:47.862 | INFO | Logger | intraday runtime heartbeat: strategy=classic_multifactor_NVDA_US bars_seen=0 last_bar_time=none seconds_since_last_bar=none quote_ctx_attached=True gateway_data_flowing=False last_signal=warmup pos=0 active_orders=0 bars_cached=322 approved_total=0 blocked_total=0
2026-05-12 01:52:47.863 | INFO | Logger | intraday runtime heartbeat: strategy=classic_multifactor_NVDA_US bars_seen=0 last_bar_time=none seconds_since_last_bar=none quote_ctx_attached=True gateway_data_flowing=False last_signal=warmup pos=0 active_orders=0 bars_cached=322 approved_total=0 blocked_total=0
2026-05-12 01:53:47.864 | INFO | Logger | intraday runtime heartbeat: strategy=classic_multifactor_NVDA_US bars_seen=0 last_bar_time=none seconds_since_last_bar=none quote_ctx_attached=True gateway_data_flowing=False last_signal=warmup pos=0 active_orders=0 bars_cached=322 approved_total=0 blocked_total=0
2026-05-12 01:54:47.865 | INFO | Logger | intraday runtime heartbeat: strategy=classic_multifactor_NVDA_US bars_seen=0 last_bar_time=none seconds_since_last_bar=none quote_ctx_attached=True gateway_data_flowing=False last_signal=warmup pos=0 active_orders=0 bars_cached=322 approved_total=0 blocked_total=0
2026-05-12 01:55:47.866 | INFO | Logger | intraday runtime heartbeat: strategy=classic_multifactor_NVDA_US bars_seen=0 last_bar_time=none seconds_since_last_bar=none quote_ctx_attached=True gateway_data_flowing=False last_signal=warmup pos=0 active_orders=0 bars_cached=322 approved_total=0 blocked_total=0
2026-05-12 01:56:47.869 | INFO | Logger | intraday runtime heartbeat: strategy=classic_multifactor_NVDA_US bars_seen=0 last_bar_time=none seconds_since_last_bar=none quote_ctx_attached=True gateway_data_flowing=False last_signal=warmup pos=0 active_orders=0 bars_cached=322 approved_total=0 blocked_total=0
2026-05-12 01:57:47.870 | INFO | Logger | intraday runtime heartbeat: strategy=classic_multifactor_NVDA_US bars_seen=0 last_bar_time=none seconds_since_last_bar=none quote_ctx_attached=True gateway_data_flowing=False last_signal=warmup pos=0 active_orders=0 bars_cached=322 approved_total=0 blocked_total=0
2026-05-12 01:58:47.872 | INFO | Logger | intraday runtime heartbeat: strategy=classic_multifactor_NVDA_US bars_seen=0 last_bar_time=none seconds_since_last_bar=none quote_ctx_attached=True gateway_data_flowing=False last_signal=warmup pos=0 active_orders=0 bars_cached=322 approved_total=0 blocked_total=0
2026-05-12 01:59:47.873 | INFO | Logger | intraday runtime heartbeat: strategy=classic_multifactor_NVDA_US bars_seen=0 last_bar_time=none seconds_since_last_bar=none quote_ctx_attached=True gateway_data_flowing=False last_signal=warmup pos=0 active_orders=0 bars_cached=322 approved_total=0 blocked_total=0
2026-05-12 02:00:47.874 | INFO | Logger | intraday runtime heartbeat: strategy=classic_multifactor_NVDA_US bars_seen=0 last_bar_time=none seconds_since_last_bar=none quote_ctx_attached=True gateway_data_flowing=False last_signal=warmup pos=0 active_orders=0 bars_cached=322 approved_total=0 blocked_total=0
2026-05-12 02:01:47.878 | INFO | Logger | intraday runtime heartbeat: strategy=classic_multifactor_NVDA_US bars_seen=0 last_bar_time=none seconds_since_last_bar=none quote_ctx_attached=True gateway_data_flowing=False last_signal=warmup pos=0 active_orders=0 bars_cached=322 approved_total=0 blocked_total=0
2026-05-12 02:02:47.879 | INFO | Logger | intraday runtime heartbeat: strategy=classic_multifactor_NVDA_US bars_seen=0 last_bar_time=none seconds_since_last_bar=none quote_ctx_attached=True gateway_data_flowing=False last_signal=warmup pos=0 active_orders=0 bars_cached=322 approved_total=0 blocked_total=0
2026-05-12 02:03:47.880 | INFO | Logger | intraday runtime heartbeat: strategy=classic_multifactor_NVDA_US bars_seen=0 last_bar_time=none seconds_since_last_bar=none quote_ctx_attached=True gateway_data_flowing=False last_signal=warmup pos=0 active_orders=0 bars_cached=322 approved_total=0 blocked_total=0
2026-05-12 02:04:47.881 | INFO | Logger | intraday runtime heartbeat: strategy=classic_multifactor_NVDA_US bars_seen=0 last_bar_time=none seconds_since_last_bar=none quote_ctx_attached=True gateway_data_flowing=False last_signal=warmup pos=0 active_orders=0 bars_cached=322 approved_total=0 blocked_total=0
2026-05-12 02:05:47.882 | INFO | Logger | intraday runtime heartbeat: strategy=classic_multifactor_NVDA_US bars_seen=0 last_bar_time=none seconds_since_last_bar=none quote_ctx_attached=True gateway_data_flowing=False last_signal=warmup pos=0 active_orders=0 bars_cached=322 approved_total=0 blocked_total=0
2026-05-12 02:06:47.883 | INFO | Logger | intraday runtime heartbeat: strategy=classic_multifactor_NVDA_US bars_seen=0 last_bar_time=none seconds_since_last_bar=none quote_ctx_attached=True gateway_data_flowing=False last_signal=warmup pos=0 active_orders=0 bars_cached=322 approved_total=0 blocked_total=0
2026-05-12 02:07:47.884 | INFO | Logger | intraday runtime heartbeat: strategy=classic_multifactor_NVDA_US bars_seen=0 last_bar_time=none seconds_since_last_bar=none quote_ctx_attached=True gateway_data_flowing=False last_signal=warmup pos=0 active_orders=0 bars_cached=322 approved_total=0 blocked_total=0
2026-05-12 02:08:47.886 | INFO | Logger | intraday runtime heartbeat: strategy=classic_multifactor_NVDA_US bars_seen=0 last_bar_time=none seconds_since_last_bar=none quote_ctx_attached=True gateway_data_flowing=False last_signal=warmup pos=0 active_orders=0 bars_cached=322 approved_total=0 blocked_total=0
2026-05-12 02:09:47.887 | INFO | Logger | intraday runtime heartbeat: strategy=classic_multifactor_NVDA_US bars_seen=0 last_bar_time=none seconds_since_last_bar=none quote_ctx_attached=True gateway_data_flowing=False last_signal=warmup pos=0 active_orders=0 bars_cached=322 approved_total=0 blocked_total=0
2026-05-12 02:10:47.889 | INFO | Logger | intraday runtime heartbeat: strategy=classic_multifactor_NVDA_US bars_seen=0 last_bar_time=none seconds_since_last_bar=none quote_ctx_attached=True gateway_data_flowing=False last_signal=warmup pos=0 active_orders=0 bars_cached=322 approved_total=0 blocked_total=0
2026-05-12 02:11:47.890 | INFO | Logger | intraday runtime heartbeat: strategy=classic_multifactor_NVDA_US bars_seen=0 last_bar_time=none seconds_since_last_bar=none quote_ctx_attached=True gateway_data_flowing=False last_signal=warmup pos=0 active_orders=0 bars_cached=322 approved_total=0 blocked_total=0
2026-05-12 02:12:47.892 | INFO | Logger | intraday runtime heartbeat: strategy=classic_multifactor_NVDA_US bars_seen=0 last_bar_time=none seconds_since_last_bar=none quote_ctx_attached=True gateway_data_flowing=False last_signal=warmup pos=0 active_orders=0 bars_cached=322 approved_total=0 blocked_total=0
2026-05-12 02:13:47.893 | INFO | Logger | intraday runtime heartbeat: strategy=classic_multifactor_NVDA_US bars_seen=0 last_bar_time=none seconds_since_last_bar=none quote_ctx_attached=True gateway_data_flowing=False last_signal=warmup pos=0 active_orders=0 bars_cached=322 approved_total=0 blocked_total=0
2026-05-12 02:14:47.895 | INFO | Logger | intraday runtime heartbeat: strategy=classic_multifactor_NVDA_US bars_seen=0 last_bar_time=none seconds_since_last_bar=none quote_ctx_attached=True gateway_data_flowing=False last_signal=warmup pos=0 active_orders=0 bars_cached=322 approved_total=0 blocked_total=0
2026-05-12 02:15:47.897 | INFO | Logger | intraday runtime heartbeat: strategy=classic_multifactor_NVDA_US bars_seen=0 last_bar_time=none seconds_since_last_bar=none quote_ctx_attached=True gateway_data_flowing=False last_signal=warmup pos=0 active_orders=0 bars_cached=322 approved_total=0 blocked_total=0
2026-05-12 02:16:47.898 | INFO | Logger | intraday runtime heartbeat: strategy=classic_multifactor_NVDA_US bars_seen=0 last_bar_time=none seconds_since_last_bar=none quote_ctx_attached=True gateway_data_flowing=False last_signal=warmup pos=0 active_orders=0 bars_cached=322 approved_total=0 blocked_total=0
2026-05-12 02:17:47.899 | INFO | Logger | intraday runtime heartbeat: strategy=classic_multifactor_NVDA_US bars_seen=0 last_bar_time=none seconds_since_last_bar=none quote_ctx_attached=True gateway_data_flowing=False last_signal=warmup pos=0 active_orders=0 bars_cached=322 approved_total=0 blocked_total=0
2026-05-12 02:18:47.900 | INFO | Logger | intraday runtime heartbeat: strategy=classic_multifactor_NVDA_US bars_seen=0 last_bar_time=none seconds_since_last_bar=none quote_ctx_attached=True gateway_data_flowing=False last_signal=warmup pos=0 active_orders=0 bars_cached=322 approved_total=0 blocked_total=0
2026-05-12 02:19:47.902 | INFO | Logger | intraday runtime heartbeat: strategy=classic_multifactor_NVDA_US bars_seen=0 last_bar_time=none seconds_since_last_bar=none quote_ctx_attached=True gateway_data_flowing=False last_signal=warmup pos=0 active_orders=0 bars_cached=322 approved_total=0 blocked_total=0
2026-05-12 02:20:47.905 | INFO | Logger | intraday runtime heartbeat: strategy=classic_multifactor_NVDA_US bars_seen=0 last_bar_time=none seconds_since_last_bar=none quote_ctx_attached=True gateway_data_flowing=False last_signal=warmup pos=0 active_orders=0 bars_cached=322 approved_total=0 blocked_total=0
2026-05-12 02:21:47.906 | INFO | Logger | intraday runtime heartbeat: strategy=classic_multifactor_NVDA_US bars_seen=0 last_bar_time=none seconds_since_last_bar=none quote_ctx_attached=True gateway_data_flowing=False last_signal=warmup pos=0 active_orders=0 bars_cached=322 approved_total=0 blocked_total=0
2026-05-12 02:22:47.907 | INFO | Logger | intraday runtime heartbeat: strategy=classic_multifactor_NVDA_US bars_seen=0 last_bar_time=none seconds_since_last_bar=none quote_ctx_attached=True gateway_data_flowing=False last_signal=warmup pos=0 active_orders=0 bars_cached=322 approved_total=0 blocked_total=0
2026-05-12 02:23:47.908 | INFO | Logger | intraday runtime heartbeat: strategy=classic_multifactor_NVDA_US bars_seen=0 last_bar_time=none seconds_since_last_bar=none quote_ctx_attached=True gateway_data_flowing=False last_signal=warmup pos=0 active_orders=0 bars_cached=322 approved_total=0 blocked_total=0
2026-05-12 02:24:47.909 | INFO | Logger | intraday runtime heartbeat: strategy=classic_multifactor_NVDA_US bars_seen=0 last_bar_time=none seconds_since_last_bar=none quote_ctx_attached=True gateway_data_flowing=False last_signal=warmup pos=0 active_orders=0 bars_cached=322 approved_total=0 blocked_total=0
2026-05-12 02:25:47.911 | INFO | Logger | intraday runtime heartbeat: strategy=classic_multifactor_NVDA_US bars_seen=0 last_bar_time=none seconds_since_last_bar=none quote_ctx_attached=True gateway_data_flowing=False last_signal=warmup pos=0 active_orders=0 bars_cached=322 approved_total=0 blocked_total=0
2026-05-12 02:26:47.912 | INFO | Logger | intraday runtime heartbeat: strategy=classic_multifactor_NVDA_US bars_seen=0 last_bar_time=none seconds_since_last_bar=none quote_ctx_attached=True gateway_data_flowing=False last_signal=warmup pos=0 active_orders=0 bars_cached=322 approved_total=0 blocked_total=0
2026-05-12 02:27:47.913 | INFO | Logger | intraday runtime heartbeat: strategy=classic_multifactor_NVDA_US bars_seen=0 last_bar_time=none seconds_since_last_bar=none quote_ctx_attached=True gateway_data_flowing=False last_signal=warmup pos=0 active_orders=0 bars_cached=322 approved_total=0 blocked_total=0
2026-05-12 02:28:47.914 | INFO | Logger | intraday runtime heartbeat: strategy=classic_multifactor_NVDA_US bars_seen=0 last_bar_time=none seconds_since_last_bar=none quote_ctx_attached=True gateway_data_flowing=False last_signal=warmup pos=0 active_orders=0 bars_cached=322 approved_total=0 blocked_total=0
2026-05-12 02:29:47.915 | INFO | Logger | intraday runtime heartbeat: strategy=classic_multifactor_NVDA_US bars_seen=0 last_bar_time=none seconds_since_last_bar=none quote_ctx_attached=True gateway_data_flowing=False last_signal=warmup pos=0 active_orders=0 bars_cached=322 approved_total=0 blocked_total=0
2026-05-12 02:30:47.916 | INFO | Logger | intraday runtime heartbeat: strategy=classic_multifactor_NVDA_US bars_seen=0 last_bar_time=none seconds_since_last_bar=none quote_ctx_attached=True gateway_data_flowing=False last_signal=warmup pos=0 active_orders=0 bars_cached=322 approved_total=0 blocked_total=0
2026-05-12 02:31:47.917 | INFO | Logger | intraday runtime heartbeat: strategy=classic_multifactor_NVDA_US bars_seen=0 last_bar_time=none seconds_since_last_bar=none quote_ctx_attached=True gateway_data_flowing=False last_signal=warmup pos=0 active_orders=0 bars_cached=322 approved_total=0 blocked_total=0
2026-05-12 02:32:47.920 | INFO | Logger | intraday runtime heartbeat: strategy=classic_multifactor_NVDA_US bars_seen=0 last_bar_time=none seconds_since_last_bar=none quote_ctx_attached=True gateway_data_flowing=False last_signal=warmup pos=0 active_orders=0 bars_cached=322 approved_total=0 blocked_total=0
2026-05-12 02:33:47.921 | INFO | Logger | intraday runtime heartbeat: strategy=classic_multifactor_NVDA_US bars_seen=0 last_bar_time=none seconds_since_last_bar=none quote_ctx_attached=True gateway_data_flowing=False last_signal=warmup pos=0 active_orders=0 bars_cached=322 approved_total=0 blocked_total=0
2026-05-12 02:34:47.922 | INFO | Logger | intraday runtime heartbeat: strategy=classic_multifactor_NVDA_US bars_seen=0 last_bar_time=none seconds_since_last_bar=none quote_ctx_attached=True gateway_data_flowing=False last_signal=warmup pos=0 active_orders=0 bars_cached=322 approved_total=0 blocked_total=0
2026-05-12 02:35:47.923 | INFO | Logger | intraday runtime heartbeat: strategy=classic_multifactor_NVDA_US bars_seen=0 last_bar_time=none seconds_since_last_bar=none quote_ctx_attached=True gateway_data_flowing=False last_signal=warmup pos=0 active_orders=0 bars_cached=322 approved_total=0 blocked_total=0
2026-05-12 02:36:47.924 | INFO | Logger | intraday runtime heartbeat: strategy=classic_multifactor_NVDA_US bars_seen=0 last_bar_time=none seconds_since_last_bar=none quote_ctx_attached=True gateway_data_flowing=False last_signal=warmup pos=0 active_orders=0 bars_cached=322 approved_total=0 blocked_total=0
2026-05-12 02:37:47.928 | INFO | Logger | intraday runtime heartbeat: strategy=classic_multifactor_NVDA_US bars_seen=0 last_bar_time=none seconds_since_last_bar=none quote_ctx_attached=True gateway_data_flowing=False last_signal=warmup pos=0 active_orders=0 bars_cached=322 approved_total=0 blocked_total=0
2026-05-12 02:38:47.929 | INFO | Logger | intraday runtime heartbeat: strategy=classic_multifactor_NVDA_US bars_seen=0 last_bar_time=none seconds_since_last_bar=none quote_ctx_attached=True gateway_data_flowing=False last_signal=warmup pos=0 active_orders=0 bars_cached=322 approved_total=0 blocked_total=0
2026-05-12 02:39:47.930 | INFO | Logger | intraday runtime heartbeat: strategy=classic_multifactor_NVDA_US bars_seen=0 last_bar_time=none seconds_since_last_bar=none quote_ctx_attached=True gateway_data_flowing=False last_signal=warmup pos=0 active_orders=0 bars_cached=322 approved_total=0 blocked_total=0
2026-05-12 02:40:47.932 | INFO | Logger | intraday runtime heartbeat: strategy=classic_multifactor_NVDA_US bars_seen=0 last_bar_time=none seconds_since_last_bar=none quote_ctx_attached=True gateway_data_flowing=False last_signal=warmup pos=0 active_orders=0 bars_cached=322 approved_total=0 blocked_total=0
2026-05-12 02:41:47.933 | INFO | Logger | intraday runtime heartbeat: strategy=classic_multifactor_NVDA_US bars_seen=0 last_bar_time=none seconds_since_last_bar=none quote_ctx_attached=True gateway_data_flowing=False last_signal=warmup pos=0 active_orders=0 bars_cached=322 approved_total=0 blocked_total=0
2026-05-12 02:42:47.934 | INFO | Logger | intraday runtime heartbeat: strategy=classic_multifactor_NVDA_US bars_seen=0 last_bar_time=none seconds_since_last_bar=none quote_ctx_attached=True gateway_data_flowing=False last_signal=warmup pos=0 active_orders=0 bars_cached=322 approved_total=0 blocked_total=0
2026-05-12 02:43:47.935 | INFO | Logger | intraday runtime heartbeat: strategy=classic_multifactor_NVDA_US bars_seen=0 last_bar_time=none seconds_since_last_bar=none quote_ctx_attached=True gateway_data_flowing=False last_signal=warmup pos=0 active_orders=0 bars_cached=322 approved_total=0 blocked_total=0
2026-05-12 02:44:47.936 | INFO | Logger | intraday runtime heartbeat: strategy=classic_multifactor_NVDA_US bars_seen=0 last_bar_time=none seconds_since_last_bar=none quote_ctx_attached=True gateway_data_flowing=False last_signal=warmup pos=0 active_orders=0 bars_cached=322 approved_total=0 blocked_total=0
2026-05-12 02:45:47.937 | INFO | Logger | intraday runtime heartbeat: strategy=classic_multifactor_NVDA_US bars_seen=0 last_bar_time=none seconds_since_last_bar=none quote_ctx_attached=True gateway_data_flowing=False last_signal=warmup pos=0 active_orders=0 bars_cached=322 approved_total=0 blocked_total=0
2026-05-12 02:46:47.938 | INFO | Logger | intraday runtime heartbeat: strategy=classic_multifactor_NVDA_US bars_seen=0 last_bar_time=none seconds_since_last_bar=none quote_ctx_attached=True gateway_data_flowing=False last_signal=warmup pos=0 active_orders=0 bars_cached=322 approved_total=0 blocked_total=0
2026-05-12 02:47:47.940 | INFO | Logger | intraday runtime heartbeat: strategy=classic_multifactor_NVDA_US bars_seen=0 last_bar_time=none seconds_since_last_bar=none quote_ctx_attached=True gateway_data_flowing=False last_signal=warmup pos=0 active_orders=0 bars_cached=322 approved_total=0 blocked_total=0
2026-05-12 02:48:47.941 | INFO | Logger | intraday runtime heartbeat: strategy=classic_multifactor_NVDA_US bars_seen=0 last_bar_time=none seconds_since_last_bar=none quote_ctx_attached=True gateway_data_flowing=False last_signal=warmup pos=0 active_orders=0 bars_cached=322 approved_total=0 blocked_total=0
2026-05-12 02:49:47.942 | INFO | Logger | intraday runtime heartbeat: strategy=classic_multifactor_NVDA_US bars_seen=0 last_bar_time=none seconds_since_last_bar=none quote_ctx_attached=True gateway_data_flowing=False last_signal=warmup pos=0 active_orders=0 bars_cached=322 approved_total=0 blocked_total=0
2026-05-12 02:50:47.944 | INFO | Logger | intraday runtime heartbeat: strategy=classic_multifactor_NVDA_US bars_seen=0 last_bar_time=none seconds_since_last_bar=none quote_ctx_attached=True gateway_data_flowing=False last_signal=warmup pos=0 active_orders=0 bars_cached=322 approved_total=0 blocked_total=0
2026-05-12 02:51:47.945 | INFO | Logger | intraday runtime heartbeat: strategy=classic_multifactor_NVDA_US bars_seen=0 last_bar_time=none seconds_since_last_bar=none quote_ctx_attached=True gateway_data_flowing=False last_signal=warmup pos=0 active_orders=0 bars_cached=322 approved_total=0 blocked_total=0
2026-05-12 02:52:47.946 | INFO | Logger | intraday runtime heartbeat: strategy=classic_multifactor_NVDA_US bars_seen=0 last_bar_time=none seconds_since_last_bar=none quote_ctx_attached=True gateway_data_flowing=False last_signal=warmup pos=0 active_orders=0 bars_cached=322 approved_total=0 blocked_total=0
2026-05-12 02:53:47.947 | INFO | Logger | intraday runtime heartbeat: strategy=classic_multifactor_NVDA_US bars_seen=0 last_bar_time=none seconds_since_last_bar=none quote_ctx_attached=True gateway_data_flowing=False last_signal=warmup pos=0 active_orders=0 bars_cached=322 approved_total=0 blocked_total=0
2026-05-12 02:54:47.950 | INFO | Logger | intraday runtime heartbeat: strategy=classic_multifactor_NVDA_US bars_seen=0 last_bar_time=none seconds_since_last_bar=none quote_ctx_attached=True gateway_data_flowing=False last_signal=warmup pos=0 active_orders=0 bars_cached=322 approved_total=0 blocked_total=0
2026-05-12 02:55:47.951 | INFO | Logger | intraday runtime heartbeat: strategy=classic_multifactor_NVDA_US bars_seen=0 last_bar_time=none seconds_since_last_bar=none quote_ctx_attached=True gateway_data_flowing=False last_signal=warmup pos=0 active_orders=0 bars_cached=322 approved_total=0 blocked_total=0
2026-05-12 02:56:47.952 | INFO | Logger | intraday runtime heartbeat: strategy=classic_multifactor_NVDA_US bars_seen=0 last_bar_time=none seconds_since_last_bar=none quote_ctx_attached=True gateway_data_flowing=False last_signal=warmup pos=0 active_orders=0 bars_cached=322 approved_total=0 blocked_total=0
2026-05-12 02:57:47.953 | INFO | Logger | intraday runtime heartbeat: strategy=classic_multifactor_NVDA_US bars_seen=0 last_bar_time=none seconds_since_last_bar=none quote_ctx_attached=True gateway_data_flowing=False last_signal=warmup pos=0 active_orders=0 bars_cached=322 approved_total=0 blocked_total=0
2026-05-12 02:58:47.954 | INFO | Logger | intraday runtime heartbeat: strategy=classic_multifactor_NVDA_US bars_seen=0 last_bar_time=none seconds_since_last_bar=none quote_ctx_attached=True gateway_data_flowing=False last_signal=warmup pos=0 active_orders=0 bars_cached=322 approved_total=0 blocked_total=0
2026-05-12 02:59:47.955 | INFO | Logger | intraday runtime heartbeat: strategy=classic_multifactor_NVDA_US bars_seen=0 last_bar_time=none seconds_since_last_bar=none quote_ctx_attached=True gateway_data_flowing=False last_signal=warmup pos=0 active_orders=0 bars_cached=322 approved_total=0 blocked_total=0
2026-05-12 03:00:47.956 | INFO | Logger | intraday runtime heartbeat: strategy=classic_multifactor_NVDA_US bars_seen=0 last_bar_time=none seconds_since_last_bar=none quote_ctx_attached=True gateway_data_flowing=False last_signal=warmup pos=0 active_orders=0 bars_cached=322 approved_total=0 blocked_total=0
2026-05-12 03:01:47.957 | INFO | Logger | intraday runtime heartbeat: strategy=classic_multifactor_NVDA_US bars_seen=0 last_bar_time=none seconds_since_last_bar=none quote_ctx_attached=True gateway_data_flowing=False last_signal=warmup pos=0 active_orders=0 bars_cached=322 approved_total=0 blocked_total=0
2026-05-12 03:02:47.958 | INFO | Logger | intraday runtime heartbeat: strategy=classic_multifactor_NVDA_US bars_seen=0 last_bar_time=none seconds_since_last_bar=none quote_ctx_attached=True gateway_data_flowing=False last_signal=warmup pos=0 active_orders=0 bars_cached=322 approved_total=0 blocked_total=0
2026-05-12 03:03:47.959 | INFO | Logger | intraday runtime heartbeat: strategy=classic_multifactor_NVDA_US bars_seen=0 last_bar_time=none seconds_since_last_bar=none quote_ctx_attached=True gateway_data_flowing=False last_signal=warmup pos=0 active_orders=0 bars_cached=322 approved_total=0 blocked_total=0
2026-05-12 03:04:47.961 | INFO | Logger | intraday runtime heartbeat: strategy=classic_multifactor_NVDA_US bars_seen=0 last_bar_time=none seconds_since_last_bar=none quote_ctx_attached=True gateway_data_flowing=False last_signal=warmup pos=0 active_orders=0 bars_cached=322 approved_total=0 blocked_total=0
2026-05-12 03:05:47.962 | INFO | Logger | intraday runtime heartbeat: strategy=classic_multifactor_NVDA_US bars_seen=0 last_bar_time=none seconds_since_last_bar=none quote_ctx_attached=True gateway_data_flowing=False last_signal=warmup pos=0 active_orders=0 bars_cached=322 approved_total=0 blocked_total=0
2026-05-12 03:06:47.963 | INFO | Logger | intraday runtime heartbeat: strategy=classic_multifactor_NVDA_US bars_seen=0 last_bar_time=none seconds_since_last_bar=none quote_ctx_attached=True gateway_data_flowing=False last_signal=warmup pos=0 active_orders=0 bars_cached=322 approved_total=0 blocked_total=0
2026-05-12 03:07:47.964 | INFO | Logger | intraday runtime heartbeat: strategy=classic_multifactor_NVDA_US bars_seen=0 last_bar_time=none seconds_since_last_bar=none quote_ctx_attached=True gateway_data_flowing=False last_signal=warmup pos=0 active_orders=0 bars_cached=322 approved_total=0 blocked_total=0
2026-05-12 03:08:47.965 | INFO | Logger | intraday runtime heartbeat: strategy=classic_multifactor_NVDA_US bars_seen=0 last_bar_time=none seconds_since_last_bar=none quote_ctx_attached=True gateway_data_flowing=False last_signal=warmup pos=0 active_orders=0 bars_cached=322 approved_total=0 blocked_total=0
2026-05-12 03:09:47.966 | INFO | Logger | intraday runtime heartbeat: strategy=classic_multifactor_NVDA_US bars_seen=0 last_bar_time=none seconds_since_last_bar=none quote_ctx_attached=True gateway_data_flowing=False last_signal=warmup pos=0 active_orders=0 bars_cached=322 approved_total=0 blocked_total=0
2026-05-12 03:10:47.967 | INFO | Logger | intraday runtime heartbeat: strategy=classic_multifactor_NVDA_US bars_seen=0 last_bar_time=none seconds_since_last_bar=none quote_ctx_attached=True gateway_data_flowing=False last_signal=warmup pos=0 active_orders=0 bars_cached=322 approved_total=0 blocked_total=0
2026-05-12 03:11:47.968 | INFO | Logger | intraday runtime heartbeat: strategy=classic_multifactor_NVDA_US bars_seen=0 last_bar_time=none seconds_since_last_bar=none quote_ctx_attached=True gateway_data_flowing=False last_signal=warmup pos=0 active_orders=0 bars_cached=322 approved_total=0 blocked_total=0
2026-05-12 03:12:47.969 | INFO | Logger | intraday runtime heartbeat: strategy=classic_multifactor_NVDA_US bars_seen=0 last_bar_time=none seconds_since_last_bar=none quote_ctx_attached=True gateway_data_flowing=False last_signal=warmup pos=0 active_orders=0 bars_cached=322 approved_total=0 blocked_total=0
2026-05-12 03:13:47.970 | INFO | Logger | intraday runtime heartbeat: strategy=classic_multifactor_NVDA_US bars_seen=0 last_bar_time=none seconds_since_last_bar=none quote_ctx_attached=True gateway_data_flowing=False last_signal=warmup pos=0 active_orders=0 bars_cached=322 approved_total=0 blocked_total=0
2026-05-12 03:14:47.971 | INFO | Logger | intraday runtime heartbeat: strategy=classic_multifactor_NVDA_US bars_seen=0 last_bar_time=none seconds_since_last_bar=none quote_ctx_attached=True gateway_data_flowing=False last_signal=warmup pos=0 active_orders=0 bars_cached=322 approved_total=0 blocked_total=0
2026-05-12 03:15:47.972 | INFO | Logger | intraday runtime heartbeat: strategy=classic_multifactor_NVDA_US bars_seen=0 last_bar_time=none seconds_since_last_bar=none quote_ctx_attached=True gateway_data_flowing=False last_signal=warmup pos=0 active_orders=0 bars_cached=322 approved_total=0 blocked_total=0
2026-05-12 03:16:47.973 | INFO | Logger | intraday runtime heartbeat: strategy=classic_multifactor_NVDA_US bars_seen=0 last_bar_time=none seconds_since_last_bar=none quote_ctx_attached=True gateway_data_flowing=False last_signal=warmup pos=0 active_orders=0 bars_cached=322 approved_total=0 blocked_total=0
2026-05-12 03:17:47.974 | INFO | Logger | intraday runtime heartbeat: strategy=classic_multifactor_NVDA_US bars_seen=0 last_bar_time=none seconds_since_last_bar=none quote_ctx_attached=True gateway_data_flowing=False last_signal=warmup pos=0 active_orders=0 bars_cached=322 approved_total=0 blocked_total=0
2026-05-12 03:18:47.977 | INFO | Logger | intraday runtime heartbeat: strategy=classic_multifactor_NVDA_US bars_seen=0 last_bar_time=none seconds_since_last_bar=none quote_ctx_attached=True gateway_data_flowing=False last_signal=warmup pos=0 active_orders=0 bars_cached=322 approved_total=0 blocked_total=0
2026-05-12 03:19:47.979 | INFO | Logger | intraday runtime heartbeat: strategy=classic_multifactor_NVDA_US bars_seen=0 last_bar_time=none seconds_since_last_bar=none quote_ctx_attached=True gateway_data_flowing=False last_signal=warmup pos=0 active_orders=0 bars_cached=322 approved_total=0 blocked_total=0
2026-05-12 03:20:47.980 | INFO | Logger | intraday runtime heartbeat: strategy=classic_multifactor_NVDA_US bars_seen=0 last_bar_time=none seconds_since_last_bar=none quote_ctx_attached=True gateway_data_flowing=False last_signal=warmup pos=0 active_orders=0 bars_cached=322 approved_total=0 blocked_total=0
2026-05-12 03:21:47.981 | INFO | Logger | intraday runtime heartbeat: strategy=classic_multifactor_NVDA_US bars_seen=0 last_bar_time=none seconds_since_last_bar=none quote_ctx_attached=True gateway_data_flowing=False last_signal=warmup pos=0 active_orders=0 bars_cached=322 approved_total=0 blocked_total=0
2026-05-12 03:22:47.982 | INFO | Logger | intraday runtime heartbeat: strategy=classic_multifactor_NVDA_US bars_seen=0 last_bar_time=none seconds_since_last_bar=none quote_ctx_attached=True gateway_data_flowing=False last_signal=warmup pos=0 active_orders=0 bars_cached=322 approved_total=0 blocked_total=0
2026-05-12 03:23:47.983 | INFO | Logger | intraday runtime heartbeat: strategy=classic_multifactor_NVDA_US bars_seen=0 last_bar_time=none seconds_since_last_bar=none quote_ctx_attached=True gateway_data_flowing=False last_signal=warmup pos=0 active_orders=0 bars_cached=322 approved_total=0 blocked_total=0
2026-05-12 03:24:47.984 | INFO | Logger | intraday runtime heartbeat: strategy=classic_multifactor_NVDA_US bars_seen=0 last_bar_time=none seconds_since_last_bar=none quote_ctx_attached=True gateway_data_flowing=False last_signal=warmup pos=0 active_orders=0 bars_cached=322 approved_total=0 blocked_total=0
2026-05-12 03:25:47.985 | INFO | Logger | intraday runtime heartbeat: strategy=classic_multifactor_NVDA_US bars_seen=0 last_bar_time=none seconds_since_last_bar=none quote_ctx_attached=True gateway_data_flowing=False last_signal=warmup pos=0 active_orders=0 bars_cached=322 approved_total=0 blocked_total=0
2026-05-12 03:26:47.986 | INFO | Logger | intraday runtime heartbeat: strategy=classic_multifactor_NVDA_US bars_seen=0 last_bar_time=none seconds_since_last_bar=none quote_ctx_attached=True gateway_data_flowing=False last_signal=warmup pos=0 active_orders=0 bars_cached=322 approved_total=0 blocked_total=0
2026-05-12 03:27:47.987 | INFO | Logger | intraday runtime heartbeat: strategy=classic_multifactor_NVDA_US bars_seen=0 last_bar_time=none seconds_since_last_bar=none quote_ctx_attached=True gateway_data_flowing=False last_signal=warmup pos=0 active_orders=0 bars_cached=322 approved_total=0 blocked_total=0
2026-05-12 03:28:47.988 | INFO | Logger | intraday runtime heartbeat: strategy=classic_multifactor_NVDA_US bars_seen=0 last_bar_time=none seconds_since_last_bar=none quote_ctx_attached=True gateway_data_flowing=False last_signal=warmup pos=0 active_orders=0 bars_cached=322 approved_total=0 blocked_total=0
2026-05-12 03:29:47.989 | INFO | Logger | intraday runtime heartbeat: strategy=classic_multifactor_NVDA_US bars_seen=0 last_bar_time=none seconds_since_last_bar=none quote_ctx_attached=True gateway_data_flowing=False last_signal=warmup pos=0 active_orders=0 bars_cached=322 approved_total=0 blocked_total=0
2026-05-12 03:30:47.991 | INFO | Logger | intraday runtime heartbeat: strategy=classic_multifactor_NVDA_US bars_seen=0 last_bar_time=none seconds_since_last_bar=none quote_ctx_attached=True gateway_data_flowing=False last_signal=warmup pos=0 active_orders=0 bars_cached=322 approved_total=0 blocked_total=0
2026-05-12 03:31:47.992 | INFO | Logger | intraday runtime heartbeat: strategy=classic_multifactor_NVDA_US bars_seen=0 last_bar_time=none seconds_since_last_bar=none quote_ctx_attached=True gateway_data_flowing=False last_signal=warmup pos=0 active_orders=0 bars_cached=322 approved_total=0 blocked_total=0
2026-05-12 03:32:47.993 | INFO | Logger | intraday runtime heartbeat: strategy=classic_multifactor_NVDA_US bars_seen=0 last_bar_time=none seconds_since_last_bar=none quote_ctx_attached=True gateway_data_flowing=False last_signal=warmup pos=0 active_orders=0 bars_cached=322 approved_total=0 blocked_total=0
2026-05-12 03:33:47.994 | INFO | Logger | intraday runtime heartbeat: strategy=classic_multifactor_NVDA_US bars_seen=0 last_bar_time=none seconds_since_last_bar=none quote_ctx_attached=True gateway_data_flowing=False last_signal=warmup pos=0 active_orders=0 bars_cached=322 approved_total=0 blocked_total=0
2026-05-12 03:34:47.995 | INFO | Logger | intraday runtime heartbeat: strategy=classic_multifactor_NVDA_US bars_seen=0 last_bar_time=none seconds_since_last_bar=none quote_ctx_attached=True gateway_data_flowing=False last_signal=warmup pos=0 active_orders=0 bars_cached=322 approved_total=0 blocked_total=0
2026-05-12 03:35:47.996 | INFO | Logger | intraday runtime heartbeat: strategy=classic_multifactor_NVDA_US bars_seen=0 last_bar_time=none seconds_since_last_bar=none quote_ctx_attached=True gateway_data_flowing=False last_signal=warmup pos=0 active_orders=0 bars_cached=322 approved_total=0 blocked_total=0
2026-05-12 03:36:47.997 | INFO | Logger | intraday runtime heartbeat: strategy=classic_multifactor_NVDA_US bars_seen=0 last_bar_time=none seconds_since_last_bar=none quote_ctx_attached=True gateway_data_flowing=False last_signal=warmup pos=0 active_orders=0 bars_cached=322 approved_total=0 blocked_total=0
2026-05-12 03:37:47.998 | INFO | Logger | intraday runtime heartbeat: strategy=classic_multifactor_NVDA_US bars_seen=0 last_bar_time=none seconds_since_last_bar=none quote_ctx_attached=True gateway_data_flowing=False last_signal=warmup pos=0 active_orders=0 bars_cached=322 approved_total=0 blocked_total=0
2026-05-12 03:38:47.999 | INFO | Logger | intraday runtime heartbeat: strategy=classic_multifactor_NVDA_US bars_seen=0 last_bar_time=none seconds_since_last_bar=none quote_ctx_attached=True gateway_data_flowing=False last_signal=warmup pos=0 active_orders=0 bars_cached=322 approved_total=0 blocked_total=0
2026-05-12 03:39:48.000 | INFO | Logger | intraday runtime heartbeat: strategy=classic_multifactor_NVDA_US bars_seen=0 last_bar_time=none seconds_since_last_bar=none quote_ctx_attached=True gateway_data_flowing=False last_signal=warmup pos=0 active_orders=0 bars_cached=322 approved_total=0 blocked_total=0
2026-05-12 03:40:48.001 | INFO | Logger | intraday runtime heartbeat: strategy=classic_multifactor_NVDA_US bars_seen=0 last_bar_time=none seconds_since_last_bar=none quote_ctx_attached=True gateway_data_flowing=False last_signal=warmup pos=0 active_orders=0 bars_cached=322 approved_total=0 blocked_total=0
2026-05-12 03:41:48.002 | INFO | Logger | intraday runtime heartbeat: strategy=classic_multifactor_NVDA_US bars_seen=0 last_bar_time=none seconds_since_last_bar=none quote_ctx_attached=True gateway_data_flowing=False last_signal=warmup pos=0 active_orders=0 bars_cached=322 approved_total=0 blocked_total=0
2026-05-12 03:42:48.003 | INFO | Logger | intraday runtime heartbeat: strategy=classic_multifactor_NVDA_US bars_seen=0 last_bar_time=none seconds_since_last_bar=none quote_ctx_attached=True gateway_data_flowing=False last_signal=warmup pos=0 active_orders=0 bars_cached=322 approved_total=0 blocked_total=0
2026-05-12 03:43:48.004 | INFO | Logger | intraday runtime heartbeat: strategy=classic_multifactor_NVDA_US bars_seen=0 last_bar_time=none seconds_since_last_bar=none quote_ctx_attached=True gateway_data_flowing=False last_signal=warmup pos=0 active_orders=0 bars_cached=322 approved_total=0 blocked_total=0
2026-05-12 03:44:48.005 | INFO | Logger | intraday runtime heartbeat: strategy=classic_multifactor_NVDA_US bars_seen=0 last_bar_time=none seconds_since_last_bar=none quote_ctx_attached=True gateway_data_flowing=False last_signal=warmup pos=0 active_orders=0 bars_cached=322 approved_total=0 blocked_total=0
2026-05-12 03:45:48.006 | INFO | Logger | intraday runtime heartbeat: strategy=classic_multifactor_NVDA_US bars_seen=0 last_bar_time=none seconds_since_last_bar=none quote_ctx_attached=True gateway_data_flowing=False last_signal=warmup pos=0 active_orders=0 bars_cached=322 approved_total=0 blocked_total=0
2026-05-12 03:46:48.007 | INFO | Logger | intraday runtime heartbeat: strategy=classic_multifactor_NVDA_US bars_seen=0 last_bar_time=none seconds_since_last_bar=none quote_ctx_attached=True gateway_data_flowing=False last_signal=warmup pos=0 active_orders=0 bars_cached=322 approved_total=0 blocked_total=0
2026-05-12 03:47:48.008 | INFO | Logger | intraday runtime heartbeat: strategy=classic_multifactor_NVDA_US bars_seen=0 last_bar_time=none seconds_since_last_bar=none quote_ctx_attached=True gateway_data_flowing=False last_signal=warmup pos=0 active_orders=0 bars_cached=322 approved_total=0 blocked_total=0
2026-05-12 03:48:48.009 | INFO | Logger | intraday runtime heartbeat: strategy=classic_multifactor_NVDA_US bars_seen=0 last_bar_time=none seconds_since_last_bar=none quote_ctx_attached=True gateway_data_flowing=False last_signal=warmup pos=0 active_orders=0 bars_cached=322 approved_total=0 blocked_total=0
2026-05-12 03:49:48.010 | INFO | Logger | intraday runtime heartbeat: strategy=classic_multifactor_NVDA_US bars_seen=0 last_bar_time=none seconds_since_last_bar=none quote_ctx_attached=True gateway_data_flowing=False last_signal=warmup pos=0 active_orders=0 bars_cached=322 approved_total=0 blocked_total=0
2026-05-12 03:50:48.011 | INFO | Logger | intraday runtime heartbeat: strategy=classic_multifactor_NVDA_US bars_seen=0 last_bar_time=none seconds_since_last_bar=none quote_ctx_attached=True gateway_data_flowing=False last_signal=warmup pos=0 active_orders=0 bars_cached=322 approved_total=0 blocked_total=0
2026-05-12 03:51:48.012 | INFO | Logger | intraday runtime heartbeat: strategy=classic_multifactor_NVDA_US bars_seen=0 last_bar_time=none seconds_since_last_bar=none quote_ctx_attached=True gateway_data_flowing=False last_signal=warmup pos=0 active_orders=0 bars_cached=322 approved_total=0 blocked_total=0
2026-05-12 03:52:48.013 | INFO | Logger | intraday runtime heartbeat: strategy=classic_multifactor_NVDA_US bars_seen=0 last_bar_time=none seconds_since_last_bar=none quote_ctx_attached=True gateway_data_flowing=False last_signal=warmup pos=0 active_orders=0 bars_cached=322 approved_total=0 blocked_total=0
2026-05-12 03:53:48.014 | INFO | Logger | intraday runtime heartbeat: strategy=classic_multifactor_NVDA_US bars_seen=0 last_bar_time=none seconds_since_last_bar=none quote_ctx_attached=True gateway_data_flowing=False last_signal=warmup pos=0 active_orders=0 bars_cached=322 approved_total=0 blocked_total=0
2026-05-12 03:54:48.015 | INFO | Logger | intraday runtime heartbeat: strategy=classic_multifactor_NVDA_US bars_seen=0 last_bar_time=none seconds_since_last_bar=none quote_ctx_attached=True gateway_data_flowing=False last_signal=warmup pos=0 active_orders=0 bars_cached=322 approved_total=0 blocked_total=0
2026-05-12 03:55:48.016 | INFO | Logger | intraday runtime heartbeat: strategy=classic_multifactor_NVDA_US bars_seen=0 last_bar_time=none seconds_since_last_bar=none quote_ctx_attached=True gateway_data_flowing=False last_signal=warmup pos=0 active_orders=0 bars_cached=322 approved_total=0 blocked_total=0
2026-05-12 03:56:48.017 | INFO | Logger | intraday runtime heartbeat: strategy=classic_multifactor_NVDA_US bars_seen=0 last_bar_time=none seconds_since_last_bar=none quote_ctx_attached=True gateway_data_flowing=False last_signal=warmup pos=0 active_orders=0 bars_cached=322 approved_total=0 blocked_total=0
2026-05-12 03:57:48.019 | INFO | Logger | intraday runtime heartbeat: strategy=classic_multifactor_NVDA_US bars_seen=0 last_bar_time=none seconds_since_last_bar=none quote_ctx_attached=True gateway_data_flowing=False last_signal=warmup pos=0 active_orders=0 bars_cached=322 approved_total=0 blocked_total=0
2026-05-12 03:58:48.020 | INFO | Logger | intraday runtime heartbeat: strategy=classic_multifactor_NVDA_US bars_seen=0 last_bar_time=none seconds_since_last_bar=none quote_ctx_attached=True gateway_data_flowing=False last_signal=warmup pos=0 active_orders=0 bars_cached=322 approved_total=0 blocked_total=0
2026-05-12 03:59:48.021 | INFO | Logger | intraday runtime heartbeat: strategy=classic_multifactor_NVDA_US bars_seen=0 last_bar_time=none seconds_since_last_bar=none quote_ctx_attached=True gateway_data_flowing=False last_signal=warmup pos=0 active_orders=0 bars_cached=322 approved_total=0 blocked_total=0
2026-05-12 04:00:08.022 | INFO | Logger | exit condition met: session_end
2026-05-12 04:00:08,212 | 1792640 | 140627446941376 | [open_context_base.py:518] on_disconnect: Disconnected: conn=0(1) reason=CallClose
2026-05-12 04:00:08.212 | INFO | Logger | report written to /projects/vnpy/state/runs/classic_multifactor_intraday_report.json
2026-05-12 04:00:08,212 | 1792640 | 140627446941376 | [open_context_base.py:518] on_disconnect: Disconnected: conn=0(2) reason=CallClose
[knot_research_bundle] stopped because run_knot_4dim_picks_hk.py exited with 2
[knot_research_bundle] running run_knot_4dim_picks_hk.py -> /projects/vnpy/log/2026051209/knot_4dim_hk.json
[knot_4dim_hk] error: Knot client is not configured. Set KNOT_AGUI_URL / KNOT_API_TOKEN (and optionally KNOT_API_USER) before running this entry.
[knot_research_bundle] running run_knot_4dim_picks_hk.py -> /projects/vnpy/log/2026051209/knot_4dim_hk.json
[HK 4-Dim Picks @ 2026-05-12T01:43:17Z]
-- Technical -------------------------------
  1. 01024.HK   Kuaishou Technolog score=0.74  trend=0.90 flow=0.56 event=0.90 quality=0.90  risk=high
      rationale: Price is breaking above key moving averages with strong MACD and unusually high 
      risk:      The sharp gap-up could fade quickly if speculative AI enthusiasm cools or profit
      action:    Track whether volume stays elevated and price can hold above the 20-day average 
  2. 09992.HK   Pop Mart Internati score=0.64  trend=0.72 flow=0.53 event=0.72 quality=0.72  risk=low
      rationale: The stock is stabilizing above short-term averages with improving MACD histogram
      risk:      Momentum can fail if consumer sentiment weakens again or resistance near the upp
      action:    Monitor a clean breakout above recent highs and confirm with stronger follow-thr
  3. 00981.HK   Semiconductor Manu score=0.69  trend=0.78 flow=0.54 event=0.78 quality=0.78  risk=low
      rationale: It remains one of the most actively traded Hong Kong semis with strong 5-day and
      risk:      High valuation and elevated short-selling activity could trigger sharp reversals
      action:    Watch for pullback support to hold and check if momentum resumes without a spike
-- Fundamental -----------------------------
  1. 00700.HK   Tencent Holdings   score=0.77  trend=0.91 flow=0.56 event=0.91 quality=0.91  risk=medium
      rationale: Tencent combines strong ROE, double-digit revenue and profit growth, robust cash
      risk:      Margins may come under pressure if AI investment ramps faster than monetization 
      action:    Follow upcoming earnings and management commentary on AI spending discipline ver
  2. 09988.HK   Alibaba Group Hold score=0.74  trend=0.84 flow=0.55 event=0.84 quality=0.84  risk=low
      rationale: Alibaba offers improving profit growth, solid balance-sheet quality, and a credi
      risk:      Aggressive AI and instant retail investment could suppress near-term earnings an
      action:    Focus on cloud revenue acceleration, core commerce EBITA stability, and whether 
  3. 02899.HK   Zijin Mining Group score=0.65  trend=0.76 flow=0.54 event=0.76 quality=0.76  risk=medium
      rationale: Zijin has liquid large-cap exposure to metals with supportive pricing, visible e
      risk:      Commodity price reversal or geopolitical disruptions at overseas assets could qu
      action:    Review metal price sensitivity, production execution, and any updates on oversea
-- Capital Flow ----------------------------
  1. 01024.HK   Kuaishou Technolog score=0.75  trend=0.86 flow=0.55 event=0.86 quality=0.86  risk=low
      rationale: Kuaishou has seen exceptional turnover and recent strong northbound-related inte
      risk:      Flow-driven rallies can reverse abruptly if northbound demand slows after the in
      action:    Check daily southbound net buying and whether the stock remains on active turnov
  2. 00981.HK   Semiconductor Manu score=0.72  trend=0.82 flow=0.55 event=0.82 quality=0.82  risk=low
      rationale: SMIC has persistent heavy trading and repeated southbound net-buying signals, sh
      risk:      Rising short-selling ratio may overpower buying flows if sentiment on semiconduc
      action:    Compare southbound buying persistence against short-sale ratio to judge whether 
  3. 06869.HK   Yangtze Optical Fi score=0.62  trend=0.70 flow=0.53 event=0.70 quality=0.70  risk=low
      rationale: The name is highly liquid and has appeared among top turnover movers, indicating
      risk:      The stock can be very headline-sensitive and reverse fast once thematic rotation
      action:    Monitor whether unusually high turnover converts into multi-day net accumulation
-- Event Driven ----------------------------
  1. 01024.HK   Kuaishou Technolog score=0.80  trend=0.92 flow=0.56 event=0.92 quality=0.92  risk=low
      rationale: Reports of a possible Kling AI spin-off and financing round create a tangible ca
      risk:      The spin-off story is still unconfirmed and any denial or delay could unwind the
      action:    Follow official company responses, financing updates, and broker revisions tied 
  2. 00981.HK   Semiconductor Manu score=0.68  trend=0.80 flow=0.55 event=0.80 quality=0.80  risk=medium
      rationale: The approval of a major asset deal linked to full control of a core manufacturin
      risk:      Execution and integration risk remain, and event optimism may fade if earnings d
      action:    Track transaction completion milestones and assess whether the deal improves cap
  3. 09988.HK   Alibaba Group Hold score=0.70  trend=0.79 flow=0.54 event=0.79 quality=0.79  risk=low
      rationale: The integration of Qwen with Taobao and upcoming earnings make Alibaba a live ev
      risk:      Investors may focus more on profit drag from AI and retail competition than on l
      action:    Watch earnings, user adoption signals for AI shopping, and whether management re
summary: dims=4 picks=12 knot=ok scoring=dynamic_hybrid_v3
[knot_4dim_hk] wrote /projects/vnpy/log/2026051209/knot_4dim_hk.json
[knot_research_bundle] running run_knot_4dim_picks_us.py -> /projects/vnpy/log/2026051209/knot_4dim_us.json
[US 4-Dim Picks @ 2026-05-12T01:45:36Z]
-- Technical -------------------------------
  1. NVDA.US    NVIDIA Corporation score=0.80  trend=0.92 flow=0.56 event=0.92 quality=0.92  risk=low
      rationale: Strong price and volume momentum with a 19.3% one-month gain and a fresh high ne
      risk:      High expectations and rich valuation could trigger sharp pullbacks if AI sentime
      action:    Check whether the breakout holds on sustained volume over the next few sessions.
  2. AAPL.US    Apple Inc.         score=0.74  trend=0.84 flow=0.55 event=0.84 quality=0.84  risk=low
      rationale: The stock has advanced 12.5% over the last month and 13.0% over 20 days, showing
      risk:      Momentum could fade if consumer hardware demand or index leadership rotates away
      action:    Monitor follow-through above recent highs and compare relative strength versus t
  3. GOOGL.US   Alphabet Inc. Clas score=0.75  trend=0.86 flow=0.55 event=0.86 quality=0.86  risk=low
      rationale: Alphabet still shows a powerful medium-term uptrend with a 22.0% one-month gain 
      risk:      A sharp reversal after a strong run could deepen if AI or ad-growth expectations
      action:    Watch for dip-buying support and confirm that the recent pullback remains orderl
-- Fundamental -----------------------------
  1. MSFT.US    Microsoft Corporat score=0.78  trend=0.90 flow=0.56 event=0.90 quality=0.90  risk=low
      rationale: Microsoft combines durable cloud growth, strong operating cash flow, and a high-
      risk:      Heavy AI infrastructure spending may pressure margins if monetization lags.
      action:    Review the latest Azure growth, AI ARR trajectory, and capex efficiency before u
  2. AMZN.US    Amazon.com, Inc.   score=0.76  trend=0.87 flow=0.56 event=0.87 quality=0.87  risk=low
      rationale: Amazon pairs double-digit revenue growth with rising profitability, strong opera
      risk:      Large capex and competitive pressure in cloud or retail could compress near-term
      action:    Validate whether AWS backlog conversion and retail margin expansion continue in 
  3. META.US    Meta Platforms, In score=0.74  trend=0.85 flow=0.55 event=0.85 quality=0.85  risk=low
      rationale: Meta still screens well on revenue growth, very high margins, and strong cash ge
      risk:      Capital spending intensity and user-growth saturation could weigh on multiple ex
      action:    Test whether ad monetization gains are keeping pace with the stepped-up AI capex
-- Capital Flow ----------------------------
  1. NVDA.US    NVIDIA Corporation score=0.78  trend=0.90 flow=0.56 event=0.90 quality=0.90  risk=low
      rationale: NVIDIA shows standout turnover and dollar volume, with over 160 million shares t
      risk:      Crowded positioning can reverse quickly on any negative AI supply-demand signal.
      action:    Track whether high dollar volume remains biased to accumulation rather than chur
  2. AAPL.US    Apple Inc.         score=0.70  trend=0.80 flow=0.55 event=0.80 quality=0.80  risk=low
      rationale: Apple retains strong capital-flow relevance through very large daily turnover an
      risk:      Flow support may weaken if passive and defensive rotation shifts elsewhere.
      action:    Compare daily volume and price action to determine if large holders are still ac
  3. AMZN.US    Amazon.com, Inc.   score=0.72  trend=0.82 flow=0.55 event=0.82 quality=0.82  risk=low
      rationale: Amazon combines multi-billion-dollar daily turnover with a strong recent advance
      risk:      If cloud enthusiasm softens, capital may rotate out despite healthy liquidity.
      action:    Watch whether high-volume sessions start resolving higher again after the recent
-- Event Driven ----------------------------
  1. AMZN.US    Amazon.com, Inc.   score=0.79  trend=0.91 flow=0.56 event=0.91 quality=0.91  risk=low
      rationale: Recent earnings highlighted faster AWS growth, strong backlog, and improving ret
      risk:      The event could fade if capex remains too high relative to realized earnings con
      action:    Follow post-earnings estimate revisions and management commentary on AWS demand 
  2. META.US    Meta Platforms, In score=0.77  trend=0.88 flow=0.56 event=0.88 quality=0.88  risk=low
      rationale: Meta has a fresh catalyst from strong ad growth and new AI product rollout along
      risk:      The market may focus more on AI spending than on ad monetization progress.
      action:    Track revisions to earnings forecasts and investor response to AI monetization m
  3. MSFT.US    Microsoft Corporat score=0.75  trend=0.86 flow=0.55 event=0.86 quality=0.86  risk=low
      rationale: Microsoft has an active catalyst set from recent results showing Azure re-accele
      risk:      Any sign of cloud capacity constraints or slower enterprise spend could blunt th
      action:    Monitor enterprise channel checks and upcoming management updates for confirmati
summary: dims=4 picks=12 knot=ok scoring=dynamic_hybrid_v3
[knot_4dim_us] wrote /projects/vnpy/log/2026051209/knot_4dim_us.json
[knot_research_bundle] running run_holdings_knot_review.py -> /projects/vnpy/log/2026051209/holdings_knot_review.json
2026-05-12 09:45:37,431 | 2221897 | 140172552402752 | [open_context_base.py:410] _init_connect_sync: New connect ready: conn=7459780794486717818(1) context=<futu.trade.open_trade_context.OpenSecTradeContext object at 0x7f7c765a1cd0>
2026-05-12 09:45:37,684 | 2221897 | 140170429871808 | [open_context_base.py:518] on_disconnect: Disconnected: conn=0(1) reason=CallClose
[Holdings Review @ 2026-05-12T01:45:37Z] env=SIMULATE position_count=1 (amounts/quantities masked)
  1. 09988.HK   阿里巴巴-W             weight=small  pl=down score=0.50 action=hold  conf=0.58
      reason: Weak trend, but valuation support may limit downside.
      risk_flags: china-tech,regulatory,macro-sensitive,hk-liquidity
[holdings_knot_review] wrote /projects/vnpy/log/2026051209/holdings_knot_review.json
[knot_research_bundle] all tasks completed
[knot_research_bundle] scheduler started
[knot_research_bundle] schedule task=hk_picks market=hong_kong run_at=09:00 timezone=Asia/Hong_Kong
[knot_research_bundle] schedule task=holdings_hk market=hong_kong run_at=09:00 timezone=Asia/Hong_Kong
[knot_research_bundle] schedule task=us_picks market=us run_at=09:00 timezone=America/New_York
[knot_research_bundle] schedule task=holdings_us market=us run_at=09:00 timezone=America/New_York
[knot_research_bundle] due task=hk_picks local_time=2026-05-12 09:53:25 HKT
[knot_research_bundle] running HK 4-dimension picks (run_knot_4dim_picks_hk.py) -> /projects/vnpy/log/2026051209/knot_4dim_hk.json
[HK 4-Dim Picks @ 2026-05-12T01:55:01Z]
-- Technical -------------------------------
  1. 00992.HK   Lenovo Group       score=0.74  trend=0.84 flow=0.55 event=0.84 quality=0.84  risk=low
      rationale: The stock is in a strong uptrend with price above key moving averages and a posi
      risk:      Short-term momentum is crowded and a fast pullback could follow after the sharp 
      action:    Track whether it holds above the 10-day moving average on the next few sessions.
  2. 00388.HK   Hong Kong Exchange score=0.70  trend=0.80 flow=0.55 event=0.80 quality=0.80  risk=low
      rationale: The chart remains constructive with price above the 5/10/20/60-day averages and 
      risk:      The stock is nearing its upper Bollinger band, so upside may pause if market tur
      action:    Watch for a continuation breakout only if volume and exchange turnover stay firm
  3. 02318.HK   Ping An Insurance  score=0.68  trend=0.77 flow=0.54 event=0.77 quality=0.77  risk=low
      rationale: The name shows improving technical strength with bullish moving-average alignmen
      risk:      Financials can reverse quickly if rates or equity-market sentiment weaken.
      action:    Confirm follow-through by checking if the stock can stay above recent breakout s
-- Fundamental -----------------------------
  1. 00700.HK   Tencent Holdings   score=0.78  trend=0.90 flow=0.56 event=0.90 quality=0.90  risk=low
      rationale: Tencent combines large-scale profitability, double-digit revenue growth and stro
      risk:      Earnings expectations are high, so any slowdown in ads, gaming or fintech could 
      action:    Follow the upcoming results and focus on margin trend and fintech growth durabil
  2. 00883.HK   CNOOC              score=0.68  trend=0.82 flow=0.55 event=0.82 quality=0.82  risk=high
      rationale: CNOOC offers strong cash generation, low valuation and attractive dividends back
      risk:      Its earnings are highly sensitive to oil-price volatility and geopolitical swing
      action:    Reassess the thesis against crude-price direction and next production update.
  3. 02318.HK   Ping An Insurance  score=0.63  trend=0.76 flow=0.54 event=0.76 quality=0.76  risk=high
      rationale: Ping An screens well on valuation and diversified earnings mix, with recovery in
      risk:      Insurance and banking earnings remain exposed to weak macro conditions and inves
      action:    Monitor new business value, asset-quality trends and embedded-value momentum in 
-- Capital Flow ----------------------------
  1. 01810.HK   Xiaomi Corporation score=0.73  trend=0.83 flow=0.55 event=0.83 quality=0.83  risk=low
      rationale: Xiaomi shows supportive southbound positioning over the quarter and positive sam
      risk:      Near-term southbound daily flow turned negative, showing the trade can become ch
      action:    Track whether fresh southbound accumulation resumes after recent product-related
  2. 00700.HK   Tencent Holdings   score=0.70  trend=0.79 flow=0.54 event=0.79 quality=0.79  risk=low
      rationale: Tencent posted strong total net inflow and positive main-force flow, while south
      risk:      Daily southbound holdings fell, which may signal profit-taking if big tech senti
      action:    Watch for renewed northbound-style conviction via stabilizing hold-share changes
  3. 09988.HK   Alibaba Group Hold score=0.62  trend=0.74 flow=0.54 event=0.74 quality=0.74  risk=high
      rationale: Alibaba still recorded positive same-day main-force and total net inflow despite
      risk:      Quarterly southbound holdings have declined, suggesting sponsorship is less stab
      action:    Wait for confirmation that positive trading flow is followed by rebuilding south
-- Event Driven ----------------------------
  1. 01211.HK   BYD Company        score=0.71  trend=0.81 flow=0.55 event=0.81 quality=0.81  risk=low
      rationale: BYD has active model-cycle and overseas expansion headlines, which can keep the 
      risk:      Southbound selling and fierce EV price competition could offset positive product
      action:    Follow whether new-model and export news translate into stronger monthly sales m
  2. 01810.HK   Xiaomi Corporation score=0.68  trend=0.80 flow=0.55 event=0.80 quality=0.80  risk=medium
      rationale: Xiaomi has multiple near-term catalysts from handset launches to accelerated veh
      risk:      Execution risk is high if vehicle ramp or premium product demand disappoints.
      action:    Monitor launch dates, order conversion and delivery pace for the YU7 and flagshi
  3. 09988.HK   Alibaba Group Hold score=0.69  trend=0.78 flow=0.54 event=0.78 quality=0.78  risk=low
      rationale: Alibaba is gaining event momentum from AI-commerce integration and cloud product
      risk:      AI monetization may take longer than hoped and core commerce competition remains
      action:    Track management commentary and user adoption data tied to AI-enabled commerce a
summary: dims=4 picks=12 knot=ok scoring=dynamic_hybrid_v3
[knot_4dim_hk] wrote /projects/vnpy/log/2026051209/knot_4dim_hk.json
[knot_research_bundle] due task=holdings_hk local_time=2026-05-12 09:53:25 HKT
[knot_research_bundle] running Holdings review before HK open (run_holdings_knot_review.py) -> /projects/vnpy/log/2026051209/holdings_knot_review.json
2026-05-12 09:55:02,051 | 2229731 | 139901867624256 | [open_context_base.py:410] _init_connect_sync: New connect ready: conn=7459783162675654406(1) context=<futu.trade.open_trade_context.OpenSecTradeContext object at 0x7f3d7046ebd0>
2026-05-12 09:55:02,952 | 2229731 | 139899745105600 | [open_context_base.py:518] on_disconnect: Disconnected: conn=0(1) reason=CallClose
[Holdings Review @ 2026-05-12T01:55:02Z] env=REAL position_count=10 (amounts/quantities masked)
  1. ORCL.US    甲骨文                weight=small  pl=down score=0.50 action=hold  conf=0.64
      reason: Uptrend holds, but layoff headlines cloud sentiment
      risk_flags: layoff_risk,valuation,cloud_competition
  2. OKLO.US    Oklo Inc           weight=small  pl=down score=0.50 action=exit  conf=0.82
      reason: Speculative rebound lacks earnings support
      risk_flags: pre_revenue,high_vol,speculative
  3. NVDA.US    英伟达                weight=small  pl=up   score=0.50 action=add   conf=0.79
      reason: AI momentum and analyst support remain strong
      risk_flags: valuation,ai_cycle
  4. MSFT.US    微软                 weight=small  pl=up   score=0.50 action=hold  conf=0.71
      reason: Quality leader, but near-term momentum is mixed
      risk_flags: cloud_competition,macro_slowdown
  5. AGQ.US     2倍做多白银ETF-ProShare weight=small  pl=up   score=0.50 action=exit  conf=0.97
      reason: Leveraged silver exposure adds outsized path risk
      risk_flags: leveraged_etf,volatility,commodity_risk
  6. 09868.HK   小鹏集团-W             weight=medium pl=up   score=0.50 action=trim  conf=0.72
      reason: Trend is weak despite supportive broker views
      risk_flags: ev_price_war,negative_trend,execution_risk
  7. 09618.HK   京东集团-SW            weight=large  pl=up   score=0.50 action=hold  conf=0.77
      reason: Cheap leader with improving medium-term trend
      risk_flags: china_consumption,margin_pressure
  8. 02432.HK   越疆                 weight=medium pl=up   score=0.50 action=trim  conf=0.80
      reason: Early-stage robotics name remains highly volatile
      risk_flags: new_listing,high_vol,profitability_risk
