fast,slow,rsi_w,rsi_os,rsi_ob,vol_th,sl,tp,pos,trades,sharpe,total_return,annual_return,max_dd_pct,win_rate,bars
5,20,14,25.0,65.0,1.0,0.04,0.12,0.3,9,0.9789,194.0137,99.2821,-44.3820,0.0000,818
5,20,14,25.0,65.0,1.0,0.04,0.18,0.3,7,0.9713,113.0209,57.8358,-33.6003,0.0000,818
5,20,14,25.0,65.0,1.0,0.04,0.25,0.3,7,0.9801,113.7602,58.2142,-33.4593,0.0000,818
5,20,14,25.0,65.0,1.0,0.06,0.12,0.3,9,0.9766,193.7577,99.1511,-44.4316,0.0000,818
5,20,14,25.0,65.0,1.0,0.06,0.18,0.3,7,0.9681,112.7649,57.7048,-33.6494,0.0000,818
5,20,14,25.0,65.0,1.0,0.06,0.25,0.3,7,0.9769,113.5042,58.0832,-33.5080,0.0000,818
5,20,14,25.0,65.0,1.3,0.04,0.12,0.3,8,0.9804,153.9740,78.7927,-39.6177,0.0000,818
5,20,14,25.0,65.0,1.3,0.04,0.18,0.3,7,0.9713,113.0209,57.8358,-33.6003,0.0000,818
5,20,14,25.0,65.0,1.3,0.04,0.25,0.3,7,0.9801,113.7602,58.2142,-33.4593,0.0000,818
5,20,14,25.0,65.0,1.3,0.06,0.12,0.3,8,0.9778,153.7180,78.6617,-39.6678,0.0000,818
5,20,14,25.0,65.0,1.3,0.06,0.18,0.3,7,0.9681,112.7649,57.7048,-33.6494,0.0000,818
5,20,14,25.0,65.0,1.3,0.06,0.25,0.3,7,0.9769,113.5042,58.0832,-33.5080,0.0000,818
5,20,14,25.0,65.0,1.6,0.04,0.12,0.3,7,0.9045,186.3549,95.3629,-46.2539,0.0000,818
5,20,14,25.0,65.0,1.6,0.04,0.18,0.3,7,0.9045,186.3549,95.3629,-46.2539,0.0000,818
5,20,14,25.0,65.0,1.6,0.04,0.25,0.3,7,0.9045,186.3549,95.3629,-46.2539,0.0000,818
5,20,14,25.0,65.0,1.6,0.06,0.12,0.3,7,0.9023,186.0989,95.2319,-46.3075,0.0000,818
5,20,14,25.0,65.0,1.6,0.06,0.18,0.3,7,0.9023,186.0989,95.2319,-46.3075,0.0000,818
5,20,14,25.0,65.0,1.6,0.06,0.25,0.3,7,0.9023,186.0989,95.2319,-46.3075,0.0000,818
5,20,14,25.0,70.0,1.0,0.04,0.12,0.3,9,0.9789,194.0137,99.2821,-44.3820,0.0000,818
5,20,14,25.0,70.0,1.0,0.04,0.18,0.3,7,0.9713,113.0209,57.8358,-33.6003,0.0000,818
5,20,14,25.0,70.0,1.0,0.04,0.25,0.3,7,0.9801,113.7602,58.2142,-33.4593,0.0000,818
5,20,14,25.0,70.0,1.0,0.06,0.12,0.3,9,0.9766,193.7577,99.1511,-44.4316,0.0000,818
5,20,14,25.0,70.0,1.0,0.06,0.18,0.3,7,0.9681,112.7649,57.7048,-33.6494,0.0000,818
5,20,14,25.0,70.0,1.0,0.06,0.25,0.3,7,0.9769,113.5042,58.0832,-33.5080,0.0000,818
5,20,14,25.0,70.0,1.3,0.04,0.12,0.3,8,0.9804,153.9740,78.7927,-39.6177,0.0000,818
5,20,14,25.0,70.0,1.3,0.04,0.18,0.3,7,0.9713,113.0209,57.8358,-33.6003,0.0000,818
5,20,14,25.0,70.0,1.3,0.04,0.25,0.3,7,0.9801,113.7602,58.2142,-33.4593,0.0000,818
5,20,14,25.0,70.0,1.3,0.06,0.12,0.3,8,0.9778,153.7180,78.6617,-39.6678,0.0000,818
5,20,14,25.0,70.0,1.3,0.06,0.18,0.3,7,0.9681,112.7649,57.7048,-33.6494,0.0000,818
5,20,14,25.0,70.0,1.3,0.06,0.25,0.3,7,0.9769,113.5042,58.0832,-33.5080,0.0000,818
5,20,14,25.0,70.0,1.6,0.04,0.12,0.3,7,0.9045,186.3549,95.3629,-46.2539,0.0000,818
5,20,14,25.0,70.0,1.6,0.04,0.18,0.3,7,0.9045,186.3549,95.3629,-46.2539,0.0000,818
5,20,14,25.0,70.0,1.6,0.04,0.25,0.3,7,0.9045,186.3549,95.3629,-46.2539,0.0000,818
5,20,14,25.0,70.0,1.6,0.06,0.12,0.3,7,0.9023,186.0989,95.2319,-46.3075,0.0000,818
5,20,14,25.0,70.0,1.6,0.06,0.18,0.3,7,0.9023,186.0989,95.2319,-46.3075,0.0000,818
5,20,14,25.0,70.0,1.6,0.06,0.25,0.3,7,0.9023,186.0989,95.2319,-46.3075,0.0000,818
5,20,14,25.0,75.0,1.0,0.04,0.12,0.3,9,0.9789,194.0137,99.2821,-44.3820,0.0000,818
5,20,14,25.0,75.0,1.0,0.04,0.18,0.3,7,0.9713,113.0209,57.8358,-33.6003,0.0000,818
5,20,14,25.0,75.0,1.0,0.04,0.25,0.3,7,0.9801,113.7602,58.2142,-33.4593,0.0000,818
5,20,14,25.0,75.0,1.0,0.06,0.12,0.3,9,0.9766,193.7577,99.1511,-44.4316,0.0000,818
5,20,14,25.0,75.0,1.0,0.06,0.18,0.3,7,0.9681,112.7649,57.7048,-33.6494,0.0000,818
5,20,14,25.0,75.0,1.0,0.06,0.25,0.3,7,0.9769,113.5042,58.0832,-33.5080,0.0000,818
5,20,14,25.0,75.0,1.3,0.04,0.12,0.3,8,0.9804,153.9740,78.7927,-39.6177,0.0000,818
5,20,14,25.0,75.0,1.3,0.04,0.18,0.3,7,0.9713,113.0209,57.8358,-33.6003,0.0000,818
5,20,14,25.0,75.0,1.3,0.04,0.25,0.3,7,0.9801,113.7602,58.2142,-33.4593,0.0000,818
5,20,14,25.0,75.0,1.3,0.06,0.12,0.3,8,0.9778,153.7180,78.6617,-39.6678,0.0000,818
5,20,14,25.0,75.0,1.3,0.06,0.18,0.3,7,0.9681,112.7649,57.7048,-33.6494,0.0000,818
5,20,14,25.0,75.0,1.3,0.06,0.25,0.3,7,0.9769,113.5042,58.0832,-33.5080,0.0000,818
5,20,14,25.0,75.0,1.6,0.04,0.12,0.3,7,0.9045,186.3549,95.3629,-46.2539,0.0000,818
5,20,14,25.0,75.0,1.6,0.04,0.18,0.3,7,0.9045,186.3549,95.3629,-46.2539,0.0000,818
5,20,14,25.0,75.0,1.6,0.04,0.25,0.3,7,0.9045,186.3549,95.3629,-46.2539,0.0000,818
5,20,14,25.0,75.0,1.6,0.06,0.12,0.3,7,0.9023,186.0989,95.2319,-46.3075,0.0000,818
5,20,14,25.0,75.0,1.6,0.06,0.18,0.3,7,0.9023,186.0989,95.2319,-46.3075,0.0000,818
5,20,14,25.0,75.0,1.6,0.06,0.25,0.3,7,0.9023,186.0989,95.2319,-46.3075,0.0000,818
5,20,14,30.0,65.0,1.0,0.04,0.12,0.3,9,0.9789,194.0137,99.2821,-44.3820,0.0000,818
5,20,14,30.0,65.0,1.0,0.04,0.18,0.3,7,0.9713,113.0209,57.8358,-33.6003,0.0000,818
5,20,14,30.0,65.0,1.0,0.04,0.25,0.3,7,0.9801,113.7602,58.2142,-33.4593,0.0000,818
5,20,14,30.0,65.0,1.0,0.06,0.12,0.3,9,0.9766,193.7577,99.1511,-44.4316,0.0000,818
5,20,14,30.0,65.0,1.0,0.06,0.18,0.3,7,0.9681,112.7649,57.7048,-33.6494,0.0000,818
5,20,14,30.0,65.0,1.0,0.06,0.25,0.3,7,0.9769,113.5042,58.0832,-33.5080,0.0000,818
5,20,14,30.0,65.0,1.3,0.04,0.12,0.3,8,0.9804,153.9740,78.7927,-39.6177,0.0000,818
5,20,14,30.0,65.0,1.3,0.04,0.18,0.3,7,0.9713,113.0209,57.8358,-33.6003,0.0000,818
5,20,14,30.0,65.0,1.3,0.04,0.25,0.3,7,0.9801,113.7602,58.2142,-33.4593,0.0000,818
5,20,14,30.0,65.0,1.3,0.06,0.12,0.3,8,0.9778,153.7180,78.6617,-39.6678,0.0000,818
5,20,14,30.0,65.0,1.3,0.06,0.18,0.3,7,0.9681,112.7649,57.7048,-33.6494,0.0000,818
5,20,14,30.0,65.0,1.3,0.06,0.25,0.3,7,0.9769,113.5042,58.0832,-33.5080,0.0000,818
5,20,14,30.0,65.0,1.6,0.04,0.12,0.3,7,0.9045,186.3549,95.3629,-46.2539,0.0000,818
5,20,14,30.0,65.0,1.6,0.04,0.18,0.3,7,0.9045,186.3549,95.3629,-46.2539,0.0000,818
5,20,14,30.0,65.0,1.6,0.04,0.25,0.3,7,0.9045,186.3549,95.3629,-46.2539,0.0000,818
5,20,14,30.0,65.0,1.6,0.06,0.12,0.3,7,0.9023,186.0989,95.2319,-46.3075,0.0000,818
5,20,14,30.0,65.0,1.6,0.06,0.18,0.3,7,0.9023,186.0989,95.2319,-46.3075,0.0000,818
5,20,14,30.0,65.0,1.6,0.06,0.25,0.3,7,0.9023,186.0989,95.2319,-46.3075,0.0000,818
5,20,14,30.0,70.0,1.0,0.04,0.12,0.3,9,0.9789,194.0137,99.2821,-44.3820,0.0000,818
5,20,14,30.0,70.0,1.0,0.04,0.18,0.3,7,0.9713,113.0209,57.8358,-33.6003,0.0000,818
5,20,14,30.0,70.0,1.0,0.04,0.25,0.3,7,0.9801,113.7602,58.2142,-33.4593,0.0000,818
5,20,14,30.0,70.0,1.0,0.06,0.12,0.3,9,0.9766,193.7577,99.1511,-44.4316,0.0000,818
5,20,14,30.0,70.0,1.0,0.06,0.18,0.3,7,0.9681,112.7649,57.7048,-33.6494,0.0000,818
5,20,14,30.0,70.0,1.0,0.06,0.25,0.3,7,0.9769,113.5042,58.0832,-33.5080,0.0000,818
5,20,14,30.0,70.0,1.3,0.04,0.12,0.3,8,0.9804,153.9740,78.7927,-39.6177,0.0000,818
5,20,14,30.0,70.0,1.3,0.04,0.18,0.3,7,0.9713,113.0209,57.8358,-33.6003,0.0000,818
5,20,14,30.0,70.0,1.3,0.04,0.25,0.3,7,0.9801,113.7602,58.2142,-33.4593,0.0000,818
5,20,14,30.0,70.0,1.3,0.06,0.12,0.3,8,0.9778,153.7180,78.6617,-39.6678,0.0000,818
5,20,14,30.0,70.0,1.3,0.06,0.18,0.3,7,0.9681,112.7649,57.7048,-33.6494,0.0000,818
5,20,14,30.0,70.0,1.3,0.06,0.25,0.3,7,0.9769,113.5042,58.0832,-33.5080,0.0000,818
5,20,14,30.0,70.0,1.6,0.04,0.12,0.3,7,0.9045,186.3549,95.3629,-46.2539,0.0000,818
5,20,14,30.0,70.0,1.6,0.04,0.18,0.3,7,0.9045,186.3549,95.3629,-46.2539,0.0000,818
5,20,14,30.0,70.0,1.6,0.04,0.25,0.3,7,0.9045,186.3549,95.3629,-46.2539,0.0000,818
5,20,14,30.0,70.0,1.6,0.06,0.12,0.3,7,0.9023,186.0989,95.2319,-46.3075,0.0000,818
5,20,14,30.0,70.0,1.6,0.06,0.18,0.3,7,0.9023,186.0989,95.2319,-46.3075,0.0000,818
5,20,14,30.0,70.0,1.6,0.06,0.25,0.3,7,0.9023,186.0989,95.2319,-46.3075,0.0000,818
5,20,14,30.0,75.0,1.0,0.04,0.12,0.3,9,0.9789,194.0137,99.2821,-44.3820,0.0000,818
5,20,14,30.0,75.0,1.0,0.04,0.18,0.3,7,0.9713,113.0209,57.8358,-33.6003,0.0000,818
5,20,14,30.0,75.0,1.0,0.04,0.25,0.3,7,0.9801,113.7602,58.2142,-33.4593,0.0000,818
5,20,14,30.0,75.0,1.0,0.06,0.12,0.3,9,0.9766,193.7577,99.1511,-44.4316,0.0000,818
5,20,14,30.0,75.0,1.0,0.06,0.18,0.3,7,0.9681,112.7649,57.7048,-33.6494,0.0000,818
5,20,14,30.0,75.0,1.0,0.06,0.25,0.3,7,0.9769,113.5042,58.0832,-33.5080,0.0000,818
5,20,14,30.0,75.0,1.3,0.04,0.12,0.3,8,0.9804,153.9740,78.7927,-39.6177,0.0000,818
5,20,14,30.0,75.0,1.3,0.04,0.18,0.3,7,0.9713,113.0209,57.8358,-33.6003,0.0000,818
5,20,14,30.0,75.0,1.3,0.04,0.25,0.3,7,0.9801,113.7602,58.2142,-33.4593,0.0000,818
5,20,14,30.0,75.0,1.3,0.06,0.12,0.3,8,0.9778,153.7180,78.6617,-39.6678,0.0000,818
5,20,14,30.0,75.0,1.3,0.06,0.18,0.3,7,0.9681,112.7649,57.7048,-33.6494,0.0000,818
5,20,14,30.0,75.0,1.3,0.06,0.25,0.3,7,0.9769,113.5042,58.0832,-33.5080,0.0000,818
5,20,14,30.0,75.0,1.6,0.04,0.12,0.3,7,0.9045,186.3549,95.3629,-46.2539,0.0000,818
5,20,14,30.0,75.0,1.6,0.04,0.18,0.3,7,0.9045,186.3549,95.3629,-46.2539,0.0000,818
5,20,14,30.0,75.0,1.6,0.04,0.25,0.3,7,0.9045,186.3549,95.3629,-46.2539,0.0000,818
5,20,14,30.0,75.0,1.6,0.06,0.12,0.3,7,0.9023,186.0989,95.2319,-46.3075,0.0000,818
5,20,14,30.0,75.0,1.6,0.06,0.18,0.3,7,0.9023,186.0989,95.2319,-46.3075,0.0000,818
5,20,14,30.0,75.0,1.6,0.06,0.25,0.3,7,0.9023,186.0989,95.2319,-46.3075,0.0000,818
5,20,14,35.0,65.0,1.0,0.04,0.12,0.3,9,0.9789,194.0137,99.2821,-44.3820,0.0000,818
5,20,14,35.0,65.0,1.0,0.04,0.18,0.3,7,0.9713,113.0209,57.8358,-33.6003,0.0000,818
5,20,14,35.0,65.0,1.0,0.04,0.25,0.3,7,0.9801,113.7602,58.2142,-33.4593,0.0000,818
5,20,14,35.0,65.0,1.0,0.06,0.12,0.3,9,0.9766,193.7577,99.1511,-44.4316,0.0000,818
5,20,14,35.0,65.0,1.0,0.06,0.18,0.3,7,0.9681,112.7649,57.7048,-33.6494,0.0000,818
5,20,14,35.0,65.0,1.0,0.06,0.25,0.3,7,0.9769,113.5042,58.0832,-33.5080,0.0000,818
5,20,14,35.0,65.0,1.3,0.04,0.12,0.3,8,0.9804,153.9740,78.7927,-39.6177,0.0000,818
5,20,14,35.0,65.0,1.3,0.04,0.18,0.3,7,0.9713,113.0209,57.8358,-33.6003,0.0000,818
5,20,14,35.0,65.0,1.3,0.04,0.25,0.3,7,0.9801,113.7602,58.2142,-33.4593,0.0000,818
5,20,14,35.0,65.0,1.3,0.06,0.12,0.3,8,0.9778,153.7180,78.6617,-39.6678,0.0000,818
5,20,14,35.0,65.0,1.3,0.06,0.18,0.3,7,0.9681,112.7649,57.7048,-33.6494,0.0000,818
5,20,14,35.0,65.0,1.3,0.06,0.25,0.3,7,0.9769,113.5042,58.0832,-33.5080,0.0000,818
5,20,14,35.0,65.0,1.6,0.04,0.12,0.3,7,0.9045,186.3549,95.3629,-46.2539,0.0000,818
5,20,14,35.0,65.0,1.6,0.04,0.18,0.3,7,0.9045,186.3549,95.3629,-46.2539,0.0000,818
5,20,14,35.0,65.0,1.6,0.04,0.25,0.3,7,0.9045,186.3549,95.3629,-46.2539,0.0000,818
5,20,14,35.0,65.0,1.6,0.06,0.12,0.3,7,0.9023,186.0989,95.2319,-46.3075,0.0000,818
5,20,14,35.0,65.0,1.6,0.06,0.18,0.3,7,0.9023,186.0989,95.2319,-46.3075,0.0000,818
5,20,14,35.0,65.0,1.6,0.06,0.25,0.3,7,0.9023,186.0989,95.2319,-46.3075,0.0000,818
5,20,14,35.0,70.0,1.0,0.04,0.12,0.3,9,0.9789,194.0137,99.2821,-44.3820,0.0000,818
5,20,14,35.0,70.0,1.0,0.04,0.18,0.3,7,0.9713,113.0209,57.8358,-33.6003,0.0000,818
5,20,14,35.0,70.0,1.0,0.04,0.25,0.3,7,0.9801,113.7602,58.2142,-33.4593,0.0000,818
5,20,14,35.0,70.0,1.0,0.06,0.12,0.3,9,0.9766,193.7577,99.1511,-44.4316,0.0000,818
5,20,14,35.0,70.0,1.0,0.06,0.18,0.3,7,0.9681,112.7649,57.7048,-33.6494,0.0000,818
5,20,14,35.0,70.0,1.0,0.06,0.25,0.3,7,0.9769,113.5042,58.0832,-33.5080,0.0000,818
5,20,14,35.0,70.0,1.3,0.04,0.12,0.3,8,0.9804,153.9740,78.7927,-39.6177,0.0000,818
5,20,14,35.0,70.0,1.3,0.04,0.18,0.3,7,0.9713,113.0209,57.8358,-33.6003,0.0000,818
5,20,14,35.0,70.0,1.3,0.04,0.25,0.3,7,0.9801,113.7602,58.2142,-33.4593,0.0000,818
5,20,14,35.0,70.0,1.3,0.06,0.12,0.3,8,0.9778,153.7180,78.6617,-39.6678,0.0000,818
5,20,14,35.0,70.0,1.3,0.06,0.18,0.3,7,0.9681,112.7649,57.7048,-33.6494,0.0000,818
5,20,14,35.0,70.0,1.3,0.06,0.25,0.3,7,0.9769,113.5042,58.0832,-33.5080,0.0000,818
5,20,14,35.0,70.0,1.6,0.04,0.12,0.3,7,0.9045,186.3549,95.3629,-46.2539,0.0000,818
5,20,14,35.0,70.0,1.6,0.04,0.18,0.3,7,0.9045,186.3549,95.3629,-46.2539,0.0000,818
5,20,14,35.0,70.0,1.6,0.04,0.25,0.3,7,0.9045,186.3549,95.3629,-46.2539,0.0000,818
5,20,14,35.0,70.0,1.6,0.06,0.12,0.3,7,0.9023,186.0989,95.2319,-46.3075,0.0000,818
5,20,14,35.0,70.0,1.6,0.06,0.18,0.3,7,0.9023,186.0989,95.2319,-46.3075,0.0000,818
5,20,14,35.0,70.0,1.6,0.06,0.25,0.3,7,0.9023,186.0989,95.2319,-46.3075,0.0000,818
5,20,14,35.0,75.0,1.0,0.04,0.12,0.3,9,0.9789,194.0137,99.2821,-44.3820,0.0000,818
5,20,14,35.0,75.0,1.0,0.04,0.18,0.3,7,0.9713,113.0209,57.8358,-33.6003,0.0000,818
5,20,14,35.0,75.0,1.0,0.04,0.25,0.3,7,0.9801,113.7602,58.2142,-33.4593,0.0000,818
5,20,14,35.0,75.0,1.0,0.06,0.12,0.3,9,0.9766,193.7577,99.1511,-44.4316,0.0000,818
5,20,14,35.0,75.0,1.0,0.06,0.18,0.3,7,0.9681,112.7649,57.7048,-33.6494,0.0000,818
5,20,14,35.0,75.0,1.0,0.06,0.25,0.3,7,0.9769,113.5042,58.0832,-33.5080,0.0000,818
5,20,14,35.0,75.0,1.3,0.04,0.12,0.3,8,0.9804,153.9740,78.7927,-39.6177,0.0000,818
5,20,14,35.0,75.0,1.3,0.04,0.18,0.3,7,0.9713,113.0209,57.8358,-33.6003,0.0000,818
5,20,14,35.0,75.0,1.3,0.04,0.25,0.3,7,0.9801,113.7602,58.2142,-33.4593,0.0000,818
5,20,14,35.0,75.0,1.3,0.06,0.12,0.3,8,0.9778,153.7180,78.6617,-39.6678,0.0000,818
5,20,14,35.0,75.0,1.3,0.06,0.18,0.3,7,0.9681,112.7649,57.7048,-33.6494,0.0000,818
5,20,14,35.0,75.0,1.3,0.06,0.25,0.3,7,0.9769,113.5042,58.0832,-33.5080,0.0000,818
5,20,14,35.0,75.0,1.6,0.04,0.12,0.3,7,0.9045,186.3549,95.3629,-46.2539,0.0000,818
5,20,14,35.0,75.0,1.6,0.04,0.18,0.3,7,0.9045,186.3549,95.3629,-46.2539,0.0000,818
5,20,14,35.0,75.0,1.6,0.04,0.25,0.3,7,0.9045,186.3549,95.3629,-46.2539,0.0000,818
5,20,14,35.0,75.0,1.6,0.06,0.12,0.3,7,0.9023,186.0989,95.2319,-46.3075,0.0000,818
5,20,14,35.0,75.0,1.6,0.06,0.18,0.3,7,0.9023,186.0989,95.2319,-46.3075,0.0000,818
5,20,14,35.0,75.0,1.6,0.06,0.25,0.3,7,0.9023,186.0989,95.2319,-46.3075,0.0000,818
5,30,14,25.0,65.0,1.0,0.04,0.12,0.3,41,1.1195,294.0705,150.4838,-31.7726,0.0000,818
5,30,14,25.0,65.0,1.0,0.04,0.18,0.3,103,1.0196,237.6509,121.6124,-33.2563,0.0000,818
5,30,14,25.0,65.0,1.0,0.04,0.25,0.3,104,1.1189,264.4640,135.3334,-33.2563,0.0000,818
5,30,14,25.0,65.0,1.0,0.06,0.12,0.3,107,0.8210,163.3807,83.6063,-31.2074,0.0000,818
5,30,14,25.0,65.0,1.0,0.06,0.18,0.3,92,1.1069,259.7921,132.9426,-31.7618,0.0000,818
5,30,14,25.0,65.0,1.0,0.06,0.25,0.3,84,0.9394,193.3795,98.9575,-31.7618,0.0000,818
5,30,14,25.0,65.0,1.3,0.04,0.12,0.3,93,0.8084,79.7324,40.8012,-20.5622,0.0000,818
5,30,14,25.0,65.0,1.3,0.04,0.18,0.3,58,1.0259,114.4420,58.5630,-20.8620,0.0000,818
5,30,14,25.0,65.0,1.3,0.04,0.25,0.3,59,1.1177,126.8048,64.8894,-20.8620,0.0000,818
5,30,14,25.0,65.0,1.3,0.06,0.12,0.3,73,1.1706,126.8184,64.8964,-19.9613,0.0000,818
5,30,14,25.0,65.0,1.3,0.06,0.18,0.3,48,1.1767,131.5739,67.3299,-20.2477,0.0000,818
5,30,14,25.0,65.0,1.3,0.06,0.25,0.3,55,1.0344,114.3363,58.5090,-20.2477,0.0000,818
5,30,14,25.0,65.0,1.6,0.04,0.12,0.3,61,0.0477,2.6240,1.3428,-21.3449,0.0000,818
5,30,14,25.0,65.0,1.6,0.04,0.18,0.3,55,0.0692,4.1417,2.1194,-21.3449,0.0000,818
5,30,14,25.0,65.0,1.6,0.04,0.25,0.3,56,0.1747,10.3115,5.2767,-21.3449,0.0000,818
5,30,14,25.0,65.0,1.6,0.06,0.12,0.3,49,0.3529,22.6748,11.6033,-20.3553,0.0000,818
5,30,14,25.0,65.0,1.6,0.06,0.18,0.3,43,0.3944,26.1413,13.3772,-20.3553,0.0000,818
5,30,14,25.0,65.0,1.6,0.06,0.25,0.3,44,0.4806,33.3462,17.0642,-20.3553,0.0000,818
5,30,14,25.0,70.0,1.0,0.04,0.12,0.3,41,1.1195,294.0705,150.4838,-31.7726,0.0000,818
5,30,14,25.0,70.0,1.0,0.04,0.18,0.3,103,1.0196,237.6509,121.6124,-33.2563,0.0000,818
5,30,14,25.0,70.0,1.0,0.04,0.25,0.3,104,1.1189,264.4640,135.3334,-33.2563,0.0000,818
5,30,14,25.0,70.0,1.0,0.06,0.12,0.3,107,0.8210,163.3807,83.6063,-31.2074,0.0000,818
5,30,14,25.0,70.0,1.0,0.06,0.18,0.3,92,1.1069,259.7921,132.9426,-31.7618,0.0000,818
5,30,14,25.0,70.0,1.0,0.06,0.25,0.3,84,0.9394,193.3795,98.9575,-31.7618,0.0000,818
5,30,14,25.0,70.0,1.3,0.04,0.12,0.3,93,0.8084,79.7324,40.8012,-20.5622,0.0000,818
5,30,14,25.0,70.0,1.3,0.04,0.18,0.3,58,1.0259,114.4420,58.5630,-20.8620,0.0000,818
5,30,14,25.0,70.0,1.3,0.04,0.25,0.3,59,1.1177,126.8048,64.8894,-20.8620,0.0000,818
5,30,14,25.0,70.0,1.3,0.06,0.12,0.3,73,1.1706,126.8184,64.8964,-19.9613,0.0000,818
5,30,14,25.0,70.0,1.3,0.06,0.18,0.3,48,1.1767,131.5739,67.3299,-20.2477,0.0000,818
5,30,14,25.0,70.0,1.3,0.06,0.25,0.3,55,1.0344,114.3363,58.5090,-20.2477,0.0000,818
5,30,14,25.0,70.0,1.6,0.04,0.12,0.3,61,0.0477,2.6240,1.3428,-21.3449,0.0000,818
5,30,14,25.0,70.0,1.6,0.04,0.18,0.3,55,0.0692,4.1417,2.1194,-21.3449,0.0000,818
5,30,14,25.0,70.0,1.6,0.04,0.25,0.3,56,0.1747,10.3115,5.2767,-21.3449,0.0000,818
5,30,14,25.0,70.0,1.6,0.06,0.12,0.3,49,0.3529,22.6748,11.6033,-20.3553,0.0000,818
5,30,14,25.0,70.0,1.6,0.06,0.18,0.3,43,0.3944,26.1413,13.3772,-20.3553,0.0000,818
5,30,14,25.0,70.0,1.6,0.06,0.25,0.3,44,0.4806,33.3462,17.0642,-20.3553,0.0000,818
5,30,14,25.0,75.0,1.0,0.04,0.12,0.3,41,1.1195,294.0705,150.4838,-31.7726,0.0000,818
5,30,14,25.0,75.0,1.0,0.04,0.18,0.3,103,1.0196,237.6509,121.6124,-33.2563,0.0000,818
5,30,14,25.0,75.0,1.0,0.04,0.25,0.3,104,1.1189,264.4640,135.3334,-33.2563,0.0000,818
5,30,14,25.0,75.0,1.0,0.06,0.12,0.3,107,0.8210,163.3807,83.6063,-31.2074,0.0000,818
5,30,14,25.0,75.0,1.0,0.06,0.18,0.3,92,1.1069,259.7921,132.9426,-31.7618,0.0000,818
5,30,14,25.0,75.0,1.0,0.06,0.25,0.3,84,0.9394,193.3795,98.9575,-31.7618,0.0000,818
5,30,14,25.0,75.0,1.3,0.04,0.12,0.3,93,0.8084,79.7324,40.8012,-20.5622,0.0000,818
5,30,14,25.0,75.0,1.3,0.04,0.18,0.3,58,1.0259,114.4420,58.5630,-20.8620,0.0000,818
5,30,14,25.0,75.0,1.3,0.04,0.25,0.3,59,1.1177,126.8048,64.8894,-20.8620,0.0000,818
5,30,14,25.0,75.0,1.3,0.06,0.12,0.3,73,1.1706,126.8184,64.8964,-19.9613,0.0000,818
5,30,14,25.0,75.0,1.3,0.06,0.18,0.3,48,1.1767,131.5739,67.3299,-20.2477,0.0000,818
5,30,14,25.0,75.0,1.3,0.06,0.25,0.3,55,1.0344,114.3363,58.5090,-20.2477,0.0000,818
5,30,14,25.0,75.0,1.6,0.04,0.12,0.3,61,0.0477,2.6240,1.3428,-21.3449,0.0000,818
5,30,14,25.0,75.0,1.6,0.04,0.18,0.3,55,0.0692,4.1417,2.1194,-21.3449,0.0000,818
5,30,14,25.0,75.0,1.6,0.04,0.25,0.3,56,0.1747,10.3115,5.2767,-21.3449,0.0000,818
5,30,14,25.0,75.0,1.6,0.06,0.12,0.3,49,0.3529,22.6748,11.6033,-20.3553,0.0000,818
5,30,14,25.0,75.0,1.6,0.06,0.18,0.3,43,0.3944,26.1413,13.3772,-20.3553,0.0000,818
5,30,14,25.0,75.0,1.6,0.06,0.25,0.3,44,0.4806,33.3462,17.0642,-20.3553,0.0000,818
5,30,14,30.0,65.0,1.0,0.04,0.12,0.3,41,1.1195,294.0705,150.4838,-31.7726,0.0000,818
5,30,14,30.0,65.0,1.0,0.04,0.18,0.3,103,1.0196,237.6509,121.6124,-33.2563,0.0000,818
5,30,14,30.0,65.0,1.0,0.04,0.25,0.3,104,1.1189,264.4640,135.3334,-33.2563,0.0000,818
5,30,14,30.0,65.0,1.0,0.06,0.12,0.3,107,0.8210,163.3807,83.6063,-31.2074,0.0000,818
5,30,14,30.0,65.0,1.0,0.06,0.18,0.3,92,1.1069,259.7921,132.9426,-31.7618,0.0000,818
5,30,14,30.0,65.0,1.0,0.06,0.25,0.3,84,0.9394,193.3795,98.9575,-31.7618,0.0000,818
5,30,14,30.0,65.0,1.3,0.04,0.12,0.3,93,0.8084,79.7324,40.8012,-20.5622,0.0000,818
5,30,14,30.0,65.0,1.3,0.04,0.18,0.3,58,1.0259,114.4420,58.5630,-20.8620,0.0000,818
5,30,14,30.0,65.0,1.3,0.04,0.25,0.3,59,1.1177,126.8048,64.8894,-20.8620,0.0000,818
5,30,14,30.0,65.0,1.3,0.06,0.12,0.3,73,1.1706,126.8184,64.8964,-19.9613,0.0000,818
5,30,14,30.0,65.0,1.3,0.06,0.18,0.3,48,1.1767,131.5739,67.3299,-20.2477,0.0000,818
5,30,14,30.0,65.0,1.3,0.06,0.25,0.3,55,1.0344,114.3363,58.5090,-20.2477,0.0000,818
5,30,14,30.0,65.0,1.6,0.04,0.12,0.3,61,0.0477,2.6240,1.3428,-21.3449,0.0000,818
5,30,14,30.0,65.0,1.6,0.04,0.18,0.3,55,0.0692,4.1417,2.1194,-21.3449,0.0000,818
5,30,14,30.0,65.0,1.6,0.04,0.25,0.3,56,0.1747,10.3115,5.2767,-21.3449,0.0000,818
5,30,14,30.0,65.0,1.6,0.06,0.12,0.3,49,0.3529,22.6748,11.6033,-20.3553,0.0000,818
5,30,14,30.0,65.0,1.6,0.06,0.18,0.3,43,0.3944,26.1413,13.3772,-20.3553,0.0000,818
5,30,14,30.0,65.0,1.6,0.06,0.25,0.3,44,0.4806,33.3462,17.0642,-20.3553,0.0000,818
5,30,14,30.0,70.0,1.0,0.04,0.12,0.3,41,1.1195,294.0705,150.4838,-31.7726,0.0000,818
5,30,14,30.0,70.0,1.0,0.04,0.18,0.3,103,1.0196,237.6509,121.6124,-33.2563,0.0000,818
5,30,14,30.0,70.0,1.0,0.04,0.25,0.3,104,1.1189,264.4640,135.3334,-33.2563,0.0000,818
5,30,14,30.0,70.0,1.0,0.06,0.12,0.3,107,0.8210,163.3807,83.6063,-31.2074,0.0000,818
5,30,14,30.0,70.0,1.0,0.06,0.18,0.3,92,1.1069,259.7921,132.9426,-31.7618,0.0000,818
5,30,14,30.0,70.0,1.0,0.06,0.25,0.3,84,0.9394,193.3795,98.9575,-31.7618,0.0000,818
5,30,14,30.0,70.0,1.3,0.04,0.12,0.3,93,0.8084,79.7324,40.8012,-20.5622,0.0000,818
5,30,14,30.0,70.0,1.3,0.04,0.18,0.3,58,1.0259,114.4420,58.5630,-20.8620,0.0000,818
5,30,14,30.0,70.0,1.3,0.04,0.25,0.3,59,1.1177,126.8048,64.8894,-20.8620,0.0000,818
5,30,14,30.0,70.0,1.3,0.06,0.12,0.3,73,1.1706,126.8184,64.8964,-19.9613,0.0000,818
5,30,14,30.0,70.0,1.3,0.06,0.18,0.3,48,1.1767,131.5739,67.3299,-20.2477,0.0000,818
5,30,14,30.0,70.0,1.3,0.06,0.25,0.3,55,1.0344,114.3363,58.5090,-20.2477,0.0000,818
5,30,14,30.0,70.0,1.6,0.04,0.12,0.3,61,0.0477,2.6240,1.3428,-21.3449,0.0000,818
5,30,14,30.0,70.0,1.6,0.04,0.18,0.3,55,0.0692,4.1417,2.1194,-21.3449,0.0000,818
5,30,14,30.0,70.0,1.6,0.04,0.25,0.3,56,0.1747,10.3115,5.2767,-21.3449,0.0000,818
5,30,14,30.0,70.0,1.6,0.06,0.12,0.3,49,0.3529,22.6748,11.6033,-20.3553,0.0000,818
5,30,14,30.0,70.0,1.6,0.06,0.18,0.3,43,0.3944,26.1413,13.3772,-20.3553,0.0000,818
5,30,14,30.0,70.0,1.6,0.06,0.25,0.3,44,0.4806,33.3462,17.0642,-20.3553,0.0000,818
5,30,14,30.0,75.0,1.0,0.04,0.12,0.3,41,1.1195,294.0705,150.4838,-31.7726,0.0000,818
5,30,14,30.0,75.0,1.0,0.04,0.18,0.3,103,1.0196,237.6509,121.6124,-33.2563,0.0000,818
5,30,14,30.0,75.0,1.0,0.04,0.25,0.3,104,1.1189,264.4640,135.3334,-33.2563,0.0000,818
5,30,14,30.0,75.0,1.0,0.06,0.12,0.3,107,0.8210,163.3807,83.6063,-31.2074,0.0000,818
5,30,14,30.0,75.0,1.0,0.06,0.18,0.3,92,1.1069,259.7921,132.9426,-31.7618,0.0000,818
5,30,14,30.0,75.0,1.0,0.06,0.25,0.3,84,0.9394,193.3795,98.9575,-31.7618,0.0000,818
5,30,14,30.0,75.0,1.3,0.04,0.12,0.3,93,0.8084,79.7324,40.8012,-20.5622,0.0000,818
5,30,14,30.0,75.0,1.3,0.04,0.18,0.3,58,1.0259,114.4420,58.5630,-20.8620,0.0000,818
5,30,14,30.0,75.0,1.3,0.04,0.25,0.3,59,1.1177,126.8048,64.8894,-20.8620,0.0000,818
5,30,14,30.0,75.0,1.3,0.06,0.12,0.3,73,1.1706,126.8184,64.8964,-19.9613,0.0000,818
5,30,14,30.0,75.0,1.3,0.06,0.18,0.3,48,1.1767,131.5739,67.3299,-20.2477,0.0000,818
5,30,14,30.0,75.0,1.3,0.06,0.25,0.3,55,1.0344,114.3363,58.5090,-20.2477,0.0000,818
5,30,14,30.0,75.0,1.6,0.04,0.12,0.3,61,0.0477,2.6240,1.3428,-21.3449,0.0000,818
5,30,14,30.0,75.0,1.6,0.04,0.18,0.3,55,0.0692,4.1417,2.1194,-21.3449,0.0000,818
5,30,14,30.0,75.0,1.6,0.04,0.25,0.3,56,0.1747,10.3115,5.2767,-21.3449,0.0000,818
5,30,14,30.0,75.0,1.6,0.06,0.12,0.3,49,0.3529,22.6748,11.6033,-20.3553,0.0000,818
5,30,14,30.0,75.0,1.6,0.06,0.18,0.3,43,0.3944,26.1413,13.3772,-20.3553,0.0000,818
5,30,14,30.0,75.0,1.6,0.06,0.25,0.3,44,0.4806,33.3462,17.0642,-20.3553,0.0000,818
5,30,14,35.0,65.0,1.0,0.04,0.12,0.3,41,1.1195,294.0705,150.4838,-31.7726,0.0000,818
5,30,14,35.0,65.0,1.0,0.04,0.18,0.3,103,1.0196,237.6509,121.6124,-33.2563,0.0000,818
5,30,14,35.0,65.0,1.0,0.04,0.25,0.3,104,1.1189,264.4640,135.3334,-33.2563,0.0000,818
5,30,14,35.0,65.0,1.0,0.06,0.12,0.3,107,0.8210,163.3807,83.6063,-31.2074,0.0000,818
5,30,14,35.0,65.0,1.0,0.06,0.18,0.3,92,1.1069,259.7921,132.9426,-31.7618,0.0000,818
5,30,14,35.0,65.0,1.0,0.06,0.25,0.3,84,0.9394,193.3795,98.9575,-31.7618,0.0000,818
5,30,14,35.0,65.0,1.3,0.04,0.12,0.3,93,0.8084,79.7324,40.8012,-20.5622,0.0000,818
5,30,14,35.0,65.0,1.3,0.04,0.18,0.3,58,1.0259,114.4420,58.5630,-20.8620,0.0000,818
5,30,14,35.0,65.0,1.3,0.04,0.25,0.3,59,1.1177,126.8048,64.8894,-20.8620,0.0000,818
5,30,14,35.0,65.0,1.3,0.06,0.12,0.3,73,1.1706,126.8184,64.8964,-19.9613,0.0000,818
5,30,14,35.0,65.0,1.3,0.06,0.18,0.3,48,1.1767,131.5739,67.3299,-20.2477,0.0000,818
5,30,14,35.0,65.0,1.3,0.06,0.25,0.3,55,1.0344,114.3363,58.5090,-20.2477,0.0000,818
5,30,14,35.0,65.0,1.6,0.04,0.12,0.3,61,0.0477,2.6240,1.3428,-21.3449,0.0000,818
5,30,14,35.0,65.0,1.6,0.04,0.18,0.3,55,0.0692,4.1417,2.1194,-21.3449,0.0000,818
5,30,14,35.0,65.0,1.6,0.04,0.25,0.3,56,0.1747,10.3115,5.2767,-21.3449,0.0000,818
5,30,14,35.0,65.0,1.6,0.06,0.12,0.3,49,0.3529,22.6748,11.6033,-20.3553,0.0000,818
5,30,14,35.0,65.0,1.6,0.06,0.18,0.3,43,0.3944,26.1413,13.3772,-20.3553,0.0000,818
5,30,14,35.0,65.0,1.6,0.06,0.25,0.3,44,0.4806,33.3462,17.0642,-20.3553,0.0000,818
5,30,14,35.0,70.0,1.0,0.04,0.12,0.3,41,1.1195,294.0705,150.4838,-31.7726,0.0000,818
5,30,14,35.0,70.0,1.0,0.04,0.18,0.3,103,1.0196,237.6509,121.6124,-33.2563,0.0000,818
5,30,14,35.0,70.0,1.0,0.04,0.25,0.3,104,1.1189,264.4640,135.3334,-33.2563,0.0000,818
5,30,14,35.0,70.0,1.0,0.06,0.12,0.3,107,0.8210,163.3807,83.6063,-31.2074,0.0000,818
5,30,14,35.0,70.0,1.0,0.06,0.18,0.3,92,1.1069,259.7921,132.9426,-31.7618,0.0000,818
5,30,14,35.0,70.0,1.0,0.06,0.25,0.3,84,0.9394,193.3795,98.9575,-31.7618,0.0000,818
5,30,14,35.0,70.0,1.3,0.04,0.12,0.3,93,0.8084,79.7324,40.8012,-20.5622,0.0000,818
5,30,14,35.0,70.0,1.3,0.04,0.18,0.3,58,1.0259,114.4420,58.5630,-20.8620,0.0000,818
5,30,14,35.0,70.0,1.3,0.04,0.25,0.3,59,1.1177,126.8048,64.8894,-20.8620,0.0000,818
5,30,14,35.0,70.0,1.3,0.06,0.12,0.3,73,1.1706,126.8184,64.8964,-19.9613,0.0000,818
5,30,14,35.0,70.0,1.3,0.06,0.18,0.3,48,1.1767,131.5739,67.3299,-20.2477,0.0000,818
5,30,14,35.0,70.0,1.3,0.06,0.25,0.3,55,1.0344,114.3363,58.5090,-20.2477,0.0000,818
5,30,14,35.0,70.0,1.6,0.04,0.12,0.3,61,0.0477,2.6240,1.3428,-21.3449,0.0000,818
5,30,14,35.0,70.0,1.6,0.04,0.18,0.3,55,0.0692,4.1417,2.1194,-21.3449,0.0000,818
5,30,14,35.0,70.0,1.6,0.04,0.25,0.3,56,0.1747,10.3115,5.2767,-21.3449,0.0000,818
5,30,14,35.0,70.0,1.6,0.06,0.12,0.3,49,0.3529,22.6748,11.6033,-20.3553,0.0000,818
5,30,14,35.0,70.0,1.6,0.06,0.18,0.3,43,0.3944,26.1413,13.3772,-20.3553,0.0000,818
5,30,14,35.0,70.0,1.6,0.06,0.25,0.3,44,0.4806,33.3462,17.0642,-20.3553,0.0000,818
5,30,14,35.0,75.0,1.0,0.04,0.12,0.3,41,1.1195,294.0705,150.4838,-31.7726,0.0000,818
5,30,14,35.0,75.0,1.0,0.04,0.18,0.3,103,1.0196,237.6509,121.6124,-33.2563,0.0000,818
5,30,14,35.0,75.0,1.0,0.04,0.25,0.3,104,1.1189,264.4640,135.3334,-33.2563,0.0000,818
5,30,14,35.0,75.0,1.0,0.06,0.12,0.3,107,0.8210,163.3807,83.6063,-31.2074,0.0000,818
5,30,14,35.0,75.0,1.0,0.06,0.18,0.3,92,1.1069,259.7921,132.9426,-31.7618,0.0000,818
5,30,14,35.0,75.0,1.0,0.06,0.25,0.3,84,0.9394,193.3795,98.9575,-31.7618,0.0000,818
5,30,14,35.0,75.0,1.3,0.04,0.12,0.3,93,0.8084,79.7324,40.8012,-20.5622,0.0000,818
5,30,14,35.0,75.0,1.3,0.04,0.18,0.3,58,1.0259,114.4420,58.5630,-20.8620,0.0000,818
5,30,14,35.0,75.0,1.3,0.04,0.25,0.3,59,1.1177,126.8048,64.8894,-20.8620,0.0000,818
5,30,14,35.0,75.0,1.3,0.06,0.12,0.3,73,1.1706,126.8184,64.8964,-19.9613,0.0000,818
5,30,14,35.0,75.0,1.3,0.06,0.18,0.3,48,1.1767,131.5739,67.3299,-20.2477,0.0000,818
5,30,14,35.0,75.0,1.3,0.06,0.25,0.3,55,1.0344,114.3363,58.5090,-20.2477,0.0000,818
5,30,14,35.0,75.0,1.6,0.04,0.12,0.3,61,0.0477,2.6240,1.3428,-21.3449,0.0000,818
5,30,14,35.0,75.0,1.6,0.04,0.18,0.3,55,0.0692,4.1417,2.1194,-21.3449,0.0000,818
5,30,14,35.0,75.0,1.6,0.04,0.25,0.3,56,0.1747,10.3115,5.2767,-21.3449,0.0000,818
5,30,14,35.0,75.0,1.6,0.06,0.12,0.3,49,0.3529,22.6748,11.6033,-20.3553,0.0000,818
5,30,14,35.0,75.0,1.6,0.06,0.18,0.3,43,0.3944,26.1413,13.3772,-20.3553,0.0000,818
5,30,14,35.0,75.0,1.6,0.06,0.25,0.3,44,0.4806,33.3462,17.0642,-20.3553,0.0000,818
5,50,14,25.0,65.0,1.0,0.04,0.12,0.3,40,1.2357,426.5346,218.2693,-38.5448,0.0000,818
5,50,14,25.0,65.0,1.0,0.04,0.18,0.3,102,0.1110,48.8108,24.9778,-89.3910,0.0000,818
5,50,14,25.0,65.0,1.0,0.04,0.25,0.3,102,0.1110,48.8108,24.9778,-89.3910,0.0000,818
5,50,14,25.0,65.0,1.0,0.06,0.12,0.3,95,1.1449,274.6317,140.5365,-48.7835,0.0000,818
5,50,14,25.0,65.0,1.0,0.06,0.18,0.3,79,0.2193,52.4493,26.8397,-70.5586,0.0000,818
5,50,14,25.0,65.0,1.0,0.06,0.25,0.3,51,0.6270,97.9317,50.1143,-48.8551,0.0000,818
5,50,14,25.0,65.0,1.3,0.04,0.12,0.3,28,1.2583,230.5326,117.9698,-27.0766,0.0000,818
5,50,14,25.0,65.0,1.3,0.04,0.18,0.3,63,0.5827,72.4732,37.0865,-35.3938,0.0000,818
5,50,14,25.0,65.0,1.3,0.04,0.25,0.3,63,0.5827,72.4732,37.0865,-35.3938,0.0000,818
5,50,14,25.0,65.0,1.3,0.06,0.12,0.3,60,1.4486,120.4523,61.6387,-16.0129,0.0000,818
5,50,14,25.0,65.0,1.3,0.06,0.18,0.3,50,0.5784,63.9762,32.7384,-42.9517,0.0000,818
5,50,14,25.0,65.0,1.3,0.06,0.25,0.3,50,0.5784,63.9762,32.7384,-42.9517,0.0000,818
5,50,14,25.0,65.0,1.6,0.04,0.12,0.3,60,1.2532,132.4060,67.7558,-18.7392,0.0000,818
5,50,14,25.0,65.0,1.6,0.04,0.18,0.3,39,0.4786,37.1152,18.9929,-23.4378,0.0000,818
5,50,14,25.0,65.0,1.6,0.04,0.25,0.3,39,0.4786,37.1152,18.9929,-23.4378,0.0000,818
5,50,14,25.0,65.0,1.6,0.06,0.12,0.3,38,1.4075,76.2112,38.9993,-9.0219,0.0000,818
5,50,14,25.0,65.0,1.6,0.06,0.18,0.3,28,0.6938,44.8401,22.9459,-25.4421,0.0000,818
5,50,14,25.0,65.0,1.6,0.06,0.25,0.3,28,0.6938,44.8401,22.9459,-25.4421,0.0000,818
5,50,14,25.0,70.0,1.0,0.04,0.12,0.3,40,1.2357,426.5346,218.2693,-38.5448,0.0000,818
5,50,14,25.0,70.0,1.0,0.04,0.18,0.3,102,0.1110,48.8108,24.9778,-89.3910,0.0000,818
5,50,14,25.0,70.0,1.0,0.04,0.25,0.3,102,0.1110,48.8108,24.9778,-89.3910,0.0000,818
5,50,14,25.0,70.0,1.0,0.06,0.12,0.3,95,1.1449,274.6317,140.5365,-48.7835,0.0000,818
5,50,14,25.0,70.0,1.0,0.06,0.18,0.3,79,0.2193,52.4493,26.8397,-70.5586,0.0000,818
5,50,14,25.0,70.0,1.0,0.06,0.25,0.3,51,0.6270,97.9317,50.1143,-48.8551,0.0000,818
5,50,14,25.0,70.0,1.3,0.04,0.12,0.3,28,1.2583,230.5326,117.9698,-27.0766,0.0000,818
5,50,14,25.0,70.0,1.3,0.04,0.18,0.3,63,0.5827,72.4732,37.0865,-35.3938,0.0000,818
5,50,14,25.0,70.0,1.3,0.04,0.25,0.3,63,0.5827,72.4732,37.0865,-35.3938,0.0000,818
5,50,14,25.0,70.0,1.3,0.06,0.12,0.3,60,1.4486,120.4523,61.6387,-16.0129,0.0000,818
5,50,14,25.0,70.0,1.3,0.06,0.18,0.3,50,0.5784,63.9762,32.7384,-42.9517,0.0000,818
5,50,14,25.0,70.0,1.3,0.06,0.25,0.3,50,0.5784,63.9762,32.7384,-42.9517,0.0000,818
5,50,14,25.0,70.0,1.6,0.04,0.12,0.3,60,1.2532,132.4060,67.7558,-18.7392,0.0000,818
5,50,14,25.0,70.0,1.6,0.04,0.18,0.3,39,0.4786,37.1152,18.9929,-23.4378,0.0000,818
5,50,14,25.0,70.0,1.6,0.04,0.25,0.3,39,0.4786,37.1152,18.9929,-23.4378,0.0000,818
5,50,14,25.0,70.0,1.6,0.06,0.12,0.3,38,1.4075,76.2112,38.9993,-9.0219,0.0000,818
5,50,14,25.0,70.0,1.6,0.06,0.18,0.3,28,0.6938,44.8401,22.9459,-25.4421,0.0000,818
5,50,14,25.0,70.0,1.6,0.06,0.25,0.3,28,0.6938,44.8401,22.9459,-25.4421,0.0000,818
5,50,14,25.0,75.0,1.0,0.04,0.12,0.3,40,1.2357,426.5346,218.2693,-38.5448,0.0000,818
5,50,14,25.0,75.0,1.0,0.04,0.18,0.3,102,0.1110,48.8108,24.9778,-89.3910,0.0000,818
5,50,14,25.0,75.0,1.0,0.04,0.25,0.3,102,0.1110,48.8108,24.9778,-89.3910,0.0000,818
5,50,14,25.0,75.0,1.0,0.06,0.12,0.3,95,1.1449,274.6317,140.5365,-48.7835,0.0000,818
5,50,14,25.0,75.0,1.0,0.06,0.18,0.3,79,0.2193,52.4493,26.8397,-70.5586,0.0000,818
5,50,14,25.0,75.0,1.0,0.06,0.25,0.3,51,0.6270,97.9317,50.1143,-48.8551,0.0000,818
5,50,14,25.0,75.0,1.3,0.04,0.12,0.3,28,1.2583,230.5326,117.9698,-27.0766,0.0000,818
5,50,14,25.0,75.0,1.3,0.04,0.18,0.3,63,0.5827,72.4732,37.0865,-35.3938,0.0000,818
5,50,14,25.0,75.0,1.3,0.04,0.25,0.3,63,0.5827,72.4732,37.0865,-35.3938,0.0000,818
5,50,14,25.0,75.0,1.3,0.06,0.12,0.3,60,1.4486,120.4523,61.6387,-16.0129,0.0000,818
5,50,14,25.0,75.0,1.3,0.06,0.18,0.3,50,0.5784,63.9762,32.7384,-42.9517,0.0000,818
5,50,14,25.0,75.0,1.3,0.06,0.25,0.3,50,0.5784,63.9762,32.7384,-42.9517,0.0000,818
5,50,14,25.0,75.0,1.6,0.04,0.12,0.3,60,1.2532,132.4060,67.7558,-18.7392,0.0000,818
5,50,14,25.0,75.0,1.6,0.04,0.18,0.3,39,0.4786,37.1152,18.9929,-23.4378,0.0000,818
5,50,14,25.0,75.0,1.6,0.04,0.25,0.3,39,0.4786,37.1152,18.9929,-23.4378,0.0000,818
5,50,14,25.0,75.0,1.6,0.06,0.12,0.3,38,1.4075,76.2112,38.9993,-9.0219,0.0000,818
5,50,14,25.0,75.0,1.6,0.06,0.18,0.3,28,0.6938,44.8401,22.9459,-25.4421,0.0000,818
5,50,14,25.0,75.0,1.6,0.06,0.25,0.3,28,0.6938,44.8401,22.9459,-25.4421,0.0000,818
5,50,14,30.0,65.0,1.0,0.04,0.12,0.3,40,1.2357,426.5346,218.2693,-38.5448,0.0000,818
5,50,14,30.0,65.0,1.0,0.04,0.18,0.3,102,0.1110,48.8108,24.9778,-89.3910,0.0000,818
5,50,14,30.0,65.0,1.0,0.04,0.25,0.3,102,0.1110,48.8108,24.9778,-89.3910,0.0000,818
5,50,14,30.0,65.0,1.0,0.06,0.12,0.3,95,1.1449,274.6317,140.5365,-48.7835,0.0000,818
5,50,14,30.0,65.0,1.0,0.06,0.18,0.3,79,0.2193,52.4493,26.8397,-70.5586,0.0000,818
5,50,14,30.0,65.0,1.0,0.06,0.25,0.3,51,0.6270,97.9317,50.1143,-48.8551,0.0000,818
5,50,14,30.0,65.0,1.3,0.04,0.12,0.3,28,1.2583,230.5326,117.9698,-27.0766,0.0000,818
5,50,14,30.0,65.0,1.3,0.04,0.18,0.3,63,0.5827,72.4732,37.0865,-35.3938,0.0000,818
5,50,14,30.0,65.0,1.3,0.04,0.25,0.3,63,0.5827,72.4732,37.0865,-35.3938,0.0000,818
5,50,14,30.0,65.0,1.3,0.06,0.12,0.3,60,1.4486,120.4523,61.6387,-16.0129,0.0000,818
5,50,14,30.0,65.0,1.3,0.06,0.18,0.3,50,0.5784,63.9762,32.7384,-42.9517,0.0000,818
5,50,14,30.0,65.0,1.3,0.06,0.25,0.3,50,0.5784,63.9762,32.7384,-42.9517,0.0000,818
5,50,14,30.0,65.0,1.6,0.04,0.12,0.3,60,1.2532,132.4060,67.7558,-18.7392,0.0000,818
5,50,14,30.0,65.0,1.6,0.04,0.18,0.3,39,0.4786,37.1152,18.9929,-23.4378,0.0000,818
5,50,14,30.0,65.0,1.6,0.04,0.25,0.3,39,0.4786,37.1152,18.9929,-23.4378,0.0000,818
5,50,14,30.0,65.0,1.6,0.06,0.12,0.3,38,1.4075,76.2112,38.9993,-9.0219,0.0000,818
5,50,14,30.0,65.0,1.6,0.06,0.18,0.3,28,0.6938,44.8401,22.9459,-25.4421,0.0000,818
5,50,14,30.0,65.0,1.6,0.06,0.25,0.3,28,0.6938,44.8401,22.9459,-25.4421,0.0000,818
5,50,14,30.0,70.0,1.0,0.04,0.12,0.3,40,1.2357,426.5346,218.2693,-38.5448,0.0000,818
5,50,14,30.0,70.0,1.0,0.04,0.18,0.3,102,0.1110,48.8108,24.9778,-89.3910,0.0000,818
5,50,14,30.0,70.0,1.0,0.04,0.25,0.3,102,0.1110,48.8108,24.9778,-89.3910,0.0000,818
5,50,14,30.0,70.0,1.0,0.06,0.12,0.3,95,1.1449,274.6317,140.5365,-48.7835,0.0000,818
5,50,14,30.0,70.0,1.0,0.06,0.18,0.3,79,0.2193,52.4493,26.8397,-70.5586,0.0000,818
5,50,14,30.0,70.0,1.0,0.06,0.25,0.3,51,0.6270,97.9317,50.1143,-48.8551,0.0000,818
5,50,14,30.0,70.0,1.3,0.04,0.12,0.3,28,1.2583,230.5326,117.9698,-27.0766,0.0000,818
5,50,14,30.0,70.0,1.3,0.04,0.18,0.3,63,0.5827,72.4732,37.0865,-35.3938,0.0000,818
5,50,14,30.0,70.0,1.3,0.04,0.25,0.3,63,0.5827,72.4732,37.0865,-35.3938,0.0000,818
5,50,14,30.0,70.0,1.3,0.06,0.12,0.3,60,1.4486,120.4523,61.6387,-16.0129,0.0000,818
5,50,14,30.0,70.0,1.3,0.06,0.18,0.3,50,0.5784,63.9762,32.7384,-42.9517,0.0000,818
5,50,14,30.0,70.0,1.3,0.06,0.25,0.3,50,0.5784,63.9762,32.7384,-42.9517,0.0000,818
5,50,14,30.0,70.0,1.6,0.04,0.12,0.3,60,1.2532,132.4060,67.7558,-18.7392,0.0000,818
5,50,14,30.0,70.0,1.6,0.04,0.18,0.3,39,0.4786,37.1152,18.9929,-23.4378,0.0000,818
5,50,14,30.0,70.0,1.6,0.04,0.25,0.3,39,0.4786,37.1152,18.9929,-23.4378,0.0000,818
5,50,14,30.0,70.0,1.6,0.06,0.12,0.3,38,1.4075,76.2112,38.9993,-9.0219,0.0000,818
5,50,14,30.0,70.0,1.6,0.06,0.18,0.3,28,0.6938,44.8401,22.9459,-25.4421,0.0000,818
5,50,14,30.0,70.0,1.6,0.06,0.25,0.3,28,0.6938,44.8401,22.9459,-25.4421,0.0000,818
5,50,14,30.0,75.0,1.0,0.04,0.12,0.3,40,1.2357,426.5346,218.2693,-38.5448,0.0000,818
5,50,14,30.0,75.0,1.0,0.04,0.18,0.3,102,0.1110,48.8108,24.9778,-89.3910,0.0000,818
5,50,14,30.0,75.0,1.0,0.04,0.25,0.3,102,0.1110,48.8108,24.9778,-89.3910,0.0000,818
5,50,14,30.0,75.0,1.0,0.06,0.12,0.3,95,1.1449,274.6317,140.5365,-48.7835,0.0000,818
5,50,14,30.0,75.0,1.0,0.06,0.18,0.3,79,0.2193,52.4493,26.8397,-70.5586,0.0000,818
5,50,14,30.0,75.0,1.0,0.06,0.25,0.3,51,0.6270,97.9317,50.1143,-48.8551,0.0000,818
5,50,14,30.0,75.0,1.3,0.04,0.12,0.3,28,1.2583,230.5326,117.9698,-27.0766,0.0000,818
5,50,14,30.0,75.0,1.3,0.04,0.18,0.3,63,0.5827,72.4732,37.0865,-35.3938,0.0000,818
5,50,14,30.0,75.0,1.3,0.04,0.25,0.3,63,0.5827,72.4732,37.0865,-35.3938,0.0000,818
5,50,14,30.0,75.0,1.3,0.06,0.12,0.3,60,1.4486,120.4523,61.6387,-16.0129,0.0000,818
5,50,14,30.0,75.0,1.3,0.06,0.18,0.3,50,0.5784,63.9762,32.7384,-42.9517,0.0000,818
5,50,14,30.0,75.0,1.3,0.06,0.25,0.3,50,0.5784,63.9762,32.7384,-42.9517,0.0000,818
5,50,14,30.0,75.0,1.6,0.04,0.12,0.3,60,1.2532,132.4060,67.7558,-18.7392,0.0000,818
5,50,14,30.0,75.0,1.6,0.04,0.18,0.3,39,0.4786,37.1152,18.9929,-23.4378,0.0000,818
5,50,14,30.0,75.0,1.6,0.04,0.25,0.3,39,0.4786,37.1152,18.9929,-23.4378,0.0000,818
5,50,14,30.0,75.0,1.6,0.06,0.12,0.3,38,1.4075,76.2112,38.9993,-9.0219,0.0000,818
5,50,14,30.0,75.0,1.6,0.06,0.18,0.3,28,0.6938,44.8401,22.9459,-25.4421,0.0000,818
5,50,14,30.0,75.0,1.6,0.06,0.25,0.3,28,0.6938,44.8401,22.9459,-25.4421,0.0000,818
5,50,14,35.0,65.0,1.0,0.04,0.12,0.3,40,1.2357,426.5346,218.2693,-38.5448,0.0000,818
5,50,14,35.0,65.0,1.0,0.04,0.18,0.3,102,0.1110,48.8108,24.9778,-89.3910,0.0000,818
5,50,14,35.0,65.0,1.0,0.04,0.25,0.3,102,0.1110,48.8108,24.9778,-89.3910,0.0000,818
5,50,14,35.0,65.0,1.0,0.06,0.12,0.3,95,1.1449,274.6317,140.5365,-48.7835,0.0000,818
5,50,14,35.0,65.0,1.0,0.06,0.18,0.3,79,0.2193,52.4493,26.8397,-70.5586,0.0000,818
5,50,14,35.0,65.0,1.0,0.06,0.25,0.3,51,0.6270,97.9317,50.1143,-48.8551,0.0000,818
5,50,14,35.0,65.0,1.3,0.04,0.12,0.3,28,1.2583,230.5326,117.9698,-27.0766,0.0000,818
5,50,14,35.0,65.0,1.3,0.04,0.18,0.3,63,0.5827,72.4732,37.0865,-35.3938,0.0000,818
5,50,14,35.0,65.0,1.3,0.04,0.25,0.3,63,0.5827,72.4732,37.0865,-35.3938,0.0000,818
5,50,14,35.0,65.0,1.3,0.06,0.12,0.3,60,1.4486,120.4523,61.6387,-16.0129,0.0000,818
5,50,14,35.0,65.0,1.3,0.06,0.18,0.3,50,0.5784,63.9762,32.7384,-42.9517,0.0000,818
5,50,14,35.0,65.0,1.3,0.06,0.25,0.3,50,0.5784,63.9762,32.7384,-42.9517,0.0000,818
5,50,14,35.0,65.0,1.6,0.04,0.12,0.3,60,1.2532,132.4060,67.7558,-18.7392,0.0000,818
5,50,14,35.0,65.0,1.6,0.04,0.18,0.3,39,0.4786,37.1152,18.9929,-23.4378,0.0000,818
5,50,14,35.0,65.0,1.6,0.04,0.25,0.3,39,0.4786,37.1152,18.9929,-23.4378,0.0000,818
5,50,14,35.0,65.0,1.6,0.06,0.12,0.3,38,1.4075,76.2112,38.9993,-9.0219,0.0000,818
5,50,14,35.0,65.0,1.6,0.06,0.18,0.3,28,0.6938,44.8401,22.9459,-25.4421,0.0000,818
5,50,14,35.0,65.0,1.6,0.06,0.25,0.3,28,0.6938,44.8401,22.9459,-25.4421,0.0000,818
5,50,14,35.0,70.0,1.0,0.04,0.12,0.3,40,1.2357,426.5346,218.2693,-38.5448,0.0000,818
5,50,14,35.0,70.0,1.0,0.04,0.18,0.3,102,0.1110,48.8108,24.9778,-89.3910,0.0000,818
5,50,14,35.0,70.0,1.0,0.04,0.25,0.3,102,0.1110,48.8108,24.9778,-89.3910,0.0000,818
5,50,14,35.0,70.0,1.0,0.06,0.12,0.3,95,1.1449,274.6317,140.5365,-48.7835,0.0000,818
5,50,14,35.0,70.0,1.0,0.06,0.18,0.3,79,0.2193,52.4493,26.8397,-70.5586,0.0000,818
5,50,14,35.0,70.0,1.0,0.06,0.25,0.3,51,0.6270,97.9317,50.1143,-48.8551,0.0000,818
5,50,14,35.0,70.0,1.3,0.04,0.12,0.3,28,1.2583,230.5326,117.9698,-27.0766,0.0000,818
5,50,14,35.0,70.0,1.3,0.04,0.18,0.3,63,0.5827,72.4732,37.0865,-35.3938,0.0000,818
5,50,14,35.0,70.0,1.3,0.04,0.25,0.3,63,0.5827,72.4732,37.0865,-35.3938,0.0000,818
5,50,14,35.0,70.0,1.3,0.06,0.12,0.3,60,1.4486,120.4523,61.6387,-16.0129,0.0000,818
5,50,14,35.0,70.0,1.3,0.06,0.18,0.3,50,0.5784,63.9762,32.7384,-42.9517,0.0000,818
5,50,14,35.0,70.0,1.3,0.06,0.25,0.3,50,0.5784,63.9762,32.7384,-42.9517,0.0000,818
5,50,14,35.0,70.0,1.6,0.04,0.12,0.3,60,1.2532,132.4060,67.7558,-18.7392,0.0000,818
5,50,14,35.0,70.0,1.6,0.04,0.18,0.3,39,0.4786,37.1152,18.9929,-23.4378,0.0000,818
5,50,14,35.0,70.0,1.6,0.04,0.25,0.3,39,0.4786,37.1152,18.9929,-23.4378,0.0000,818
5,50,14,35.0,70.0,1.6,0.06,0.12,0.3,38,1.4075,76.2112,38.9993,-9.0219,0.0000,818
5,50,14,35.0,70.0,1.6,0.06,0.18,0.3,28,0.6938,44.8401,22.9459,-25.4421,0.0000,818
5,50,14,35.0,70.0,1.6,0.06,0.25,0.3,28,0.6938,44.8401,22.9459,-25.4421,0.0000,818
5,50,14,35.0,75.0,1.0,0.04,0.12,0.3,40,1.2357,426.5346,218.2693,-38.5448,0.0000,818
5,50,14,35.0,75.0,1.0,0.04,0.18,0.3,102,0.1110,48.8108,24.9778,-89.3910,0.0000,818
5,50,14,35.0,75.0,1.0,0.04,0.25,0.3,102,0.1110,48.8108,24.9778,-89.3910,0.0000,818
5,50,14,35.0,75.0,1.0,0.06,0.12,0.3,95,1.1449,274.6317,140.5365,-48.7835,0.0000,818
5,50,14,35.0,75.0,1.0,0.06,0.18,0.3,79,0.2193,52.4493,26.8397,-70.5586,0.0000,818
5,50,14,35.0,75.0,1.0,0.06,0.25,0.3,51,0.6270,97.9317,50.1143,-48.8551,0.0000,818
5,50,14,35.0,75.0,1.3,0.04,0.12,0.3,28,1.2583,230.5326,117.9698,-27.0766,0.0000,818
5,50,14,35.0,75.0,1.3,0.04,0.18,0.3,63,0.5827,72.4732,37.0865,-35.3938,0.0000,818
5,50,14,35.0,75.0,1.3,0.04,0.25,0.3,63,0.5827,72.4732,37.0865,-35.3938,0.0000,818
5,50,14,35.0,75.0,1.3,0.06,0.12,0.3,60,1.4486,120.4523,61.6387,-16.0129,0.0000,818
5,50,14,35.0,75.0,1.3,0.06,0.18,0.3,50,0.5784,63.9762,32.7384,-42.9517,0.0000,818
5,50,14,35.0,75.0,1.3,0.06,0.25,0.3,50,0.5784,63.9762,32.7384,-42.9517,0.0000,818
5,50,14,35.0,75.0,1.6,0.04,0.12,0.3,60,1.2532,132.4060,67.7558,-18.7392,0.0000,818
5,50,14,35.0,75.0,1.6,0.04,0.18,0.3,39,0.4786,37.1152,18.9929,-23.4378,0.0000,818
5,50,14,35.0,75.0,1.6,0.04,0.25,0.3,39,0.4786,37.1152,18.9929,-23.4378,0.0000,818
5,50,14,35.0,75.0,1.6,0.06,0.12,0.3,38,1.4075,76.2112,38.9993,-9.0219,0.0000,818
5,50,14,35.0,75.0,1.6,0.06,0.18,0.3,28,0.6938,44.8401,22.9459,-25.4421,0.0000,818
5,50,14,35.0,75.0,1.6,0.06,0.25,0.3,28,0.6938,44.8401,22.9459,-25.4421,0.0000,818
8,20,14,25.0,65.0,1.0,0.04,0.12,0.3,11,0.9436,264.4805,135.3418,-51.6311,0.0000,818
8,20,14,25.0,65.0,1.0,0.04,0.18,0.3,9,0.9267,183.4876,93.8956,-44.8194,0.0000,818
8,20,14,25.0,65.0,1.0,0.04,0.25,0.3,7,0.9801,113.7602,58.2142,-33.4593,0.0000,818
8,20,14,25.0,65.0,1.0,0.06,0.12,0.3,11,0.9417,264.2245,135.2108,-51.6793,0.0000,818
8,20,14,25.0,65.0,1.0,0.06,0.18,0.3,9,0.9244,183.2316,93.7646,-44.8715,0.0000,818
8,20,14,25.0,65.0,1.0,0.06,0.25,0.3,7,0.9769,113.5042,58.0832,-33.5080,0.0000,818
8,20,14,25.0,65.0,1.3,0.04,0.12,0.3,10,0.9399,224.4408,114.8524,-48.5057,0.0000,818
8,20,14,25.0,65.0,1.3,0.04,0.18,0.3,9,0.9267,183.4876,93.8956,-44.8194,0.0000,818
8,20,14,25.0,65.0,1.3,0.04,0.25,0.3,7,0.9801,113.7602,58.2142,-33.4593,0.0000,818
8,20,14,25.0,65.0,1.3,0.06,0.12,0.3,10,0.9378,224.1848,114.7214,-48.5558,0.0000,818
8,20,14,25.0,65.0,1.3,0.06,0.18,0.3,9,0.9244,183.2316,93.7646,-44.8715,0.0000,818
8,20,14,25.0,65.0,1.3,0.06,0.25,0.3,7,0.9769,113.5042,58.0832,-33.5080,0.0000,818
8,20,14,25.0,65.0,1.6,0.04,0.12,0.3,9,0.8824,256.8217,131.4226,-53.4047,0.0000,818
8,20,14,25.0,65.0,1.6,0.04,0.18,0.3,9,0.8824,256.8217,131.4226,-53.4047,0.0000,818
8,20,14,25.0,65.0,1.6,0.04,0.25,0.3,9,0.8824,256.8217,131.4226,-53.4047,0.0000,818
8,20,14,25.0,65.0,1.6,0.06,0.12,0.3,9,0.8806,256.5657,131.2916,-53.4561,0.0000,818
8,20,14,25.0,65.0,1.6,0.06,0.18,0.3,9,0.8806,256.5657,131.2916,-53.4561,0.0000,818
8,20,14,25.0,65.0,1.6,0.06,0.25,0.3,9,0.8806,256.5657,131.2916,-53.4561,0.0000,818
8,20,14,25.0,70.0,1.0,0.04,0.12,0.3,11,0.9436,264.4805,135.3418,-51.6311,0.0000,818
8,20,14,25.0,70.0,1.0,0.04,0.18,0.3,9,0.9267,183.4876,93.8956,-44.8194,0.0000,818
8,20,14,25.0,70.0,1.0,0.04,0.25,0.3,7,0.9801,113.7602,58.2142,-33.4593,0.0000,818
8,20,14,25.0,70.0,1.0,0.06,0.12,0.3,11,0.9417,264.2245,135.2108,-51.6793,0.0000,818
8,20,14,25.0,70.0,1.0,0.06,0.18,0.3,9,0.9244,183.2316,93.7646,-44.8715,0.0000,818
8,20,14,25.0,70.0,1.0,0.06,0.25,0.3,7,0.9769,113.5042,58.0832,-33.5080,0.0000,818
8,20,14,25.0,70.0,1.3,0.04,0.12,0.3,10,0.9399,224.4408,114.8524,-48.5057,0.0000,818
8,20,14,25.0,70.0,1.3,0.04,0.18,0.3,9,0.9267,183.4876,93.8956,-44.8194,0.0000,818
8,20,14,25.0,70.0,1.3,0.04,0.25,0.3,7,0.9801,113.7602,58.2142,-33.4593,0.0000,818
8,20,14,25.0,70.0,1.3,0.06,0.12,0.3,10,0.9378,224.1848,114.7214,-48.5558,0.0000,818
8,20,14,25.0,70.0,1.3,0.06,0.18,0.3,9,0.9244,183.2316,93.7646,-44.8715,0.0000,818
8,20,14,25.0,70.0,1.3,0.06,0.25,0.3,7,0.9769,113.5042,58.0832,-33.5080,0.0000,818
8,20,14,25.0,70.0,1.6,0.04,0.12,0.3,9,0.8824,256.8217,131.4226,-53.4047,0.0000,818
8,20,14,25.0,70.0,1.6,0.04,0.18,0.3,9,0.8824,256.8217,131.4226,-53.4047,0.0000,818
8,20,14,25.0,70.0,1.6,0.04,0.25,0.3,9,0.8824,256.8217,131.4226,-53.4047,0.0000,818
8,20,14,25.0,70.0,1.6,0.06,0.12,0.3,9,0.8806,256.5657,131.2916,-53.4561,0.0000,818
8,20,14,25.0,70.0,1.6,0.06,0.18,0.3,9,0.8806,256.5657,131.2916,-53.4561,0.0000,818
8,20,14,25.0,70.0,1.6,0.06,0.25,0.3,9,0.8806,256.5657,131.2916,-53.4561,0.0000,818
8,20,14,25.0,75.0,1.0,0.04,0.12,0.3,11,0.9436,264.4805,135.3418,-51.6311,0.0000,818
8,20,14,25.0,75.0,1.0,0.04,0.18,0.3,9,0.9267,183.4876,93.8956,-44.8194,0.0000,818
8,20,14,25.0,75.0,1.0,0.04,0.25,0.3,7,0.9801,113.7602,58.2142,-33.4593,0.0000,818
8,20,14,25.0,75.0,1.0,0.06,0.12,0.3,11,0.9417,264.2245,135.2108,-51.6793,0.0000,818
8,20,14,25.0,75.0,1.0,0.06,0.18,0.3,9,0.9244,183.2316,93.7646,-44.8715,0.0000,818
8,20,14,25.0,75.0,1.0,0.06,0.25,0.3,7,0.9769,113.5042,58.0832,-33.5080,0.0000,818
8,20,14,25.0,75.0,1.3,0.04,0.12,0.3,10,0.9399,224.4408,114.8524,-48.5057,0.0000,818
8,20,14,25.0,75.0,1.3,0.04,0.18,0.3,9,0.9267,183.4876,93.8956,-44.8194,0.0000,818
8,20,14,25.0,75.0,1.3,0.04,0.25,0.3,7,0.9801,113.7602,58.2142,-33.4593,0.0000,818
8,20,14,25.0,75.0,1.3,0.06,0.12,0.3,10,0.9378,224.1848,114.7214,-48.5558,0.0000,818
8,20,14,25.0,75.0,1.3,0.06,0.18,0.3,9,0.9244,183.2316,93.7646,-44.8715,0.0000,818
8,20,14,25.0,75.0,1.3,0.06,0.25,0.3,7,0.9769,113.5042,58.0832,-33.5080,0.0000,818
8,20,14,25.0,75.0,1.6,0.04,0.12,0.3,9,0.8824,256.8217,131.4226,-53.4047,0.0000,818
8,20,14,25.0,75.0,1.6,0.04,0.18,0.3,9,0.8824,256.8217,131.4226,-53.4047,0.0000,818
8,20,14,25.0,75.0,1.6,0.04,0.25,0.3,9,0.8824,256.8217,131.4226,-53.4047,0.0000,818
8,20,14,25.0,75.0,1.6,0.06,0.12,0.3,9,0.8806,256.5657,131.2916,-53.4561,0.0000,818
8,20,14,25.0,75.0,1.6,0.06,0.18,0.3,9,0.8806,256.5657,131.2916,-53.4561,0.0000,818
8,20,14,25.0,75.0,1.6,0.06,0.25,0.3,9,0.8806,256.5657,131.2916,-53.4561,0.0000,818
8,20,14,30.0,65.0,1.0,0.04,0.12,0.3,11,0.9436,264.4805,135.3418,-51.6311,0.0000,818
8,20,14,30.0,65.0,1.0,0.04,0.18,0.3,9,0.9267,183.4876,93.8956,-44.8194,0.0000,818
8,20,14,30.0,65.0,1.0,0.04,0.25,0.3,7,0.9801,113.7602,58.2142,-33.4593,0.0000,818
8,20,14,30.0,65.0,1.0,0.06,0.12,0.3,11,0.9417,264.2245,135.2108,-51.6793,0.0000,818
8,20,14,30.0,65.0,1.0,0.06,0.18,0.3,9,0.9244,183.2316,93.7646,-44.8715,0.0000,818
8,20,14,30.0,65.0,1.0,0.06,0.25,0.3,7,0.9769,113.5042,58.0832,-33.5080,0.0000,818
8,20,14,30.0,65.0,1.3,0.04,0.12,0.3,10,0.9399,224.4408,114.8524,-48.5057,0.0000,818
8,20,14,30.0,65.0,1.3,0.04,0.18,0.3,9,0.9267,183.4876,93.8956,-44.8194,0.0000,818
8,20,14,30.0,65.0,1.3,0.04,0.25,0.3,7,0.9801,113.7602,58.2142,-33.4593,0.0000,818
8,20,14,30.0,65.0,1.3,0.06,0.12,0.3,10,0.9378,224.1848,114.7214,-48.5558,0.0000,818
8,20,14,30.0,65.0,1.3,0.06,0.18,0.3,9,0.9244,183.2316,93.7646,-44.8715,0.0000,818
8,20,14,30.0,65.0,1.3,0.06,0.25,0.3,7,0.9769,113.5042,58.0832,-33.5080,0.0000,818
8,20,14,30.0,65.0,1.6,0.04,0.12,0.3,9,0.8824,256.8217,131.4226,-53.4047,0.0000,818
8,20,14,30.0,65.0,1.6,0.04,0.18,0.3,9,0.8824,256.8217,131.4226,-53.4047,0.0000,818
8,20,14,30.0,65.0,1.6,0.04,0.25,0.3,9,0.8824,256.8217,131.4226,-53.4047,0.0000,818
8,20,14,30.0,65.0,1.6,0.06,0.12,0.3,9,0.8806,256.5657,131.2916,-53.4561,0.0000,818
8,20,14,30.0,65.0,1.6,0.06,0.18,0.3,9,0.8806,256.5657,131.2916,-53.4561,0.0000,818
8,20,14,30.0,65.0,1.6,0.06,0.25,0.3,9,0.8806,256.5657,131.2916,-53.4561,0.0000,818
8,20,14,30.0,70.0,1.0,0.04,0.12,0.3,11,0.9436,264.4805,135.3418,-51.6311,0.0000,818
8,20,14,30.0,70.0,1.0,0.04,0.18,0.3,9,0.9267,183.4876,93.8956,-44.8194,0.0000,818
8,20,14,30.0,70.0,1.0,0.04,0.25,0.3,7,0.9801,113.7602,58.2142,-33.4593,0.0000,818
8,20,14,30.0,70.0,1.0,0.06,0.12,0.3,11,0.9417,264.2245,135.2108,-51.6793,0.0000,818
8,20,14,30.0,70.0,1.0,0.06,0.18,0.3,9,0.9244,183.2316,93.7646,-44.8715,0.0000,818
8,20,14,30.0,70.0,1.0,0.06,0.25,0.3,7,0.9769,113.5042,58.0832,-33.5080,0.0000,818
8,20,14,30.0,70.0,1.3,0.04,0.12,0.3,10,0.9399,224.4408,114.8524,-48.5057,0.0000,818
8,20,14,30.0,70.0,1.3,0.04,0.18,0.3,9,0.9267,183.4876,93.8956,-44.8194,0.0000,818
8,20,14,30.0,70.0,1.3,0.04,0.25,0.3,7,0.9801,113.7602,58.2142,-33.4593,0.0000,818
8,20,14,30.0,70.0,1.3,0.06,0.12,0.3,10,0.9378,224.1848,114.7214,-48.5558,0.0000,818
8,20,14,30.0,70.0,1.3,0.06,0.18,0.3,9,0.9244,183.2316,93.7646,-44.8715,0.0000,818
8,20,14,30.0,70.0,1.3,0.06,0.25,0.3,7,0.9769,113.5042,58.0832,-33.5080,0.0000,818
8,20,14,30.0,70.0,1.6,0.04,0.12,0.3,9,0.8824,256.8217,131.4226,-53.4047,0.0000,818
8,20,14,30.0,70.0,1.6,0.04,0.18,0.3,9,0.8824,256.8217,131.4226,-53.4047,0.0000,818
8,20,14,30.0,70.0,1.6,0.04,0.25,0.3,9,0.8824,256.8217,131.4226,-53.4047,0.0000,818
8,20,14,30.0,70.0,1.6,0.06,0.12,0.3,9,0.8806,256.5657,131.2916,-53.4561,0.0000,818
8,20,14,30.0,70.0,1.6,0.06,0.18,0.3,9,0.8806,256.5657,131.2916,-53.4561,0.0000,818
8,20,14,30.0,70.0,1.6,0.06,0.25,0.3,9,0.8806,256.5657,131.2916,-53.4561,0.0000,818
8,20,14,30.0,75.0,1.0,0.04,0.12,0.3,11,0.9436,264.4805,135.3418,-51.6311,0.0000,818
8,20,14,30.0,75.0,1.0,0.04,0.18,0.3,9,0.9267,183.4876,93.8956,-44.8194,0.0000,818
8,20,14,30.0,75.0,1.0,0.04,0.25,0.3,7,0.9801,113.7602,58.2142,-33.4593,0.0000,818
8,20,14,30.0,75.0,1.0,0.06,0.12,0.3,11,0.9417,264.2245,135.2108,-51.6793,0.0000,818
8,20,14,30.0,75.0,1.0,0.06,0.18,0.3,9,0.9244,183.2316,93.7646,-44.8715,0.0000,818
8,20,14,30.0,75.0,1.0,0.06,0.25,0.3,7,0.9769,113.5042,58.0832,-33.5080,0.0000,818
8,20,14,30.0,75.0,1.3,0.04,0.12,0.3,10,0.9399,224.4408,114.8524,-48.5057,0.0000,818
8,20,14,30.0,75.0,1.3,0.04,0.18,0.3,9,0.9267,183.4876,93.8956,-44.8194,0.0000,818
8,20,14,30.0,75.0,1.3,0.04,0.25,0.3,7,0.9801,113.7602,58.2142,-33.4593,0.0000,818
8,20,14,30.0,75.0,1.3,0.06,0.12,0.3,10,0.9378,224.1848,114.7214,-48.5558,0.0000,818
8,20,14,30.0,75.0,1.3,0.06,0.18,0.3,9,0.9244,183.2316,93.7646,-44.8715,0.0000,818
8,20,14,30.0,75.0,1.3,0.06,0.25,0.3,7,0.9769,113.5042,58.0832,-33.5080,0.0000,818
8,20,14,30.0,75.0,1.6,0.04,0.12,0.3,9,0.8824,256.8217,131.4226,-53.4047,0.0000,818
8,20,14,30.0,75.0,1.6,0.04,0.18,0.3,9,0.8824,256.8217,131.4226,-53.4047,0.0000,818
8,20,14,30.0,75.0,1.6,0.04,0.25,0.3,9,0.8824,256.8217,131.4226,-53.4047,0.0000,818
8,20,14,30.0,75.0,1.6,0.06,0.12,0.3,9,0.8806,256.5657,131.2916,-53.4561,0.0000,818
8,20,14,30.0,75.0,1.6,0.06,0.18,0.3,9,0.8806,256.5657,131.2916,-53.4561,0.0000,818
8,20,14,30.0,75.0,1.6,0.06,0.25,0.3,9,0.8806,256.5657,131.2916,-53.4561,0.0000,818
8,20,14,35.0,65.0,1.0,0.04,0.12,0.3,11,0.9436,264.4805,135.3418,-51.6311,0.0000,818
8,20,14,35.0,65.0,1.0,0.04,0.18,0.3,9,0.9267,183.4876,93.8956,-44.8194,0.0000,818
8,20,14,35.0,65.0,1.0,0.04,0.25,0.3,7,0.9801,113.7602,58.2142,-33.4593,0.0000,818
8,20,14,35.0,65.0,1.0,0.06,0.12,0.3,11,0.9417,264.2245,135.2108,-51.6793,0.0000,818
8,20,14,35.0,65.0,1.0,0.06,0.18,0.3,9,0.9244,183.2316,93.7646,-44.8715,0.0000,818
8,20,14,35.0,65.0,1.0,0.06,0.25,0.3,7,0.9769,113.5042,58.0832,-33.5080,0.0000,818
8,20,14,35.0,65.0,1.3,0.04,0.12,0.3,10,0.9399,224.4408,114.8524,-48.5057,0.0000,818
8,20,14,35.0,65.0,1.3,0.04,0.18,0.3,9,0.9267,183.4876,93.8956,-44.8194,0.0000,818
8,20,14,35.0,65.0,1.3,0.04,0.25,0.3,7,0.9801,113.7602,58.2142,-33.4593,0.0000,818
8,20,14,35.0,65.0,1.3,0.06,0.12,0.3,10,0.9378,224.1848,114.7214,-48.5558,0.0000,818
8,20,14,35.0,65.0,1.3,0.06,0.18,0.3,9,0.9244,183.2316,93.7646,-44.8715,0.0000,818
8,20,14,35.0,65.0,1.3,0.06,0.25,0.3,7,0.9769,113.5042,58.0832,-33.5080,0.0000,818
8,20,14,35.0,65.0,1.6,0.04,0.12,0.3,9,0.8824,256.8217,131.4226,-53.4047,0.0000,818
8,20,14,35.0,65.0,1.6,0.04,0.18,0.3,9,0.8824,256.8217,131.4226,-53.4047,0.0000,818
8,20,14,35.0,65.0,1.6,0.04,0.25,0.3,9,0.8824,256.8217,131.4226,-53.4047,0.0000,818
8,20,14,35.0,65.0,1.6,0.06,0.12,0.3,9,0.8806,256.5657,131.2916,-53.4561,0.0000,818
8,20,14,35.0,65.0,1.6,0.06,0.18,0.3,9,0.8806,256.5657,131.2916,-53.4561,0.0000,818
8,20,14,35.0,65.0,1.6,0.06,0.25,0.3,9,0.8806,256.5657,131.2916,-53.4561,0.0000,818
8,20,14,35.0,70.0,1.0,0.04,0.12,0.3,11,0.9436,264.4805,135.3418,-51.6311,0.0000,818
8,20,14,35.0,70.0,1.0,0.04,0.18,0.3,9,0.9267,183.4876,93.8956,-44.8194,0.0000,818
8,20,14,35.0,70.0,1.0,0.04,0.25,0.3,7,0.9801,113.7602,58.2142,-33.4593,0.0000,818
8,20,14,35.0,70.0,1.0,0.06,0.12,0.3,11,0.9417,264.2245,135.2108,-51.6793,0.0000,818
8,20,14,35.0,70.0,1.0,0.06,0.18,0.3,9,0.9244,183.2316,93.7646,-44.8715,0.0000,818
8,20,14,35.0,70.0,1.0,0.06,0.25,0.3,7,0.9769,113.5042,58.0832,-33.5080,0.0000,818
8,20,14,35.0,70.0,1.3,0.04,0.12,0.3,10,0.9399,224.4408,114.8524,-48.5057,0.0000,818
8,20,14,35.0,70.0,1.3,0.04,0.18,0.3,9,0.9267,183.4876,93.8956,-44.8194,0.0000,818
8,20,14,35.0,70.0,1.3,0.04,0.25,0.3,7,0.9801,113.7602,58.2142,-33.4593,0.0000,818
8,20,14,35.0,70.0,1.3,0.06,0.12,0.3,10,0.9378,224.1848,114.7214,-48.5558,0.0000,818
8,20,14,35.0,70.0,1.3,0.06,0.18,0.3,9,0.9244,183.2316,93.7646,-44.8715,0.0000,818
8,20,14,35.0,70.0,1.3,0.06,0.25,0.3,7,0.9769,113.5042,58.0832,-33.5080,0.0000,818
8,20,14,35.0,70.0,1.6,0.04,0.12,0.3,9,0.8824,256.8217,131.4226,-53.4047,0.0000,818
8,20,14,35.0,70.0,1.6,0.04,0.18,0.3,9,0.8824,256.8217,131.4226,-53.4047,0.0000,818
8,20,14,35.0,70.0,1.6,0.04,0.25,0.3,9,0.8824,256.8217,131.4226,-53.4047,0.0000,818
8,20,14,35.0,70.0,1.6,0.06,0.12,0.3,9,0.8806,256.5657,131.2916,-53.4561,0.0000,818
8,20,14,35.0,70.0,1.6,0.06,0.18,0.3,9,0.8806,256.5657,131.2916,-53.4561,0.0000,818
8,20,14,35.0,70.0,1.6,0.06,0.25,0.3,9,0.8806,256.5657,131.2916,-53.4561,0.0000,818
8,20,14,35.0,75.0,1.0,0.04,0.12,0.3,11,0.9436,264.4805,135.3418,-51.6311,0.0000,818
8,20,14,35.0,75.0,1.0,0.04,0.18,0.3,9,0.9267,183.4876,93.8956,-44.8194,0.0000,818
8,20,14,35.0,75.0,1.0,0.04,0.25,0.3,7,0.9801,113.7602,58.2142,-33.4593,0.0000,818
8,20,14,35.0,75.0,1.0,0.06,0.12,0.3,11,0.9417,264.2245,135.2108,-51.6793,0.0000,818
8,20,14,35.0,75.0,1.0,0.06,0.18,0.3,9,0.9244,183.2316,93.7646,-44.8715,0.0000,818
8,20,14,35.0,75.0,1.0,0.06,0.25,0.3,7,0.9769,113.5042,58.0832,-33.5080,0.0000,818
8,20,14,35.0,75.0,1.3,0.04,0.12,0.3,10,0.9399,224.4408,114.8524,-48.5057,0.0000,818
8,20,14,35.0,75.0,1.3,0.04,0.18,0.3,9,0.9267,183.4876,93.8956,-44.8194,0.0000,818
8,20,14,35.0,75.0,1.3,0.04,0.25,0.3,7,0.9801,113.7602,58.2142,-33.4593,0.0000,818
8,20,14,35.0,75.0,1.3,0.06,0.12,0.3,10,0.9378,224.1848,114.7214,-48.5558,0.0000,818
8,20,14,35.0,75.0,1.3,0.06,0.18,0.3,9,0.9244,183.2316,93.7646,-44.8715,0.0000,818
8,20,14,35.0,75.0,1.3,0.06,0.25,0.3,7,0.9769,113.5042,58.0832,-33.5080,0.0000,818
8,20,14,35.0,75.0,1.6,0.04,0.12,0.3,9,0.8824,256.8217,131.4226,-53.4047,0.0000,818
8,20,14,35.0,75.0,1.6,0.04,0.18,0.3,9,0.8824,256.8217,131.4226,-53.4047,0.0000,818
8,20,14,35.0,75.0,1.6,0.04,0.25,0.3,9,0.8824,256.8217,131.4226,-53.4047,0.0000,818
8,20,14,35.0,75.0,1.6,0.06,0.12,0.3,9,0.8806,256.5657,131.2916,-53.4561,0.0000,818
8,20,14,35.0,75.0,1.6,0.06,0.18,0.3,9,0.8806,256.5657,131.2916,-53.4561,0.0000,818
8,20,14,35.0,75.0,1.6,0.06,0.25,0.3,9,0.8806,256.5657,131.2916,-53.4561,0.0000,818
8,30,14,25.0,65.0,1.0,0.04,0.12,0.3,41,1.1205,294.1768,150.5382,-31.7531,0.0000,818
8,30,14,25.0,65.0,1.0,0.04,0.18,0.3,104,1.0108,236.1681,120.8536,-33.2274,0.0000,818
8,30,14,25.0,65.0,1.0,0.04,0.25,0.3,96,0.9292,185.2786,94.8121,-33.2274,0.0000,818
8,30,14,25.0,65.0,1.0,0.06,0.12,0.3,110,0.8105,161.0668,82.4223,-31.0398,0.0000,818
8,30,14,25.0,65.0,1.0,0.06,0.18,0.3,94,1.1143,260.4940,133.3018,-31.5888,0.0000,818
8,30,14,25.0,65.0,1.0,0.06,0.25,0.3,85,0.9560,195.3057,99.9432,-31.5888,0.0000,818
8,30,14,25.0,65.0,1.3,0.04,0.12,0.3,93,0.7817,76.7357,39.2677,-20.5909,0.0000,818
8,30,14,25.0,65.0,1.3,0.04,0.18,0.3,57,1.0061,112.2494,57.4411,-20.8491,0.0000,818
8,30,14,25.0,65.0,1.3,0.04,0.25,0.3,64,0.9337,98.1220,50.2117,-20.8491,0.0000,818
8,30,14,25.0,65.0,1.3,0.06,0.12,0.3,77,0.9537,102.9069,52.6602,-20.7161,0.0000,818
8,30,14,25.0,65.0,1.3,0.06,0.18,0.3,50,1.1171,126.9566,64.9671,-21.0684,0.0000,818
8,30,14,25.0,65.0,1.3,0.06,0.25,0.3,54,1.0079,109.7780,56.1764,-21.0684,0.0000,818
8,30,14,25.0,65.0,1.6,0.04,0.12,0.3,54,0.0699,3.7794,1.9340,-20.5353,0.0000,818
8,30,14,25.0,65.0,1.6,0.04,0.18,0.3,48,0.1092,6.4430,3.2971,-20.5353,0.0000,818
8,30,14,25.0,65.0,1.6,0.04,0.25,0.3,48,0.2293,13.9834,7.1557,-20.5353,0.0000,818
8,30,14,25.0,65.0,1.6,0.06,0.12,0.3,48,0.3350,20.1954,10.3345,-20.5353,0.0000,818
8,30,14,25.0,65.0,1.6,0.06,0.18,0.3,42,0.3940,24.8080,12.6949,-20.5353,0.0000,818
8,30,14,25.0,65.0,1.6,0.06,0.25,0.3,43,0.5163,34.8378,17.8274,-20.5353,0.0000,818
8,30,14,25.0,70.0,1.0,0.04,0.12,0.3,41,1.1205,294.1768,150.5382,-31.7531,0.0000,818
8,30,14,25.0,70.0,1.0,0.04,0.18,0.3,104,1.0108,236.1681,120.8536,-33.2274,0.0000,818
8,30,14,25.0,70.0,1.0,0.04,0.25,0.3,96,0.9292,185.2786,94.8121,-33.2274,0.0000,818
8,30,14,25.0,70.0,1.0,0.06,0.12,0.3,110,0.8105,161.0668,82.4223,-31.0398,0.0000,818
8,30,14,25.0,70.0,1.0,0.06,0.18,0.3,94,1.1143,260.4940,133.3018,-31.5888,0.0000,818
8,30,14,25.0,70.0,1.0,0.06,0.25,0.3,85,0.9560,195.3057,99.9432,-31.5888,0.0000,818
8,30,14,25.0,70.0,1.3,0.04,0.12,0.3,93,0.7817,76.7357,39.2677,-20.5909,0.0000,818
8,30,14,25.0,70.0,1.3,0.04,0.18,0.3,57,1.0061,112.2494,57.4411,-20.8491,0.0000,818
8,30,14,25.0,70.0,1.3,0.04,0.25,0.3,64,0.9337,98.1220,50.2117,-20.8491,0.0000,818
8,30,14,25.0,70.0,1.3,0.06,0.12,0.3,77,0.9537,102.9069,52.6602,-20.7161,0.0000,818
8,30,14,25.0,70.0,1.3,0.06,0.18,0.3,50,1.1171,126.9566,64.9671,-21.0684,0.0000,818
8,30,14,25.0,70.0,1.3,0.06,0.25,0.3,54,1.0079,109.7780,56.1764,-21.0684,0.0000,818
8,30,14,25.0,70.0,1.6,0.04,0.12,0.3,54,0.0699,3.7794,1.9340,-20.5353,0.0000,818
8,30,14,25.0,70.0,1.6,0.04,0.18,0.3,48,0.1092,6.4430,3.2971,-20.5353,0.0000,818
8,30,14,25.0,70.0,1.6,0.04,0.25,0.3,48,0.2293,13.9834,7.1557,-20.5353,0.0000,818
8,30,14,25.0,70.0,1.6,0.06,0.12,0.3,48,0.3350,20.1954,10.3345,-20.5353,0.0000,818
8,30,14,25.0,70.0,1.6,0.06,0.18,0.3,42,0.3940,24.8080,12.6949,-20.5353,0.0000,818
8,30,14,25.0,70.0,1.6,0.06,0.25,0.3,43,0.5163,34.8378,17.8274,-20.5353,0.0000,818
8,30,14,25.0,75.0,1.0,0.04,0.12,0.3,41,1.1205,294.1768,150.5382,-31.7531,0.0000,818
8,30,14,25.0,75.0,1.0,0.04,0.18,0.3,104,1.0108,236.1681,120.8536,-33.2274,0.0000,818
8,30,14,25.0,75.0,1.0,0.04,0.25,0.3,96,0.9292,185.2786,94.8121,-33.2274,0.0000,818
8,30,14,25.0,75.0,1.0,0.06,0.12,0.3,110,0.8105,161.0668,82.4223,-31.0398,0.0000,818
8,30,14,25.0,75.0,1.0,0.06,0.18,0.3,94,1.1143,260.4940,133.3018,-31.5888,0.0000,818
8,30,14,25.0,75.0,1.0,0.06,0.25,0.3,85,0.9560,195.3057,99.9432,-31.5888,0.0000,818
8,30,14,25.0,75.0,1.3,0.04,0.12,0.3,93,0.7817,76.7357,39.2677,-20.5909,0.0000,818
8,30,14,25.0,75.0,1.3,0.04,0.18,0.3,57,1.0061,112.2494,57.4411,-20.8491,0.0000,818
8,30,14,25.0,75.0,1.3,0.04,0.25,0.3,64,0.9337,98.1220,50.2117,-20.8491,0.0000,818
8,30,14,25.0,75.0,1.3,0.06,0.12,0.3,77,0.9537,102.9069,52.6602,-20.7161,0.0000,818
8,30,14,25.0,75.0,1.3,0.06,0.18,0.3,50,1.1171,126.9566,64.9671,-21.0684,0.0000,818
8,30,14,25.0,75.0,1.3,0.06,0.25,0.3,54,1.0079,109.7780,56.1764,-21.0684,0.0000,818
8,30,14,25.0,75.0,1.6,0.04,0.12,0.3,54,0.0699,3.7794,1.9340,-20.5353,0.0000,818
8,30,14,25.0,75.0,1.6,0.04,0.18,0.3,48,0.1092,6.4430,3.2971,-20.5353,0.0000,818
8,30,14,25.0,75.0,1.6,0.04,0.25,0.3,48,0.2293,13.9834,7.1557,-20.5353,0.0000,818
8,30,14,25.0,75.0,1.6,0.06,0.12,0.3,48,0.3350,20.1954,10.3345,-20.5353,0.0000,818
8,30,14,25.0,75.0,1.6,0.06,0.18,0.3,42,0.3940,24.8080,12.6949,-20.5353,0.0000,818
8,30,14,25.0,75.0,1.6,0.06,0.25,0.3,43,0.5163,34.8378,17.8274,-20.5353,0.0000,818
8,30,14,30.0,65.0,1.0,0.04,0.12,0.3,41,1.1205,294.1768,150.5382,-31.7531,0.0000,818
8,30,14,30.0,65.0,1.0,0.04,0.18,0.3,104,1.0108,236.1681,120.8536,-33.2274,0.0000,818
8,30,14,30.0,65.0,1.0,0.04,0.25,0.3,96,0.9292,185.2786,94.8121,-33.2274,0.0000,818
8,30,14,30.0,65.0,1.0,0.06,0.12,0.3,110,0.8105,161.0668,82.4223,-31.0398,0.0000,818
8,30,14,30.0,65.0,1.0,0.06,0.18,0.3,94,1.1143,260.4940,133.3018,-31.5888,0.0000,818
8,30,14,30.0,65.0,1.0,0.06,0.25,0.3,85,0.9560,195.3057,99.9432,-31.5888,0.0000,818
8,30,14,30.0,65.0,1.3,0.04,0.12,0.3,93,0.7817,76.7357,39.2677,-20.5909,0.0000,818
8,30,14,30.0,65.0,1.3,0.04,0.18,0.3,57,1.0061,112.2494,57.4411,-20.8491,0.0000,818
8,30,14,30.0,65.0,1.3,0.04,0.25,0.3,64,0.9337,98.1220,50.2117,-20.8491,0.0000,818
8,30,14,30.0,65.0,1.3,0.06,0.12,0.3,77,0.9537,102.9069,52.6602,-20.7161,0.0000,818
8,30,14,30.0,65.0,1.3,0.06,0.18,0.3,50,1.1171,126.9566,64.9671,-21.0684,0.0000,818
8,30,14,30.0,65.0,1.3,0.06,0.25,0.3,54,1.0079,109.7780,56.1764,-21.0684,0.0000,818
8,30,14,30.0,65.0,1.6,0.04,0.12,0.3,54,0.0699,3.7794,1.9340,-20.5353,0.0000,818
8,30,14,30.0,65.0,1.6,0.04,0.18,0.3,48,0.1092,6.4430,3.2971,-20.5353,0.0000,818
8,30,14,30.0,65.0,1.6,0.04,0.25,0.3,48,0.2293,13.9834,7.1557,-20.5353,0.0000,818
8,30,14,30.0,65.0,1.6,0.06,0.12,0.3,48,0.3350,20.1954,10.3345,-20.5353,0.0000,818
8,30,14,30.0,65.0,1.6,0.06,0.18,0.3,42,0.3940,24.8080,12.6949,-20.5353,0.0000,818
8,30,14,30.0,65.0,1.6,0.06,0.25,0.3,43,0.5163,34.8378,17.8274,-20.5353,0.0000,818
8,30,14,30.0,70.0,1.0,0.04,0.12,0.3,41,1.1205,294.1768,150.5382,-31.7531,0.0000,818
8,30,14,30.0,70.0,1.0,0.04,0.18,0.3,104,1.0108,236.1681,120.8536,-33.2274,0.0000,818
8,30,14,30.0,70.0,1.0,0.04,0.25,0.3,96,0.9292,185.2786,94.8121,-33.2274,0.0000,818
8,30,14,30.0,70.0,1.0,0.06,0.12,0.3,110,0.8105,161.0668,82.4223,-31.0398,0.0000,818
8,30,14,30.0,70.0,1.0,0.06,0.18,0.3,94,1.1143,260.4940,133.3018,-31.5888,0.0000,818
8,30,14,30.0,70.0,1.0,0.06,0.25,0.3,85,0.9560,195.3057,99.9432,-31.5888,0.0000,818
8,30,14,30.0,70.0,1.3,0.04,0.12,0.3,93,0.7817,76.7357,39.2677,-20.5909,0.0000,818
8,30,14,30.0,70.0,1.3,0.04,0.18,0.3,57,1.0061,112.2494,57.4411,-20.8491,0.0000,818
8,30,14,30.0,70.0,1.3,0.04,0.25,0.3,64,0.9337,98.1220,50.2117,-20.8491,0.0000,818
8,30,14,30.0,70.0,1.3,0.06,0.12,0.3,77,0.9537,102.9069,52.6602,-20.7161,0.0000,818
8,30,14,30.0,70.0,1.3,0.06,0.18,0.3,50,1.1171,126.9566,64.9671,-21.0684,0.0000,818
8,30,14,30.0,70.0,1.3,0.06,0.25,0.3,54,1.0079,109.7780,56.1764,-21.0684,0.0000,818
8,30,14,30.0,70.0,1.6,0.04,0.12,0.3,54,0.0699,3.7794,1.9340,-20.5353,0.0000,818
8,30,14,30.0,70.0,1.6,0.04,0.18,0.3,48,0.1092,6.4430,3.2971,-20.5353,0.0000,818
8,30,14,30.0,70.0,1.6,0.04,0.25,0.3,48,0.2293,13.9834,7.1557,-20.5353,0.0000,818
8,30,14,30.0,70.0,1.6,0.06,0.12,0.3,48,0.3350,20.1954,10.3345,-20.5353,0.0000,818
8,30,14,30.0,70.0,1.6,0.06,0.18,0.3,42,0.3940,24.8080,12.6949,-20.5353,0.0000,818
8,30,14,30.0,70.0,1.6,0.06,0.25,0.3,43,0.5163,34.8378,17.8274,-20.5353,0.0000,818
8,30,14,30.0,75.0,1.0,0.04,0.12,0.3,41,1.1205,294.1768,150.5382,-31.7531,0.0000,818
8,30,14,30.0,75.0,1.0,0.04,0.18,0.3,104,1.0108,236.1681,120.8536,-33.2274,0.0000,818
8,30,14,30.0,75.0,1.0,0.04,0.25,0.3,96,0.9292,185.2786,94.8121,-33.2274,0.0000,818
8,30,14,30.0,75.0,1.0,0.06,0.12,0.3,110,0.8105,161.0668,82.4223,-31.0398,0.0000,818
8,30,14,30.0,75.0,1.0,0.06,0.18,0.3,94,1.1143,260.4940,133.3018,-31.5888,0.0000,818
8,30,14,30.0,75.0,1.0,0.06,0.25,0.3,85,0.9560,195.3057,99.9432,-31.5888,0.0000,818
8,30,14,30.0,75.0,1.3,0.04,0.12,0.3,93,0.7817,76.7357,39.2677,-20.5909,0.0000,818
8,30,14,30.0,75.0,1.3,0.04,0.18,0.3,57,1.0061,112.2494,57.4411,-20.8491,0.0000,818
8,30,14,30.0,75.0,1.3,0.04,0.25,0.3,64,0.9337,98.1220,50.2117,-20.8491,0.0000,818
8,30,14,30.0,75.0,1.3,0.06,0.12,0.3,77,0.9537,102.9069,52.6602,-20.7161,0.0000,818
8,30,14,30.0,75.0,1.3,0.06,0.18,0.3,50,1.1171,126.9566,64.9671,-21.0684,0.0000,818
8,30,14,30.0,75.0,1.3,0.06,0.25,0.3,54,1.0079,109.7780,56.1764,-21.0684,0.0000,818
8,30,14,30.0,75.0,1.6,0.04,0.12,0.3,54,0.0699,3.7794,1.9340,-20.5353,0.0000,818
8,30,14,30.0,75.0,1.6,0.04,0.18,0.3,48,0.1092,6.4430,3.2971,-20.5353,0.0000,818
8,30,14,30.0,75.0,1.6,0.04,0.25,0.3,48,0.2293,13.9834,7.1557,-20.5353,0.0000,818
8,30,14,30.0,75.0,1.6,0.06,0.12,0.3,48,0.3350,20.1954,10.3345,-20.5353,0.0000,818
8,30,14,30.0,75.0,1.6,0.06,0.18,0.3,42,0.3940,24.8080,12.6949,-20.5353,0.0000,818
8,30,14,30.0,75.0,1.6,0.06,0.25,0.3,43,0.5163,34.8378,17.8274,-20.5353,0.0000,818
8,30,14,35.0,65.0,1.0,0.04,0.12,0.3,41,1.1205,294.1768,150.5382,-31.7531,0.0000,818
8,30,14,35.0,65.0,1.0,0.04,0.18,0.3,104,1.0108,236.1681,120.8536,-33.2274,0.0000,818
8,30,14,35.0,65.0,1.0,0.04,0.25,0.3,96,0.9292,185.2786,94.8121,-33.2274,0.0000,818
8,30,14,35.0,65.0,1.0,0.06,0.12,0.3,110,0.8105,161.0668,82.4223,-31.0398,0.0000,818
8,30,14,35.0,65.0,1.0,0.06,0.18,0.3,94,1.1143,260.4940,133.3018,-31.5888,0.0000,818
8,30,14,35.0,65.0,1.0,0.06,0.25,0.3,85,0.9560,195.3057,99.9432,-31.5888,0.0000,818
8,30,14,35.0,65.0,1.3,0.04,0.12,0.3,93,0.7817,76.7357,39.2677,-20.5909,0.0000,818
8,30,14,35.0,65.0,1.3,0.04,0.18,0.3,57,1.0061,112.2494,57.4411,-20.8491,0.0000,818
8,30,14,35.0,65.0,1.3,0.04,0.25,0.3,64,0.9337,98.1220,50.2117,-20.8491,0.0000,818
8,30,14,35.0,65.0,1.3,0.06,0.12,0.3,77,0.9537,102.9069,52.6602,-20.7161,0.0000,818
8,30,14,35.0,65.0,1.3,0.06,0.18,0.3,50,1.1171,126.9566,64.9671,-21.0684,0.0000,818
8,30,14,35.0,65.0,1.3,0.06,0.25,0.3,54,1.0079,109.7780,56.1764,-21.0684,0.0000,818
8,30,14,35.0,65.0,1.6,0.04,0.12,0.3,54,0.0699,3.7794,1.9340,-20.5353,0.0000,818
8,30,14,35.0,65.0,1.6,0.04,0.18,0.3,48,0.1092,6.4430,3.2971,-20.5353,0.0000,818
8,30,14,35.0,65.0,1.6,0.04,0.25,0.3,48,0.2293,13.9834,7.1557,-20.5353,0.0000,818
8,30,14,35.0,65.0,1.6,0.06,0.12,0.3,48,0.3350,20.1954,10.3345,-20.5353,0.0000,818
8,30,14,35.0,65.0,1.6,0.06,0.18,0.3,42,0.3940,24.8080,12.6949,-20.5353,0.0000,818
8,30,14,35.0,65.0,1.6,0.06,0.25,0.3,43,0.5163,34.8378,17.8274,-20.5353,0.0000,818
8,30,14,35.0,70.0,1.0,0.04,0.12,0.3,41,1.1205,294.1768,150.5382,-31.7531,0.0000,818
8,30,14,35.0,70.0,1.0,0.04,0.18,0.3,104,1.0108,236.1681,120.8536,-33.2274,0.0000,818
8,30,14,35.0,70.0,1.0,0.04,0.25,0.3,96,0.9292,185.2786,94.8121,-33.2274,0.0000,818
8,30,14,35.0,70.0,1.0,0.06,0.12,0.3,110,0.8105,161.0668,82.4223,-31.0398,0.0000,818
8,30,14,35.0,70.0,1.0,0.06,0.18,0.3,94,1.1143,260.4940,133.3018,-31.5888,0.0000,818
8,30,14,35.0,70.0,1.0,0.06,0.25,0.3,85,0.9560,195.3057,99.9432,-31.5888,0.0000,818
8,30,14,35.0,70.0,1.3,0.04,0.12,0.3,93,0.7817,76.7357,39.2677,-20.5909,0.0000,818
8,30,14,35.0,70.0,1.3,0.04,0.18,0.3,57,1.0061,112.2494,57.4411,-20.8491,0.0000,818
8,30,14,35.0,70.0,1.3,0.04,0.25,0.3,64,0.9337,98.1220,50.2117,-20.8491,0.0000,818
8,30,14,35.0,70.0,1.3,0.06,0.12,0.3,77,0.9537,102.9069,52.6602,-20.7161,0.0000,818
8,30,14,35.0,70.0,1.3,0.06,0.18,0.3,50,1.1171,126.9566,64.9671,-21.0684,0.0000,818
8,30,14,35.0,70.0,1.3,0.06,0.25,0.3,54,1.0079,109.7780,56.1764,-21.0684,0.0000,818
8,30,14,35.0,70.0,1.6,0.04,0.12,0.3,54,0.0699,3.7794,1.9340,-20.5353,0.0000,818
8,30,14,35.0,70.0,1.6,0.04,0.18,0.3,48,0.1092,6.4430,3.2971,-20.5353,0.0000,818
8,30,14,35.0,70.0,1.6,0.04,0.25,0.3,48,0.2293,13.9834,7.1557,-20.5353,0.0000,818
8,30,14,35.0,70.0,1.6,0.06,0.12,0.3,48,0.3350,20.1954,10.3345,-20.5353,0.0000,818
8,30,14,35.0,70.0,1.6,0.06,0.18,0.3,42,0.3940,24.8080,12.6949,-20.5353,0.0000,818
8,30,14,35.0,70.0,1.6,0.06,0.25,0.3,43,0.5163,34.8378,17.8274,-20.5353,0.0000,818
8,30,14,35.0,75.0,1.0,0.04,0.12,0.3,41,1.1205,294.1768,150.5382,-31.7531,0.0000,818
8,30,14,35.0,75.0,1.0,0.04,0.18,0.3,104,1.0108,236.1681,120.8536,-33.2274,0.0000,818
8,30,14,35.0,75.0,1.0,0.04,0.25,0.3,96,0.9292,185.2786,94.8121,-33.2274,0.0000,818
8,30,14,35.0,75.0,1.0,0.06,0.12,0.3,110,0.8105,161.0668,82.4223,-31.0398,0.0000,818
8,30,14,35.0,75.0,1.0,0.06,0.18,0.3,94,1.1143,260.4940,133.3018,-31.5888,0.0000,818
8,30,14,35.0,75.0,1.0,0.06,0.25,0.3,85,0.9560,195.3057,99.9432,-31.5888,0.0000,818
8,30,14,35.0,75.0,1.3,0.04,0.12,0.3,93,0.7817,76.7357,39.2677,-20.5909,0.0000,818
8,30,14,35.0,75.0,1.3,0.04,0.18,0.3,57,1.0061,112.2494,57.4411,-20.8491,0.0000,818
8,30,14,35.0,75.0,1.3,0.04,0.25,0.3,64,0.9337,98.1220,50.2117,-20.8491,0.0000,818
8,30,14,35.0,75.0,1.3,0.06,0.12,0.3,77,0.9537,102.9069,52.6602,-20.7161,0.0000,818
8,30,14,35.0,75.0,1.3,0.06,0.18,0.3,50,1.1171,126.9566,64.9671,-21.0684,0.0000,818
8,30,14,35.0,75.0,1.3,0.06,0.25,0.3,54,1.0079,109.7780,56.1764,-21.0684,0.0000,818
8,30,14,35.0,75.0,1.6,0.04,0.12,0.3,54,0.0699,3.7794,1.9340,-20.5353,0.0000,818
8,30,14,35.0,75.0,1.6,0.04,0.18,0.3,48,0.1092,6.4430,3.2971,-20.5353,0.0000,818
8,30,14,35.0,75.0,1.6,0.04,0.25,0.3,48,0.2293,13.9834,7.1557,-20.5353,0.0000,818
8,30,14,35.0,75.0,1.6,0.06,0.12,0.3,48,0.3350,20.1954,10.3345,-20.5353,0.0000,818
8,30,14,35.0,75.0,1.6,0.06,0.18,0.3,42,0.3940,24.8080,12.6949,-20.5353,0.0000,818
8,30,14,35.0,75.0,1.6,0.06,0.25,0.3,43,0.5163,34.8378,17.8274,-20.5353,0.0000,818
8,50,14,25.0,65.0,1.0,0.04,0.12,0.3,6,0.9136,118.1468,60.4589,-36.5932,0.0000,818
8,50,14,25.0,65.0,1.0,0.04,0.18,0.3,6,0.9136,118.1468,60.4589,-36.5932,0.0000,818
8,50,14,25.0,65.0,1.0,0.04,0.25,0.3,6,0.9136,118.1468,60.4589,-36.5932,0.0000,818
8,50,14,25.0,65.0,1.0,0.06,0.12,0.3,96,0.7202,212.4812,108.7324,-62.6263,0.0000,818
8,50,14,25.0,65.0,1.0,0.06,0.18,0.3,80,-0.0244,-9.7013,-4.9644,-93.7835,0.0000,818
8,50,14,25.0,65.0,1.0,0.06,0.25,0.3,52,0.1918,35.7812,18.3102,-65.6245,0.0000,818
8,50,14,25.0,65.0,1.3,0.04,0.12,0.3,26,1.2746,201.5890,103.1586,-23.9355,0.0000,818
8,50,14,25.0,65.0,1.3,0.04,0.18,0.3,62,0.5906,69.5889,35.6105,-34.6535,0.0000,818
8,50,14,25.0,65.0,1.3,0.04,0.25,0.3,62,0.5906,69.5889,35.6105,-34.6535,0.0000,818
8,50,14,25.0,65.0,1.3,0.06,0.12,0.3,62,1.4256,164.6564,84.2591,-19.3885,0.0000,818
8,50,14,25.0,65.0,1.3,0.06,0.18,0.3,52,0.3504,45.8637,23.4697,-48.8359,0.0000,818
8,50,14,25.0,65.0,1.3,0.06,0.25,0.3,52,0.3504,45.8637,23.4697,-48.8359,0.0000,818
8,50,14,25.0,65.0,1.6,0.04,0.12,0.3,39,1.4193,154.1599,78.8878,-17.9462,0.0000,818
8,50,14,25.0,65.0,1.6,0.04,0.18,0.3,21,1.3627,136.4870,69.8441,-20.8738,0.0000,818
8,50,14,25.0,65.0,1.6,0.04,0.25,0.3,21,1.3627,136.4870,69.8441,-20.8738,0.0000,818
8,50,14,25.0,65.0,1.6,0.06,0.12,0.3,28,1.5103,159.9963,81.8745,-17.2650,0.0000,818
8,50,14,25.0,65.0,1.6,0.06,0.18,0.3,19,1.2470,127.4188,65.2037,-26.5782,0.0000,818
8,50,14,25.0,65.0,1.6,0.06,0.25,0.3,19,1.2470,127.4188,65.2037,-26.5782,0.0000,818
8,50,14,25.0,70.0,1.0,0.04,0.12,0.3,6,0.9136,118.1468,60.4589,-36.5932,0.0000,818
8,50,14,25.0,70.0,1.0,0.04,0.18,0.3,6,0.9136,118.1468,60.4589,-36.5932,0.0000,818
8,50,14,25.0,70.0,1.0,0.04,0.25,0.3,6,0.9136,118.1468,60.4589,-36.5932,0.0000,818
8,50,14,25.0,70.0,1.0,0.06,0.12,0.3,96,0.7202,212.4812,108.7324,-62.6263,0.0000,818
8,50,14,25.0,70.0,1.0,0.06,0.18,0.3,80,-0.0244,-9.7013,-4.9644,-93.7835,0.0000,818
8,50,14,25.0,70.0,1.0,0.06,0.25,0.3,52,0.1918,35.7812,18.3102,-65.6245,0.0000,818
8,50,14,25.0,70.0,1.3,0.04,0.12,0.3,26,1.2746,201.5890,103.1586,-23.9355,0.0000,818
8,50,14,25.0,70.0,1.3,0.04,0.18,0.3,62,0.5906,69.5889,35.6105,-34.6535,0.0000,818
8,50,14,25.0,70.0,1.3,0.04,0.25,0.3,62,0.5906,69.5889,35.6105,-34.6535,0.0000,818
8,50,14,25.0,70.0,1.3,0.06,0.12,0.3,62,1.4256,164.6564,84.2591,-19.3885,0.0000,818
8,50,14,25.0,70.0,1.3,0.06,0.18,0.3,52,0.3504,45.8637,23.4697,-48.8359,0.0000,818
8,50,14,25.0,70.0,1.3,0.06,0.25,0.3,52,0.3504,45.8637,23.4697,-48.8359,0.0000,818
8,50,14,25.0,70.0,1.6,0.04,0.12,0.3,39,1.4193,154.1599,78.8878,-17.9462,0.0000,818
8,50,14,25.0,70.0,1.6,0.04,0.18,0.3,21,1.3627,136.4870,69.8441,-20.8738,0.0000,818
8,50,14,25.0,70.0,1.6,0.04,0.25,0.3,21,1.3627,136.4870,69.8441,-20.8738,0.0000,818
8,50,14,25.0,70.0,1.6,0.06,0.12,0.3,28,1.5103,159.9963,81.8745,-17.2650,0.0000,818
8,50,14,25.0,70.0,1.6,0.06,0.18,0.3,19,1.2470,127.4188,65.2037,-26.5782,0.0000,818
8,50,14,25.0,70.0,1.6,0.06,0.25,0.3,19,1.2470,127.4188,65.2037,-26.5782,0.0000,818
8,50,14,25.0,75.0,1.0,0.04,0.12,0.3,6,0.9136,118.1468,60.4589,-36.5932,0.0000,818
8,50,14,25.0,75.0,1.0,0.04,0.18,0.3,6,0.9136,118.1468,60.4589,-36.5932,0.0000,818
8,50,14,25.0,75.0,1.0,0.04,0.25,0.3,6,0.9136,118.1468,60.4589,-36.5932,0.0000,818
8,50,14,25.0,75.0,1.0,0.06,0.12,0.3,96,0.7202,212.4812,108.7324,-62.6263,0.0000,818
8,50,14,25.0,75.0,1.0,0.06,0.18,0.3,80,-0.0244,-9.7013,-4.9644,-93.7835,0.0000,818
8,50,14,25.0,75.0,1.0,0.06,0.25,0.3,52,0.1918,35.7812,18.3102,-65.6245,0.0000,818
8,50,14,25.0,75.0,1.3,0.04,0.12,0.3,26,1.2746,201.5890,103.1586,-23.9355,0.0000,818
8,50,14,25.0,75.0,1.3,0.04,0.18,0.3,62,0.5906,69.5889,35.6105,-34.6535,0.0000,818
8,50,14,25.0,75.0,1.3,0.04,0.25,0.3,62,0.5906,69.5889,35.6105,-34.6535,0.0000,818
8,50,14,25.0,75.0,1.3,0.06,0.12,0.3,62,1.4256,164.6564,84.2591,-19.3885,0.0000,818
8,50,14,25.0,75.0,1.3,0.06,0.18,0.3,52,0.3504,45.8637,23.4697,-48.8359,0.0000,818
8,50,14,25.0,75.0,1.3,0.06,0.25,0.3,52,0.3504,45.8637,23.4697,-48.8359,0.0000,818
8,50,14,25.0,75.0,1.6,0.04,0.12,0.3,39,1.4193,154.1599,78.8878,-17.9462,0.0000,818
8,50,14,25.0,75.0,1.6,0.04,0.18,0.3,21,1.3627,136.4870,69.8441,-20.8738,0.0000,818
8,50,14,25.0,75.0,1.6,0.04,0.25,0.3,21,1.3627,136.4870,69.8441,-20.8738,0.0000,818
8,50,14,25.0,75.0,1.6,0.06,0.12,0.3,28,1.5103,159.9963,81.8745,-17.2650,0.0000,818
8,50,14,25.0,75.0,1.6,0.06,0.18,0.3,19,1.2470,127.4188,65.2037,-26.5782,0.0000,818
8,50,14,25.0,75.0,1.6,0.06,0.25,0.3,19,1.2470,127.4188,65.2037,-26.5782,0.0000,818
8,50,14,30.0,65.0,1.0,0.04,0.12,0.3,6,0.9136,118.1468,60.4589,-36.5932,0.0000,818
8,50,14,30.0,65.0,1.0,0.04,0.18,0.3,6,0.9136,118.1468,60.4589,-36.5932,0.0000,818
8,50,14,30.0,65.0,1.0,0.04,0.25,0.3,6,0.9136,118.1468,60.4589,-36.5932,0.0000,818
8,50,14,30.0,65.0,1.0,0.06,0.12,0.3,96,0.7202,212.4812,108.7324,-62.6263,0.0000,818
8,50,14,30.0,65.0,1.0,0.06,0.18,0.3,80,-0.0244,-9.7013,-4.9644,-93.7835,0.0000,818
8,50,14,30.0,65.0,1.0,0.06,0.25,0.3,52,0.1918,35.7812,18.3102,-65.6245,0.0000,818
8,50,14,30.0,65.0,1.3,0.04,0.12,0.3,26,1.2746,201.5890,103.1586,-23.9355,0.0000,818
8,50,14,30.0,65.0,1.3,0.04,0.18,0.3,62,0.5906,69.5889,35.6105,-34.6535,0.0000,818
8,50,14,30.0,65.0,1.3,0.04,0.25,0.3,62,0.5906,69.5889,35.6105,-34.6535,0.0000,818
8,50,14,30.0,65.0,1.3,0.06,0.12,0.3,62,1.4256,164.6564,84.2591,-19.3885,0.0000,818
8,50,14,30.0,65.0,1.3,0.06,0.18,0.3,52,0.3504,45.8637,23.4697,-48.8359,0.0000,818
8,50,14,30.0,65.0,1.3,0.06,0.25,0.3,52,0.3504,45.8637,23.4697,-48.8359,0.0000,818
8,50,14,30.0,65.0,1.6,0.04,0.12,0.3,39,1.4193,154.1599,78.8878,-17.9462,0.0000,818
8,50,14,30.0,65.0,1.6,0.04,0.18,0.3,21,1.3627,136.4870,69.8441,-20.8738,0.0000,818
8,50,14,30.0,65.0,1.6,0.04,0.25,0.3,21,1.3627,136.4870,69.8441,-20.8738,0.0000,818
8,50,14,30.0,65.0,1.6,0.06,0.12,0.3,28,1.5103,159.9963,81.8745,-17.2650,0.0000,818
8,50,14,30.0,65.0,1.6,0.06,0.18,0.3,19,1.2470,127.4188,65.2037,-26.5782,0.0000,818
8,50,14,30.0,65.0,1.6,0.06,0.25,0.3,19,1.2470,127.4188,65.2037,-26.5782,0.0000,818
8,50,14,30.0,70.0,1.0,0.04,0.12,0.3,6,0.9136,118.1468,60.4589,-36.5932,0.0000,818
8,50,14,30.0,70.0,1.0,0.04,0.18,0.3,6,0.9136,118.1468,60.4589,-36.5932,0.0000,818
8,50,14,30.0,70.0,1.0,0.04,0.25,0.3,6,0.9136,118.1468,60.4589,-36.5932,0.0000,818
8,50,14,30.0,70.0,1.0,0.06,0.12,0.3,96,0.7202,212.4812,108.7324,-62.6263,0.0000,818
8,50,14,30.0,70.0,1.0,0.06,0.18,0.3,80,-0.0244,-9.7013,-4.9644,-93.7835,0.0000,818
8,50,14,30.0,70.0,1.0,0.06,0.25,0.3,52,0.1918,35.7812,18.3102,-65.6245,0.0000,818
8,50,14,30.0,70.0,1.3,0.04,0.12,0.3,26,1.2746,201.5890,103.1586,-23.9355,0.0000,818
8,50,14,30.0,70.0,1.3,0.04,0.18,0.3,62,0.5906,69.5889,35.6105,-34.6535,0.0000,818
8,50,14,30.0,70.0,1.3,0.04,0.25,0.3,62,0.5906,69.5889,35.6105,-34.6535,0.0000,818
8,50,14,30.0,70.0,1.3,0.06,0.12,0.3,62,1.4256,164.6564,84.2591,-19.3885,0.0000,818
8,50,14,30.0,70.0,1.3,0.06,0.18,0.3,52,0.3504,45.8637,23.4697,-48.8359,0.0000,818
8,50,14,30.0,70.0,1.3,0.06,0.25,0.3,52,0.3504,45.8637,23.4697,-48.8359,0.0000,818
8,50,14,30.0,70.0,1.6,0.04,0.12,0.3,39,1.4193,154.1599,78.8878,-17.9462,0.0000,818
8,50,14,30.0,70.0,1.6,0.04,0.18,0.3,21,1.3627,136.4870,69.8441,-20.8738,0.0000,818
8,50,14,30.0,70.0,1.6,0.04,0.25,0.3,21,1.3627,136.4870,69.8441,-20.8738,0.0000,818
8,50,14,30.0,70.0,1.6,0.06,0.12,0.3,28,1.5103,159.9963,81.8745,-17.2650,0.0000,818
8,50,14,30.0,70.0,1.6,0.06,0.18,0.3,19,1.2470,127.4188,65.2037,-26.5782,0.0000,818
8,50,14,30.0,70.0,1.6,0.06,0.25,0.3,19,1.2470,127.4188,65.2037,-26.5782,0.0000,818
8,50,14,30.0,75.0,1.0,0.04,0.12,0.3,6,0.9136,118.1468,60.4589,-36.5932,0.0000,818
8,50,14,30.0,75.0,1.0,0.04,0.18,0.3,6,0.9136,118.1468,60.4589,-36.5932,0.0000,818
8,50,14,30.0,75.0,1.0,0.04,0.25,0.3,6,0.9136,118.1468,60.4589,-36.5932,0.0000,818
8,50,14,30.0,75.0,1.0,0.06,0.12,0.3,96,0.7202,212.4812,108.7324,-62.6263,0.0000,818
8,50,14,30.0,75.0,1.0,0.06,0.18,0.3,80,-0.0244,-9.7013,-4.9644,-93.7835,0.0000,818
8,50,14,30.0,75.0,1.0,0.06,0.25,0.3,52,0.1918,35.7812,18.3102,-65.6245,0.0000,818
8,50,14,30.0,75.0,1.3,0.04,0.12,0.3,26,1.2746,201.5890,103.1586,-23.9355,0.0000,818
8,50,14,30.0,75.0,1.3,0.04,0.18,0.3,62,0.5906,69.5889,35.6105,-34.6535,0.0000,818
8,50,14,30.0,75.0,1.3,0.04,0.25,0.3,62,0.5906,69.5889,35.6105,-34.6535,0.0000,818
8,50,14,30.0,75.0,1.3,0.06,0.12,0.3,62,1.4256,164.6564,84.2591,-19.3885,0.0000,818
8,50,14,30.0,75.0,1.3,0.06,0.18,0.3,52,0.3504,45.8637,23.4697,-48.8359,0.0000,818
8,50,14,30.0,75.0,1.3,0.06,0.25,0.3,52,0.3504,45.8637,23.4697,-48.8359,0.0000,818
8,50,14,30.0,75.0,1.6,0.04,0.12,0.3,39,1.4193,154.1599,78.8878,-17.9462,0.0000,818
8,50,14,30.0,75.0,1.6,0.04,0.18,0.3,21,1.3627,136.4870,69.8441,-20.8738,0.0000,818
8,50,14,30.0,75.0,1.6,0.04,0.25,0.3,21,1.3627,136.4870,69.8441,-20.8738,0.0000,818
8,50,14,30.0,75.0,1.6,0.06,0.12,0.3,28,1.5103,159.9963,81.8745,-17.2650,0.0000,818
8,50,14,30.0,75.0,1.6,0.06,0.18,0.3,19,1.2470,127.4188,65.2037,-26.5782,0.0000,818
8,50,14,30.0,75.0,1.6,0.06,0.25,0.3,19,1.2470,127.4188,65.2037,-26.5782,0.0000,818
8,50,14,35.0,65.0,1.0,0.04,0.12,0.3,6,0.9136,118.1468,60.4589,-36.5932,0.0000,818
8,50,14,35.0,65.0,1.0,0.04,0.18,0.3,6,0.9136,118.1468,60.4589,-36.5932,0.0000,818
8,50,14,35.0,65.0,1.0,0.04,0.25,0.3,6,0.9136,118.1468,60.4589,-36.5932,0.0000,818
8,50,14,35.0,65.0,1.0,0.06,0.12,0.3,96,0.7202,212.4812,108.7324,-62.6263,0.0000,818
8,50,14,35.0,65.0,1.0,0.06,0.18,0.3,80,-0.0244,-9.7013,-4.9644,-93.7835,0.0000,818
8,50,14,35.0,65.0,1.0,0.06,0.25,0.3,52,0.1918,35.7812,18.3102,-65.6245,0.0000,818
8,50,14,35.0,65.0,1.3,0.04,0.12,0.3,26,1.2746,201.5890,103.1586,-23.9355,0.0000,818
8,50,14,35.0,65.0,1.3,0.04,0.18,0.3,62,0.5906,69.5889,35.6105,-34.6535,0.0000,818
8,50,14,35.0,65.0,1.3,0.04,0.25,0.3,62,0.5906,69.5889,35.6105,-34.6535,0.0000,818
8,50,14,35.0,65.0,1.3,0.06,0.12,0.3,62,1.4256,164.6564,84.2591,-19.3885,0.0000,818
8,50,14,35.0,65.0,1.3,0.06,0.18,0.3,52,0.3504,45.8637,23.4697,-48.8359,0.0000,818
8,50,14,35.0,65.0,1.3,0.06,0.25,0.3,52,0.3504,45.8637,23.4697,-48.8359,0.0000,818
8,50,14,35.0,65.0,1.6,0.04,0.12,0.3,39,1.4193,154.1599,78.8878,-17.9462,0.0000,818
8,50,14,35.0,65.0,1.6,0.04,0.18,0.3,21,1.3627,136.4870,69.8441,-20.8738,0.0000,818
8,50,14,35.0,65.0,1.6,0.04,0.25,0.3,21,1.3627,136.4870,69.8441,-20.8738,0.0000,818
8,50,14,35.0,65.0,1.6,0.06,0.12,0.3,28,1.5103,159.9963,81.8745,-17.2650,0.0000,818
8,50,14,35.0,65.0,1.6,0.06,0.18,0.3,19,1.2470,127.4188,65.2037,-26.5782,0.0000,818
8,50,14,35.0,65.0,1.6,0.06,0.25,0.3,19,1.2470,127.4188,65.2037,-26.5782,0.0000,818
8,50,14,35.0,70.0,1.0,0.04,0.12,0.3,6,0.9136,118.1468,60.4589,-36.5932,0.0000,818
8,50,14,35.0,70.0,1.0,0.04,0.18,0.3,6,0.9136,118.1468,60.4589,-36.5932,0.0000,818
8,50,14,35.0,70.0,1.0,0.04,0.25,0.3,6,0.9136,118.1468,60.4589,-36.5932,0.0000,818
8,50,14,35.0,70.0,1.0,0.06,0.12,0.3,96,0.7202,212.4812,108.7324,-62.6263,0.0000,818
8,50,14,35.0,70.0,1.0,0.06,0.18,0.3,80,-0.0244,-9.7013,-4.9644,-93.7835,0.0000,818
8,50,14,35.0,70.0,1.0,0.06,0.25,0.3,52,0.1918,35.7812,18.3102,-65.6245,0.0000,818
8,50,14,35.0,70.0,1.3,0.04,0.12,0.3,26,1.2746,201.5890,103.1586,-23.9355,0.0000,818
8,50,14,35.0,70.0,1.3,0.04,0.18,0.3,62,0.5906,69.5889,35.6105,-34.6535,0.0000,818
8,50,14,35.0,70.0,1.3,0.04,0.25,0.3,62,0.5906,69.5889,35.6105,-34.6535,0.0000,818
8,50,14,35.0,70.0,1.3,0.06,0.12,0.3,62,1.4256,164.6564,84.2591,-19.3885,0.0000,818
8,50,14,35.0,70.0,1.3,0.06,0.18,0.3,52,0.3504,45.8637,23.4697,-48.8359,0.0000,818
8,50,14,35.0,70.0,1.3,0.06,0.25,0.3,52,0.3504,45.8637,23.4697,-48.8359,0.0000,818
8,50,14,35.0,70.0,1.6,0.04,0.12,0.3,39,1.4193,154.1599,78.8878,-17.9462,0.0000,818
8,50,14,35.0,70.0,1.6,0.04,0.18,0.3,21,1.3627,136.4870,69.8441,-20.8738,0.0000,818
8,50,14,35.0,70.0,1.6,0.04,0.25,0.3,21,1.3627,136.4870,69.8441,-20.8738,0.0000,818
8,50,14,35.0,70.0,1.6,0.06,0.12,0.3,28,1.5103,159.9963,81.8745,-17.2650,0.0000,818
8,50,14,35.0,70.0,1.6,0.06,0.18,0.3,19,1.2470,127.4188,65.2037,-26.5782,0.0000,818
8,50,14,35.0,70.0,1.6,0.06,0.25,0.3,19,1.2470,127.4188,65.2037,-26.5782,0.0000,818
8,50,14,35.0,75.0,1.0,0.04,0.12,0.3,6,0.9136,118.1468,60.4589,-36.5932,0.0000,818
8,50,14,35.0,75.0,1.0,0.04,0.18,0.3,6,0.9136,118.1468,60.4589,-36.5932,0.0000,818
8,50,14,35.0,75.0,1.0,0.04,0.25,0.3,6,0.9136,118.1468,60.4589,-36.5932,0.0000,818
8,50,14,35.0,75.0,1.0,0.06,0.12,0.3,96,0.7202,212.4812,108.7324,-62.6263,0.0000,818
8,50,14,35.0,75.0,1.0,0.06,0.18,0.3,80,-0.0244,-9.7013,-4.9644,-93.7835,0.0000,818
8,50,14,35.0,75.0,1.0,0.06,0.25,0.3,52,0.1918,35.7812,18.3102,-65.6245,0.0000,818
8,50,14,35.0,75.0,1.3,0.04,0.12,0.3,26,1.2746,201.5890,103.1586,-23.9355,0.0000,818
8,50,14,35.0,75.0,1.3,0.04,0.18,0.3,62,0.5906,69.5889,35.6105,-34.6535,0.0000,818
8,50,14,35.0,75.0,1.3,0.04,0.25,0.3,62,0.5906,69.5889,35.6105,-34.6535,0.0000,818
8,50,14,35.0,75.0,1.3,0.06,0.12,0.3,62,1.4256,164.6564,84.2591,-19.3885,0.0000,818
8,50,14,35.0,75.0,1.3,0.06,0.18,0.3,52,0.3504,45.8637,23.4697,-48.8359,0.0000,818
8,50,14,35.0,75.0,1.3,0.06,0.25,0.3,52,0.3504,45.8637,23.4697,-48.8359,0.0000,818
8,50,14,35.0,75.0,1.6,0.04,0.12,0.3,39,1.4193,154.1599,78.8878,-17.9462,0.0000,818
8,50,14,35.0,75.0,1.6,0.04,0.18,0.3,21,1.3627,136.4870,69.8441,-20.8738,0.0000,818
8,50,14,35.0,75.0,1.6,0.04,0.25,0.3,21,1.3627,136.4870,69.8441,-20.8738,0.0000,818
8,50,14,35.0,75.0,1.6,0.06,0.12,0.3,28,1.5103,159.9963,81.8745,-17.2650,0.0000,818
8,50,14,35.0,75.0,1.6,0.06,0.18,0.3,19,1.2470,127.4188,65.2037,-26.5782,0.0000,818
8,50,14,35.0,75.0,1.6,0.06,0.25,0.3,19,1.2470,127.4188,65.2037,-26.5782,0.0000,818
10,20,14,25.0,65.0,1.0,0.04,0.12,0.3,10,0.9612,230.0026,117.6986,-48.3360,0.0000,818
10,20,14,25.0,65.0,1.0,0.04,0.18,0.3,8,0.9476,149.0098,76.2523,-39.8791,0.0000,818
10,20,14,25.0,65.0,1.0,0.04,0.25,0.3,7,0.9801,113.7602,58.2142,-33.4593,0.0000,818
10,20,14,25.0,65.0,1.0,0.06,0.12,0.3,10,0.9592,229.7466,117.5676,-48.3851,0.0000,818
10,20,14,25.0,65.0,1.0,0.06,0.18,0.3,8,0.9450,148.7538,76.1213,-39.9305,0.0000,818
10,20,14,25.0,65.0,1.0,0.06,0.25,0.3,7,0.9769,113.5042,58.0832,-33.5080,0.0000,818
10,20,14,25.0,65.0,1.3,0.04,0.12,0.3,9,0.9595,189.9629,97.2092,-44.5214,0.0000,818
10,20,14,25.0,65.0,1.3,0.04,0.18,0.3,8,0.9476,149.0098,76.2523,-39.8791,0.0000,818
10,20,14,25.0,65.0,1.3,0.04,0.25,0.3,7,0.9801,113.7602,58.2142,-33.4593,0.0000,818
10,20,14,25.0,65.0,1.3,0.06,0.12,0.3,9,0.9572,189.7069,97.0782,-44.5719,0.0000,818
10,20,14,25.0,65.0,1.3,0.06,0.18,0.3,8,0.9450,148.7538,76.1213,-39.9305,0.0000,818
10,20,14,25.0,65.0,1.3,0.06,0.25,0.3,7,0.9769,113.5042,58.0832,-33.5080,0.0000,818
10,20,14,25.0,65.0,1.6,0.04,0.12,0.3,8,0.8946,222.3438,113.7794,-50.1608,0.0000,818
10,20,14,25.0,65.0,1.6,0.04,0.18,0.3,8,0.8946,222.3438,113.7794,-50.1608,0.0000,818
10,20,14,25.0,65.0,1.6,0.04,0.25,0.3,8,0.8946,222.3438,113.7794,-50.1608,0.0000,818
10,20,14,25.0,65.0,1.6,0.06,0.12,0.3,8,0.8926,222.0878,113.6484,-50.2134,0.0000,818
10,20,14,25.0,65.0,1.6,0.06,0.18,0.3,8,0.8926,222.0878,113.6484,-50.2134,0.0000,818
10,20,14,25.0,65.0,1.6,0.06,0.25,0.3,8,0.8926,222.0878,113.6484,-50.2134,0.0000,818
10,20,14,25.0,70.0,1.0,0.04,0.12,0.3,10,0.9612,230.0026,117.6986,-48.3360,0.0000,818
10,20,14,25.0,70.0,1.0,0.04,0.18,0.3,8,0.9476,149.0098,76.2523,-39.8791,0.0000,818
10,20,14,25.0,70.0,1.0,0.04,0.25,0.3,7,0.9801,113.7602,58.2142,-33.4593,0.0000,818
10,20,14,25.0,70.0,1.0,0.06,0.12,0.3,10,0.9592,229.7466,117.5676,-48.3851,0.0000,818
10,20,14,25.0,70.0,1.0,0.06,0.18,0.3,8,0.9450,148.7538,76.1213,-39.9305,0.0000,818
10,20,14,25.0,70.0,1.0,0.06,0.25,0.3,7,0.9769,113.5042,58.0832,-33.5080,0.0000,818
10,20,14,25.0,70.0,1.3,0.04,0.12,0.3,9,0.9595,189.9629,97.2092,-44.5214,0.0000,818
10,20,14,25.0,70.0,1.3,0.04,0.18,0.3,8,0.9476,149.0098,76.2523,-39.8791,0.0000,818
10,20,14,25.0,70.0,1.3,0.04,0.25,0.3,7,0.9801,113.7602,58.2142,-33.4593,0.0000,818
10,20,14,25.0,70.0,1.3,0.06,0.12,0.3,9,0.9572,189.7069,97.0782,-44.5719,0.0000,818
10,20,14,25.0,70.0,1.3,0.06,0.18,0.3,8,0.9450,148.7538,76.1213,-39.9305,0.0000,818
10,20,14,25.0,70.0,1.3,0.06,0.25,0.3,7,0.9769,113.5042,58.0832,-33.5080,0.0000,818
10,20,14,25.0,70.0,1.6,0.04,0.12,0.3,8,0.8946,222.3438,113.7794,-50.1608,0.0000,818
10,20,14,25.0,70.0,1.6,0.04,0.18,0.3,8,0.8946,222.3438,113.7794,-50.1608,0.0000,818
10,20,14,25.0,70.0,1.6,0.04,0.25,0.3,8,0.8946,222.3438,113.7794,-50.1608,0.0000,818
10,20,14,25.0,70.0,1.6,0.06,0.12,0.3,8,0.8926,222.0878,113.6484,-50.2134,0.0000,818
10,20,14,25.0,70.0,1.6,0.06,0.18,0.3,8,0.8926,222.0878,113.6484,-50.2134,0.0000,818
10,20,14,25.0,70.0,1.6,0.06,0.25,0.3,8,0.8926,222.0878,113.6484,-50.2134,0.0000,818
10,20,14,25.0,75.0,1.0,0.04,0.12,0.3,10,0.9612,230.0026,117.6986,-48.3360,0.0000,818
10,20,14,25.0,75.0,1.0,0.04,0.18,0.3,8,0.9476,149.0098,76.2523,-39.8791,0.0000,818
10,20,14,25.0,75.0,1.0,0.04,0.25,0.3,7,0.9801,113.7602,58.2142,-33.4593,0.0000,818
10,20,14,25.0,75.0,1.0,0.06,0.12,0.3,10,0.9592,229.7466,117.5676,-48.3851,0.0000,818
10,20,14,25.0,75.0,1.0,0.06,0.18,0.3,8,0.9450,148.7538,76.1213,-39.9305,0.0000,818
10,20,14,25.0,75.0,1.0,0.06,0.25,0.3,7,0.9769,113.5042,58.0832,-33.5080,0.0000,818
10,20,14,25.0,75.0,1.3,0.04,0.12,0.3,9,0.9595,189.9629,97.2092,-44.5214,0.0000,818
10,20,14,25.0,75.0,1.3,0.04,0.18,0.3,8,0.9476,149.0098,76.2523,-39.8791,0.0000,818
10,20,14,25.0,75.0,1.3,0.04,0.25,0.3,7,0.9801,113.7602,58.2142,-33.4593,0.0000,818
10,20,14,25.0,75.0,1.3,0.06,0.12,0.3,9,0.9572,189.7069,97.0782,-44.5719,0.0000,818
10,20,14,25.0,75.0,1.3,0.06,0.18,0.3,8,0.9450,148.7538,76.1213,-39.9305,0.0000,818
10,20,14,25.0,75.0,1.3,0.06,0.25,0.3,7,0.9769,113.5042,58.0832,-33.5080,0.0000,818
10,20,14,25.0,75.0,1.6,0.04,0.12,0.3,8,0.8946,222.3438,113.7794,-50.1608,0.0000,818
10,20,14,25.0,75.0,1.6,0.04,0.18,0.3,8,0.8946,222.3438,113.7794,-50.1608,0.0000,818
10,20,14,25.0,75.0,1.6,0.04,0.25,0.3,8,0.8946,222.3438,113.7794,-50.1608,0.0000,818
10,20,14,25.0,75.0,1.6,0.06,0.12,0.3,8,0.8926,222.0878,113.6484,-50.2134,0.0000,818
10,20,14,25.0,75.0,1.6,0.06,0.18,0.3,8,0.8926,222.0878,113.6484,-50.2134,0.0000,818
10,20,14,25.0,75.0,1.6,0.06,0.25,0.3,8,0.8926,222.0878,113.6484,-50.2134,0.0000,818
10,20,14,30.0,65.0,1.0,0.04,0.12,0.3,10,0.9612,230.0026,117.6986,-48.3360,0.0000,818
10,20,14,30.0,65.0,1.0,0.04,0.18,0.3,8,0.9476,149.0098,76.2523,-39.8791,0.0000,818
10,20,14,30.0,65.0,1.0,0.04,0.25,0.3,7,0.9801,113.7602,58.2142,-33.4593,0.0000,818
10,20,14,30.0,65.0,1.0,0.06,0.12,0.3,10,0.9592,229.7466,117.5676,-48.3851,0.0000,818
10,20,14,30.0,65.0,1.0,0.06,0.18,0.3,8,0.9450,148.7538,76.1213,-39.9305,0.0000,818
10,20,14,30.0,65.0,1.0,0.06,0.25,0.3,7,0.9769,113.5042,58.0832,-33.5080,0.0000,818
10,20,14,30.0,65.0,1.3,0.04,0.12,0.3,9,0.9595,189.9629,97.2092,-44.5214,0.0000,818
10,20,14,30.0,65.0,1.3,0.04,0.18,0.3,8,0.9476,149.0098,76.2523,-39.8791,0.0000,818
10,20,14,30.0,65.0,1.3,0.04,0.25,0.3,7,0.9801,113.7602,58.2142,-33.4593,0.0000,818
10,20,14,30.0,65.0,1.3,0.06,0.12,0.3,9,0.9572,189.7069,97.0782,-44.5719,0.0000,818
10,20,14,30.0,65.0,1.3,0.06,0.18,0.3,8,0.9450,148.7538,76.1213,-39.9305,0.0000,818
10,20,14,30.0,65.0,1.3,0.06,0.25,0.3,7,0.9769,113.5042,58.0832,-33.5080,0.0000,818
10,20,14,30.0,65.0,1.6,0.04,0.12,0.3,8,0.8946,222.3438,113.7794,-50.1608,0.0000,818
10,20,14,30.0,65.0,1.6,0.04,0.18,0.3,8,0.8946,222.3438,113.7794,-50.1608,0.0000,818
10,20,14,30.0,65.0,1.6,0.04,0.25,0.3,8,0.8946,222.3438,113.7794,-50.1608,0.0000,818
10,20,14,30.0,65.0,1.6,0.06,0.12,0.3,8,0.8926,222.0878,113.6484,-50.2134,0.0000,818
10,20,14,30.0,65.0,1.6,0.06,0.18,0.3,8,0.8926,222.0878,113.6484,-50.2134,0.0000,818
10,20,14,30.0,65.0,1.6,0.06,0.25,0.3,8,0.8926,222.0878,113.6484,-50.2134,0.0000,818
10,20,14,30.0,70.0,1.0,0.04,0.12,0.3,10,0.9612,230.0026,117.6986,-48.3360,0.0000,818
10,20,14,30.0,70.0,1.0,0.04,0.18,0.3,8,0.9476,149.0098,76.2523,-39.8791,0.0000,818
10,20,14,30.0,70.0,1.0,0.04,0.25,0.3,7,0.9801,113.7602,58.2142,-33.4593,0.0000,818
10,20,14,30.0,70.0,1.0,0.06,0.12,0.3,10,0.9592,229.7466,117.5676,-48.3851,0.0000,818
10,20,14,30.0,70.0,1.0,0.06,0.18,0.3,8,0.9450,148.7538,76.1213,-39.9305,0.0000,818
10,20,14,30.0,70.0,1.0,0.06,0.25,0.3,7,0.9769,113.5042,58.0832,-33.5080,0.0000,818
10,20,14,30.0,70.0,1.3,0.04,0.12,0.3,9,0.9595,189.9629,97.2092,-44.5214,0.0000,818
10,20,14,30.0,70.0,1.3,0.04,0.18,0.3,8,0.9476,149.0098,76.2523,-39.8791,0.0000,818
10,20,14,30.0,70.0,1.3,0.04,0.25,0.3,7,0.9801,113.7602,58.2142,-33.4593,0.0000,818
10,20,14,30.0,70.0,1.3,0.06,0.12,0.3,9,0.9572,189.7069,97.0782,-44.5719,0.0000,818
10,20,14,30.0,70.0,1.3,0.06,0.18,0.3,8,0.9450,148.7538,76.1213,-39.9305,0.0000,818
10,20,14,30.0,70.0,1.3,0.06,0.25,0.3,7,0.9769,113.5042,58.0832,-33.5080,0.0000,818
10,20,14,30.0,70.0,1.6,0.04,0.12,0.3,8,0.8946,222.3438,113.7794,-50.1608,0.0000,818
10,20,14,30.0,70.0,1.6,0.04,0.18,0.3,8,0.8946,222.3438,113.7794,-50.1608,0.0000,818
10,20,14,30.0,70.0,1.6,0.04,0.25,0.3,8,0.8946,222.3438,113.7794,-50.1608,0.0000,818
10,20,14,30.0,70.0,1.6,0.06,0.12,0.3,8,0.8926,222.0878,113.6484,-50.2134,0.0000,818
10,20,14,30.0,70.0,1.6,0.06,0.18,0.3,8,0.8926,222.0878,113.6484,-50.2134,0.0000,818
10,20,14,30.0,70.0,1.6,0.06,0.25,0.3,8,0.8926,222.0878,113.6484,-50.2134,0.0000,818
10,20,14,30.0,75.0,1.0,0.04,0.12,0.3,10,0.9612,230.0026,117.6986,-48.3360,0.0000,818
10,20,14,30.0,75.0,1.0,0.04,0.18,0.3,8,0.9476,149.0098,76.2523,-39.8791,0.0000,818
10,20,14,30.0,75.0,1.0,0.04,0.25,0.3,7,0.9801,113.7602,58.2142,-33.4593,0.0000,818
10,20,14,30.0,75.0,1.0,0.06,0.12,0.3,10,0.9592,229.7466,117.5676,-48.3851,0.0000,818
10,20,14,30.0,75.0,1.0,0.06,0.18,0.3,8,0.9450,148.7538,76.1213,-39.9305,0.0000,818
10,20,14,30.0,75.0,1.0,0.06,0.25,0.3,7,0.9769,113.5042,58.0832,-33.5080,0.0000,818
10,20,14,30.0,75.0,1.3,0.04,0.12,0.3,9,0.9595,189.9629,97.2092,-44.5214,0.0000,818
10,20,14,30.0,75.0,1.3,0.04,0.18,0.3,8,0.9476,149.0098,76.2523,-39.8791,0.0000,818
10,20,14,30.0,75.0,1.3,0.04,0.25,0.3,7,0.9801,113.7602,58.2142,-33.4593,0.0000,818
10,20,14,30.0,75.0,1.3,0.06,0.12,0.3,9,0.9572,189.7069,97.0782,-44.5719,0.0000,818
10,20,14,30.0,75.0,1.3,0.06,0.18,0.3,8,0.9450,148.7538,76.1213,-39.9305,0.0000,818
10,20,14,30.0,75.0,1.3,0.06,0.25,0.3,7,0.9769,113.5042,58.0832,-33.5080,0.0000,818
10,20,14,30.0,75.0,1.6,0.04,0.12,0.3,8,0.8946,222.3438,113.7794,-50.1608,0.0000,818
10,20,14,30.0,75.0,1.6,0.04,0.18,0.3,8,0.8946,222.3438,113.7794,-50.1608,0.0000,818
10,20,14,30.0,75.0,1.6,0.04,0.25,0.3,8,0.8946,222.3438,113.7794,-50.1608,0.0000,818
10,20,14,30.0,75.0,1.6,0.06,0.12,0.3,8,0.8926,222.0878,113.6484,-50.2134,0.0000,818
10,20,14,30.0,75.0,1.6,0.06,0.18,0.3,8,0.8926,222.0878,113.6484,-50.2134,0.0000,818
10,20,14,30.0,75.0,1.6,0.06,0.25,0.3,8,0.8926,222.0878,113.6484,-50.2134,0.0000,818
10,20,14,35.0,65.0,1.0,0.04,0.12,0.3,10,0.9612,230.0026,117.6986,-48.3360,0.0000,818
10,20,14,35.0,65.0,1.0,0.04,0.18,0.3,8,0.9476,149.0098,76.2523,-39.8791,0.0000,818
10,20,14,35.0,65.0,1.0,0.04,0.25,0.3,7,0.9801,113.7602,58.2142,-33.4593,0.0000,818
10,20,14,35.0,65.0,1.0,0.06,0.12,0.3,10,0.9592,229.7466,117.5676,-48.3851,0.0000,818
10,20,14,35.0,65.0,1.0,0.06,0.18,0.3,8,0.9450,148.7538,76.1213,-39.9305,0.0000,818
10,20,14,35.0,65.0,1.0,0.06,0.25,0.3,7,0.9769,113.5042,58.0832,-33.5080,0.0000,818
10,20,14,35.0,65.0,1.3,0.04,0.12,0.3,9,0.9595,189.9629,97.2092,-44.5214,0.0000,818
10,20,14,35.0,65.0,1.3,0.04,0.18,0.3,8,0.9476,149.0098,76.2523,-39.8791,0.0000,818
10,20,14,35.0,65.0,1.3,0.04,0.25,0.3,7,0.9801,113.7602,58.2142,-33.4593,0.0000,818
10,20,14,35.0,65.0,1.3,0.06,0.12,0.3,9,0.9572,189.7069,97.0782,-44.5719,0.0000,818
10,20,14,35.0,65.0,1.3,0.06,0.18,0.3,8,0.9450,148.7538,76.1213,-39.9305,0.0000,818
10,20,14,35.0,65.0,1.3,0.06,0.25,0.3,7,0.9769,113.5042,58.0832,-33.5080,0.0000,818
10,20,14,35.0,65.0,1.6,0.04,0.12,0.3,8,0.8946,222.3438,113.7794,-50.1608,0.0000,818
10,20,14,35.0,65.0,1.6,0.04,0.18,0.3,8,0.8946,222.3438,113.7794,-50.1608,0.0000,818
10,20,14,35.0,65.0,1.6,0.04,0.25,0.3,8,0.8946,222.3438,113.7794,-50.1608,0.0000,818
10,20,14,35.0,65.0,1.6,0.06,0.12,0.3,8,0.8926,222.0878,113.6484,-50.2134,0.0000,818
10,20,14,35.0,65.0,1.6,0.06,0.18,0.3,8,0.8926,222.0878,113.6484,-50.2134,0.0000,818
10,20,14,35.0,65.0,1.6,0.06,0.25,0.3,8,0.8926,222.0878,113.6484,-50.2134,0.0000,818
10,20,14,35.0,70.0,1.0,0.04,0.12,0.3,10,0.9612,230.0026,117.6986,-48.3360,0.0000,818
10,20,14,35.0,70.0,1.0,0.04,0.18,0.3,8,0.9476,149.0098,76.2523,-39.8791,0.0000,818
10,20,14,35.0,70.0,1.0,0.04,0.25,0.3,7,0.9801,113.7602,58.2142,-33.4593,0.0000,818
10,20,14,35.0,70.0,1.0,0.06,0.12,0.3,10,0.9592,229.7466,117.5676,-48.3851,0.0000,818
10,20,14,35.0,70.0,1.0,0.06,0.18,0.3,8,0.9450,148.7538,76.1213,-39.9305,0.0000,818
10,20,14,35.0,70.0,1.0,0.06,0.25,0.3,7,0.9769,113.5042,58.0832,-33.5080,0.0000,818
10,20,14,35.0,70.0,1.3,0.04,0.12,0.3,9,0.9595,189.9629,97.2092,-44.5214,0.0000,818
10,20,14,35.0,70.0,1.3,0.04,0.18,0.3,8,0.9476,149.0098,76.2523,-39.8791,0.0000,818
10,20,14,35.0,70.0,1.3,0.04,0.25,0.3,7,0.9801,113.7602,58.2142,-33.4593,0.0000,818
10,20,14,35.0,70.0,1.3,0.06,0.12,0.3,9,0.9572,189.7069,97.0782,-44.5719,0.0000,818
10,20,14,35.0,70.0,1.3,0.06,0.18,0.3,8,0.9450,148.7538,76.1213,-39.9305,0.0000,818
10,20,14,35.0,70.0,1.3,0.06,0.25,0.3,7,0.9769,113.5042,58.0832,-33.5080,0.0000,818
10,20,14,35.0,70.0,1.6,0.04,0.12,0.3,8,0.8946,222.3438,113.7794,-50.1608,0.0000,818
10,20,14,35.0,70.0,1.6,0.04,0.18,0.3,8,0.8946,222.3438,113.7794,-50.1608,0.0000,818
10,20,14,35.0,70.0,1.6,0.04,0.25,0.3,8,0.8946,222.3438,113.7794,-50.1608,0.0000,818
10,20,14,35.0,70.0,1.6,0.06,0.12,0.3,8,0.8926,222.0878,113.6484,-50.2134,0.0000,818
10,20,14,35.0,70.0,1.6,0.06,0.18,0.3,8,0.8926,222.0878,113.6484,-50.2134,0.0000,818
10,20,14,35.0,70.0,1.6,0.06,0.25,0.3,8,0.8926,222.0878,113.6484,-50.2134,0.0000,818
10,20,14,35.0,75.0,1.0,0.04,0.12,0.3,10,0.9612,230.0026,117.6986,-48.3360,0.0000,818
10,20,14,35.0,75.0,1.0,0.04,0.18,0.3,8,0.9476,149.0098,76.2523,-39.8791,0.0000,818
10,20,14,35.0,75.0,1.0,0.04,0.25,0.3,7,0.9801,113.7602,58.2142,-33.4593,0.0000,818
10,20,14,35.0,75.0,1.0,0.06,0.12,0.3,10,0.9592,229.7466,117.5676,-48.3851,0.0000,818
10,20,14,35.0,75.0,1.0,0.06,0.18,0.3,8,0.9450,148.7538,76.1213,-39.9305,0.0000,818
10,20,14,35.0,75.0,1.0,0.06,0.25,0.3,7,0.9769,113.5042,58.0832,-33.5080,0.0000,818
10,20,14,35.0,75.0,1.3,0.04,0.12,0.3,9,0.9595,189.9629,97.2092,-44.5214,0.0000,818
10,20,14,35.0,75.0,1.3,0.04,0.18,0.3,8,0.9476,149.0098,76.2523,-39.8791,0.0000,818
10,20,14,35.0,75.0,1.3,0.04,0.25,0.3,7,0.9801,113.7602,58.2142,-33.4593,0.0000,818
10,20,14,35.0,75.0,1.3,0.06,0.12,0.3,9,0.9572,189.7069,97.0782,-44.5719,0.0000,818
10,20,14,35.0,75.0,1.3,0.06,0.18,0.3,8,0.9450,148.7538,76.1213,-39.9305,0.0000,818
10,20,14,35.0,75.0,1.3,0.06,0.25,0.3,7,0.9769,113.5042,58.0832,-33.5080,0.0000,818
10,20,14,35.0,75.0,1.6,0.04,0.12,0.3,8,0.8946,222.3438,113.7794,-50.1608,0.0000,818
10,20,14,35.0,75.0,1.6,0.04,0.18,0.3,8,0.8946,222.3438,113.7794,-50.1608,0.0000,818
10,20,14,35.0,75.0,1.6,0.04,0.25,0.3,8,0.8946,222.3438,113.7794,-50.1608,0.0000,818
10,20,14,35.0,75.0,1.6,0.06,0.12,0.3,8,0.8926,222.0878,113.6484,-50.2134,0.0000,818
10,20,14,35.0,75.0,1.6,0.06,0.18,0.3,8,0.8926,222.0878,113.6484,-50.2134,0.0000,818
10,20,14,35.0,75.0,1.6,0.06,0.25,0.3,8,0.8926,222.0878,113.6484,-50.2134,0.0000,818
10,30,14,25.0,65.0,1.0,0.04,0.12,0.3,41,1.1205,294.1768,150.5382,-31.7531,0.0000,818
10,30,14,25.0,65.0,1.0,0.04,0.18,0.3,103,1.0207,237.7572,121.6668,-33.2274,0.0000,818
10,30,14,25.0,65.0,1.0,0.04,0.25,0.3,95,0.9299,184.0429,94.1797,-33.2274,0.0000,818
10,30,14,25.0,65.0,1.0,0.06,0.12,0.3,109,0.8275,164.0827,83.9655,-31.0398,0.0000,818
10,30,14,25.0,65.0,1.0,0.06,0.18,0.3,94,1.1143,260.4940,133.3018,-31.5888,0.0000,818
10,30,14,25.0,65.0,1.0,0.06,0.25,0.3,85,0.9560,195.3057,99.9432,-31.5888,0.0000,818
10,30,14,25.0,65.0,1.3,0.04,0.12,0.3,91,0.8175,79.7927,40.8321,-20.5909,0.0000,818
10,30,14,25.0,65.0,1.3,0.04,0.18,0.3,56,1.0226,113.8386,58.2543,-20.8491,0.0000,818
10,30,14,25.0,65.0,1.3,0.04,0.25,0.3,65,0.9308,97.9863,50.1422,-20.8491,0.0000,818
10,30,14,25.0,65.0,1.3,0.06,0.12,0.3,75,0.9871,105.9639,54.2246,-20.7161,0.0000,818
10,30,14,25.0,65.0,1.3,0.06,0.18,0.3,50,1.1171,126.9566,64.9671,-21.0684,0.0000,818
10,30,14,25.0,65.0,1.3,0.06,0.25,0.3,56,1.0381,115.5828,59.1468,-21.0684,0.0000,818
10,30,14,25.0,65.0,1.6,0.04,0.12,0.3,58,0.1088,6.6743,3.4154,-21.8013,0.0000,818
10,30,14,25.0,65.0,1.6,0.04,0.18,0.3,52,0.1257,8.1919,4.1920,-21.8013,0.0000,818
10,30,14,25.0,65.0,1.6,0.04,0.25,0.3,52,0.1959,12.9074,6.6051,-21.8013,0.0000,818
10,30,14,25.0,65.0,1.6,0.06,0.12,0.3,50,0.4378,29.5137,15.1030,-21.8013,0.0000,818
10,30,14,25.0,65.0,1.6,0.06,0.18,0.3,46,0.4543,31.3258,16.0303,-21.8013,0.0000,818
10,30,14,25.0,65.0,1.6,0.06,0.25,0.3,47,0.5355,38.5308,19.7172,-21.8013,0.0000,818
10,30,14,25.0,70.0,1.0,0.04,0.12,0.3,41,1.1205,294.1768,150.5382,-31.7531,0.0000,818
10,30,14,25.0,70.0,1.0,0.04,0.18,0.3,103,1.0207,237.7572,121.6668,-33.2274,0.0000,818
10,30,14,25.0,70.0,1.0,0.04,0.25,0.3,95,0.9299,184.0429,94.1797,-33.2274,0.0000,818
10,30,14,25.0,70.0,1.0,0.06,0.12,0.3,109,0.8275,164.0827,83.9655,-31.0398,0.0000,818
10,30,14,25.0,70.0,1.0,0.06,0.18,0.3,94,1.1143,260.4940,133.3018,-31.5888,0.0000,818
10,30,14,25.0,70.0,1.0,0.06,0.25,0.3,85,0.9560,195.3057,99.9432,-31.5888,0.0000,818
10,30,14,25.0,70.0,1.3,0.04,0.12,0.3,91,0.8175,79.7927,40.8321,-20.5909,0.0000,818
10,30,14,25.0,70.0,1.3,0.04,0.18,0.3,56,1.0226,113.8386,58.2543,-20.8491,0.0000,818
10,30,14,25.0,70.0,1.3,0.04,0.25,0.3,65,0.9308,97.9863,50.1422,-20.8491,0.0000,818
10,30,14,25.0,70.0,1.3,0.06,0.12,0.3,75,0.9871,105.9639,54.2246,-20.7161,0.0000,818
10,30,14,25.0,70.0,1.3,0.06,0.18,0.3,50,1.1171,126.9566,64.9671,-21.0684,0.0000,818
10,30,14,25.0,70.0,1.3,0.06,0.25,0.3,56,1.0381,115.5828,59.1468,-21.0684,0.0000,818
10,30,14,25.0,70.0,1.6,0.04,0.12,0.3,58,0.1088,6.6743,3.4154,-21.8013,0.0000,818
10,30,14,25.0,70.0,1.6,0.04,0.18,0.3,52,0.1257,8.1919,4.1920,-21.8013,0.0000,818
10,30,14,25.0,70.0,1.6,0.04,0.25,0.3,52,0.1959,12.9074,6.6051,-21.8013,0.0000,818
10,30,14,25.0,70.0,1.6,0.06,0.12,0.3,50,0.4378,29.5137,15.1030,-21.8013,0.0000,818
10,30,14,25.0,70.0,1.6,0.06,0.18,0.3,46,0.4543,31.3258,16.0303,-21.8013,0.0000,818
10,30,14,25.0,70.0,1.6,0.06,0.25,0.3,47,0.5355,38.5308,19.7172,-21.8013,0.0000,818
10,30,14,25.0,75.0,1.0,0.04,0.12,0.3,41,1.1205,294.1768,150.5382,-31.7531,0.0000,818
10,30,14,25.0,75.0,1.0,0.04,0.18,0.3,103,1.0207,237.7572,121.6668,-33.2274,0.0000,818
10,30,14,25.0,75.0,1.0,0.04,0.25,0.3,95,0.9299,184.0429,94.1797,-33.2274,0.0000,818
10,30,14,25.0,75.0,1.0,0.06,0.12,0.3,109,0.8275,164.0827,83.9655,-31.0398,0.0000,818
10,30,14,25.0,75.0,1.0,0.06,0.18,0.3,94,1.1143,260.4940,133.3018,-31.5888,0.0000,818
10,30,14,25.0,75.0,1.0,0.06,0.25,0.3,85,0.9560,195.3057,99.9432,-31.5888,0.0000,818
10,30,14,25.0,75.0,1.3,0.04,0.12,0.3,91,0.8175,79.7927,40.8321,-20.5909,0.0000,818
10,30,14,25.0,75.0,1.3,0.04,0.18,0.3,56,1.0226,113.8386,58.2543,-20.8491,0.0000,818
10,30,14,25.0,75.0,1.3,0.04,0.25,0.3,65,0.9308,97.9863,50.1422,-20.8491,0.0000,818
10,30,14,25.0,75.0,1.3,0.06,0.12,0.3,75,0.9871,105.9639,54.2246,-20.7161,0.0000,818
10,30,14,25.0,75.0,1.3,0.06,0.18,0.3,50,1.1171,126.9566,64.9671,-21.0684,0.0000,818
10,30,14,25.0,75.0,1.3,0.06,0.25,0.3,56,1.0381,115.5828,59.1468,-21.0684,0.0000,818
10,30,14,25.0,75.0,1.6,0.04,0.12,0.3,58,0.1088,6.6743,3.4154,-21.8013,0.0000,818
10,30,14,25.0,75.0,1.6,0.04,0.18,0.3,52,0.1257,8.1919,4.1920,-21.8013,0.0000,818
10,30,14,25.0,75.0,1.6,0.04,0.25,0.3,52,0.1959,12.9074,6.6051,-21.8013,0.0000,818
10,30,14,25.0,75.0,1.6,0.06,0.12,0.3,50,0.4378,29.5137,15.1030,-21.8013,0.0000,818
10,30,14,25.0,75.0,1.6,0.06,0.18,0.3,46,0.4543,31.3258,16.0303,-21.8013,0.0000,818
10,30,14,25.0,75.0,1.6,0.06,0.25,0.3,47,0.5355,38.5308,19.7172,-21.8013,0.0000,818
10,30,14,30.0,65.0,1.0,0.04,0.12,0.3,41,1.1205,294.1768,150.5382,-31.7531,0.0000,818
10,30,14,30.0,65.0,1.0,0.04,0.18,0.3,103,1.0207,237.7572,121.6668,-33.2274,0.0000,818
10,30,14,30.0,65.0,1.0,0.04,0.25,0.3,95,0.9299,184.0429,94.1797,-33.2274,0.0000,818
10,30,14,30.0,65.0,1.0,0.06,0.12,0.3,109,0.8275,164.0827,83.9655,-31.0398,0.0000,818
10,30,14,30.0,65.0,1.0,0.06,0.18,0.3,94,1.1143,260.4940,133.3018,-31.5888,0.0000,818
10,30,14,30.0,65.0,1.0,0.06,0.25,0.3,85,0.9560,195.3057,99.9432,-31.5888,0.0000,818
10,30,14,30.0,65.0,1.3,0.04,0.12,0.3,91,0.8175,79.7927,40.8321,-20.5909,0.0000,818
10,30,14,30.0,65.0,1.3,0.04,0.18,0.3,56,1.0226,113.8386,58.2543,-20.8491,0.0000,818
10,30,14,30.0,65.0,1.3,0.04,0.25,0.3,65,0.9308,97.9863,50.1422,-20.8491,0.0000,818
10,30,14,30.0,65.0,1.3,0.06,0.12,0.3,75,0.9871,105.9639,54.2246,-20.7161,0.0000,818
10,30,14,30.0,65.0,1.3,0.06,0.18,0.3,50,1.1171,126.9566,64.9671,-21.0684,0.0000,818
10,30,14,30.0,65.0,1.3,0.06,0.25,0.3,56,1.0381,115.5828,59.1468,-21.0684,0.0000,818
10,30,14,30.0,65.0,1.6,0.04,0.12,0.3,58,0.1088,6.6743,3.4154,-21.8013,0.0000,818
10,30,14,30.0,65.0,1.6,0.04,0.18,0.3,52,0.1257,8.1919,4.1920,-21.8013,0.0000,818
10,30,14,30.0,65.0,1.6,0.04,0.25,0.3,52,0.1959,12.9074,6.6051,-21.8013,0.0000,818
10,30,14,30.0,65.0,1.6,0.06,0.12,0.3,50,0.4378,29.5137,15.1030,-21.8013,0.0000,818
10,30,14,30.0,65.0,1.6,0.06,0.18,0.3,46,0.4543,31.3258,16.0303,-21.8013,0.0000,818
10,30,14,30.0,65.0,1.6,0.06,0.25,0.3,47,0.5355,38.5308,19.7172,-21.8013,0.0000,818
10,30,14,30.0,70.0,1.0,0.04,0.12,0.3,41,1.1205,294.1768,150.5382,-31.7531,0.0000,818
10,30,14,30.0,70.0,1.0,0.04,0.18,0.3,103,1.0207,237.7572,121.6668,-33.2274,0.0000,818
10,30,14,30.0,70.0,1.0,0.04,0.25,0.3,95,0.9299,184.0429,94.1797,-33.2274,0.0000,818
10,30,14,30.0,70.0,1.0,0.06,0.12,0.3,109,0.8275,164.0827,83.9655,-31.0398,0.0000,818
10,30,14,30.0,70.0,1.0,0.06,0.18,0.3,94,1.1143,260.4940,133.3018,-31.5888,0.0000,818
10,30,14,30.0,70.0,1.0,0.06,0.25,0.3,85,0.9560,195.3057,99.9432,-31.5888,0.0000,818
10,30,14,30.0,70.0,1.3,0.04,0.12,0.3,91,0.8175,79.7927,40.8321,-20.5909,0.0000,818
10,30,14,30.0,70.0,1.3,0.04,0.18,0.3,56,1.0226,113.8386,58.2543,-20.8491,0.0000,818
10,30,14,30.0,70.0,1.3,0.04,0.25,0.3,65,0.9308,97.9863,50.1422,-20.8491,0.0000,818
10,30,14,30.0,70.0,1.3,0.06,0.12,0.3,75,0.9871,105.9639,54.2246,-20.7161,0.0000,818
10,30,14,30.0,70.0,1.3,0.06,0.18,0.3,50,1.1171,126.9566,64.9671,-21.0684,0.0000,818
10,30,14,30.0,70.0,1.3,0.06,0.25,0.3,56,1.0381,115.5828,59.1468,-21.0684,0.0000,818
10,30,14,30.0,70.0,1.6,0.04,0.12,0.3,58,0.1088,6.6743,3.4154,-21.8013,0.0000,818
10,30,14,30.0,70.0,1.6,0.04,0.18,0.3,52,0.1257,8.1919,4.1920,-21.8013,0.0000,818
10,30,14,30.0,70.0,1.6,0.04,0.25,0.3,52,0.1959,12.9074,6.6051,-21.8013,0.0000,818
10,30,14,30.0,70.0,1.6,0.06,0.12,0.3,50,0.4378,29.5137,15.1030,-21.8013,0.0000,818
10,30,14,30.0,70.0,1.6,0.06,0.18,0.3,46,0.4543,31.3258,16.0303,-21.8013,0.0000,818
10,30,14,30.0,70.0,1.6,0.06,0.25,0.3,47,0.5355,38.5308,19.7172,-21.8013,0.0000,818
10,30,14,30.0,75.0,1.0,0.04,0.12,0.3,41,1.1205,294.1768,150.5382,-31.7531,0.0000,818
10,30,14,30.0,75.0,1.0,0.04,0.18,0.3,103,1.0207,237.7572,121.6668,-33.2274,0.0000,818
10,30,14,30.0,75.0,1.0,0.04,0.25,0.3,95,0.9299,184.0429,94.1797,-33.2274,0.0000,818
10,30,14,30.0,75.0,1.0,0.06,0.12,0.3,109,0.8275,164.0827,83.9655,-31.0398,0.0000,818
10,30,14,30.0,75.0,1.0,0.06,0.18,0.3,94,1.1143,260.4940,133.3018,-31.5888,0.0000,818
10,30,14,30.0,75.0,1.0,0.06,0.25,0.3,85,0.9560,195.3057,99.9432,-31.5888,0.0000,818
10,30,14,30.0,75.0,1.3,0.04,0.12,0.3,91,0.8175,79.7927,40.8321,-20.5909,0.0000,818
10,30,14,30.0,75.0,1.3,0.04,0.18,0.3,56,1.0226,113.8386,58.2543,-20.8491,0.0000,818
10,30,14,30.0,75.0,1.3,0.04,0.25,0.3,65,0.9308,97.9863,50.1422,-20.8491,0.0000,818
10,30,14,30.0,75.0,1.3,0.06,0.12,0.3,75,0.9871,105.9639,54.2246,-20.7161,0.0000,818
10,30,14,30.0,75.0,1.3,0.06,0.18,0.3,50,1.1171,126.9566,64.9671,-21.0684,0.0000,818
10,30,14,30.0,75.0,1.3,0.06,0.25,0.3,56,1.0381,115.5828,59.1468,-21.0684,0.0000,818
10,30,14,30.0,75.0,1.6,0.04,0.12,0.3,58,0.1088,6.6743,3.4154,-21.8013,0.0000,818
10,30,14,30.0,75.0,1.6,0.04,0.18,0.3,52,0.1257,8.1919,4.1920,-21.8013,0.0000,818
10,30,14,30.0,75.0,1.6,0.04,0.25,0.3,52,0.1959,12.9074,6.6051,-21.8013,0.0000,818
10,30,14,30.0,75.0,1.6,0.06,0.12,0.3,50,0.4378,29.5137,15.1030,-21.8013,0.0000,818
10,30,14,30.0,75.0,1.6,0.06,0.18,0.3,46,0.4543,31.3258,16.0303,-21.8013,0.0000,818
10,30,14,30.0,75.0,1.6,0.06,0.25,0.3,47,0.5355,38.5308,19.7172,-21.8013,0.0000,818
10,30,14,35.0,65.0,1.0,0.04,0.12,0.3,41,1.1205,294.1768,150.5382,-31.7531,0.0000,818
10,30,14,35.0,65.0,1.0,0.04,0.18,0.3,103,1.0207,237.7572,121.6668,-33.2274,0.0000,818
10,30,14,35.0,65.0,1.0,0.04,0.25,0.3,95,0.9299,184.0429,94.1797,-33.2274,0.0000,818
10,30,14,35.0,65.0,1.0,0.06,0.12,0.3,109,0.8275,164.0827,83.9655,-31.0398,0.0000,818
10,30,14,35.0,65.0,1.0,0.06,0.18,0.3,94,1.1143,260.4940,133.3018,-31.5888,0.0000,818
10,30,14,35.0,65.0,1.0,0.06,0.25,0.3,85,0.9560,195.3057,99.9432,-31.5888,0.0000,818
10,30,14,35.0,65.0,1.3,0.04,0.12,0.3,91,0.8175,79.7927,40.8321,-20.5909,0.0000,818
10,30,14,35.0,65.0,1.3,0.04,0.18,0.3,56,1.0226,113.8386,58.2543,-20.8491,0.0000,818
10,30,14,35.0,65.0,1.3,0.04,0.25,0.3,65,0.9308,97.9863,50.1422,-20.8491,0.0000,818
10,30,14,35.0,65.0,1.3,0.06,0.12,0.3,75,0.9871,105.9639,54.2246,-20.7161,0.0000,818
10,30,14,35.0,65.0,1.3,0.06,0.18,0.3,50,1.1171,126.9566,64.9671,-21.0684,0.0000,818
10,30,14,35.0,65.0,1.3,0.06,0.25,0.3,56,1.0381,115.5828,59.1468,-21.0684,0.0000,818
10,30,14,35.0,65.0,1.6,0.04,0.12,0.3,58,0.1088,6.6743,3.4154,-21.8013,0.0000,818
10,30,14,35.0,65.0,1.6,0.04,0.18,0.3,52,0.1257,8.1919,4.1920,-21.8013,0.0000,818
10,30,14,35.0,65.0,1.6,0.04,0.25,0.3,52,0.1959,12.9074,6.6051,-21.8013,0.0000,818
10,30,14,35.0,65.0,1.6,0.06,0.12,0.3,50,0.4378,29.5137,15.1030,-21.8013,0.0000,818
10,30,14,35.0,65.0,1.6,0.06,0.18,0.3,46,0.4543,31.3258,16.0303,-21.8013,0.0000,818
10,30,14,35.0,65.0,1.6,0.06,0.25,0.3,47,0.5355,38.5308,19.7172,-21.8013,0.0000,818
10,30,14,35.0,70.0,1.0,0.04,0.12,0.3,41,1.1205,294.1768,150.5382,-31.7531,0.0000,818
10,30,14,35.0,70.0,1.0,0.04,0.18,0.3,103,1.0207,237.7572,121.6668,-33.2274,0.0000,818
10,30,14,35.0,70.0,1.0,0.04,0.25,0.3,95,0.9299,184.0429,94.1797,-33.2274,0.0000,818
10,30,14,35.0,70.0,1.0,0.06,0.12,0.3,109,0.8275,164.0827,83.9655,-31.0398,0.0000,818
10,30,14,35.0,70.0,1.0,0.06,0.18,0.3,94,1.1143,260.4940,133.3018,-31.5888,0.0000,818
10,30,14,35.0,70.0,1.0,0.06,0.25,0.3,85,0.9560,195.3057,99.9432,-31.5888,0.0000,818
10,30,14,35.0,70.0,1.3,0.04,0.12,0.3,91,0.8175,79.7927,40.8321,-20.5909,0.0000,818
10,30,14,35.0,70.0,1.3,0.04,0.18,0.3,56,1.0226,113.8386,58.2543,-20.8491,0.0000,818
10,30,14,35.0,70.0,1.3,0.04,0.25,0.3,65,0.9308,97.9863,50.1422,-20.8491,0.0000,818
10,30,14,35.0,70.0,1.3,0.06,0.12,0.3,75,0.9871,105.9639,54.2246,-20.7161,0.0000,818
10,30,14,35.0,70.0,1.3,0.06,0.18,0.3,50,1.1171,126.9566,64.9671,-21.0684,0.0000,818
10,30,14,35.0,70.0,1.3,0.06,0.25,0.3,56,1.0381,115.5828,59.1468,-21.0684,0.0000,818
10,30,14,35.0,70.0,1.6,0.04,0.12,0.3,58,0.1088,6.6743,3.4154,-21.8013,0.0000,818
10,30,14,35.0,70.0,1.6,0.04,0.18,0.3,52,0.1257,8.1919,4.1920,-21.8013,0.0000,818
10,30,14,35.0,70.0,1.6,0.04,0.25,0.3,52,0.1959,12.9074,6.6051,-21.8013,0.0000,818
10,30,14,35.0,70.0,1.6,0.06,0.12,0.3,50,0.4378,29.5137,15.1030,-21.8013,0.0000,818
10,30,14,35.0,70.0,1.6,0.06,0.18,0.3,46,0.4543,31.3258,16.0303,-21.8013,0.0000,818
10,30,14,35.0,70.0,1.6,0.06,0.25,0.3,47,0.5355,38.5308,19.7172,-21.8013,0.0000,818
10,30,14,35.0,75.0,1.0,0.04,0.12,0.3,41,1.1205,294.1768,150.5382,-31.7531,0.0000,818
10,30,14,35.0,75.0,1.0,0.04,0.18,0.3,103,1.0207,237.7572,121.6668,-33.2274,0.0000,818
10,30,14,35.0,75.0,1.0,0.04,0.25,0.3,95,0.9299,184.0429,94.1797,-33.2274,0.0000,818
10,30,14,35.0,75.0,1.0,0.06,0.12,0.3,109,0.8275,164.0827,83.9655,-31.0398,0.0000,818
10,30,14,35.0,75.0,1.0,0.06,0.18,0.3,94,1.1143,260.4940,133.3018,-31.5888,0.0000,818
10,30,14,35.0,75.0,1.0,0.06,0.25,0.3,85,0.9560,195.3057,99.9432,-31.5888,0.0000,818
10,30,14,35.0,75.0,1.3,0.04,0.12,0.3,91,0.8175,79.7927,40.8321,-20.5909,0.0000,818
10,30,14,35.0,75.0,1.3,0.04,0.18,0.3,56,1.0226,113.8386,58.2543,-20.8491,0.0000,818
10,30,14,35.0,75.0,1.3,0.04,0.25,0.3,65,0.9308,97.9863,50.1422,-20.8491,0.0000,818
10,30,14,35.0,75.0,1.3,0.06,0.12,0.3,75,0.9871,105.9639,54.2246,-20.7161,0.0000,818
10,30,14,35.0,75.0,1.3,0.06,0.18,0.3,50,1.1171,126.9566,64.9671,-21.0684,0.0000,818
10,30,14,35.0,75.0,1.3,0.06,0.25,0.3,56,1.0381,115.5828,59.1468,-21.0684,0.0000,818
10,30,14,35.0,75.0,1.6,0.04,0.12,0.3,58,0.1088,6.6743,3.4154,-21.8013,0.0000,818
10,30,14,35.0,75.0,1.6,0.04,0.18,0.3,52,0.1257,8.1919,4.1920,-21.8013,0.0000,818
10,30,14,35.0,75.0,1.6,0.04,0.25,0.3,52,0.1959,12.9074,6.6051,-21.8013,0.0000,818
10,30,14,35.0,75.0,1.6,0.06,0.12,0.3,50,0.4378,29.5137,15.1030,-21.8013,0.0000,818
10,30,14,35.0,75.0,1.6,0.06,0.18,0.3,46,0.4543,31.3258,16.0303,-21.8013,0.0000,818
10,30,14,35.0,75.0,1.6,0.06,0.25,0.3,47,0.5355,38.5308,19.7172,-21.8013,0.0000,818
10,50,14,25.0,65.0,1.0,0.04,0.12,0.3,6,0.9136,118.1468,60.4589,-36.5932,0.0000,818
10,50,14,25.0,65.0,1.0,0.04,0.18,0.3,6,0.9136,118.1468,60.4589,-36.5932,0.0000,818
10,50,14,25.0,65.0,1.0,0.04,0.25,0.3,6,0.9136,118.1468,60.4589,-36.5932,0.0000,818
10,50,14,25.0,65.0,1.0,0.06,0.12,0.3,96,0.7184,212.2198,108.5986,-62.7011,0.0000,818
10,50,14,25.0,65.0,1.0,0.06,0.18,0.3,80,-0.0244,-9.7013,-4.9644,-93.7835,0.0000,818
10,50,14,25.0,65.0,1.0,0.06,0.25,0.3,52,0.1918,35.7812,18.3102,-65.6245,0.0000,818
10,50,14,25.0,65.0,1.3,0.04,0.12,0.3,24,1.1476,133.1773,68.1505,-23.4329,0.0000,818
10,50,14,25.0,65.0,1.3,0.04,0.18,0.3,62,0.4862,54.0431,27.6553,-34.6535,0.0000,818
10,50,14,25.0,65.0,1.3,0.04,0.25,0.3,62,0.4862,54.0431,27.6553,-34.6535,0.0000,818
10,50,14,25.0,65.0,1.3,0.06,0.12,0.3,61,1.1851,96.4185,49.3400,-19.3885,0.0000,818
10,50,14,25.0,65.0,1.3,0.06,0.18,0.3,51,0.2703,32.2916,16.5245,-51.1037,0.0000,818
10,50,14,25.0,65.0,1.3,0.06,0.25,0.3,51,0.2703,32.2916,16.5245,-51.1037,0.0000,818
10,50,14,25.0,65.0,1.6,0.04,0.12,0.3,40,1.3454,173.8046,88.9405,-21.9909,0.0000,818
10,50,14,25.0,65.0,1.6,0.04,0.18,0.3,22,1.3274,156.1317,79.8968,-24.5865,0.0000,818
10,50,14,25.0,65.0,1.6,0.04,0.25,0.3,22,1.3274,156.1317,79.8968,-24.5865,0.0000,818
10,50,14,25.0,65.0,1.6,0.06,0.12,0.3,29,1.4431,181.1172,92.6826,-20.9252,0.0000,818
10,50,14,25.0,65.0,1.6,0.06,0.18,0.3,20,1.2337,148.5397,76.0118,-29.3624,0.0000,818
10,50,14,25.0,65.0,1.6,0.06,0.25,0.3,20,1.2337,148.5397,76.0118,-29.3624,0.0000,818
10,50,14,25.0,70.0,1.0,0.04,0.12,0.3,6,0.9136,118.1468,60.4589,-36.5932,0.0000,818
10,50,14,25.0,70.0,1.0,0.04,0.18,0.3,6,0.9136,118.1468,60.4589,-36.5932,0.0000,818
10,50,14,25.0,70.0,1.0,0.04,0.25,0.3,6,0.9136,118.1468,60.4589,-36.5932,0.0000,818
10,50,14,25.0,70.0,1.0,0.06,0.12,0.3,96,0.7184,212.2198,108.5986,-62.7011,0.0000,818
10,50,14,25.0,70.0,1.0,0.06,0.18,0.3,80,-0.0244,-9.7013,-4.9644,-93.7835,0.0000,818
10,50,14,25.0,70.0,1.0,0.06,0.25,0.3,52,0.1918,35.7812,18.3102,-65.6245,0.0000,818
10,50,14,25.0,70.0,1.3,0.04,0.12,0.3,24,1.1476,133.1773,68.1505,-23.4329,0.0000,818
10,50,14,25.0,70.0,1.3,0.04,0.18,0.3,62,0.4862,54.0431,27.6553,-34.6535,0.0000,818
10,50,14,25.0,70.0,1.3,0.04,0.25,0.3,62,0.4862,54.0431,27.6553,-34.6535,0.0000,818
10,50,14,25.0,70.0,1.3,0.06,0.12,0.3,61,1.1851,96.4185,49.3400,-19.3885,0.0000,818
10,50,14,25.0,70.0,1.3,0.06,0.18,0.3,51,0.2703,32.2916,16.5245,-51.1037,0.0000,818
10,50,14,25.0,70.0,1.3,0.06,0.25,0.3,51,0.2703,32.2916,16.5245,-51.1037,0.0000,818
10,50,14,25.0,70.0,1.6,0.04,0.12,0.3,40,1.3454,173.8046,88.9405,-21.9909,0.0000,818
10,50,14,25.0,70.0,1.6,0.04,0.18,0.3,22,1.3274,156.1317,79.8968,-24.5865,0.0000,818
10,50,14,25.0,70.0,1.6,0.04,0.25,0.3,22,1.3274,156.1317,79.8968,-24.5865,0.0000,818
10,50,14,25.0,70.0,1.6,0.06,0.12,0.3,29,1.4431,181.1172,92.6826,-20.9252,0.0000,818
10,50,14,25.0,70.0,1.6,0.06,0.18,0.3,20,1.2337,148.5397,76.0118,-29.3624,0.0000,818
10,50,14,25.0,70.0,1.6,0.06,0.25,0.3,20,1.2337,148.5397,76.0118,-29.3624,0.0000,818
10,50,14,25.0,75.0,1.0,0.04,0.12,0.3,6,0.9136,118.1468,60.4589,-36.5932,0.0000,818
10,50,14,25.0,75.0,1.0,0.04,0.18,0.3,6,0.9136,118.1468,60.4589,-36.5932,0.0000,818
10,50,14,25.0,75.0,1.0,0.04,0.25,0.3,6,0.9136,118.1468,60.4589,-36.5932,0.0000,818
10,50,14,25.0,75.0,1.0,0.06,0.12,0.3,96,0.7184,212.2198,108.5986,-62.7011,0.0000,818
10,50,14,25.0,75.0,1.0,0.06,0.18,0.3,80,-0.0244,-9.7013,-4.9644,-93.7835,0.0000,818
10,50,14,25.0,75.0,1.0,0.06,0.25,0.3,52,0.1918,35.7812,18.3102,-65.6245,0.0000,818
10,50,14,25.0,75.0,1.3,0.04,0.12,0.3,24,1.1476,133.1773,68.1505,-23.4329,0.0000,818
10,50,14,25.0,75.0,1.3,0.04,0.18,0.3,62,0.4862,54.0431,27.6553,-34.6535,0.0000,818
10,50,14,25.0,75.0,1.3,0.04,0.25,0.3,62,0.4862,54.0431,27.6553,-34.6535,0.0000,818
10,50,14,25.0,75.0,1.3,0.06,0.12,0.3,61,1.1851,96.4185,49.3400,-19.3885,0.0000,818
10,50,14,25.0,75.0,1.3,0.06,0.18,0.3,51,0.2703,32.2916,16.5245,-51.1037,0.0000,818
10,50,14,25.0,75.0,1.3,0.06,0.25,0.3,51,0.2703,32.2916,16.5245,-51.1037,0.0000,818
10,50,14,25.0,75.0,1.6,0.04,0.12,0.3,40,1.3454,173.8046,88.9405,-21.9909,0.0000,818
10,50,14,25.0,75.0,1.6,0.04,0.18,0.3,22,1.3274,156.1317,79.8968,-24.5865,0.0000,818
10,50,14,25.0,75.0,1.6,0.04,0.25,0.3,22,1.3274,156.1317,79.8968,-24.5865,0.0000,818
10,50,14,25.0,75.0,1.6,0.06,0.12,0.3,29,1.4431,181.1172,92.6826,-20.9252,0.0000,818
10,50,14,25.0,75.0,1.6,0.06,0.18,0.3,20,1.2337,148.5397,76.0118,-29.3624,0.0000,818
10,50,14,25.0,75.0,1.6,0.06,0.25,0.3,20,1.2337,148.5397,76.0118,-29.3624,0.0000,818
10,50,14,30.0,65.0,1.0,0.04,0.12,0.3,6,0.9136,118.1468,60.4589,-36.5932,0.0000,818
10,50,14,30.0,65.0,1.0,0.04,0.18,0.3,6,0.9136,118.1468,60.4589,-36.5932,0.0000,818
10,50,14,30.0,65.0,1.0,0.04,0.25,0.3,6,0.9136,118.1468,60.4589,-36.5932,0.0000,818
10,50,14,30.0,65.0,1.0,0.06,0.12,0.3,96,0.7184,212.2198,108.5986,-62.7011,0.0000,818
10,50,14,30.0,65.0,1.0,0.06,0.18,0.3,80,-0.0244,-9.7013,-4.9644,-93.7835,0.0000,818
10,50,14,30.0,65.0,1.0,0.06,0.25,0.3,52,0.1918,35.7812,18.3102,-65.6245,0.0000,818
10,50,14,30.0,65.0,1.3,0.04,0.12,0.3,24,1.1476,133.1773,68.1505,-23.4329,0.0000,818
10,50,14,30.0,65.0,1.3,0.04,0.18,0.3,62,0.4862,54.0431,27.6553,-34.6535,0.0000,818
10,50,14,30.0,65.0,1.3,0.04,0.25,0.3,62,0.4862,54.0431,27.6553,-34.6535,0.0000,818
10,50,14,30.0,65.0,1.3,0.06,0.12,0.3,61,1.1851,96.4185,49.3400,-19.3885,0.0000,818
10,50,14,30.0,65.0,1.3,0.06,0.18,0.3,51,0.2703,32.2916,16.5245,-51.1037,0.0000,818
10,50,14,30.0,65.0,1.3,0.06,0.25,0.3,51,0.2703,32.2916,16.5245,-51.1037,0.0000,818
10,50,14,30.0,65.0,1.6,0.04,0.12,0.3,40,1.3454,173.8046,88.9405,-21.9909,0.0000,818
10,50,14,30.0,65.0,1.6,0.04,0.18,0.3,22,1.3274,156.1317,79.8968,-24.5865,0.0000,818
10,50,14,30.0,65.0,1.6,0.04,0.25,0.3,22,1.3274,156.1317,79.8968,-24.5865,0.0000,818
10,50,14,30.0,65.0,1.6,0.06,0.12,0.3,29,1.4431,181.1172,92.6826,-20.9252,0.0000,818
10,50,14,30.0,65.0,1.6,0.06,0.18,0.3,20,1.2337,148.5397,76.0118,-29.3624,0.0000,818
10,50,14,30.0,65.0,1.6,0.06,0.25,0.3,20,1.2337,148.5397,76.0118,-29.3624,0.0000,818
10,50,14,30.0,70.0,1.0,0.04,0.12,0.3,6,0.9136,118.1468,60.4589,-36.5932,0.0000,818
10,50,14,30.0,70.0,1.0,0.04,0.18,0.3,6,0.9136,118.1468,60.4589,-36.5932,0.0000,818
10,50,14,30.0,70.0,1.0,0.04,0.25,0.3,6,0.9136,118.1468,60.4589,-36.5932,0.0000,818
10,50,14,30.0,70.0,1.0,0.06,0.12,0.3,96,0.7184,212.2198,108.5986,-62.7011,0.0000,818
10,50,14,30.0,70.0,1.0,0.06,0.18,0.3,80,-0.0244,-9.7013,-4.9644,-93.7835,0.0000,818
10,50,14,30.0,70.0,1.0,0.06,0.25,0.3,52,0.1918,35.7812,18.3102,-65.6245,0.0000,818
10,50,14,30.0,70.0,1.3,0.04,0.12,0.3,24,1.1476,133.1773,68.1505,-23.4329,0.0000,818
10,50,14,30.0,70.0,1.3,0.04,0.18,0.3,62,0.4862,54.0431,27.6553,-34.6535,0.0000,818
10,50,14,30.0,70.0,1.3,0.04,0.25,0.3,62,0.4862,54.0431,27.6553,-34.6535,0.0000,818
10,50,14,30.0,70.0,1.3,0.06,0.12,0.3,61,1.1851,96.4185,49.3400,-19.3885,0.0000,818
10,50,14,30.0,70.0,1.3,0.06,0.18,0.3,51,0.2703,32.2916,16.5245,-51.1037,0.0000,818
10,50,14,30.0,70.0,1.3,0.06,0.25,0.3,51,0.2703,32.2916,16.5245,-51.1037,0.0000,818
10,50,14,30.0,70.0,1.6,0.04,0.12,0.3,40,1.3454,173.8046,88.9405,-21.9909,0.0000,818
10,50,14,30.0,70.0,1.6,0.04,0.18,0.3,22,1.3274,156.1317,79.8968,-24.5865,0.0000,818
10,50,14,30.0,70.0,1.6,0.04,0.25,0.3,22,1.3274,156.1317,79.8968,-24.5865,0.0000,818
10,50,14,30.0,70.0,1.6,0.06,0.12,0.3,29,1.4431,181.1172,92.6826,-20.9252,0.0000,818
10,50,14,30.0,70.0,1.6,0.06,0.18,0.3,20,1.2337,148.5397,76.0118,-29.3624,0.0000,818
10,50,14,30.0,70.0,1.6,0.06,0.25,0.3,20,1.2337,148.5397,76.0118,-29.3624,0.0000,818
10,50,14,30.0,75.0,1.0,0.04,0.12,0.3,6,0.9136,118.1468,60.4589,-36.5932,0.0000,818
10,50,14,30.0,75.0,1.0,0.04,0.18,0.3,6,0.9136,118.1468,60.4589,-36.5932,0.0000,818
10,50,14,30.0,75.0,1.0,0.04,0.25,0.3,6,0.9136,118.1468,60.4589,-36.5932,0.0000,818
10,50,14,30.0,75.0,1.0,0.06,0.12,0.3,96,0.7184,212.2198,108.5986,-62.7011,0.0000,818
10,50,14,30.0,75.0,1.0,0.06,0.18,0.3,80,-0.0244,-9.7013,-4.9644,-93.7835,0.0000,818
10,50,14,30.0,75.0,1.0,0.06,0.25,0.3,52,0.1918,35.7812,18.3102,-65.6245,0.0000,818
10,50,14,30.0,75.0,1.3,0.04,0.12,0.3,24,1.1476,133.1773,68.1505,-23.4329,0.0000,818
10,50,14,30.0,75.0,1.3,0.04,0.18,0.3,62,0.4862,54.0431,27.6553,-34.6535,0.0000,818
10,50,14,30.0,75.0,1.3,0.04,0.25,0.3,62,0.4862,54.0431,27.6553,-34.6535,0.0000,818
10,50,14,30.0,75.0,1.3,0.06,0.12,0.3,61,1.1851,96.4185,49.3400,-19.3885,0.0000,818
10,50,14,30.0,75.0,1.3,0.06,0.18,0.3,51,0.2703,32.2916,16.5245,-51.1037,0.0000,818
10,50,14,30.0,75.0,1.3,0.06,0.25,0.3,51,0.2703,32.2916,16.5245,-51.1037,0.0000,818
10,50,14,30.0,75.0,1.6,0.04,0.12,0.3,40,1.3454,173.8046,88.9405,-21.9909,0.0000,818
10,50,14,30.0,75.0,1.6,0.04,0.18,0.3,22,1.3274,156.1317,79.8968,-24.5865,0.0000,818
10,50,14,30.0,75.0,1.6,0.04,0.25,0.3,22,1.3274,156.1317,79.8968,-24.5865,0.0000,818
10,50,14,30.0,75.0,1.6,0.06,0.12,0.3,29,1.4431,181.1172,92.6826,-20.9252,0.0000,818
10,50,14,30.0,75.0,1.6,0.06,0.18,0.3,20,1.2337,148.5397,76.0118,-29.3624,0.0000,818
10,50,14,30.0,75.0,1.6,0.06,0.25,0.3,20,1.2337,148.5397,76.0118,-29.3624,0.0000,818
10,50,14,35.0,65.0,1.0,0.04,0.12,0.3,6,0.9136,118.1468,60.4589,-36.5932,0.0000,818
10,50,14,35.0,65.0,1.0,0.04,0.18,0.3,6,0.9136,118.1468,60.4589,-36.5932,0.0000,818
10,50,14,35.0,65.0,1.0,0.04,0.25,0.3,6,0.9136,118.1468,60.4589,-36.5932,0.0000,818
10,50,14,35.0,65.0,1.0,0.06,0.12,0.3,96,0.7184,212.2198,108.5986,-62.7011,0.0000,818
10,50,14,35.0,65.0,1.0,0.06,0.18,0.3,80,-0.0244,-9.7013,-4.9644,-93.7835,0.0000,818
10,50,14,35.0,65.0,1.0,0.06,0.25,0.3,52,0.1918,35.7812,18.3102,-65.6245,0.0000,818
10,50,14,35.0,65.0,1.3,0.04,0.12,0.3,24,1.1476,133.1773,68.1505,-23.4329,0.0000,818
10,50,14,35.0,65.0,1.3,0.04,0.18,0.3,62,0.4862,54.0431,27.6553,-34.6535,0.0000,818
10,50,14,35.0,65.0,1.3,0.04,0.25,0.3,62,0.4862,54.0431,27.6553,-34.6535,0.0000,818
10,50,14,35.0,65.0,1.3,0.06,0.12,0.3,61,1.1851,96.4185,49.3400,-19.3885,0.0000,818
10,50,14,35.0,65.0,1.3,0.06,0.18,0.3,51,0.2703,32.2916,16.5245,-51.1037,0.0000,818
10,50,14,35.0,65.0,1.3,0.06,0.25,0.3,51,0.2703,32.2916,16.5245,-51.1037,0.0000,818
10,50,14,35.0,65.0,1.6,0.04,0.12,0.3,40,1.3454,173.8046,88.9405,-21.9909,0.0000,818
10,50,14,35.0,65.0,1.6,0.04,0.18,0.3,22,1.3274,156.1317,79.8968,-24.5865,0.0000,818
10,50,14,35.0,65.0,1.6,0.04,0.25,0.3,22,1.3274,156.1317,79.8968,-24.5865,0.0000,818
10,50,14,35.0,65.0,1.6,0.06,0.12,0.3,29,1.4431,181.1172,92.6826,-20.9252,0.0000,818
10,50,14,35.0,65.0,1.6,0.06,0.18,0.3,20,1.2337,148.5397,76.0118,-29.3624,0.0000,818
10,50,14,35.0,65.0,1.6,0.06,0.25,0.3,20,1.2337,148.5397,76.0118,-29.3624,0.0000,818
10,50,14,35.0,70.0,1.0,0.04,0.12,0.3,6,0.9136,118.1468,60.4589,-36.5932,0.0000,818
10,50,14,35.0,70.0,1.0,0.04,0.18,0.3,6,0.9136,118.1468,60.4589,-36.5932,0.0000,818
10,50,14,35.0,70.0,1.0,0.04,0.25,0.3,6,0.9136,118.1468,60.4589,-36.5932,0.0000,818
10,50,14,35.0,70.0,1.0,0.06,0.12,0.3,96,0.7184,212.2198,108.5986,-62.7011,0.0000,818
10,50,14,35.0,70.0,1.0,0.06,0.18,0.3,80,-0.0244,-9.7013,-4.9644,-93.7835,0.0000,818
10,50,14,35.0,70.0,1.0,0.06,0.25,0.3,52,0.1918,35.7812,18.3102,-65.6245,0.0000,818
10,50,14,35.0,70.0,1.3,0.04,0.12,0.3,24,1.1476,133.1773,68.1505,-23.4329,0.0000,818
10,50,14,35.0,70.0,1.3,0.04,0.18,0.3,62,0.4862,54.0431,27.6553,-34.6535,0.0000,818
10,50,14,35.0,70.0,1.3,0.04,0.25,0.3,62,0.4862,54.0431,27.6553,-34.6535,0.0000,818
10,50,14,35.0,70.0,1.3,0.06,0.12,0.3,61,1.1851,96.4185,49.3400,-19.3885,0.0000,818
10,50,14,35.0,70.0,1.3,0.06,0.18,0.3,51,0.2703,32.2916,16.5245,-51.1037,0.0000,818
10,50,14,35.0,70.0,1.3,0.06,0.25,0.3,51,0.2703,32.2916,16.5245,-51.1037,0.0000,818
10,50,14,35.0,70.0,1.6,0.04,0.12,0.3,40,1.3454,173.8046,88.9405,-21.9909,0.0000,818
10,50,14,35.0,70.0,1.6,0.04,0.18,0.3,22,1.3274,156.1317,79.8968,-24.5865,0.0000,818
10,50,14,35.0,70.0,1.6,0.04,0.25,0.3,22,1.3274,156.1317,79.8968,-24.5865,0.0000,818
10,50,14,35.0,70.0,1.6,0.06,0.12,0.3,29,1.4431,181.1172,92.6826,-20.9252,0.0000,818
10,50,14,35.0,70.0,1.6,0.06,0.18,0.3,20,1.2337,148.5397,76.0118,-29.3624,0.0000,818
10,50,14,35.0,70.0,1.6,0.06,0.25,0.3,20,1.2337,148.5397,76.0118,-29.3624,0.0000,818
10,50,14,35.0,75.0,1.0,0.04,0.12,0.3,6,0.9136,118.1468,60.4589,-36.5932,0.0000,818
10,50,14,35.0,75.0,1.0,0.04,0.18,0.3,6,0.9136,118.1468,60.4589,-36.5932,0.0000,818
10,50,14,35.0,75.0,1.0,0.04,0.25,0.3,6,0.9136,118.1468,60.4589,-36.5932,0.0000,818
10,50,14,35.0,75.0,1.0,0.06,0.12,0.3,96,0.7184,212.2198,108.5986,-62.7011,0.0000,818
10,50,14,35.0,75.0,1.0,0.06,0.18,0.3,80,-0.0244,-9.7013,-4.9644,-93.7835,0.0000,818
10,50,14,35.0,75.0,1.0,0.06,0.25,0.3,52,0.1918,35.7812,18.3102,-65.6245,0.0000,818
10,50,14,35.0,75.0,1.3,0.04,0.12,0.3,24,1.1476,133.1773,68.1505,-23.4329,0.0000,818
10,50,14,35.0,75.0,1.3,0.04,0.18,0.3,62,0.4862,54.0431,27.6553,-34.6535,0.0000,818
10,50,14,35.0,75.0,1.3,0.04,0.25,0.3,62,0.4862,54.0431,27.6553,-34.6535,0.0000,818
10,50,14,35.0,75.0,1.3,0.06,0.12,0.3,61,1.1851,96.4185,49.3400,-19.3885,0.0000,818
10,50,14,35.0,75.0,1.3,0.06,0.18,0.3,51,0.2703,32.2916,16.5245,-51.1037,0.0000,818
10,50,14,35.0,75.0,1.3,0.06,0.25,0.3,51,0.2703,32.2916,16.5245,-51.1037,0.0000,818
10,50,14,35.0,75.0,1.6,0.04,0.12,0.3,40,1.3454,173.8046,88.9405,-21.9909,0.0000,818
10,50,14,35.0,75.0,1.6,0.04,0.18,0.3,22,1.3274,156.1317,79.8968,-24.5865,0.0000,818
10,50,14,35.0,75.0,1.6,0.04,0.25,0.3,22,1.3274,156.1317,79.8968,-24.5865,0.0000,818
10,50,14,35.0,75.0,1.6,0.06,0.12,0.3,29,1.4431,181.1172,92.6826,-20.9252,0.0000,818
10,50,14,35.0,75.0,1.6,0.06,0.18,0.3,20,1.2337,148.5397,76.0118,-29.3624,0.0000,818
10,50,14,35.0,75.0,1.6,0.06,0.25,0.3,20,1.2337,148.5397,76.0118,-29.3624,0.0000,818
