fast,slow,rsi_w,rsi_os,rsi_ob,vol_th,sl,tp,pos,trades,sharpe,total_return,annual_return,max_dd_pct,win_rate,bars
3,13,9,25.0,65.0,1.0,0.02,0.05,0.3,537,1.2385,555.2404,284.1315,-50.4519,0.0000,18219
3,13,9,25.0,65.0,1.0,0.02,0.1,0.3,629,1.4325,288.7829,147.7780,-33.9811,0.0000,18219
3,13,9,25.0,65.0,1.0,0.02,0.15,0.3,502,1.1637,124.7897,63.8583,-23.4007,0.0000,18219
3,13,9,25.0,65.0,1.0,0.03,0.05,0.3,866,1.1792,129.2527,66.1421,-38.1957,0.0000,18219
3,13,9,25.0,65.0,1.0,0.03,0.1,0.3,562,0.9879,108.1689,55.3530,-29.8461,0.0000,18219
3,13,9,25.0,65.0,1.0,0.03,0.15,0.3,320,2.2017,231.3145,118.3699,-19.4104,0.0000,18219
3,13,9,25.0,65.0,1.0,0.05,0.05,0.3,640,1.8121,223.4284,114.3344,-20.2038,0.0000,18219
3,13,9,25.0,65.0,1.0,0.05,0.1,0.3,373,0.7558,83.2915,42.6225,-39.3267,0.0000,18219
3,13,9,25.0,65.0,1.0,0.05,0.15,0.3,271,1.1070,124.1418,63.5267,-34.6584,0.0000,18219
3,13,9,25.0,65.0,1.2,0.02,0.05,0.3,717,1.7550,368.3450,188.4921,-27.9614,0.0000,18219
3,13,9,25.0,65.0,1.2,0.02,0.1,0.3,522,1.8117,274.6274,140.5343,-24.9630,0.0000,18219
3,13,9,25.0,65.0,1.2,0.02,0.15,0.3,465,1.2485,118.0256,60.3969,-20.8519,0.0000,18219
3,13,9,25.0,65.0,1.2,0.03,0.05,0.3,801,1.1722,113.2407,57.9483,-38.3700,0.0000,18219
3,13,9,25.0,65.0,1.2,0.03,0.1,0.3,513,1.4030,164.1581,84.0041,-23.2693,0.0000,18219
3,13,9,25.0,65.0,1.2,0.03,0.15,0.3,311,2.0693,207.7045,106.2880,-18.4440,0.0000,18219
3,13,9,25.0,65.0,1.2,0.05,0.05,0.3,574,1.2236,134.9768,69.0713,-28.6582,0.0000,18219
3,13,9,25.0,65.0,1.2,0.05,0.1,0.3,343,0.8177,85.6563,43.8327,-36.4447,0.0000,18219
3,13,9,25.0,65.0,1.2,0.05,0.15,0.3,250,0.9505,99.0267,50.6747,-35.1441,0.0000,18219
3,13,9,25.0,65.0,1.5,0.02,0.05,0.3,628,1.8488,340.5877,174.2880,-23.6931,0.0000,18219
3,13,9,25.0,65.0,1.5,0.02,0.1,0.3,476,2.1411,328.2496,167.9742,-20.5763,0.0000,18219
3,13,9,25.0,65.0,1.5,0.02,0.15,0.3,393,1.5447,116.8420,59.7912,-18.9579,0.0000,18219
3,13,9,25.0,65.0,1.5,0.03,0.05,0.3,670,1.8722,132.0908,67.5944,-21.1840,0.0000,18219
3,13,9,25.0,65.0,1.5,0.03,0.1,0.3,422,2.0531,198.1428,101.3950,-17.0157,0.0000,18219
3,13,9,25.0,65.0,1.5,0.03,0.15,0.3,287,1.9869,177.3883,90.7744,-17.1145,0.0000,18219
3,13,9,25.0,65.0,1.5,0.05,0.05,0.3,375,2.3573,315.6477,161.5255,-20.0635,0.0000,18219
3,13,9,25.0,65.0,1.5,0.05,0.1,0.3,262,1.5498,259.3692,132.7262,-36.8293,0.0000,18219
3,13,9,25.0,65.0,1.5,0.05,0.15,0.3,234,0.6491,67.1233,34.3488,-41.3329,0.0000,18219
3,13,9,25.0,70.0,1.0,0.02,0.05,0.3,537,1.2385,555.2404,284.1315,-50.4519,0.0000,18219
3,13,9,25.0,70.0,1.0,0.02,0.1,0.3,629,1.4325,288.7829,147.7780,-33.9811,0.0000,18219
3,13,9,25.0,70.0,1.0,0.02,0.15,0.3,502,1.1637,124.7897,63.8583,-23.4007,0.0000,18219
3,13,9,25.0,70.0,1.0,0.03,0.05,0.3,866,1.1792,129.2527,66.1421,-38.1957,0.0000,18219
3,13,9,25.0,70.0,1.0,0.03,0.1,0.3,562,0.9879,108.1689,55.3530,-29.8461,0.0000,18219
3,13,9,25.0,70.0,1.0,0.03,0.15,0.3,320,2.2017,231.3145,118.3699,-19.4104,0.0000,18219
3,13,9,25.0,70.0,1.0,0.05,0.05,0.3,640,1.8121,223.4284,114.3344,-20.2038,0.0000,18219
3,13,9,25.0,70.0,1.0,0.05,0.1,0.3,373,0.7558,83.2915,42.6225,-39.3267,0.0000,18219
3,13,9,25.0,70.0,1.0,0.05,0.15,0.3,271,1.1070,124.1418,63.5267,-34.6584,0.0000,18219
3,13,9,25.0,70.0,1.2,0.02,0.05,0.3,717,1.7550,368.3450,188.4921,-27.9614,0.0000,18219
3,13,9,25.0,70.0,1.2,0.02,0.1,0.3,522,1.8117,274.6274,140.5343,-24.9630,0.0000,18219
3,13,9,25.0,70.0,1.2,0.02,0.15,0.3,465,1.2485,118.0256,60.3969,-20.8519,0.0000,18219
3,13,9,25.0,70.0,1.2,0.03,0.05,0.3,801,1.1722,113.2407,57.9483,-38.3700,0.0000,18219
3,13,9,25.0,70.0,1.2,0.03,0.1,0.3,513,1.4030,164.1581,84.0041,-23.2693,0.0000,18219
3,13,9,25.0,70.0,1.2,0.03,0.15,0.3,311,2.0693,207.7045,106.2880,-18.4440,0.0000,18219
3,13,9,25.0,70.0,1.2,0.05,0.05,0.3,574,1.2236,134.9768,69.0713,-28.6582,0.0000,18219
3,13,9,25.0,70.0,1.2,0.05,0.1,0.3,343,0.8177,85.6563,43.8327,-36.4447,0.0000,18219
3,13,9,25.0,70.0,1.2,0.05,0.15,0.3,250,0.9505,99.0267,50.6747,-35.1441,0.0000,18219
3,13,9,25.0,70.0,1.5,0.02,0.05,0.3,628,1.8488,340.5877,174.2880,-23.6931,0.0000,18219
3,13,9,25.0,70.0,1.5,0.02,0.1,0.3,476,2.1411,328.2496,167.9742,-20.5763,0.0000,18219
3,13,9,25.0,70.0,1.5,0.02,0.15,0.3,393,1.5447,116.8420,59.7912,-18.9579,0.0000,18219
3,13,9,25.0,70.0,1.5,0.03,0.05,0.3,670,1.8722,132.0908,67.5944,-21.1840,0.0000,18219
3,13,9,25.0,70.0,1.5,0.03,0.1,0.3,422,2.0531,198.1428,101.3950,-17.0157,0.0000,18219
3,13,9,25.0,70.0,1.5,0.03,0.15,0.3,287,1.9869,177.3883,90.7744,-17.1145,0.0000,18219
3,13,9,25.0,70.0,1.5,0.05,0.05,0.3,375,2.3573,315.6477,161.5255,-20.0635,0.0000,18219
3,13,9,25.0,70.0,1.5,0.05,0.1,0.3,262,1.5498,259.3692,132.7262,-36.8293,0.0000,18219
3,13,9,25.0,70.0,1.5,0.05,0.15,0.3,234,0.6491,67.1233,34.3488,-41.3329,0.0000,18219
3,13,9,25.0,75.0,1.0,0.02,0.05,0.3,537,1.2385,555.2404,284.1315,-50.4519,0.0000,18219
3,13,9,25.0,75.0,1.0,0.02,0.1,0.3,629,1.4325,288.7829,147.7780,-33.9811,0.0000,18219
3,13,9,25.0,75.0,1.0,0.02,0.15,0.3,502,1.1637,124.7897,63.8583,-23.4007,0.0000,18219
3,13,9,25.0,75.0,1.0,0.03,0.05,0.3,866,1.1792,129.2527,66.1421,-38.1957,0.0000,18219
3,13,9,25.0,75.0,1.0,0.03,0.1,0.3,562,0.9879,108.1689,55.3530,-29.8461,0.0000,18219
3,13,9,25.0,75.0,1.0,0.03,0.15,0.3,320,2.2017,231.3145,118.3699,-19.4104,0.0000,18219
3,13,9,25.0,75.0,1.0,0.05,0.05,0.3,640,1.8121,223.4284,114.3344,-20.2038,0.0000,18219
3,13,9,25.0,75.0,1.0,0.05,0.1,0.3,373,0.7558,83.2915,42.6225,-39.3267,0.0000,18219
3,13,9,25.0,75.0,1.0,0.05,0.15,0.3,271,1.1070,124.1418,63.5267,-34.6584,0.0000,18219
3,13,9,25.0,75.0,1.2,0.02,0.05,0.3,717,1.7550,368.3450,188.4921,-27.9614,0.0000,18219
3,13,9,25.0,75.0,1.2,0.02,0.1,0.3,522,1.8117,274.6274,140.5343,-24.9630,0.0000,18219
3,13,9,25.0,75.0,1.2,0.02,0.15,0.3,465,1.2485,118.0256,60.3969,-20.8519,0.0000,18219
3,13,9,25.0,75.0,1.2,0.03,0.05,0.3,801,1.1722,113.2407,57.9483,-38.3700,0.0000,18219
3,13,9,25.0,75.0,1.2,0.03,0.1,0.3,513,1.4030,164.1581,84.0041,-23.2693,0.0000,18219
3,13,9,25.0,75.0,1.2,0.03,0.15,0.3,311,2.0693,207.7045,106.2880,-18.4440,0.0000,18219
3,13,9,25.0,75.0,1.2,0.05,0.05,0.3,574,1.2236,134.9768,69.0713,-28.6582,0.0000,18219
3,13,9,25.0,75.0,1.2,0.05,0.1,0.3,343,0.8177,85.6563,43.8327,-36.4447,0.0000,18219
3,13,9,25.0,75.0,1.2,0.05,0.15,0.3,250,0.9505,99.0267,50.6747,-35.1441,0.0000,18219
3,13,9,25.0,75.0,1.5,0.02,0.05,0.3,628,1.8488,340.5877,174.2880,-23.6931,0.0000,18219
3,13,9,25.0,75.0,1.5,0.02,0.1,0.3,476,2.1411,328.2496,167.9742,-20.5763,0.0000,18219
3,13,9,25.0,75.0,1.5,0.02,0.15,0.3,393,1.5447,116.8420,59.7912,-18.9579,0.0000,18219
3,13,9,25.0,75.0,1.5,0.03,0.05,0.3,670,1.8722,132.0908,67.5944,-21.1840,0.0000,18219
3,13,9,25.0,75.0,1.5,0.03,0.1,0.3,422,2.0531,198.1428,101.3950,-17.0157,0.0000,18219
3,13,9,25.0,75.0,1.5,0.03,0.15,0.3,287,1.9869,177.3883,90.7744,-17.1145,0.0000,18219
3,13,9,25.0,75.0,1.5,0.05,0.05,0.3,375,2.3573,315.6477,161.5255,-20.0635,0.0000,18219
3,13,9,25.0,75.0,1.5,0.05,0.1,0.3,262,1.5498,259.3692,132.7262,-36.8293,0.0000,18219
3,13,9,25.0,75.0,1.5,0.05,0.15,0.3,234,0.6491,67.1233,34.3488,-41.3329,0.0000,18219
3,13,9,30.0,65.0,1.0,0.02,0.05,0.3,537,1.2385,555.2404,284.1315,-50.4519,0.0000,18219
3,13,9,30.0,65.0,1.0,0.02,0.1,0.3,629,1.4325,288.7829,147.7780,-33.9811,0.0000,18219
3,13,9,30.0,65.0,1.0,0.02,0.15,0.3,502,1.1637,124.7897,63.8583,-23.4007,0.0000,18219
3,13,9,30.0,65.0,1.0,0.03,0.05,0.3,866,1.1792,129.2527,66.1421,-38.1957,0.0000,18219
3,13,9,30.0,65.0,1.0,0.03,0.1,0.3,562,0.9879,108.1689,55.3530,-29.8461,0.0000,18219
3,13,9,30.0,65.0,1.0,0.03,0.15,0.3,320,2.2017,231.3145,118.3699,-19.4104,0.0000,18219
3,13,9,30.0,65.0,1.0,0.05,0.05,0.3,640,1.8121,223.4284,114.3344,-20.2038,0.0000,18219
3,13,9,30.0,65.0,1.0,0.05,0.1,0.3,373,0.7558,83.2915,42.6225,-39.3267,0.0000,18219
3,13,9,30.0,65.0,1.0,0.05,0.15,0.3,271,1.1070,124.1418,63.5267,-34.6584,0.0000,18219
3,13,9,30.0,65.0,1.2,0.02,0.05,0.3,717,1.7550,368.3450,188.4921,-27.9614,0.0000,18219
3,13,9,30.0,65.0,1.2,0.02,0.1,0.3,522,1.8117,274.6274,140.5343,-24.9630,0.0000,18219
3,13,9,30.0,65.0,1.2,0.02,0.15,0.3,465,1.2485,118.0256,60.3969,-20.8519,0.0000,18219
3,13,9,30.0,65.0,1.2,0.03,0.05,0.3,801,1.1722,113.2407,57.9483,-38.3700,0.0000,18219
3,13,9,30.0,65.0,1.2,0.03,0.1,0.3,513,1.4030,164.1581,84.0041,-23.2693,0.0000,18219
3,13,9,30.0,65.0,1.2,0.03,0.15,0.3,311,2.0693,207.7045,106.2880,-18.4440,0.0000,18219
3,13,9,30.0,65.0,1.2,0.05,0.05,0.3,574,1.2236,134.9768,69.0713,-28.6582,0.0000,18219
3,13,9,30.0,65.0,1.2,0.05,0.1,0.3,343,0.8177,85.6563,43.8327,-36.4447,0.0000,18219
3,13,9,30.0,65.0,1.2,0.05,0.15,0.3,250,0.9505,99.0267,50.6747,-35.1441,0.0000,18219
3,13,9,30.0,65.0,1.5,0.02,0.05,0.3,628,1.8488,340.5877,174.2880,-23.6931,0.0000,18219
3,13,9,30.0,65.0,1.5,0.02,0.1,0.3,476,2.1411,328.2496,167.9742,-20.5763,0.0000,18219
3,13,9,30.0,65.0,1.5,0.02,0.15,0.3,393,1.5447,116.8420,59.7912,-18.9579,0.0000,18219
3,13,9,30.0,65.0,1.5,0.03,0.05,0.3,670,1.8722,132.0908,67.5944,-21.1840,0.0000,18219
3,13,9,30.0,65.0,1.5,0.03,0.1,0.3,422,2.0531,198.1428,101.3950,-17.0157,0.0000,18219
3,13,9,30.0,65.0,1.5,0.03,0.15,0.3,287,1.9869,177.3883,90.7744,-17.1145,0.0000,18219
3,13,9,30.0,65.0,1.5,0.05,0.05,0.3,375,2.3573,315.6477,161.5255,-20.0635,0.0000,18219
3,13,9,30.0,65.0,1.5,0.05,0.1,0.3,262,1.5498,259.3692,132.7262,-36.8293,0.0000,18219
3,13,9,30.0,65.0,1.5,0.05,0.15,0.3,234,0.6491,67.1233,34.3488,-41.3329,0.0000,18219
3,13,9,30.0,70.0,1.0,0.02,0.05,0.3,537,1.2385,555.2404,284.1315,-50.4519,0.0000,18219
3,13,9,30.0,70.0,1.0,0.02,0.1,0.3,629,1.4325,288.7829,147.7780,-33.9811,0.0000,18219
3,13,9,30.0,70.0,1.0,0.02,0.15,0.3,502,1.1637,124.7897,63.8583,-23.4007,0.0000,18219
3,13,9,30.0,70.0,1.0,0.03,0.05,0.3,866,1.1792,129.2527,66.1421,-38.1957,0.0000,18219
3,13,9,30.0,70.0,1.0,0.03,0.1,0.3,562,0.9879,108.1689,55.3530,-29.8461,0.0000,18219
3,13,9,30.0,70.0,1.0,0.03,0.15,0.3,320,2.2017,231.3145,118.3699,-19.4104,0.0000,18219
3,13,9,30.0,70.0,1.0,0.05,0.05,0.3,640,1.8121,223.4284,114.3344,-20.2038,0.0000,18219
3,13,9,30.0,70.0,1.0,0.05,0.1,0.3,373,0.7558,83.2915,42.6225,-39.3267,0.0000,18219
3,13,9,30.0,70.0,1.0,0.05,0.15,0.3,271,1.1070,124.1418,63.5267,-34.6584,0.0000,18219
3,13,9,30.0,70.0,1.2,0.02,0.05,0.3,717,1.7550,368.3450,188.4921,-27.9614,0.0000,18219
3,13,9,30.0,70.0,1.2,0.02,0.1,0.3,522,1.8117,274.6274,140.5343,-24.9630,0.0000,18219
3,13,9,30.0,70.0,1.2,0.02,0.15,0.3,465,1.2485,118.0256,60.3969,-20.8519,0.0000,18219
3,13,9,30.0,70.0,1.2,0.03,0.05,0.3,801,1.1722,113.2407,57.9483,-38.3700,0.0000,18219
3,13,9,30.0,70.0,1.2,0.03,0.1,0.3,513,1.4030,164.1581,84.0041,-23.2693,0.0000,18219
3,13,9,30.0,70.0,1.2,0.03,0.15,0.3,311,2.0693,207.7045,106.2880,-18.4440,0.0000,18219
3,13,9,30.0,70.0,1.2,0.05,0.05,0.3,574,1.2236,134.9768,69.0713,-28.6582,0.0000,18219
3,13,9,30.0,70.0,1.2,0.05,0.1,0.3,343,0.8177,85.6563,43.8327,-36.4447,0.0000,18219
3,13,9,30.0,70.0,1.2,0.05,0.15,0.3,250,0.9505,99.0267,50.6747,-35.1441,0.0000,18219
3,13,9,30.0,70.0,1.5,0.02,0.05,0.3,628,1.8488,340.5877,174.2880,-23.6931,0.0000,18219
3,13,9,30.0,70.0,1.5,0.02,0.1,0.3,476,2.1411,328.2496,167.9742,-20.5763,0.0000,18219
3,13,9,30.0,70.0,1.5,0.02,0.15,0.3,393,1.5447,116.8420,59.7912,-18.9579,0.0000,18219
3,13,9,30.0,70.0,1.5,0.03,0.05,0.3,670,1.8722,132.0908,67.5944,-21.1840,0.0000,18219
3,13,9,30.0,70.0,1.5,0.03,0.1,0.3,422,2.0531,198.1428,101.3950,-17.0157,0.0000,18219
3,13,9,30.0,70.0,1.5,0.03,0.15,0.3,287,1.9869,177.3883,90.7744,-17.1145,0.0000,18219
3,13,9,30.0,70.0,1.5,0.05,0.05,0.3,375,2.3573,315.6477,161.5255,-20.0635,0.0000,18219
3,13,9,30.0,70.0,1.5,0.05,0.1,0.3,262,1.5498,259.3692,132.7262,-36.8293,0.0000,18219
3,13,9,30.0,70.0,1.5,0.05,0.15,0.3,234,0.6491,67.1233,34.3488,-41.3329,0.0000,18219
3,13,9,30.0,75.0,1.0,0.02,0.05,0.3,537,1.2385,555.2404,284.1315,-50.4519,0.0000,18219
3,13,9,30.0,75.0,1.0,0.02,0.1,0.3,629,1.4325,288.7829,147.7780,-33.9811,0.0000,18219
3,13,9,30.0,75.0,1.0,0.02,0.15,0.3,502,1.1637,124.7897,63.8583,-23.4007,0.0000,18219
3,13,9,30.0,75.0,1.0,0.03,0.05,0.3,866,1.1792,129.2527,66.1421,-38.1957,0.0000,18219
3,13,9,30.0,75.0,1.0,0.03,0.1,0.3,562,0.9879,108.1689,55.3530,-29.8461,0.0000,18219
3,13,9,30.0,75.0,1.0,0.03,0.15,0.3,320,2.2017,231.3145,118.3699,-19.4104,0.0000,18219
3,13,9,30.0,75.0,1.0,0.05,0.05,0.3,640,1.8121,223.4284,114.3344,-20.2038,0.0000,18219
3,13,9,30.0,75.0,1.0,0.05,0.1,0.3,373,0.7558,83.2915,42.6225,-39.3267,0.0000,18219
3,13,9,30.0,75.0,1.0,0.05,0.15,0.3,271,1.1070,124.1418,63.5267,-34.6584,0.0000,18219
3,13,9,30.0,75.0,1.2,0.02,0.05,0.3,717,1.7550,368.3450,188.4921,-27.9614,0.0000,18219
3,13,9,30.0,75.0,1.2,0.02,0.1,0.3,522,1.8117,274.6274,140.5343,-24.9630,0.0000,18219
3,13,9,30.0,75.0,1.2,0.02,0.15,0.3,465,1.2485,118.0256,60.3969,-20.8519,0.0000,18219
3,13,9,30.0,75.0,1.2,0.03,0.05,0.3,801,1.1722,113.2407,57.9483,-38.3700,0.0000,18219
3,13,9,30.0,75.0,1.2,0.03,0.1,0.3,513,1.4030,164.1581,84.0041,-23.2693,0.0000,18219
3,13,9,30.0,75.0,1.2,0.03,0.15,0.3,311,2.0693,207.7045,106.2880,-18.4440,0.0000,18219
3,13,9,30.0,75.0,1.2,0.05,0.05,0.3,574,1.2236,134.9768,69.0713,-28.6582,0.0000,18219
3,13,9,30.0,75.0,1.2,0.05,0.1,0.3,343,0.8177,85.6563,43.8327,-36.4447,0.0000,18219
3,13,9,30.0,75.0,1.2,0.05,0.15,0.3,250,0.9505,99.0267,50.6747,-35.1441,0.0000,18219
3,13,9,30.0,75.0,1.5,0.02,0.05,0.3,628,1.8488,340.5877,174.2880,-23.6931,0.0000,18219
3,13,9,30.0,75.0,1.5,0.02,0.1,0.3,476,2.1411,328.2496,167.9742,-20.5763,0.0000,18219
3,13,9,30.0,75.0,1.5,0.02,0.15,0.3,393,1.5447,116.8420,59.7912,-18.9579,0.0000,18219
3,13,9,30.0,75.0,1.5,0.03,0.05,0.3,670,1.8722,132.0908,67.5944,-21.1840,0.0000,18219
3,13,9,30.0,75.0,1.5,0.03,0.1,0.3,422,2.0531,198.1428,101.3950,-17.0157,0.0000,18219
3,13,9,30.0,75.0,1.5,0.03,0.15,0.3,287,1.9869,177.3883,90.7744,-17.1145,0.0000,18219
3,13,9,30.0,75.0,1.5,0.05,0.05,0.3,375,2.3573,315.6477,161.5255,-20.0635,0.0000,18219
3,13,9,30.0,75.0,1.5,0.05,0.1,0.3,262,1.5498,259.3692,132.7262,-36.8293,0.0000,18219
3,13,9,30.0,75.0,1.5,0.05,0.15,0.3,234,0.6491,67.1233,34.3488,-41.3329,0.0000,18219
3,13,9,35.0,65.0,1.0,0.02,0.05,0.3,537,1.2385,555.2404,284.1315,-50.4519,0.0000,18219
3,13,9,35.0,65.0,1.0,0.02,0.1,0.3,629,1.4325,288.7829,147.7780,-33.9811,0.0000,18219
3,13,9,35.0,65.0,1.0,0.02,0.15,0.3,502,1.1637,124.7897,63.8583,-23.4007,0.0000,18219
3,13,9,35.0,65.0,1.0,0.03,0.05,0.3,866,1.1792,129.2527,66.1421,-38.1957,0.0000,18219
3,13,9,35.0,65.0,1.0,0.03,0.1,0.3,562,0.9879,108.1689,55.3530,-29.8461,0.0000,18219
3,13,9,35.0,65.0,1.0,0.03,0.15,0.3,320,2.2017,231.3145,118.3699,-19.4104,0.0000,18219
3,13,9,35.0,65.0,1.0,0.05,0.05,0.3,640,1.8121,223.4284,114.3344,-20.2038,0.0000,18219
3,13,9,35.0,65.0,1.0,0.05,0.1,0.3,373,0.7558,83.2915,42.6225,-39.3267,0.0000,18219
3,13,9,35.0,65.0,1.0,0.05,0.15,0.3,271,1.1070,124.1418,63.5267,-34.6584,0.0000,18219
3,13,9,35.0,65.0,1.2,0.02,0.05,0.3,717,1.7550,368.3450,188.4921,-27.9614,0.0000,18219
3,13,9,35.0,65.0,1.2,0.02,0.1,0.3,522,1.8117,274.6274,140.5343,-24.9630,0.0000,18219
3,13,9,35.0,65.0,1.2,0.02,0.15,0.3,465,1.2485,118.0256,60.3969,-20.8519,0.0000,18219
3,13,9,35.0,65.0,1.2,0.03,0.05,0.3,801,1.1722,113.2407,57.9483,-38.3700,0.0000,18219
3,13,9,35.0,65.0,1.2,0.03,0.1,0.3,513,1.4030,164.1581,84.0041,-23.2693,0.0000,18219
3,13,9,35.0,65.0,1.2,0.03,0.15,0.3,311,2.0693,207.7045,106.2880,-18.4440,0.0000,18219
3,13,9,35.0,65.0,1.2,0.05,0.05,0.3,574,1.2236,134.9768,69.0713,-28.6582,0.0000,18219
3,13,9,35.0,65.0,1.2,0.05,0.1,0.3,343,0.8177,85.6563,43.8327,-36.4447,0.0000,18219
3,13,9,35.0,65.0,1.2,0.05,0.15,0.3,250,0.9505,99.0267,50.6747,-35.1441,0.0000,18219
3,13,9,35.0,65.0,1.5,0.02,0.05,0.3,628,1.8488,340.5877,174.2880,-23.6931,0.0000,18219
3,13,9,35.0,65.0,1.5,0.02,0.1,0.3,476,2.1411,328.2496,167.9742,-20.5763,0.0000,18219
3,13,9,35.0,65.0,1.5,0.02,0.15,0.3,393,1.5447,116.8420,59.7912,-18.9579,0.0000,18219
3,13,9,35.0,65.0,1.5,0.03,0.05,0.3,670,1.8722,132.0908,67.5944,-21.1840,0.0000,18219
3,13,9,35.0,65.0,1.5,0.03,0.1,0.3,422,2.0531,198.1428,101.3950,-17.0157,0.0000,18219
3,13,9,35.0,65.0,1.5,0.03,0.15,0.3,287,1.9869,177.3883,90.7744,-17.1145,0.0000,18219
3,13,9,35.0,65.0,1.5,0.05,0.05,0.3,375,2.3573,315.6477,161.5255,-20.0635,0.0000,18219
3,13,9,35.0,65.0,1.5,0.05,0.1,0.3,262,1.5498,259.3692,132.7262,-36.8293,0.0000,18219
3,13,9,35.0,65.0,1.5,0.05,0.15,0.3,234,0.6491,67.1233,34.3488,-41.3329,0.0000,18219
3,13,9,35.0,70.0,1.0,0.02,0.05,0.3,537,1.2385,555.2404,284.1315,-50.4519,0.0000,18219
3,13,9,35.0,70.0,1.0,0.02,0.1,0.3,629,1.4325,288.7829,147.7780,-33.9811,0.0000,18219
3,13,9,35.0,70.0,1.0,0.02,0.15,0.3,502,1.1637,124.7897,63.8583,-23.4007,0.0000,18219
3,13,9,35.0,70.0,1.0,0.03,0.05,0.3,866,1.1792,129.2527,66.1421,-38.1957,0.0000,18219
3,13,9,35.0,70.0,1.0,0.03,0.1,0.3,562,0.9879,108.1689,55.3530,-29.8461,0.0000,18219
3,13,9,35.0,70.0,1.0,0.03,0.15,0.3,320,2.2017,231.3145,118.3699,-19.4104,0.0000,18219
3,13,9,35.0,70.0,1.0,0.05,0.05,0.3,640,1.8121,223.4284,114.3344,-20.2038,0.0000,18219
3,13,9,35.0,70.0,1.0,0.05,0.1,0.3,373,0.7558,83.2915,42.6225,-39.3267,0.0000,18219
3,13,9,35.0,70.0,1.0,0.05,0.15,0.3,271,1.1070,124.1418,63.5267,-34.6584,0.0000,18219
3,13,9,35.0,70.0,1.2,0.02,0.05,0.3,717,1.7550,368.3450,188.4921,-27.9614,0.0000,18219
3,13,9,35.0,70.0,1.2,0.02,0.1,0.3,522,1.8117,274.6274,140.5343,-24.9630,0.0000,18219
3,13,9,35.0,70.0,1.2,0.02,0.15,0.3,465,1.2485,118.0256,60.3969,-20.8519,0.0000,18219
3,13,9,35.0,70.0,1.2,0.03,0.05,0.3,801,1.1722,113.2407,57.9483,-38.3700,0.0000,18219
3,13,9,35.0,70.0,1.2,0.03,0.1,0.3,513,1.4030,164.1581,84.0041,-23.2693,0.0000,18219
3,13,9,35.0,70.0,1.2,0.03,0.15,0.3,311,2.0693,207.7045,106.2880,-18.4440,0.0000,18219
3,13,9,35.0,70.0,1.2,0.05,0.05,0.3,574,1.2236,134.9768,69.0713,-28.6582,0.0000,18219
3,13,9,35.0,70.0,1.2,0.05,0.1,0.3,343,0.8177,85.6563,43.8327,-36.4447,0.0000,18219
3,13,9,35.0,70.0,1.2,0.05,0.15,0.3,250,0.9505,99.0267,50.6747,-35.1441,0.0000,18219
3,13,9,35.0,70.0,1.5,0.02,0.05,0.3,628,1.8488,340.5877,174.2880,-23.6931,0.0000,18219
3,13,9,35.0,70.0,1.5,0.02,0.1,0.3,476,2.1411,328.2496,167.9742,-20.5763,0.0000,18219
3,13,9,35.0,70.0,1.5,0.02,0.15,0.3,393,1.5447,116.8420,59.7912,-18.9579,0.0000,18219
3,13,9,35.0,70.0,1.5,0.03,0.05,0.3,670,1.8722,132.0908,67.5944,-21.1840,0.0000,18219
3,13,9,35.0,70.0,1.5,0.03,0.1,0.3,422,2.0531,198.1428,101.3950,-17.0157,0.0000,18219
3,13,9,35.0,70.0,1.5,0.03,0.15,0.3,287,1.9869,177.3883,90.7744,-17.1145,0.0000,18219
3,13,9,35.0,70.0,1.5,0.05,0.05,0.3,375,2.3573,315.6477,161.5255,-20.0635,0.0000,18219
3,13,9,35.0,70.0,1.5,0.05,0.1,0.3,262,1.5498,259.3692,132.7262,-36.8293,0.0000,18219
3,13,9,35.0,70.0,1.5,0.05,0.15,0.3,234,0.6491,67.1233,34.3488,-41.3329,0.0000,18219
3,13,9,35.0,75.0,1.0,0.02,0.05,0.3,537,1.2385,555.2404,284.1315,-50.4519,0.0000,18219
3,13,9,35.0,75.0,1.0,0.02,0.1,0.3,629,1.4325,288.7829,147.7780,-33.9811,0.0000,18219
3,13,9,35.0,75.0,1.0,0.02,0.15,0.3,502,1.1637,124.7897,63.8583,-23.4007,0.0000,18219
3,13,9,35.0,75.0,1.0,0.03,0.05,0.3,866,1.1792,129.2527,66.1421,-38.1957,0.0000,18219
3,13,9,35.0,75.0,1.0,0.03,0.1,0.3,562,0.9879,108.1689,55.3530,-29.8461,0.0000,18219
3,13,9,35.0,75.0,1.0,0.03,0.15,0.3,320,2.2017,231.3145,118.3699,-19.4104,0.0000,18219
3,13,9,35.0,75.0,1.0,0.05,0.05,0.3,640,1.8121,223.4284,114.3344,-20.2038,0.0000,18219
3,13,9,35.0,75.0,1.0,0.05,0.1,0.3,373,0.7558,83.2915,42.6225,-39.3267,0.0000,18219
3,13,9,35.0,75.0,1.0,0.05,0.15,0.3,271,1.1070,124.1418,63.5267,-34.6584,0.0000,18219
3,13,9,35.0,75.0,1.2,0.02,0.05,0.3,717,1.7550,368.3450,188.4921,-27.9614,0.0000,18219
3,13,9,35.0,75.0,1.2,0.02,0.1,0.3,522,1.8117,274.6274,140.5343,-24.9630,0.0000,18219
3,13,9,35.0,75.0,1.2,0.02,0.15,0.3,465,1.2485,118.0256,60.3969,-20.8519,0.0000,18219
3,13,9,35.0,75.0,1.2,0.03,0.05,0.3,801,1.1722,113.2407,57.9483,-38.3700,0.0000,18219
3,13,9,35.0,75.0,1.2,0.03,0.1,0.3,513,1.4030,164.1581,84.0041,-23.2693,0.0000,18219
3,13,9,35.0,75.0,1.2,0.03,0.15,0.3,311,2.0693,207.7045,106.2880,-18.4440,0.0000,18219
3,13,9,35.0,75.0,1.2,0.05,0.05,0.3,574,1.2236,134.9768,69.0713,-28.6582,0.0000,18219
3,13,9,35.0,75.0,1.2,0.05,0.1,0.3,343,0.8177,85.6563,43.8327,-36.4447,0.0000,18219
3,13,9,35.0,75.0,1.2,0.05,0.15,0.3,250,0.9505,99.0267,50.6747,-35.1441,0.0000,18219
3,13,9,35.0,75.0,1.5,0.02,0.05,0.3,628,1.8488,340.5877,174.2880,-23.6931,0.0000,18219
3,13,9,35.0,75.0,1.5,0.02,0.1,0.3,476,2.1411,328.2496,167.9742,-20.5763,0.0000,18219
3,13,9,35.0,75.0,1.5,0.02,0.15,0.3,393,1.5447,116.8420,59.7912,-18.9579,0.0000,18219
3,13,9,35.0,75.0,1.5,0.03,0.05,0.3,670,1.8722,132.0908,67.5944,-21.1840,0.0000,18219
3,13,9,35.0,75.0,1.5,0.03,0.1,0.3,422,2.0531,198.1428,101.3950,-17.0157,0.0000,18219
3,13,9,35.0,75.0,1.5,0.03,0.15,0.3,287,1.9869,177.3883,90.7744,-17.1145,0.0000,18219
3,13,9,35.0,75.0,1.5,0.05,0.05,0.3,375,2.3573,315.6477,161.5255,-20.0635,0.0000,18219
3,13,9,35.0,75.0,1.5,0.05,0.1,0.3,262,1.5498,259.3692,132.7262,-36.8293,0.0000,18219
3,13,9,35.0,75.0,1.5,0.05,0.15,0.3,234,0.6491,67.1233,34.3488,-41.3329,0.0000,18219
3,13,14,25.0,65.0,1.0,0.02,0.05,0.3,537,1.2385,555.2404,284.1315,-50.4519,0.0000,18219
3,13,14,25.0,65.0,1.0,0.02,0.1,0.3,629,1.4325,288.7829,147.7780,-33.9811,0.0000,18219
3,13,14,25.0,65.0,1.0,0.02,0.15,0.3,502,1.1637,124.7897,63.8583,-23.4007,0.0000,18219
3,13,14,25.0,65.0,1.0,0.03,0.05,0.3,866,1.1792,129.2527,66.1421,-38.1957,0.0000,18219
3,13,14,25.0,65.0,1.0,0.03,0.1,0.3,562,0.9879,108.1689,55.3530,-29.8461,0.0000,18219
3,13,14,25.0,65.0,1.0,0.03,0.15,0.3,320,2.2017,231.3145,118.3699,-19.4104,0.0000,18219
3,13,14,25.0,65.0,1.0,0.05,0.05,0.3,640,1.8121,223.4284,114.3344,-20.2038,0.0000,18219
3,13,14,25.0,65.0,1.0,0.05,0.1,0.3,373,0.7558,83.2915,42.6225,-39.3267,0.0000,18219
3,13,14,25.0,65.0,1.0,0.05,0.15,0.3,271,1.1070,124.1418,63.5267,-34.6584,0.0000,18219
3,13,14,25.0,65.0,1.2,0.02,0.05,0.3,717,1.7550,368.3450,188.4921,-27.9614,0.0000,18219
3,13,14,25.0,65.0,1.2,0.02,0.1,0.3,522,1.8117,274.6274,140.5343,-24.9630,0.0000,18219
3,13,14,25.0,65.0,1.2,0.02,0.15,0.3,465,1.2485,118.0256,60.3969,-20.8519,0.0000,18219
3,13,14,25.0,65.0,1.2,0.03,0.05,0.3,801,1.1722,113.2407,57.9483,-38.3700,0.0000,18219
3,13,14,25.0,65.0,1.2,0.03,0.1,0.3,513,1.4030,164.1581,84.0041,-23.2693,0.0000,18219
3,13,14,25.0,65.0,1.2,0.03,0.15,0.3,311,2.0693,207.7045,106.2880,-18.4440,0.0000,18219
3,13,14,25.0,65.0,1.2,0.05,0.05,0.3,574,1.2236,134.9768,69.0713,-28.6582,0.0000,18219
3,13,14,25.0,65.0,1.2,0.05,0.1,0.3,343,0.8177,85.6563,43.8327,-36.4447,0.0000,18219
3,13,14,25.0,65.0,1.2,0.05,0.15,0.3,250,0.9505,99.0267,50.6747,-35.1441,0.0000,18219
3,13,14,25.0,65.0,1.5,0.02,0.05,0.3,628,1.8488,340.5877,174.2880,-23.6931,0.0000,18219
3,13,14,25.0,65.0,1.5,0.02,0.1,0.3,476,2.1411,328.2496,167.9742,-20.5763,0.0000,18219
3,13,14,25.0,65.0,1.5,0.02,0.15,0.3,393,1.5447,116.8420,59.7912,-18.9579,0.0000,18219
3,13,14,25.0,65.0,1.5,0.03,0.05,0.3,670,1.8722,132.0908,67.5944,-21.1840,0.0000,18219
3,13,14,25.0,65.0,1.5,0.03,0.1,0.3,422,2.0531,198.1428,101.3950,-17.0157,0.0000,18219
3,13,14,25.0,65.0,1.5,0.03,0.15,0.3,287,1.9869,177.3883,90.7744,-17.1145,0.0000,18219
3,13,14,25.0,65.0,1.5,0.05,0.05,0.3,375,2.3573,315.6477,161.5255,-20.0635,0.0000,18219
3,13,14,25.0,65.0,1.5,0.05,0.1,0.3,262,1.5498,259.3692,132.7262,-36.8293,0.0000,18219
3,13,14,25.0,65.0,1.5,0.05,0.15,0.3,234,0.6491,67.1233,34.3488,-41.3329,0.0000,18219
3,13,14,25.0,70.0,1.0,0.02,0.05,0.3,537,1.2385,555.2404,284.1315,-50.4519,0.0000,18219
3,13,14,25.0,70.0,1.0,0.02,0.1,0.3,629,1.4325,288.7829,147.7780,-33.9811,0.0000,18219
3,13,14,25.0,70.0,1.0,0.02,0.15,0.3,502,1.1637,124.7897,63.8583,-23.4007,0.0000,18219
3,13,14,25.0,70.0,1.0,0.03,0.05,0.3,866,1.1792,129.2527,66.1421,-38.1957,0.0000,18219
3,13,14,25.0,70.0,1.0,0.03,0.1,0.3,562,0.9879,108.1689,55.3530,-29.8461,0.0000,18219
3,13,14,25.0,70.0,1.0,0.03,0.15,0.3,320,2.2017,231.3145,118.3699,-19.4104,0.0000,18219
3,13,14,25.0,70.0,1.0,0.05,0.05,0.3,640,1.8121,223.4284,114.3344,-20.2038,0.0000,18219
3,13,14,25.0,70.0,1.0,0.05,0.1,0.3,373,0.7558,83.2915,42.6225,-39.3267,0.0000,18219
3,13,14,25.0,70.0,1.0,0.05,0.15,0.3,271,1.1070,124.1418,63.5267,-34.6584,0.0000,18219
3,13,14,25.0,70.0,1.2,0.02,0.05,0.3,717,1.7550,368.3450,188.4921,-27.9614,0.0000,18219
3,13,14,25.0,70.0,1.2,0.02,0.1,0.3,522,1.8117,274.6274,140.5343,-24.9630,0.0000,18219
3,13,14,25.0,70.0,1.2,0.02,0.15,0.3,465,1.2485,118.0256,60.3969,-20.8519,0.0000,18219
3,13,14,25.0,70.0,1.2,0.03,0.05,0.3,801,1.1722,113.2407,57.9483,-38.3700,0.0000,18219
3,13,14,25.0,70.0,1.2,0.03,0.1,0.3,513,1.4030,164.1581,84.0041,-23.2693,0.0000,18219
3,13,14,25.0,70.0,1.2,0.03,0.15,0.3,311,2.0693,207.7045,106.2880,-18.4440,0.0000,18219
3,13,14,25.0,70.0,1.2,0.05,0.05,0.3,574,1.2236,134.9768,69.0713,-28.6582,0.0000,18219
3,13,14,25.0,70.0,1.2,0.05,0.1,0.3,343,0.8177,85.6563,43.8327,-36.4447,0.0000,18219
3,13,14,25.0,70.0,1.2,0.05,0.15,0.3,250,0.9505,99.0267,50.6747,-35.1441,0.0000,18219
3,13,14,25.0,70.0,1.5,0.02,0.05,0.3,628,1.8488,340.5877,174.2880,-23.6931,0.0000,18219
3,13,14,25.0,70.0,1.5,0.02,0.1,0.3,476,2.1411,328.2496,167.9742,-20.5763,0.0000,18219
3,13,14,25.0,70.0,1.5,0.02,0.15,0.3,393,1.5447,116.8420,59.7912,-18.9579,0.0000,18219
3,13,14,25.0,70.0,1.5,0.03,0.05,0.3,670,1.8722,132.0908,67.5944,-21.1840,0.0000,18219
3,13,14,25.0,70.0,1.5,0.03,0.1,0.3,422,2.0531,198.1428,101.3950,-17.0157,0.0000,18219
3,13,14,25.0,70.0,1.5,0.03,0.15,0.3,287,1.9869,177.3883,90.7744,-17.1145,0.0000,18219
3,13,14,25.0,70.0,1.5,0.05,0.05,0.3,375,2.3573,315.6477,161.5255,-20.0635,0.0000,18219
3,13,14,25.0,70.0,1.5,0.05,0.1,0.3,262,1.5498,259.3692,132.7262,-36.8293,0.0000,18219
3,13,14,25.0,70.0,1.5,0.05,0.15,0.3,234,0.6491,67.1233,34.3488,-41.3329,0.0000,18219
3,13,14,25.0,75.0,1.0,0.02,0.05,0.3,537,1.2385,555.2404,284.1315,-50.4519,0.0000,18219
3,13,14,25.0,75.0,1.0,0.02,0.1,0.3,629,1.4325,288.7829,147.7780,-33.9811,0.0000,18219
3,13,14,25.0,75.0,1.0,0.02,0.15,0.3,502,1.1637,124.7897,63.8583,-23.4007,0.0000,18219
3,13,14,25.0,75.0,1.0,0.03,0.05,0.3,866,1.1792,129.2527,66.1421,-38.1957,0.0000,18219
3,13,14,25.0,75.0,1.0,0.03,0.1,0.3,562,0.9879,108.1689,55.3530,-29.8461,0.0000,18219
3,13,14,25.0,75.0,1.0,0.03,0.15,0.3,320,2.2017,231.3145,118.3699,-19.4104,0.0000,18219
3,13,14,25.0,75.0,1.0,0.05,0.05,0.3,640,1.8121,223.4284,114.3344,-20.2038,0.0000,18219
3,13,14,25.0,75.0,1.0,0.05,0.1,0.3,373,0.7558,83.2915,42.6225,-39.3267,0.0000,18219
3,13,14,25.0,75.0,1.0,0.05,0.15,0.3,271,1.1070,124.1418,63.5267,-34.6584,0.0000,18219
3,13,14,25.0,75.0,1.2,0.02,0.05,0.3,717,1.7550,368.3450,188.4921,-27.9614,0.0000,18219
3,13,14,25.0,75.0,1.2,0.02,0.1,0.3,522,1.8117,274.6274,140.5343,-24.9630,0.0000,18219
3,13,14,25.0,75.0,1.2,0.02,0.15,0.3,465,1.2485,118.0256,60.3969,-20.8519,0.0000,18219
3,13,14,25.0,75.0,1.2,0.03,0.05,0.3,801,1.1722,113.2407,57.9483,-38.3700,0.0000,18219
3,13,14,25.0,75.0,1.2,0.03,0.1,0.3,513,1.4030,164.1581,84.0041,-23.2693,0.0000,18219
3,13,14,25.0,75.0,1.2,0.03,0.15,0.3,311,2.0693,207.7045,106.2880,-18.4440,0.0000,18219
3,13,14,25.0,75.0,1.2,0.05,0.05,0.3,574,1.2236,134.9768,69.0713,-28.6582,0.0000,18219
3,13,14,25.0,75.0,1.2,0.05,0.1,0.3,343,0.8177,85.6563,43.8327,-36.4447,0.0000,18219
3,13,14,25.0,75.0,1.2,0.05,0.15,0.3,250,0.9505,99.0267,50.6747,-35.1441,0.0000,18219
3,13,14,25.0,75.0,1.5,0.02,0.05,0.3,628,1.8488,340.5877,174.2880,-23.6931,0.0000,18219
3,13,14,25.0,75.0,1.5,0.02,0.1,0.3,476,2.1411,328.2496,167.9742,-20.5763,0.0000,18219
3,13,14,25.0,75.0,1.5,0.02,0.15,0.3,393,1.5447,116.8420,59.7912,-18.9579,0.0000,18219
3,13,14,25.0,75.0,1.5,0.03,0.05,0.3,670,1.8722,132.0908,67.5944,-21.1840,0.0000,18219
3,13,14,25.0,75.0,1.5,0.03,0.1,0.3,422,2.0531,198.1428,101.3950,-17.0157,0.0000,18219
3,13,14,25.0,75.0,1.5,0.03,0.15,0.3,287,1.9869,177.3883,90.7744,-17.1145,0.0000,18219
3,13,14,25.0,75.0,1.5,0.05,0.05,0.3,375,2.3573,315.6477,161.5255,-20.0635,0.0000,18219
3,13,14,25.0,75.0,1.5,0.05,0.1,0.3,262,1.5498,259.3692,132.7262,-36.8293,0.0000,18219
3,13,14,25.0,75.0,1.5,0.05,0.15,0.3,234,0.6491,67.1233,34.3488,-41.3329,0.0000,18219
3,13,14,30.0,65.0,1.0,0.02,0.05,0.3,537,1.2385,555.2404,284.1315,-50.4519,0.0000,18219
3,13,14,30.0,65.0,1.0,0.02,0.1,0.3,629,1.4325,288.7829,147.7780,-33.9811,0.0000,18219
3,13,14,30.0,65.0,1.0,0.02,0.15,0.3,502,1.1637,124.7897,63.8583,-23.4007,0.0000,18219
3,13,14,30.0,65.0,1.0,0.03,0.05,0.3,866,1.1792,129.2527,66.1421,-38.1957,0.0000,18219
3,13,14,30.0,65.0,1.0,0.03,0.1,0.3,562,0.9879,108.1689,55.3530,-29.8461,0.0000,18219
3,13,14,30.0,65.0,1.0,0.03,0.15,0.3,320,2.2017,231.3145,118.3699,-19.4104,0.0000,18219
3,13,14,30.0,65.0,1.0,0.05,0.05,0.3,640,1.8121,223.4284,114.3344,-20.2038,0.0000,18219
3,13,14,30.0,65.0,1.0,0.05,0.1,0.3,373,0.7558,83.2915,42.6225,-39.3267,0.0000,18219
3,13,14,30.0,65.0,1.0,0.05,0.15,0.3,271,1.1070,124.1418,63.5267,-34.6584,0.0000,18219
3,13,14,30.0,65.0,1.2,0.02,0.05,0.3,717,1.7550,368.3450,188.4921,-27.9614,0.0000,18219
3,13,14,30.0,65.0,1.2,0.02,0.1,0.3,522,1.8117,274.6274,140.5343,-24.9630,0.0000,18219
3,13,14,30.0,65.0,1.2,0.02,0.15,0.3,465,1.2485,118.0256,60.3969,-20.8519,0.0000,18219
3,13,14,30.0,65.0,1.2,0.03,0.05,0.3,801,1.1722,113.2407,57.9483,-38.3700,0.0000,18219
3,13,14,30.0,65.0,1.2,0.03,0.1,0.3,513,1.4030,164.1581,84.0041,-23.2693,0.0000,18219
3,13,14,30.0,65.0,1.2,0.03,0.15,0.3,311,2.0693,207.7045,106.2880,-18.4440,0.0000,18219
3,13,14,30.0,65.0,1.2,0.05,0.05,0.3,574,1.2236,134.9768,69.0713,-28.6582,0.0000,18219
3,13,14,30.0,65.0,1.2,0.05,0.1,0.3,343,0.8177,85.6563,43.8327,-36.4447,0.0000,18219
3,13,14,30.0,65.0,1.2,0.05,0.15,0.3,250,0.9505,99.0267,50.6747,-35.1441,0.0000,18219
3,13,14,30.0,65.0,1.5,0.02,0.05,0.3,628,1.8488,340.5877,174.2880,-23.6931,0.0000,18219
3,13,14,30.0,65.0,1.5,0.02,0.1,0.3,476,2.1411,328.2496,167.9742,-20.5763,0.0000,18219
3,13,14,30.0,65.0,1.5,0.02,0.15,0.3,393,1.5447,116.8420,59.7912,-18.9579,0.0000,18219
3,13,14,30.0,65.0,1.5,0.03,0.05,0.3,670,1.8722,132.0908,67.5944,-21.1840,0.0000,18219
3,13,14,30.0,65.0,1.5,0.03,0.1,0.3,422,2.0531,198.1428,101.3950,-17.0157,0.0000,18219
3,13,14,30.0,65.0,1.5,0.03,0.15,0.3,287,1.9869,177.3883,90.7744,-17.1145,0.0000,18219
3,13,14,30.0,65.0,1.5,0.05,0.05,0.3,375,2.3573,315.6477,161.5255,-20.0635,0.0000,18219
3,13,14,30.0,65.0,1.5,0.05,0.1,0.3,262,1.5498,259.3692,132.7262,-36.8293,0.0000,18219
3,13,14,30.0,65.0,1.5,0.05,0.15,0.3,234,0.6491,67.1233,34.3488,-41.3329,0.0000,18219
3,13,14,30.0,70.0,1.0,0.02,0.05,0.3,537,1.2385,555.2404,284.1315,-50.4519,0.0000,18219
3,13,14,30.0,70.0,1.0,0.02,0.1,0.3,629,1.4325,288.7829,147.7780,-33.9811,0.0000,18219
3,13,14,30.0,70.0,1.0,0.02,0.15,0.3,502,1.1637,124.7897,63.8583,-23.4007,0.0000,18219
3,13,14,30.0,70.0,1.0,0.03,0.05,0.3,866,1.1792,129.2527,66.1421,-38.1957,0.0000,18219
3,13,14,30.0,70.0,1.0,0.03,0.1,0.3,562,0.9879,108.1689,55.3530,-29.8461,0.0000,18219
3,13,14,30.0,70.0,1.0,0.03,0.15,0.3,320,2.2017,231.3145,118.3699,-19.4104,0.0000,18219
3,13,14,30.0,70.0,1.0,0.05,0.05,0.3,640,1.8121,223.4284,114.3344,-20.2038,0.0000,18219
3,13,14,30.0,70.0,1.0,0.05,0.1,0.3,373,0.7558,83.2915,42.6225,-39.3267,0.0000,18219
3,13,14,30.0,70.0,1.0,0.05,0.15,0.3,271,1.1070,124.1418,63.5267,-34.6584,0.0000,18219
3,13,14,30.0,70.0,1.2,0.02,0.05,0.3,717,1.7550,368.3450,188.4921,-27.9614,0.0000,18219
3,13,14,30.0,70.0,1.2,0.02,0.1,0.3,522,1.8117,274.6274,140.5343,-24.9630,0.0000,18219
3,13,14,30.0,70.0,1.2,0.02,0.15,0.3,465,1.2485,118.0256,60.3969,-20.8519,0.0000,18219
3,13,14,30.0,70.0,1.2,0.03,0.05,0.3,801,1.1722,113.2407,57.9483,-38.3700,0.0000,18219
3,13,14,30.0,70.0,1.2,0.03,0.1,0.3,513,1.4030,164.1581,84.0041,-23.2693,0.0000,18219
3,13,14,30.0,70.0,1.2,0.03,0.15,0.3,311,2.0693,207.7045,106.2880,-18.4440,0.0000,18219
3,13,14,30.0,70.0,1.2,0.05,0.05,0.3,574,1.2236,134.9768,69.0713,-28.6582,0.0000,18219
3,13,14,30.0,70.0,1.2,0.05,0.1,0.3,343,0.8177,85.6563,43.8327,-36.4447,0.0000,18219
3,13,14,30.0,70.0,1.2,0.05,0.15,0.3,250,0.9505,99.0267,50.6747,-35.1441,0.0000,18219
3,13,14,30.0,70.0,1.5,0.02,0.05,0.3,628,1.8488,340.5877,174.2880,-23.6931,0.0000,18219
3,13,14,30.0,70.0,1.5,0.02,0.1,0.3,476,2.1411,328.2496,167.9742,-20.5763,0.0000,18219
3,13,14,30.0,70.0,1.5,0.02,0.15,0.3,393,1.5447,116.8420,59.7912,-18.9579,0.0000,18219
3,13,14,30.0,70.0,1.5,0.03,0.05,0.3,670,1.8722,132.0908,67.5944,-21.1840,0.0000,18219
3,13,14,30.0,70.0,1.5,0.03,0.1,0.3,422,2.0531,198.1428,101.3950,-17.0157,0.0000,18219
3,13,14,30.0,70.0,1.5,0.03,0.15,0.3,287,1.9869,177.3883,90.7744,-17.1145,0.0000,18219
3,13,14,30.0,70.0,1.5,0.05,0.05,0.3,375,2.3573,315.6477,161.5255,-20.0635,0.0000,18219
3,13,14,30.0,70.0,1.5,0.05,0.1,0.3,262,1.5498,259.3692,132.7262,-36.8293,0.0000,18219
3,13,14,30.0,70.0,1.5,0.05,0.15,0.3,234,0.6491,67.1233,34.3488,-41.3329,0.0000,18219
3,13,14,30.0,75.0,1.0,0.02,0.05,0.3,537,1.2385,555.2404,284.1315,-50.4519,0.0000,18219
3,13,14,30.0,75.0,1.0,0.02,0.1,0.3,629,1.4325,288.7829,147.7780,-33.9811,0.0000,18219
3,13,14,30.0,75.0,1.0,0.02,0.15,0.3,502,1.1637,124.7897,63.8583,-23.4007,0.0000,18219
3,13,14,30.0,75.0,1.0,0.03,0.05,0.3,866,1.1792,129.2527,66.1421,-38.1957,0.0000,18219
3,13,14,30.0,75.0,1.0,0.03,0.1,0.3,562,0.9879,108.1689,55.3530,-29.8461,0.0000,18219
3,13,14,30.0,75.0,1.0,0.03,0.15,0.3,320,2.2017,231.3145,118.3699,-19.4104,0.0000,18219
3,13,14,30.0,75.0,1.0,0.05,0.05,0.3,640,1.8121,223.4284,114.3344,-20.2038,0.0000,18219
3,13,14,30.0,75.0,1.0,0.05,0.1,0.3,373,0.7558,83.2915,42.6225,-39.3267,0.0000,18219
3,13,14,30.0,75.0,1.0,0.05,0.15,0.3,271,1.1070,124.1418,63.5267,-34.6584,0.0000,18219
3,13,14,30.0,75.0,1.2,0.02,0.05,0.3,717,1.7550,368.3450,188.4921,-27.9614,0.0000,18219
3,13,14,30.0,75.0,1.2,0.02,0.1,0.3,522,1.8117,274.6274,140.5343,-24.9630,0.0000,18219
3,13,14,30.0,75.0,1.2,0.02,0.15,0.3,465,1.2485,118.0256,60.3969,-20.8519,0.0000,18219
3,13,14,30.0,75.0,1.2,0.03,0.05,0.3,801,1.1722,113.2407,57.9483,-38.3700,0.0000,18219
3,13,14,30.0,75.0,1.2,0.03,0.1,0.3,513,1.4030,164.1581,84.0041,-23.2693,0.0000,18219
3,13,14,30.0,75.0,1.2,0.03,0.15,0.3,311,2.0693,207.7045,106.2880,-18.4440,0.0000,18219
3,13,14,30.0,75.0,1.2,0.05,0.05,0.3,574,1.2236,134.9768,69.0713,-28.6582,0.0000,18219
3,13,14,30.0,75.0,1.2,0.05,0.1,0.3,343,0.8177,85.6563,43.8327,-36.4447,0.0000,18219
3,13,14,30.0,75.0,1.2,0.05,0.15,0.3,250,0.9505,99.0267,50.6747,-35.1441,0.0000,18219
3,13,14,30.0,75.0,1.5,0.02,0.05,0.3,628,1.8488,340.5877,174.2880,-23.6931,0.0000,18219
3,13,14,30.0,75.0,1.5,0.02,0.1,0.3,476,2.1411,328.2496,167.9742,-20.5763,0.0000,18219
3,13,14,30.0,75.0,1.5,0.02,0.15,0.3,393,1.5447,116.8420,59.7912,-18.9579,0.0000,18219
3,13,14,30.0,75.0,1.5,0.03,0.05,0.3,670,1.8722,132.0908,67.5944,-21.1840,0.0000,18219
3,13,14,30.0,75.0,1.5,0.03,0.1,0.3,422,2.0531,198.1428,101.3950,-17.0157,0.0000,18219
3,13,14,30.0,75.0,1.5,0.03,0.15,0.3,287,1.9869,177.3883,90.7744,-17.1145,0.0000,18219
3,13,14,30.0,75.0,1.5,0.05,0.05,0.3,375,2.3573,315.6477,161.5255,-20.0635,0.0000,18219
3,13,14,30.0,75.0,1.5,0.05,0.1,0.3,262,1.5498,259.3692,132.7262,-36.8293,0.0000,18219
3,13,14,30.0,75.0,1.5,0.05,0.15,0.3,234,0.6491,67.1233,34.3488,-41.3329,0.0000,18219
3,13,14,35.0,65.0,1.0,0.02,0.05,0.3,537,1.2385,555.2404,284.1315,-50.4519,0.0000,18219
3,13,14,35.0,65.0,1.0,0.02,0.1,0.3,629,1.4325,288.7829,147.7780,-33.9811,0.0000,18219
3,13,14,35.0,65.0,1.0,0.02,0.15,0.3,502,1.1637,124.7897,63.8583,-23.4007,0.0000,18219
3,13,14,35.0,65.0,1.0,0.03,0.05,0.3,866,1.1792,129.2527,66.1421,-38.1957,0.0000,18219
3,13,14,35.0,65.0,1.0,0.03,0.1,0.3,562,0.9879,108.1689,55.3530,-29.8461,0.0000,18219
3,13,14,35.0,65.0,1.0,0.03,0.15,0.3,320,2.2017,231.3145,118.3699,-19.4104,0.0000,18219
3,13,14,35.0,65.0,1.0,0.05,0.05,0.3,640,1.8121,223.4284,114.3344,-20.2038,0.0000,18219
3,13,14,35.0,65.0,1.0,0.05,0.1,0.3,373,0.7558,83.2915,42.6225,-39.3267,0.0000,18219
3,13,14,35.0,65.0,1.0,0.05,0.15,0.3,271,1.1070,124.1418,63.5267,-34.6584,0.0000,18219
3,13,14,35.0,65.0,1.2,0.02,0.05,0.3,717,1.7550,368.3450,188.4921,-27.9614,0.0000,18219
3,13,14,35.0,65.0,1.2,0.02,0.1,0.3,522,1.8117,274.6274,140.5343,-24.9630,0.0000,18219
3,13,14,35.0,65.0,1.2,0.02,0.15,0.3,465,1.2485,118.0256,60.3969,-20.8519,0.0000,18219
3,13,14,35.0,65.0,1.2,0.03,0.05,0.3,801,1.1722,113.2407,57.9483,-38.3700,0.0000,18219
3,13,14,35.0,65.0,1.2,0.03,0.1,0.3,513,1.4030,164.1581,84.0041,-23.2693,0.0000,18219
3,13,14,35.0,65.0,1.2,0.03,0.15,0.3,311,2.0693,207.7045,106.2880,-18.4440,0.0000,18219
3,13,14,35.0,65.0,1.2,0.05,0.05,0.3,574,1.2236,134.9768,69.0713,-28.6582,0.0000,18219
3,13,14,35.0,65.0,1.2,0.05,0.1,0.3,343,0.8177,85.6563,43.8327,-36.4447,0.0000,18219
3,13,14,35.0,65.0,1.2,0.05,0.15,0.3,250,0.9505,99.0267,50.6747,-35.1441,0.0000,18219
3,13,14,35.0,65.0,1.5,0.02,0.05,0.3,628,1.8488,340.5877,174.2880,-23.6931,0.0000,18219
3,13,14,35.0,65.0,1.5,0.02,0.1,0.3,476,2.1411,328.2496,167.9742,-20.5763,0.0000,18219
3,13,14,35.0,65.0,1.5,0.02,0.15,0.3,393,1.5447,116.8420,59.7912,-18.9579,0.0000,18219
3,13,14,35.0,65.0,1.5,0.03,0.05,0.3,670,1.8722,132.0908,67.5944,-21.1840,0.0000,18219
3,13,14,35.0,65.0,1.5,0.03,0.1,0.3,422,2.0531,198.1428,101.3950,-17.0157,0.0000,18219
3,13,14,35.0,65.0,1.5,0.03,0.15,0.3,287,1.9869,177.3883,90.7744,-17.1145,0.0000,18219
3,13,14,35.0,65.0,1.5,0.05,0.05,0.3,375,2.3573,315.6477,161.5255,-20.0635,0.0000,18219
3,13,14,35.0,65.0,1.5,0.05,0.1,0.3,262,1.5498,259.3692,132.7262,-36.8293,0.0000,18219
3,13,14,35.0,65.0,1.5,0.05,0.15,0.3,234,0.6491,67.1233,34.3488,-41.3329,0.0000,18219
3,13,14,35.0,70.0,1.0,0.02,0.05,0.3,537,1.2385,555.2404,284.1315,-50.4519,0.0000,18219
3,13,14,35.0,70.0,1.0,0.02,0.1,0.3,629,1.4325,288.7829,147.7780,-33.9811,0.0000,18219
3,13,14,35.0,70.0,1.0,0.02,0.15,0.3,502,1.1637,124.7897,63.8583,-23.4007,0.0000,18219
3,13,14,35.0,70.0,1.0,0.03,0.05,0.3,866,1.1792,129.2527,66.1421,-38.1957,0.0000,18219
3,13,14,35.0,70.0,1.0,0.03,0.1,0.3,562,0.9879,108.1689,55.3530,-29.8461,0.0000,18219
3,13,14,35.0,70.0,1.0,0.03,0.15,0.3,320,2.2017,231.3145,118.3699,-19.4104,0.0000,18219
3,13,14,35.0,70.0,1.0,0.05,0.05,0.3,640,1.8121,223.4284,114.3344,-20.2038,0.0000,18219
3,13,14,35.0,70.0,1.0,0.05,0.1,0.3,373,0.7558,83.2915,42.6225,-39.3267,0.0000,18219
3,13,14,35.0,70.0,1.0,0.05,0.15,0.3,271,1.1070,124.1418,63.5267,-34.6584,0.0000,18219
3,13,14,35.0,70.0,1.2,0.02,0.05,0.3,717,1.7550,368.3450,188.4921,-27.9614,0.0000,18219
3,13,14,35.0,70.0,1.2,0.02,0.1,0.3,522,1.8117,274.6274,140.5343,-24.9630,0.0000,18219
3,13,14,35.0,70.0,1.2,0.02,0.15,0.3,465,1.2485,118.0256,60.3969,-20.8519,0.0000,18219
3,13,14,35.0,70.0,1.2,0.03,0.05,0.3,801,1.1722,113.2407,57.9483,-38.3700,0.0000,18219
3,13,14,35.0,70.0,1.2,0.03,0.1,0.3,513,1.4030,164.1581,84.0041,-23.2693,0.0000,18219
3,13,14,35.0,70.0,1.2,0.03,0.15,0.3,311,2.0693,207.7045,106.2880,-18.4440,0.0000,18219
3,13,14,35.0,70.0,1.2,0.05,0.05,0.3,574,1.2236,134.9768,69.0713,-28.6582,0.0000,18219
3,13,14,35.0,70.0,1.2,0.05,0.1,0.3,343,0.8177,85.6563,43.8327,-36.4447,0.0000,18219
3,13,14,35.0,70.0,1.2,0.05,0.15,0.3,250,0.9505,99.0267,50.6747,-35.1441,0.0000,18219
3,13,14,35.0,70.0,1.5,0.02,0.05,0.3,628,1.8488,340.5877,174.2880,-23.6931,0.0000,18219
3,13,14,35.0,70.0,1.5,0.02,0.1,0.3,476,2.1411,328.2496,167.9742,-20.5763,0.0000,18219
3,13,14,35.0,70.0,1.5,0.02,0.15,0.3,393,1.5447,116.8420,59.7912,-18.9579,0.0000,18219
3,13,14,35.0,70.0,1.5,0.03,0.05,0.3,670,1.8722,132.0908,67.5944,-21.1840,0.0000,18219
3,13,14,35.0,70.0,1.5,0.03,0.1,0.3,422,2.0531,198.1428,101.3950,-17.0157,0.0000,18219
3,13,14,35.0,70.0,1.5,0.03,0.15,0.3,287,1.9869,177.3883,90.7744,-17.1145,0.0000,18219
3,13,14,35.0,70.0,1.5,0.05,0.05,0.3,375,2.3573,315.6477,161.5255,-20.0635,0.0000,18219
3,13,14,35.0,70.0,1.5,0.05,0.1,0.3,262,1.5498,259.3692,132.7262,-36.8293,0.0000,18219
3,13,14,35.0,70.0,1.5,0.05,0.15,0.3,234,0.6491,67.1233,34.3488,-41.3329,0.0000,18219
3,13,14,35.0,75.0,1.0,0.02,0.05,0.3,537,1.2385,555.2404,284.1315,-50.4519,0.0000,18219
3,13,14,35.0,75.0,1.0,0.02,0.1,0.3,629,1.4325,288.7829,147.7780,-33.9811,0.0000,18219
3,13,14,35.0,75.0,1.0,0.02,0.15,0.3,502,1.1637,124.7897,63.8583,-23.4007,0.0000,18219
3,13,14,35.0,75.0,1.0,0.03,0.05,0.3,866,1.1792,129.2527,66.1421,-38.1957,0.0000,18219
3,13,14,35.0,75.0,1.0,0.03,0.1,0.3,562,0.9879,108.1689,55.3530,-29.8461,0.0000,18219
3,13,14,35.0,75.0,1.0,0.03,0.15,0.3,320,2.2017,231.3145,118.3699,-19.4104,0.0000,18219
3,13,14,35.0,75.0,1.0,0.05,0.05,0.3,640,1.8121,223.4284,114.3344,-20.2038,0.0000,18219
3,13,14,35.0,75.0,1.0,0.05,0.1,0.3,373,0.7558,83.2915,42.6225,-39.3267,0.0000,18219
3,13,14,35.0,75.0,1.0,0.05,0.15,0.3,271,1.1070,124.1418,63.5267,-34.6584,0.0000,18219
3,13,14,35.0,75.0,1.2,0.02,0.05,0.3,717,1.7550,368.3450,188.4921,-27.9614,0.0000,18219
3,13,14,35.0,75.0,1.2,0.02,0.1,0.3,522,1.8117,274.6274,140.5343,-24.9630,0.0000,18219
3,13,14,35.0,75.0,1.2,0.02,0.15,0.3,465,1.2485,118.0256,60.3969,-20.8519,0.0000,18219
3,13,14,35.0,75.0,1.2,0.03,0.05,0.3,801,1.1722,113.2407,57.9483,-38.3700,0.0000,18219
3,13,14,35.0,75.0,1.2,0.03,0.1,0.3,513,1.4030,164.1581,84.0041,-23.2693,0.0000,18219
3,13,14,35.0,75.0,1.2,0.03,0.15,0.3,311,2.0693,207.7045,106.2880,-18.4440,0.0000,18219
3,13,14,35.0,75.0,1.2,0.05,0.05,0.3,574,1.2236,134.9768,69.0713,-28.6582,0.0000,18219
3,13,14,35.0,75.0,1.2,0.05,0.1,0.3,343,0.8177,85.6563,43.8327,-36.4447,0.0000,18219
3,13,14,35.0,75.0,1.2,0.05,0.15,0.3,250,0.9505,99.0267,50.6747,-35.1441,0.0000,18219
3,13,14,35.0,75.0,1.5,0.02,0.05,0.3,628,1.8488,340.5877,174.2880,-23.6931,0.0000,18219
3,13,14,35.0,75.0,1.5,0.02,0.1,0.3,476,2.1411,328.2496,167.9742,-20.5763,0.0000,18219
3,13,14,35.0,75.0,1.5,0.02,0.15,0.3,393,1.5447,116.8420,59.7912,-18.9579,0.0000,18219
3,13,14,35.0,75.0,1.5,0.03,0.05,0.3,670,1.8722,132.0908,67.5944,-21.1840,0.0000,18219
3,13,14,35.0,75.0,1.5,0.03,0.1,0.3,422,2.0531,198.1428,101.3950,-17.0157,0.0000,18219
3,13,14,35.0,75.0,1.5,0.03,0.15,0.3,287,1.9869,177.3883,90.7744,-17.1145,0.0000,18219
3,13,14,35.0,75.0,1.5,0.05,0.05,0.3,375,2.3573,315.6477,161.5255,-20.0635,0.0000,18219
3,13,14,35.0,75.0,1.5,0.05,0.1,0.3,262,1.5498,259.3692,132.7262,-36.8293,0.0000,18219
3,13,14,35.0,75.0,1.5,0.05,0.15,0.3,234,0.6491,67.1233,34.3488,-41.3329,0.0000,18219
3,20,9,25.0,65.0,1.0,0.02,0.05,0.3,501,1.2180,494.1116,252.8503,-50.3960,0.0000,18219
3,20,9,25.0,65.0,1.0,0.02,0.1,0.3,603,1.2269,220.0869,112.6244,-37.5468,0.0000,18219
3,20,9,25.0,65.0,1.0,0.02,0.15,0.3,484,1.1599,119.0649,60.9287,-22.3106,0.0000,18219
3,20,9,25.0,65.0,1.0,0.03,0.05,0.3,824,1.3375,146.1849,74.8067,-28.6152,0.0000,18219
3,20,9,25.0,65.0,1.0,0.03,0.1,0.3,529,1.1486,118.5648,60.6728,-27.8120,0.0000,18219
3,20,9,25.0,65.0,1.0,0.03,0.15,0.3,311,2.2659,234.5505,120.0258,-19.2081,0.0000,18219
3,20,9,25.0,65.0,1.0,0.05,0.05,0.3,633,1.8002,220.3399,112.7539,-20.4873,0.0000,18219
3,20,9,25.0,65.0,1.0,0.05,0.1,0.3,356,0.8482,92.1252,47.1429,-36.9878,0.0000,18219
3,20,9,25.0,65.0,1.0,0.05,0.15,0.3,252,1.3784,142.4673,72.9044,-31.9768,0.0000,18219
3,20,9,25.0,65.0,1.2,0.02,0.05,0.3,672,1.5495,288.5269,147.6471,-30.2646,0.0000,18219
3,20,9,25.0,65.0,1.2,0.02,0.1,0.3,537,0.8793,131.4487,67.2658,-43.8087,0.0000,18219
3,20,9,25.0,65.0,1.2,0.02,0.15,0.3,457,1.1637,111.9685,57.2973,-23.7371,0.0000,18219
3,20,9,25.0,65.0,1.2,0.03,0.05,0.3,757,1.1791,111.0007,56.8020,-28.6255,0.0000,18219
3,20,9,25.0,65.0,1.2,0.03,0.1,0.3,492,1.1055,102.1105,52.2527,-24.4398,0.0000,18219
3,20,9,25.0,65.0,1.2,0.03,0.15,0.3,292,2.2686,221.5523,113.3743,-17.4606,0.0000,18219
3,20,9,25.0,65.0,1.2,0.05,0.05,0.3,529,0.8785,88.2326,45.1510,-29.1135,0.0000,18219
3,20,9,25.0,65.0,1.2,0.05,0.1,0.3,323,0.9087,93.9569,48.0803,-33.3490,0.0000,18219
3,20,9,25.0,65.0,1.2,0.05,0.15,0.3,237,1.3412,129.6760,66.3587,-31.9178,0.0000,18219
3,20,9,25.0,65.0,1.5,0.02,0.05,0.3,568,1.7335,238.9559,122.2802,-24.8133,0.0000,18219
3,20,9,25.0,65.0,1.5,0.02,0.1,0.3,447,1.4364,155.9010,79.7788,-23.4395,0.0000,18219
3,20,9,25.0,65.0,1.5,0.02,0.15,0.3,408,1.6174,127.0781,65.0293,-18.7709,0.0000,18219
3,20,9,25.0,65.0,1.5,0.03,0.05,0.3,640,1.6466,110.7635,56.6807,-18.0978,0.0000,18219
3,20,9,25.0,65.0,1.5,0.03,0.1,0.3,405,1.6719,118.8922,60.8404,-16.6451,0.0000,18219
3,20,9,25.0,65.0,1.5,0.03,0.15,0.3,282,1.9387,157.6926,80.6955,-17.1661,0.0000,18219
3,20,9,25.0,65.0,1.5,0.05,0.05,0.3,452,1.2966,92.9999,47.5906,-21.2570,0.0000,18219
3,20,9,25.0,65.0,1.5,0.05,0.1,0.3,289,0.5250,42.3568,21.6751,-38.9070,0.0000,18219
3,20,9,25.0,65.0,1.5,0.05,0.15,0.3,214,0.8219,75.0188,38.3892,-37.5853,0.0000,18219
3,20,9,25.0,70.0,1.0,0.02,0.05,0.3,501,1.2180,494.1116,252.8503,-50.3960,0.0000,18219
3,20,9,25.0,70.0,1.0,0.02,0.1,0.3,603,1.2269,220.0869,112.6244,-37.5468,0.0000,18219
3,20,9,25.0,70.0,1.0,0.02,0.15,0.3,484,1.1599,119.0649,60.9287,-22.3106,0.0000,18219
3,20,9,25.0,70.0,1.0,0.03,0.05,0.3,824,1.3375,146.1849,74.8067,-28.6152,0.0000,18219
3,20,9,25.0,70.0,1.0,0.03,0.1,0.3,529,1.1486,118.5648,60.6728,-27.8120,0.0000,18219
3,20,9,25.0,70.0,1.0,0.03,0.15,0.3,311,2.2659,234.5505,120.0258,-19.2081,0.0000,18219
3,20,9,25.0,70.0,1.0,0.05,0.05,0.3,633,1.8002,220.3399,112.7539,-20.4873,0.0000,18219
3,20,9,25.0,70.0,1.0,0.05,0.1,0.3,356,0.8482,92.1252,47.1429,-36.9878,0.0000,18219
3,20,9,25.0,70.0,1.0,0.05,0.15,0.3,252,1.3784,142.4673,72.9044,-31.9768,0.0000,18219
3,20,9,25.0,70.0,1.2,0.02,0.05,0.3,672,1.5495,288.5269,147.6471,-30.2646,0.0000,18219
3,20,9,25.0,70.0,1.2,0.02,0.1,0.3,537,0.8793,131.4487,67.2658,-43.8087,0.0000,18219
3,20,9,25.0,70.0,1.2,0.02,0.15,0.3,457,1.1637,111.9685,57.2973,-23.7371,0.0000,18219
3,20,9,25.0,70.0,1.2,0.03,0.05,0.3,757,1.1791,111.0007,56.8020,-28.6255,0.0000,18219
3,20,9,25.0,70.0,1.2,0.03,0.1,0.3,492,1.1055,102.1105,52.2527,-24.4398,0.0000,18219
3,20,9,25.0,70.0,1.2,0.03,0.15,0.3,292,2.2686,221.5523,113.3743,-17.4606,0.0000,18219
3,20,9,25.0,70.0,1.2,0.05,0.05,0.3,529,0.8785,88.2326,45.1510,-29.1135,0.0000,18219
3,20,9,25.0,70.0,1.2,0.05,0.1,0.3,323,0.9087,93.9569,48.0803,-33.3490,0.0000,18219
3,20,9,25.0,70.0,1.2,0.05,0.15,0.3,237,1.3412,129.6760,66.3587,-31.9178,0.0000,18219
3,20,9,25.0,70.0,1.5,0.02,0.05,0.3,568,1.7335,238.9559,122.2802,-24.8133,0.0000,18219
3,20,9,25.0,70.0,1.5,0.02,0.1,0.3,447,1.4364,155.9010,79.7788,-23.4395,0.0000,18219
3,20,9,25.0,70.0,1.5,0.02,0.15,0.3,408,1.6174,127.0781,65.0293,-18.7709,0.0000,18219
3,20,9,25.0,70.0,1.5,0.03,0.05,0.3,640,1.6466,110.7635,56.6807,-18.0978,0.0000,18219
3,20,9,25.0,70.0,1.5,0.03,0.1,0.3,405,1.6719,118.8922,60.8404,-16.6451,0.0000,18219
3,20,9,25.0,70.0,1.5,0.03,0.15,0.3,282,1.9387,157.6926,80.6955,-17.1661,0.0000,18219
3,20,9,25.0,70.0,1.5,0.05,0.05,0.3,452,1.2966,92.9999,47.5906,-21.2570,0.0000,18219
3,20,9,25.0,70.0,1.5,0.05,0.1,0.3,289,0.5250,42.3568,21.6751,-38.9070,0.0000,18219
3,20,9,25.0,70.0,1.5,0.05,0.15,0.3,214,0.8219,75.0188,38.3892,-37.5853,0.0000,18219
3,20,9,25.0,75.0,1.0,0.02,0.05,0.3,501,1.2180,494.1116,252.8503,-50.3960,0.0000,18219
3,20,9,25.0,75.0,1.0,0.02,0.1,0.3,603,1.2269,220.0869,112.6244,-37.5468,0.0000,18219
3,20,9,25.0,75.0,1.0,0.02,0.15,0.3,484,1.1599,119.0649,60.9287,-22.3106,0.0000,18219
3,20,9,25.0,75.0,1.0,0.03,0.05,0.3,824,1.3375,146.1849,74.8067,-28.6152,0.0000,18219
3,20,9,25.0,75.0,1.0,0.03,0.1,0.3,529,1.1486,118.5648,60.6728,-27.8120,0.0000,18219
3,20,9,25.0,75.0,1.0,0.03,0.15,0.3,311,2.2659,234.5505,120.0258,-19.2081,0.0000,18219
3,20,9,25.0,75.0,1.0,0.05,0.05,0.3,633,1.8002,220.3399,112.7539,-20.4873,0.0000,18219
3,20,9,25.0,75.0,1.0,0.05,0.1,0.3,356,0.8482,92.1252,47.1429,-36.9878,0.0000,18219
3,20,9,25.0,75.0,1.0,0.05,0.15,0.3,252,1.3784,142.4673,72.9044,-31.9768,0.0000,18219
3,20,9,25.0,75.0,1.2,0.02,0.05,0.3,672,1.5495,288.5269,147.6471,-30.2646,0.0000,18219
3,20,9,25.0,75.0,1.2,0.02,0.1,0.3,537,0.8793,131.4487,67.2658,-43.8087,0.0000,18219
3,20,9,25.0,75.0,1.2,0.02,0.15,0.3,457,1.1637,111.9685,57.2973,-23.7371,0.0000,18219
3,20,9,25.0,75.0,1.2,0.03,0.05,0.3,757,1.1791,111.0007,56.8020,-28.6255,0.0000,18219
3,20,9,25.0,75.0,1.2,0.03,0.1,0.3,492,1.1055,102.1105,52.2527,-24.4398,0.0000,18219
3,20,9,25.0,75.0,1.2,0.03,0.15,0.3,292,2.2686,221.5523,113.3743,-17.4606,0.0000,18219
3,20,9,25.0,75.0,1.2,0.05,0.05,0.3,529,0.8785,88.2326,45.1510,-29.1135,0.0000,18219
3,20,9,25.0,75.0,1.2,0.05,0.1,0.3,323,0.9087,93.9569,48.0803,-33.3490,0.0000,18219
3,20,9,25.0,75.0,1.2,0.05,0.15,0.3,237,1.3412,129.6760,66.3587,-31.9178,0.0000,18219
3,20,9,25.0,75.0,1.5,0.02,0.05,0.3,568,1.7335,238.9559,122.2802,-24.8133,0.0000,18219
3,20,9,25.0,75.0,1.5,0.02,0.1,0.3,447,1.4364,155.9010,79.7788,-23.4395,0.0000,18219
3,20,9,25.0,75.0,1.5,0.02,0.15,0.3,408,1.6174,127.0781,65.0293,-18.7709,0.0000,18219
3,20,9,25.0,75.0,1.5,0.03,0.05,0.3,640,1.6466,110.7635,56.6807,-18.0978,0.0000,18219
3,20,9,25.0,75.0,1.5,0.03,0.1,0.3,405,1.6719,118.8922,60.8404,-16.6451,0.0000,18219
3,20,9,25.0,75.0,1.5,0.03,0.15,0.3,282,1.9387,157.6926,80.6955,-17.1661,0.0000,18219
3,20,9,25.0,75.0,1.5,0.05,0.05,0.3,452,1.2966,92.9999,47.5906,-21.2570,0.0000,18219
3,20,9,25.0,75.0,1.5,0.05,0.1,0.3,289,0.5250,42.3568,21.6751,-38.9070,0.0000,18219
3,20,9,25.0,75.0,1.5,0.05,0.15,0.3,214,0.8219,75.0188,38.3892,-37.5853,0.0000,18219
3,20,9,30.0,65.0,1.0,0.02,0.05,0.3,501,1.2180,494.1116,252.8503,-50.3960,0.0000,18219
3,20,9,30.0,65.0,1.0,0.02,0.1,0.3,603,1.2269,220.0869,112.6244,-37.5468,0.0000,18219
3,20,9,30.0,65.0,1.0,0.02,0.15,0.3,484,1.1599,119.0649,60.9287,-22.3106,0.0000,18219
3,20,9,30.0,65.0,1.0,0.03,0.05,0.3,824,1.3375,146.1849,74.8067,-28.6152,0.0000,18219
3,20,9,30.0,65.0,1.0,0.03,0.1,0.3,529,1.1486,118.5648,60.6728,-27.8120,0.0000,18219
3,20,9,30.0,65.0,1.0,0.03,0.15,0.3,311,2.2659,234.5505,120.0258,-19.2081,0.0000,18219
3,20,9,30.0,65.0,1.0,0.05,0.05,0.3,633,1.8002,220.3399,112.7539,-20.4873,0.0000,18219
3,20,9,30.0,65.0,1.0,0.05,0.1,0.3,356,0.8482,92.1252,47.1429,-36.9878,0.0000,18219
3,20,9,30.0,65.0,1.0,0.05,0.15,0.3,252,1.3784,142.4673,72.9044,-31.9768,0.0000,18219
3,20,9,30.0,65.0,1.2,0.02,0.05,0.3,672,1.5495,288.5269,147.6471,-30.2646,0.0000,18219
3,20,9,30.0,65.0,1.2,0.02,0.1,0.3,537,0.8793,131.4487,67.2658,-43.8087,0.0000,18219
3,20,9,30.0,65.0,1.2,0.02,0.15,0.3,457,1.1637,111.9685,57.2973,-23.7371,0.0000,18219
3,20,9,30.0,65.0,1.2,0.03,0.05,0.3,757,1.1791,111.0007,56.8020,-28.6255,0.0000,18219
3,20,9,30.0,65.0,1.2,0.03,0.1,0.3,492,1.1055,102.1105,52.2527,-24.4398,0.0000,18219
3,20,9,30.0,65.0,1.2,0.03,0.15,0.3,292,2.2686,221.5523,113.3743,-17.4606,0.0000,18219
3,20,9,30.0,65.0,1.2,0.05,0.05,0.3,529,0.8785,88.2326,45.1510,-29.1135,0.0000,18219
3,20,9,30.0,65.0,1.2,0.05,0.1,0.3,323,0.9087,93.9569,48.0803,-33.3490,0.0000,18219
3,20,9,30.0,65.0,1.2,0.05,0.15,0.3,237,1.3412,129.6760,66.3587,-31.9178,0.0000,18219
3,20,9,30.0,65.0,1.5,0.02,0.05,0.3,568,1.7335,238.9559,122.2802,-24.8133,0.0000,18219
3,20,9,30.0,65.0,1.5,0.02,0.1,0.3,447,1.4364,155.9010,79.7788,-23.4395,0.0000,18219
3,20,9,30.0,65.0,1.5,0.02,0.15,0.3,408,1.6174,127.0781,65.0293,-18.7709,0.0000,18219
3,20,9,30.0,65.0,1.5,0.03,0.05,0.3,640,1.6466,110.7635,56.6807,-18.0978,0.0000,18219
3,20,9,30.0,65.0,1.5,0.03,0.1,0.3,405,1.6719,118.8922,60.8404,-16.6451,0.0000,18219
3,20,9,30.0,65.0,1.5,0.03,0.15,0.3,282,1.9387,157.6926,80.6955,-17.1661,0.0000,18219
3,20,9,30.0,65.0,1.5,0.05,0.05,0.3,452,1.2966,92.9999,47.5906,-21.2570,0.0000,18219
3,20,9,30.0,65.0,1.5,0.05,0.1,0.3,289,0.5250,42.3568,21.6751,-38.9070,0.0000,18219
3,20,9,30.0,65.0,1.5,0.05,0.15,0.3,214,0.8219,75.0188,38.3892,-37.5853,0.0000,18219
3,20,9,30.0,70.0,1.0,0.02,0.05,0.3,501,1.2180,494.1116,252.8503,-50.3960,0.0000,18219
3,20,9,30.0,70.0,1.0,0.02,0.1,0.3,603,1.2269,220.0869,112.6244,-37.5468,0.0000,18219
3,20,9,30.0,70.0,1.0,0.02,0.15,0.3,484,1.1599,119.0649,60.9287,-22.3106,0.0000,18219
3,20,9,30.0,70.0,1.0,0.03,0.05,0.3,824,1.3375,146.1849,74.8067,-28.6152,0.0000,18219
3,20,9,30.0,70.0,1.0,0.03,0.1,0.3,529,1.1486,118.5648,60.6728,-27.8120,0.0000,18219
3,20,9,30.0,70.0,1.0,0.03,0.15,0.3,311,2.2659,234.5505,120.0258,-19.2081,0.0000,18219
3,20,9,30.0,70.0,1.0,0.05,0.05,0.3,633,1.8002,220.3399,112.7539,-20.4873,0.0000,18219
3,20,9,30.0,70.0,1.0,0.05,0.1,0.3,356,0.8482,92.1252,47.1429,-36.9878,0.0000,18219
3,20,9,30.0,70.0,1.0,0.05,0.15,0.3,252,1.3784,142.4673,72.9044,-31.9768,0.0000,18219
3,20,9,30.0,70.0,1.2,0.02,0.05,0.3,672,1.5495,288.5269,147.6471,-30.2646,0.0000,18219
3,20,9,30.0,70.0,1.2,0.02,0.1,0.3,537,0.8793,131.4487,67.2658,-43.8087,0.0000,18219
3,20,9,30.0,70.0,1.2,0.02,0.15,0.3,457,1.1637,111.9685,57.2973,-23.7371,0.0000,18219
3,20,9,30.0,70.0,1.2,0.03,0.05,0.3,757,1.1791,111.0007,56.8020,-28.6255,0.0000,18219
3,20,9,30.0,70.0,1.2,0.03,0.1,0.3,492,1.1055,102.1105,52.2527,-24.4398,0.0000,18219
3,20,9,30.0,70.0,1.2,0.03,0.15,0.3,292,2.2686,221.5523,113.3743,-17.4606,0.0000,18219
3,20,9,30.0,70.0,1.2,0.05,0.05,0.3,529,0.8785,88.2326,45.1510,-29.1135,0.0000,18219
3,20,9,30.0,70.0,1.2,0.05,0.1,0.3,323,0.9087,93.9569,48.0803,-33.3490,0.0000,18219
3,20,9,30.0,70.0,1.2,0.05,0.15,0.3,237,1.3412,129.6760,66.3587,-31.9178,0.0000,18219
3,20,9,30.0,70.0,1.5,0.02,0.05,0.3,568,1.7335,238.9559,122.2802,-24.8133,0.0000,18219
3,20,9,30.0,70.0,1.5,0.02,0.1,0.3,447,1.4364,155.9010,79.7788,-23.4395,0.0000,18219
3,20,9,30.0,70.0,1.5,0.02,0.15,0.3,408,1.6174,127.0781,65.0293,-18.7709,0.0000,18219
3,20,9,30.0,70.0,1.5,0.03,0.05,0.3,640,1.6466,110.7635,56.6807,-18.0978,0.0000,18219
3,20,9,30.0,70.0,1.5,0.03,0.1,0.3,405,1.6719,118.8922,60.8404,-16.6451,0.0000,18219
3,20,9,30.0,70.0,1.5,0.03,0.15,0.3,282,1.9387,157.6926,80.6955,-17.1661,0.0000,18219
3,20,9,30.0,70.0,1.5,0.05,0.05,0.3,452,1.2966,92.9999,47.5906,-21.2570,0.0000,18219
3,20,9,30.0,70.0,1.5,0.05,0.1,0.3,289,0.5250,42.3568,21.6751,-38.9070,0.0000,18219
3,20,9,30.0,70.0,1.5,0.05,0.15,0.3,214,0.8219,75.0188,38.3892,-37.5853,0.0000,18219
3,20,9,30.0,75.0,1.0,0.02,0.05,0.3,501,1.2180,494.1116,252.8503,-50.3960,0.0000,18219
3,20,9,30.0,75.0,1.0,0.02,0.1,0.3,603,1.2269,220.0869,112.6244,-37.5468,0.0000,18219
3,20,9,30.0,75.0,1.0,0.02,0.15,0.3,484,1.1599,119.0649,60.9287,-22.3106,0.0000,18219
3,20,9,30.0,75.0,1.0,0.03,0.05,0.3,824,1.3375,146.1849,74.8067,-28.6152,0.0000,18219
3,20,9,30.0,75.0,1.0,0.03,0.1,0.3,529,1.1486,118.5648,60.6728,-27.8120,0.0000,18219
3,20,9,30.0,75.0,1.0,0.03,0.15,0.3,311,2.2659,234.5505,120.0258,-19.2081,0.0000,18219
3,20,9,30.0,75.0,1.0,0.05,0.05,0.3,633,1.8002,220.3399,112.7539,-20.4873,0.0000,18219
3,20,9,30.0,75.0,1.0,0.05,0.1,0.3,356,0.8482,92.1252,47.1429,-36.9878,0.0000,18219
3,20,9,30.0,75.0,1.0,0.05,0.15,0.3,252,1.3784,142.4673,72.9044,-31.9768,0.0000,18219
3,20,9,30.0,75.0,1.2,0.02,0.05,0.3,672,1.5495,288.5269,147.6471,-30.2646,0.0000,18219
3,20,9,30.0,75.0,1.2,0.02,0.1,0.3,537,0.8793,131.4487,67.2658,-43.8087,0.0000,18219
3,20,9,30.0,75.0,1.2,0.02,0.15,0.3,457,1.1637,111.9685,57.2973,-23.7371,0.0000,18219
3,20,9,30.0,75.0,1.2,0.03,0.05,0.3,757,1.1791,111.0007,56.8020,-28.6255,0.0000,18219
3,20,9,30.0,75.0,1.2,0.03,0.1,0.3,492,1.1055,102.1105,52.2527,-24.4398,0.0000,18219
3,20,9,30.0,75.0,1.2,0.03,0.15,0.3,292,2.2686,221.5523,113.3743,-17.4606,0.0000,18219
3,20,9,30.0,75.0,1.2,0.05,0.05,0.3,529,0.8785,88.2326,45.1510,-29.1135,0.0000,18219
3,20,9,30.0,75.0,1.2,0.05,0.1,0.3,323,0.9087,93.9569,48.0803,-33.3490,0.0000,18219
3,20,9,30.0,75.0,1.2,0.05,0.15,0.3,237,1.3412,129.6760,66.3587,-31.9178,0.0000,18219
3,20,9,30.0,75.0,1.5,0.02,0.05,0.3,568,1.7335,238.9559,122.2802,-24.8133,0.0000,18219
3,20,9,30.0,75.0,1.5,0.02,0.1,0.3,447,1.4364,155.9010,79.7788,-23.4395,0.0000,18219
3,20,9,30.0,75.0,1.5,0.02,0.15,0.3,408,1.6174,127.0781,65.0293,-18.7709,0.0000,18219
3,20,9,30.0,75.0,1.5,0.03,0.05,0.3,640,1.6466,110.7635,56.6807,-18.0978,0.0000,18219
3,20,9,30.0,75.0,1.5,0.03,0.1,0.3,405,1.6719,118.8922,60.8404,-16.6451,0.0000,18219
3,20,9,30.0,75.0,1.5,0.03,0.15,0.3,282,1.9387,157.6926,80.6955,-17.1661,0.0000,18219
3,20,9,30.0,75.0,1.5,0.05,0.05,0.3,452,1.2966,92.9999,47.5906,-21.2570,0.0000,18219
3,20,9,30.0,75.0,1.5,0.05,0.1,0.3,289,0.5250,42.3568,21.6751,-38.9070,0.0000,18219
3,20,9,30.0,75.0,1.5,0.05,0.15,0.3,214,0.8219,75.0188,38.3892,-37.5853,0.0000,18219
3,20,9,35.0,65.0,1.0,0.02,0.05,0.3,501,1.2180,494.1116,252.8503,-50.3960,0.0000,18219
3,20,9,35.0,65.0,1.0,0.02,0.1,0.3,603,1.2269,220.0869,112.6244,-37.5468,0.0000,18219
3,20,9,35.0,65.0,1.0,0.02,0.15,0.3,484,1.1599,119.0649,60.9287,-22.3106,0.0000,18219
3,20,9,35.0,65.0,1.0,0.03,0.05,0.3,824,1.3375,146.1849,74.8067,-28.6152,0.0000,18219
3,20,9,35.0,65.0,1.0,0.03,0.1,0.3,529,1.1486,118.5648,60.6728,-27.8120,0.0000,18219
3,20,9,35.0,65.0,1.0,0.03,0.15,0.3,311,2.2659,234.5505,120.0258,-19.2081,0.0000,18219
3,20,9,35.0,65.0,1.0,0.05,0.05,0.3,633,1.8002,220.3399,112.7539,-20.4873,0.0000,18219
3,20,9,35.0,65.0,1.0,0.05,0.1,0.3,356,0.8482,92.1252,47.1429,-36.9878,0.0000,18219
3,20,9,35.0,65.0,1.0,0.05,0.15,0.3,252,1.3784,142.4673,72.9044,-31.9768,0.0000,18219
3,20,9,35.0,65.0,1.2,0.02,0.05,0.3,672,1.5495,288.5269,147.6471,-30.2646,0.0000,18219
3,20,9,35.0,65.0,1.2,0.02,0.1,0.3,537,0.8793,131.4487,67.2658,-43.8087,0.0000,18219
3,20,9,35.0,65.0,1.2,0.02,0.15,0.3,457,1.1637,111.9685,57.2973,-23.7371,0.0000,18219
3,20,9,35.0,65.0,1.2,0.03,0.05,0.3,757,1.1791,111.0007,56.8020,-28.6255,0.0000,18219
3,20,9,35.0,65.0,1.2,0.03,0.1,0.3,492,1.1055,102.1105,52.2527,-24.4398,0.0000,18219
3,20,9,35.0,65.0,1.2,0.03,0.15,0.3,292,2.2686,221.5523,113.3743,-17.4606,0.0000,18219
3,20,9,35.0,65.0,1.2,0.05,0.05,0.3,529,0.8785,88.2326,45.1510,-29.1135,0.0000,18219
3,20,9,35.0,65.0,1.2,0.05,0.1,0.3,323,0.9087,93.9569,48.0803,-33.3490,0.0000,18219
3,20,9,35.0,65.0,1.2,0.05,0.15,0.3,237,1.3412,129.6760,66.3587,-31.9178,0.0000,18219
3,20,9,35.0,65.0,1.5,0.02,0.05,0.3,568,1.7335,238.9559,122.2802,-24.8133,0.0000,18219
3,20,9,35.0,65.0,1.5,0.02,0.1,0.3,447,1.4364,155.9010,79.7788,-23.4395,0.0000,18219
3,20,9,35.0,65.0,1.5,0.02,0.15,0.3,408,1.6174,127.0781,65.0293,-18.7709,0.0000,18219
3,20,9,35.0,65.0,1.5,0.03,0.05,0.3,640,1.6466,110.7635,56.6807,-18.0978,0.0000,18219
3,20,9,35.0,65.0,1.5,0.03,0.1,0.3,405,1.6719,118.8922,60.8404,-16.6451,0.0000,18219
3,20,9,35.0,65.0,1.5,0.03,0.15,0.3,282,1.9387,157.6926,80.6955,-17.1661,0.0000,18219
3,20,9,35.0,65.0,1.5,0.05,0.05,0.3,452,1.2966,92.9999,47.5906,-21.2570,0.0000,18219
3,20,9,35.0,65.0,1.5,0.05,0.1,0.3,289,0.5250,42.3568,21.6751,-38.9070,0.0000,18219
3,20,9,35.0,65.0,1.5,0.05,0.15,0.3,214,0.8219,75.0188,38.3892,-37.5853,0.0000,18219
3,20,9,35.0,70.0,1.0,0.02,0.05,0.3,501,1.2180,494.1116,252.8503,-50.3960,0.0000,18219
3,20,9,35.0,70.0,1.0,0.02,0.1,0.3,603,1.2269,220.0869,112.6244,-37.5468,0.0000,18219
3,20,9,35.0,70.0,1.0,0.02,0.15,0.3,484,1.1599,119.0649,60.9287,-22.3106,0.0000,18219
3,20,9,35.0,70.0,1.0,0.03,0.05,0.3,824,1.3375,146.1849,74.8067,-28.6152,0.0000,18219
3,20,9,35.0,70.0,1.0,0.03,0.1,0.3,529,1.1486,118.5648,60.6728,-27.8120,0.0000,18219
3,20,9,35.0,70.0,1.0,0.03,0.15,0.3,311,2.2659,234.5505,120.0258,-19.2081,0.0000,18219
3,20,9,35.0,70.0,1.0,0.05,0.05,0.3,633,1.8002,220.3399,112.7539,-20.4873,0.0000,18219
3,20,9,35.0,70.0,1.0,0.05,0.1,0.3,356,0.8482,92.1252,47.1429,-36.9878,0.0000,18219
3,20,9,35.0,70.0,1.0,0.05,0.15,0.3,252,1.3784,142.4673,72.9044,-31.9768,0.0000,18219
3,20,9,35.0,70.0,1.2,0.02,0.05,0.3,672,1.5495,288.5269,147.6471,-30.2646,0.0000,18219
3,20,9,35.0,70.0,1.2,0.02,0.1,0.3,537,0.8793,131.4487,67.2658,-43.8087,0.0000,18219
3,20,9,35.0,70.0,1.2,0.02,0.15,0.3,457,1.1637,111.9685,57.2973,-23.7371,0.0000,18219
3,20,9,35.0,70.0,1.2,0.03,0.05,0.3,757,1.1791,111.0007,56.8020,-28.6255,0.0000,18219
3,20,9,35.0,70.0,1.2,0.03,0.1,0.3,492,1.1055,102.1105,52.2527,-24.4398,0.0000,18219
3,20,9,35.0,70.0,1.2,0.03,0.15,0.3,292,2.2686,221.5523,113.3743,-17.4606,0.0000,18219
3,20,9,35.0,70.0,1.2,0.05,0.05,0.3,529,0.8785,88.2326,45.1510,-29.1135,0.0000,18219
3,20,9,35.0,70.0,1.2,0.05,0.1,0.3,323,0.9087,93.9569,48.0803,-33.3490,0.0000,18219
3,20,9,35.0,70.0,1.2,0.05,0.15,0.3,237,1.3412,129.6760,66.3587,-31.9178,0.0000,18219
3,20,9,35.0,70.0,1.5,0.02,0.05,0.3,568,1.7335,238.9559,122.2802,-24.8133,0.0000,18219
3,20,9,35.0,70.0,1.5,0.02,0.1,0.3,447,1.4364,155.9010,79.7788,-23.4395,0.0000,18219
3,20,9,35.0,70.0,1.5,0.02,0.15,0.3,408,1.6174,127.0781,65.0293,-18.7709,0.0000,18219
3,20,9,35.0,70.0,1.5,0.03,0.05,0.3,640,1.6466,110.7635,56.6807,-18.0978,0.0000,18219
3,20,9,35.0,70.0,1.5,0.03,0.1,0.3,405,1.6719,118.8922,60.8404,-16.6451,0.0000,18219
3,20,9,35.0,70.0,1.5,0.03,0.15,0.3,282,1.9387,157.6926,80.6955,-17.1661,0.0000,18219
3,20,9,35.0,70.0,1.5,0.05,0.05,0.3,452,1.2966,92.9999,47.5906,-21.2570,0.0000,18219
3,20,9,35.0,70.0,1.5,0.05,0.1,0.3,289,0.5250,42.3568,21.6751,-38.9070,0.0000,18219
3,20,9,35.0,70.0,1.5,0.05,0.15,0.3,214,0.8219,75.0188,38.3892,-37.5853,0.0000,18219
3,20,9,35.0,75.0,1.0,0.02,0.05,0.3,501,1.2180,494.1116,252.8503,-50.3960,0.0000,18219
3,20,9,35.0,75.0,1.0,0.02,0.1,0.3,603,1.2269,220.0869,112.6244,-37.5468,0.0000,18219
3,20,9,35.0,75.0,1.0,0.02,0.15,0.3,484,1.1599,119.0649,60.9287,-22.3106,0.0000,18219
3,20,9,35.0,75.0,1.0,0.03,0.05,0.3,824,1.3375,146.1849,74.8067,-28.6152,0.0000,18219
3,20,9,35.0,75.0,1.0,0.03,0.1,0.3,529,1.1486,118.5648,60.6728,-27.8120,0.0000,18219
3,20,9,35.0,75.0,1.0,0.03,0.15,0.3,311,2.2659,234.5505,120.0258,-19.2081,0.0000,18219
3,20,9,35.0,75.0,1.0,0.05,0.05,0.3,633,1.8002,220.3399,112.7539,-20.4873,0.0000,18219
3,20,9,35.0,75.0,1.0,0.05,0.1,0.3,356,0.8482,92.1252,47.1429,-36.9878,0.0000,18219
3,20,9,35.0,75.0,1.0,0.05,0.15,0.3,252,1.3784,142.4673,72.9044,-31.9768,0.0000,18219
3,20,9,35.0,75.0,1.2,0.02,0.05,0.3,672,1.5495,288.5269,147.6471,-30.2646,0.0000,18219
3,20,9,35.0,75.0,1.2,0.02,0.1,0.3,537,0.8793,131.4487,67.2658,-43.8087,0.0000,18219
3,20,9,35.0,75.0,1.2,0.02,0.15,0.3,457,1.1637,111.9685,57.2973,-23.7371,0.0000,18219
3,20,9,35.0,75.0,1.2,0.03,0.05,0.3,757,1.1791,111.0007,56.8020,-28.6255,0.0000,18219
3,20,9,35.0,75.0,1.2,0.03,0.1,0.3,492,1.1055,102.1105,52.2527,-24.4398,0.0000,18219
3,20,9,35.0,75.0,1.2,0.03,0.15,0.3,292,2.2686,221.5523,113.3743,-17.4606,0.0000,18219
3,20,9,35.0,75.0,1.2,0.05,0.05,0.3,529,0.8785,88.2326,45.1510,-29.1135,0.0000,18219
3,20,9,35.0,75.0,1.2,0.05,0.1,0.3,323,0.9087,93.9569,48.0803,-33.3490,0.0000,18219
3,20,9,35.0,75.0,1.2,0.05,0.15,0.3,237,1.3412,129.6760,66.3587,-31.9178,0.0000,18219
3,20,9,35.0,75.0,1.5,0.02,0.05,0.3,568,1.7335,238.9559,122.2802,-24.8133,0.0000,18219
3,20,9,35.0,75.0,1.5,0.02,0.1,0.3,447,1.4364,155.9010,79.7788,-23.4395,0.0000,18219
3,20,9,35.0,75.0,1.5,0.02,0.15,0.3,408,1.6174,127.0781,65.0293,-18.7709,0.0000,18219
3,20,9,35.0,75.0,1.5,0.03,0.05,0.3,640,1.6466,110.7635,56.6807,-18.0978,0.0000,18219
3,20,9,35.0,75.0,1.5,0.03,0.1,0.3,405,1.6719,118.8922,60.8404,-16.6451,0.0000,18219
3,20,9,35.0,75.0,1.5,0.03,0.15,0.3,282,1.9387,157.6926,80.6955,-17.1661,0.0000,18219
3,20,9,35.0,75.0,1.5,0.05,0.05,0.3,452,1.2966,92.9999,47.5906,-21.2570,0.0000,18219
3,20,9,35.0,75.0,1.5,0.05,0.1,0.3,289,0.5250,42.3568,21.6751,-38.9070,0.0000,18219
3,20,9,35.0,75.0,1.5,0.05,0.15,0.3,214,0.8219,75.0188,38.3892,-37.5853,0.0000,18219
3,20,14,25.0,65.0,1.0,0.02,0.05,0.3,501,1.2180,494.1116,252.8503,-50.3960,0.0000,18219
3,20,14,25.0,65.0,1.0,0.02,0.1,0.3,603,1.2269,220.0869,112.6244,-37.5468,0.0000,18219
3,20,14,25.0,65.0,1.0,0.02,0.15,0.3,484,1.1599,119.0649,60.9287,-22.3106,0.0000,18219
3,20,14,25.0,65.0,1.0,0.03,0.05,0.3,824,1.3375,146.1849,74.8067,-28.6152,0.0000,18219
3,20,14,25.0,65.0,1.0,0.03,0.1,0.3,529,1.1486,118.5648,60.6728,-27.8120,0.0000,18219
3,20,14,25.0,65.0,1.0,0.03,0.15,0.3,311,2.2659,234.5505,120.0258,-19.2081,0.0000,18219
3,20,14,25.0,65.0,1.0,0.05,0.05,0.3,633,1.8002,220.3399,112.7539,-20.4873,0.0000,18219
3,20,14,25.0,65.0,1.0,0.05,0.1,0.3,356,0.8482,92.1252,47.1429,-36.9878,0.0000,18219
3,20,14,25.0,65.0,1.0,0.05,0.15,0.3,252,1.3784,142.4673,72.9044,-31.9768,0.0000,18219
3,20,14,25.0,65.0,1.2,0.02,0.05,0.3,672,1.5495,288.5269,147.6471,-30.2646,0.0000,18219
3,20,14,25.0,65.0,1.2,0.02,0.1,0.3,537,0.8793,131.4487,67.2658,-43.8087,0.0000,18219
3,20,14,25.0,65.0,1.2,0.02,0.15,0.3,457,1.1637,111.9685,57.2973,-23.7371,0.0000,18219
3,20,14,25.0,65.0,1.2,0.03,0.05,0.3,757,1.1791,111.0007,56.8020,-28.6255,0.0000,18219
3,20,14,25.0,65.0,1.2,0.03,0.1,0.3,492,1.1055,102.1105,52.2527,-24.4398,0.0000,18219
3,20,14,25.0,65.0,1.2,0.03,0.15,0.3,292,2.2686,221.5523,113.3743,-17.4606,0.0000,18219
3,20,14,25.0,65.0,1.2,0.05,0.05,0.3,529,0.8785,88.2326,45.1510,-29.1135,0.0000,18219
3,20,14,25.0,65.0,1.2,0.05,0.1,0.3,323,0.9087,93.9569,48.0803,-33.3490,0.0000,18219
3,20,14,25.0,65.0,1.2,0.05,0.15,0.3,237,1.3412,129.6760,66.3587,-31.9178,0.0000,18219
3,20,14,25.0,65.0,1.5,0.02,0.05,0.3,568,1.7335,238.9559,122.2802,-24.8133,0.0000,18219
3,20,14,25.0,65.0,1.5,0.02,0.1,0.3,447,1.4364,155.9010,79.7788,-23.4395,0.0000,18219
3,20,14,25.0,65.0,1.5,0.02,0.15,0.3,408,1.6174,127.0781,65.0293,-18.7709,0.0000,18219
3,20,14,25.0,65.0,1.5,0.03,0.05,0.3,640,1.6466,110.7635,56.6807,-18.0978,0.0000,18219
3,20,14,25.0,65.0,1.5,0.03,0.1,0.3,405,1.6719,118.8922,60.8404,-16.6451,0.0000,18219
3,20,14,25.0,65.0,1.5,0.03,0.15,0.3,282,1.9387,157.6926,80.6955,-17.1661,0.0000,18219
3,20,14,25.0,65.0,1.5,0.05,0.05,0.3,452,1.2966,92.9999,47.5906,-21.2570,0.0000,18219
3,20,14,25.0,65.0,1.5,0.05,0.1,0.3,289,0.5250,42.3568,21.6751,-38.9070,0.0000,18219
3,20,14,25.0,65.0,1.5,0.05,0.15,0.3,214,0.8219,75.0188,38.3892,-37.5853,0.0000,18219
3,20,14,25.0,70.0,1.0,0.02,0.05,0.3,501,1.2180,494.1116,252.8503,-50.3960,0.0000,18219
3,20,14,25.0,70.0,1.0,0.02,0.1,0.3,603,1.2269,220.0869,112.6244,-37.5468,0.0000,18219
3,20,14,25.0,70.0,1.0,0.02,0.15,0.3,484,1.1599,119.0649,60.9287,-22.3106,0.0000,18219
3,20,14,25.0,70.0,1.0,0.03,0.05,0.3,824,1.3375,146.1849,74.8067,-28.6152,0.0000,18219
3,20,14,25.0,70.0,1.0,0.03,0.1,0.3,529,1.1486,118.5648,60.6728,-27.8120,0.0000,18219
3,20,14,25.0,70.0,1.0,0.03,0.15,0.3,311,2.2659,234.5505,120.0258,-19.2081,0.0000,18219
3,20,14,25.0,70.0,1.0,0.05,0.05,0.3,633,1.8002,220.3399,112.7539,-20.4873,0.0000,18219
3,20,14,25.0,70.0,1.0,0.05,0.1,0.3,356,0.8482,92.1252,47.1429,-36.9878,0.0000,18219
3,20,14,25.0,70.0,1.0,0.05,0.15,0.3,252,1.3784,142.4673,72.9044,-31.9768,0.0000,18219
3,20,14,25.0,70.0,1.2,0.02,0.05,0.3,672,1.5495,288.5269,147.6471,-30.2646,0.0000,18219
3,20,14,25.0,70.0,1.2,0.02,0.1,0.3,537,0.8793,131.4487,67.2658,-43.8087,0.0000,18219
3,20,14,25.0,70.0,1.2,0.02,0.15,0.3,457,1.1637,111.9685,57.2973,-23.7371,0.0000,18219
3,20,14,25.0,70.0,1.2,0.03,0.05,0.3,757,1.1791,111.0007,56.8020,-28.6255,0.0000,18219
3,20,14,25.0,70.0,1.2,0.03,0.1,0.3,492,1.1055,102.1105,52.2527,-24.4398,0.0000,18219
3,20,14,25.0,70.0,1.2,0.03,0.15,0.3,292,2.2686,221.5523,113.3743,-17.4606,0.0000,18219
3,20,14,25.0,70.0,1.2,0.05,0.05,0.3,529,0.8785,88.2326,45.1510,-29.1135,0.0000,18219
3,20,14,25.0,70.0,1.2,0.05,0.1,0.3,323,0.9087,93.9569,48.0803,-33.3490,0.0000,18219
3,20,14,25.0,70.0,1.2,0.05,0.15,0.3,237,1.3412,129.6760,66.3587,-31.9178,0.0000,18219
3,20,14,25.0,70.0,1.5,0.02,0.05,0.3,568,1.7335,238.9559,122.2802,-24.8133,0.0000,18219
3,20,14,25.0,70.0,1.5,0.02,0.1,0.3,447,1.4364,155.9010,79.7788,-23.4395,0.0000,18219
3,20,14,25.0,70.0,1.5,0.02,0.15,0.3,408,1.6174,127.0781,65.0293,-18.7709,0.0000,18219
3,20,14,25.0,70.0,1.5,0.03,0.05,0.3,640,1.6466,110.7635,56.6807,-18.0978,0.0000,18219
3,20,14,25.0,70.0,1.5,0.03,0.1,0.3,405,1.6719,118.8922,60.8404,-16.6451,0.0000,18219
3,20,14,25.0,70.0,1.5,0.03,0.15,0.3,282,1.9387,157.6926,80.6955,-17.1661,0.0000,18219
3,20,14,25.0,70.0,1.5,0.05,0.05,0.3,452,1.2966,92.9999,47.5906,-21.2570,0.0000,18219
3,20,14,25.0,70.0,1.5,0.05,0.1,0.3,289,0.5250,42.3568,21.6751,-38.9070,0.0000,18219
3,20,14,25.0,70.0,1.5,0.05,0.15,0.3,214,0.8219,75.0188,38.3892,-37.5853,0.0000,18219
3,20,14,25.0,75.0,1.0,0.02,0.05,0.3,501,1.2180,494.1116,252.8503,-50.3960,0.0000,18219
3,20,14,25.0,75.0,1.0,0.02,0.1,0.3,603,1.2269,220.0869,112.6244,-37.5468,0.0000,18219
3,20,14,25.0,75.0,1.0,0.02,0.15,0.3,484,1.1599,119.0649,60.9287,-22.3106,0.0000,18219
3,20,14,25.0,75.0,1.0,0.03,0.05,0.3,824,1.3375,146.1849,74.8067,-28.6152,0.0000,18219
3,20,14,25.0,75.0,1.0,0.03,0.1,0.3,529,1.1486,118.5648,60.6728,-27.8120,0.0000,18219
3,20,14,25.0,75.0,1.0,0.03,0.15,0.3,311,2.2659,234.5505,120.0258,-19.2081,0.0000,18219
3,20,14,25.0,75.0,1.0,0.05,0.05,0.3,633,1.8002,220.3399,112.7539,-20.4873,0.0000,18219
3,20,14,25.0,75.0,1.0,0.05,0.1,0.3,356,0.8482,92.1252,47.1429,-36.9878,0.0000,18219
3,20,14,25.0,75.0,1.0,0.05,0.15,0.3,252,1.3784,142.4673,72.9044,-31.9768,0.0000,18219
3,20,14,25.0,75.0,1.2,0.02,0.05,0.3,672,1.5495,288.5269,147.6471,-30.2646,0.0000,18219
3,20,14,25.0,75.0,1.2,0.02,0.1,0.3,537,0.8793,131.4487,67.2658,-43.8087,0.0000,18219
3,20,14,25.0,75.0,1.2,0.02,0.15,0.3,457,1.1637,111.9685,57.2973,-23.7371,0.0000,18219
3,20,14,25.0,75.0,1.2,0.03,0.05,0.3,757,1.1791,111.0007,56.8020,-28.6255,0.0000,18219
3,20,14,25.0,75.0,1.2,0.03,0.1,0.3,492,1.1055,102.1105,52.2527,-24.4398,0.0000,18219
3,20,14,25.0,75.0,1.2,0.03,0.15,0.3,292,2.2686,221.5523,113.3743,-17.4606,0.0000,18219
3,20,14,25.0,75.0,1.2,0.05,0.05,0.3,529,0.8785,88.2326,45.1510,-29.1135,0.0000,18219
3,20,14,25.0,75.0,1.2,0.05,0.1,0.3,323,0.9087,93.9569,48.0803,-33.3490,0.0000,18219
3,20,14,25.0,75.0,1.2,0.05,0.15,0.3,237,1.3412,129.6760,66.3587,-31.9178,0.0000,18219
3,20,14,25.0,75.0,1.5,0.02,0.05,0.3,568,1.7335,238.9559,122.2802,-24.8133,0.0000,18219
3,20,14,25.0,75.0,1.5,0.02,0.1,0.3,447,1.4364,155.9010,79.7788,-23.4395,0.0000,18219
3,20,14,25.0,75.0,1.5,0.02,0.15,0.3,408,1.6174,127.0781,65.0293,-18.7709,0.0000,18219
3,20,14,25.0,75.0,1.5,0.03,0.05,0.3,640,1.6466,110.7635,56.6807,-18.0978,0.0000,18219
3,20,14,25.0,75.0,1.5,0.03,0.1,0.3,405,1.6719,118.8922,60.8404,-16.6451,0.0000,18219
3,20,14,25.0,75.0,1.5,0.03,0.15,0.3,282,1.9387,157.6926,80.6955,-17.1661,0.0000,18219
3,20,14,25.0,75.0,1.5,0.05,0.05,0.3,452,1.2966,92.9999,47.5906,-21.2570,0.0000,18219
3,20,14,25.0,75.0,1.5,0.05,0.1,0.3,289,0.5250,42.3568,21.6751,-38.9070,0.0000,18219
3,20,14,25.0,75.0,1.5,0.05,0.15,0.3,214,0.8219,75.0188,38.3892,-37.5853,0.0000,18219
3,20,14,30.0,65.0,1.0,0.02,0.05,0.3,501,1.2180,494.1116,252.8503,-50.3960,0.0000,18219
3,20,14,30.0,65.0,1.0,0.02,0.1,0.3,603,1.2269,220.0869,112.6244,-37.5468,0.0000,18219
3,20,14,30.0,65.0,1.0,0.02,0.15,0.3,484,1.1599,119.0649,60.9287,-22.3106,0.0000,18219
3,20,14,30.0,65.0,1.0,0.03,0.05,0.3,824,1.3375,146.1849,74.8067,-28.6152,0.0000,18219
3,20,14,30.0,65.0,1.0,0.03,0.1,0.3,529,1.1486,118.5648,60.6728,-27.8120,0.0000,18219
3,20,14,30.0,65.0,1.0,0.03,0.15,0.3,311,2.2659,234.5505,120.0258,-19.2081,0.0000,18219
3,20,14,30.0,65.0,1.0,0.05,0.05,0.3,633,1.8002,220.3399,112.7539,-20.4873,0.0000,18219
3,20,14,30.0,65.0,1.0,0.05,0.1,0.3,356,0.8482,92.1252,47.1429,-36.9878,0.0000,18219
3,20,14,30.0,65.0,1.0,0.05,0.15,0.3,252,1.3784,142.4673,72.9044,-31.9768,0.0000,18219
3,20,14,30.0,65.0,1.2,0.02,0.05,0.3,672,1.5495,288.5269,147.6471,-30.2646,0.0000,18219
3,20,14,30.0,65.0,1.2,0.02,0.1,0.3,537,0.8793,131.4487,67.2658,-43.8087,0.0000,18219
3,20,14,30.0,65.0,1.2,0.02,0.15,0.3,457,1.1637,111.9685,57.2973,-23.7371,0.0000,18219
3,20,14,30.0,65.0,1.2,0.03,0.05,0.3,757,1.1791,111.0007,56.8020,-28.6255,0.0000,18219
3,20,14,30.0,65.0,1.2,0.03,0.1,0.3,492,1.1055,102.1105,52.2527,-24.4398,0.0000,18219
3,20,14,30.0,65.0,1.2,0.03,0.15,0.3,292,2.2686,221.5523,113.3743,-17.4606,0.0000,18219
3,20,14,30.0,65.0,1.2,0.05,0.05,0.3,529,0.8785,88.2326,45.1510,-29.1135,0.0000,18219
3,20,14,30.0,65.0,1.2,0.05,0.1,0.3,323,0.9087,93.9569,48.0803,-33.3490,0.0000,18219
3,20,14,30.0,65.0,1.2,0.05,0.15,0.3,237,1.3412,129.6760,66.3587,-31.9178,0.0000,18219
3,20,14,30.0,65.0,1.5,0.02,0.05,0.3,568,1.7335,238.9559,122.2802,-24.8133,0.0000,18219
3,20,14,30.0,65.0,1.5,0.02,0.1,0.3,447,1.4364,155.9010,79.7788,-23.4395,0.0000,18219
3,20,14,30.0,65.0,1.5,0.02,0.15,0.3,408,1.6174,127.0781,65.0293,-18.7709,0.0000,18219
3,20,14,30.0,65.0,1.5,0.03,0.05,0.3,640,1.6466,110.7635,56.6807,-18.0978,0.0000,18219
3,20,14,30.0,65.0,1.5,0.03,0.1,0.3,405,1.6719,118.8922,60.8404,-16.6451,0.0000,18219
3,20,14,30.0,65.0,1.5,0.03,0.15,0.3,282,1.9387,157.6926,80.6955,-17.1661,0.0000,18219
3,20,14,30.0,65.0,1.5,0.05,0.05,0.3,452,1.2966,92.9999,47.5906,-21.2570,0.0000,18219
3,20,14,30.0,65.0,1.5,0.05,0.1,0.3,289,0.5250,42.3568,21.6751,-38.9070,0.0000,18219
3,20,14,30.0,65.0,1.5,0.05,0.15,0.3,214,0.8219,75.0188,38.3892,-37.5853,0.0000,18219
3,20,14,30.0,70.0,1.0,0.02,0.05,0.3,501,1.2180,494.1116,252.8503,-50.3960,0.0000,18219
3,20,14,30.0,70.0,1.0,0.02,0.1,0.3,603,1.2269,220.0869,112.6244,-37.5468,0.0000,18219
3,20,14,30.0,70.0,1.0,0.02,0.15,0.3,484,1.1599,119.0649,60.9287,-22.3106,0.0000,18219
3,20,14,30.0,70.0,1.0,0.03,0.05,0.3,824,1.3375,146.1849,74.8067,-28.6152,0.0000,18219
3,20,14,30.0,70.0,1.0,0.03,0.1,0.3,529,1.1486,118.5648,60.6728,-27.8120,0.0000,18219
3,20,14,30.0,70.0,1.0,0.03,0.15,0.3,311,2.2659,234.5505,120.0258,-19.2081,0.0000,18219
3,20,14,30.0,70.0,1.0,0.05,0.05,0.3,633,1.8002,220.3399,112.7539,-20.4873,0.0000,18219
3,20,14,30.0,70.0,1.0,0.05,0.1,0.3,356,0.8482,92.1252,47.1429,-36.9878,0.0000,18219
3,20,14,30.0,70.0,1.0,0.05,0.15,0.3,252,1.3784,142.4673,72.9044,-31.9768,0.0000,18219
3,20,14,30.0,70.0,1.2,0.02,0.05,0.3,672,1.5495,288.5269,147.6471,-30.2646,0.0000,18219
3,20,14,30.0,70.0,1.2,0.02,0.1,0.3,537,0.8793,131.4487,67.2658,-43.8087,0.0000,18219
3,20,14,30.0,70.0,1.2,0.02,0.15,0.3,457,1.1637,111.9685,57.2973,-23.7371,0.0000,18219
3,20,14,30.0,70.0,1.2,0.03,0.05,0.3,757,1.1791,111.0007,56.8020,-28.6255,0.0000,18219
3,20,14,30.0,70.0,1.2,0.03,0.1,0.3,492,1.1055,102.1105,52.2527,-24.4398,0.0000,18219
3,20,14,30.0,70.0,1.2,0.03,0.15,0.3,292,2.2686,221.5523,113.3743,-17.4606,0.0000,18219
3,20,14,30.0,70.0,1.2,0.05,0.05,0.3,529,0.8785,88.2326,45.1510,-29.1135,0.0000,18219
3,20,14,30.0,70.0,1.2,0.05,0.1,0.3,323,0.9087,93.9569,48.0803,-33.3490,0.0000,18219
3,20,14,30.0,70.0,1.2,0.05,0.15,0.3,237,1.3412,129.6760,66.3587,-31.9178,0.0000,18219
3,20,14,30.0,70.0,1.5,0.02,0.05,0.3,568,1.7335,238.9559,122.2802,-24.8133,0.0000,18219
3,20,14,30.0,70.0,1.5,0.02,0.1,0.3,447,1.4364,155.9010,79.7788,-23.4395,0.0000,18219
3,20,14,30.0,70.0,1.5,0.02,0.15,0.3,408,1.6174,127.0781,65.0293,-18.7709,0.0000,18219
3,20,14,30.0,70.0,1.5,0.03,0.05,0.3,640,1.6466,110.7635,56.6807,-18.0978,0.0000,18219
3,20,14,30.0,70.0,1.5,0.03,0.1,0.3,405,1.6719,118.8922,60.8404,-16.6451,0.0000,18219
3,20,14,30.0,70.0,1.5,0.03,0.15,0.3,282,1.9387,157.6926,80.6955,-17.1661,0.0000,18219
3,20,14,30.0,70.0,1.5,0.05,0.05,0.3,452,1.2966,92.9999,47.5906,-21.2570,0.0000,18219
3,20,14,30.0,70.0,1.5,0.05,0.1,0.3,289,0.5250,42.3568,21.6751,-38.9070,0.0000,18219
3,20,14,30.0,70.0,1.5,0.05,0.15,0.3,214,0.8219,75.0188,38.3892,-37.5853,0.0000,18219
3,20,14,30.0,75.0,1.0,0.02,0.05,0.3,501,1.2180,494.1116,252.8503,-50.3960,0.0000,18219
3,20,14,30.0,75.0,1.0,0.02,0.1,0.3,603,1.2269,220.0869,112.6244,-37.5468,0.0000,18219
3,20,14,30.0,75.0,1.0,0.02,0.15,0.3,484,1.1599,119.0649,60.9287,-22.3106,0.0000,18219
3,20,14,30.0,75.0,1.0,0.03,0.05,0.3,824,1.3375,146.1849,74.8067,-28.6152,0.0000,18219
3,20,14,30.0,75.0,1.0,0.03,0.1,0.3,529,1.1486,118.5648,60.6728,-27.8120,0.0000,18219
3,20,14,30.0,75.0,1.0,0.03,0.15,0.3,311,2.2659,234.5505,120.0258,-19.2081,0.0000,18219
3,20,14,30.0,75.0,1.0,0.05,0.05,0.3,633,1.8002,220.3399,112.7539,-20.4873,0.0000,18219
3,20,14,30.0,75.0,1.0,0.05,0.1,0.3,356,0.8482,92.1252,47.1429,-36.9878,0.0000,18219
3,20,14,30.0,75.0,1.0,0.05,0.15,0.3,252,1.3784,142.4673,72.9044,-31.9768,0.0000,18219
3,20,14,30.0,75.0,1.2,0.02,0.05,0.3,672,1.5495,288.5269,147.6471,-30.2646,0.0000,18219
3,20,14,30.0,75.0,1.2,0.02,0.1,0.3,537,0.8793,131.4487,67.2658,-43.8087,0.0000,18219
3,20,14,30.0,75.0,1.2,0.02,0.15,0.3,457,1.1637,111.9685,57.2973,-23.7371,0.0000,18219
3,20,14,30.0,75.0,1.2,0.03,0.05,0.3,757,1.1791,111.0007,56.8020,-28.6255,0.0000,18219
3,20,14,30.0,75.0,1.2,0.03,0.1,0.3,492,1.1055,102.1105,52.2527,-24.4398,0.0000,18219
3,20,14,30.0,75.0,1.2,0.03,0.15,0.3,292,2.2686,221.5523,113.3743,-17.4606,0.0000,18219
3,20,14,30.0,75.0,1.2,0.05,0.05,0.3,529,0.8785,88.2326,45.1510,-29.1135,0.0000,18219
3,20,14,30.0,75.0,1.2,0.05,0.1,0.3,323,0.9087,93.9569,48.0803,-33.3490,0.0000,18219
3,20,14,30.0,75.0,1.2,0.05,0.15,0.3,237,1.3412,129.6760,66.3587,-31.9178,0.0000,18219
3,20,14,30.0,75.0,1.5,0.02,0.05,0.3,568,1.7335,238.9559,122.2802,-24.8133,0.0000,18219
3,20,14,30.0,75.0,1.5,0.02,0.1,0.3,447,1.4364,155.9010,79.7788,-23.4395,0.0000,18219
3,20,14,30.0,75.0,1.5,0.02,0.15,0.3,408,1.6174,127.0781,65.0293,-18.7709,0.0000,18219
3,20,14,30.0,75.0,1.5,0.03,0.05,0.3,640,1.6466,110.7635,56.6807,-18.0978,0.0000,18219
3,20,14,30.0,75.0,1.5,0.03,0.1,0.3,405,1.6719,118.8922,60.8404,-16.6451,0.0000,18219
3,20,14,30.0,75.0,1.5,0.03,0.15,0.3,282,1.9387,157.6926,80.6955,-17.1661,0.0000,18219
3,20,14,30.0,75.0,1.5,0.05,0.05,0.3,452,1.2966,92.9999,47.5906,-21.2570,0.0000,18219
3,20,14,30.0,75.0,1.5,0.05,0.1,0.3,289,0.5250,42.3568,21.6751,-38.9070,0.0000,18219
3,20,14,30.0,75.0,1.5,0.05,0.15,0.3,214,0.8219,75.0188,38.3892,-37.5853,0.0000,18219
3,20,14,35.0,65.0,1.0,0.02,0.05,0.3,501,1.2180,494.1116,252.8503,-50.3960,0.0000,18219
3,20,14,35.0,65.0,1.0,0.02,0.1,0.3,603,1.2269,220.0869,112.6244,-37.5468,0.0000,18219
3,20,14,35.0,65.0,1.0,0.02,0.15,0.3,484,1.1599,119.0649,60.9287,-22.3106,0.0000,18219
3,20,14,35.0,65.0,1.0,0.03,0.05,0.3,824,1.3375,146.1849,74.8067,-28.6152,0.0000,18219
3,20,14,35.0,65.0,1.0,0.03,0.1,0.3,529,1.1486,118.5648,60.6728,-27.8120,0.0000,18219
3,20,14,35.0,65.0,1.0,0.03,0.15,0.3,311,2.2659,234.5505,120.0258,-19.2081,0.0000,18219
3,20,14,35.0,65.0,1.0,0.05,0.05,0.3,633,1.8002,220.3399,112.7539,-20.4873,0.0000,18219
3,20,14,35.0,65.0,1.0,0.05,0.1,0.3,356,0.8482,92.1252,47.1429,-36.9878,0.0000,18219
3,20,14,35.0,65.0,1.0,0.05,0.15,0.3,252,1.3784,142.4673,72.9044,-31.9768,0.0000,18219
3,20,14,35.0,65.0,1.2,0.02,0.05,0.3,672,1.5495,288.5269,147.6471,-30.2646,0.0000,18219
3,20,14,35.0,65.0,1.2,0.02,0.1,0.3,537,0.8793,131.4487,67.2658,-43.8087,0.0000,18219
3,20,14,35.0,65.0,1.2,0.02,0.15,0.3,457,1.1637,111.9685,57.2973,-23.7371,0.0000,18219
3,20,14,35.0,65.0,1.2,0.03,0.05,0.3,757,1.1791,111.0007,56.8020,-28.6255,0.0000,18219
3,20,14,35.0,65.0,1.2,0.03,0.1,0.3,492,1.1055,102.1105,52.2527,-24.4398,0.0000,18219
3,20,14,35.0,65.0,1.2,0.03,0.15,0.3,292,2.2686,221.5523,113.3743,-17.4606,0.0000,18219
3,20,14,35.0,65.0,1.2,0.05,0.05,0.3,529,0.8785,88.2326,45.1510,-29.1135,0.0000,18219
3,20,14,35.0,65.0,1.2,0.05,0.1,0.3,323,0.9087,93.9569,48.0803,-33.3490,0.0000,18219
3,20,14,35.0,65.0,1.2,0.05,0.15,0.3,237,1.3412,129.6760,66.3587,-31.9178,0.0000,18219
3,20,14,35.0,65.0,1.5,0.02,0.05,0.3,568,1.7335,238.9559,122.2802,-24.8133,0.0000,18219
3,20,14,35.0,65.0,1.5,0.02,0.1,0.3,447,1.4364,155.9010,79.7788,-23.4395,0.0000,18219
3,20,14,35.0,65.0,1.5,0.02,0.15,0.3,408,1.6174,127.0781,65.0293,-18.7709,0.0000,18219
3,20,14,35.0,65.0,1.5,0.03,0.05,0.3,640,1.6466,110.7635,56.6807,-18.0978,0.0000,18219
3,20,14,35.0,65.0,1.5,0.03,0.1,0.3,405,1.6719,118.8922,60.8404,-16.6451,0.0000,18219
3,20,14,35.0,65.0,1.5,0.03,0.15,0.3,282,1.9387,157.6926,80.6955,-17.1661,0.0000,18219
3,20,14,35.0,65.0,1.5,0.05,0.05,0.3,452,1.2966,92.9999,47.5906,-21.2570,0.0000,18219
3,20,14,35.0,65.0,1.5,0.05,0.1,0.3,289,0.5250,42.3568,21.6751,-38.9070,0.0000,18219
3,20,14,35.0,65.0,1.5,0.05,0.15,0.3,214,0.8219,75.0188,38.3892,-37.5853,0.0000,18219
3,20,14,35.0,70.0,1.0,0.02,0.05,0.3,501,1.2180,494.1116,252.8503,-50.3960,0.0000,18219
3,20,14,35.0,70.0,1.0,0.02,0.1,0.3,603,1.2269,220.0869,112.6244,-37.5468,0.0000,18219
3,20,14,35.0,70.0,1.0,0.02,0.15,0.3,484,1.1599,119.0649,60.9287,-22.3106,0.0000,18219
3,20,14,35.0,70.0,1.0,0.03,0.05,0.3,824,1.3375,146.1849,74.8067,-28.6152,0.0000,18219
3,20,14,35.0,70.0,1.0,0.03,0.1,0.3,529,1.1486,118.5648,60.6728,-27.8120,0.0000,18219
3,20,14,35.0,70.0,1.0,0.03,0.15,0.3,311,2.2659,234.5505,120.0258,-19.2081,0.0000,18219
3,20,14,35.0,70.0,1.0,0.05,0.05,0.3,633,1.8002,220.3399,112.7539,-20.4873,0.0000,18219
3,20,14,35.0,70.0,1.0,0.05,0.1,0.3,356,0.8482,92.1252,47.1429,-36.9878,0.0000,18219
3,20,14,35.0,70.0,1.0,0.05,0.15,0.3,252,1.3784,142.4673,72.9044,-31.9768,0.0000,18219
3,20,14,35.0,70.0,1.2,0.02,0.05,0.3,672,1.5495,288.5269,147.6471,-30.2646,0.0000,18219
3,20,14,35.0,70.0,1.2,0.02,0.1,0.3,537,0.8793,131.4487,67.2658,-43.8087,0.0000,18219
3,20,14,35.0,70.0,1.2,0.02,0.15,0.3,457,1.1637,111.9685,57.2973,-23.7371,0.0000,18219
3,20,14,35.0,70.0,1.2,0.03,0.05,0.3,757,1.1791,111.0007,56.8020,-28.6255,0.0000,18219
3,20,14,35.0,70.0,1.2,0.03,0.1,0.3,492,1.1055,102.1105,52.2527,-24.4398,0.0000,18219
3,20,14,35.0,70.0,1.2,0.03,0.15,0.3,292,2.2686,221.5523,113.3743,-17.4606,0.0000,18219
3,20,14,35.0,70.0,1.2,0.05,0.05,0.3,529,0.8785,88.2326,45.1510,-29.1135,0.0000,18219
3,20,14,35.0,70.0,1.2,0.05,0.1,0.3,323,0.9087,93.9569,48.0803,-33.3490,0.0000,18219
3,20,14,35.0,70.0,1.2,0.05,0.15,0.3,237,1.3412,129.6760,66.3587,-31.9178,0.0000,18219
3,20,14,35.0,70.0,1.5,0.02,0.05,0.3,568,1.7335,238.9559,122.2802,-24.8133,0.0000,18219
3,20,14,35.0,70.0,1.5,0.02,0.1,0.3,447,1.4364,155.9010,79.7788,-23.4395,0.0000,18219
3,20,14,35.0,70.0,1.5,0.02,0.15,0.3,408,1.6174,127.0781,65.0293,-18.7709,0.0000,18219
3,20,14,35.0,70.0,1.5,0.03,0.05,0.3,640,1.6466,110.7635,56.6807,-18.0978,0.0000,18219
3,20,14,35.0,70.0,1.5,0.03,0.1,0.3,405,1.6719,118.8922,60.8404,-16.6451,0.0000,18219
3,20,14,35.0,70.0,1.5,0.03,0.15,0.3,282,1.9387,157.6926,80.6955,-17.1661,0.0000,18219
3,20,14,35.0,70.0,1.5,0.05,0.05,0.3,452,1.2966,92.9999,47.5906,-21.2570,0.0000,18219
3,20,14,35.0,70.0,1.5,0.05,0.1,0.3,289,0.5250,42.3568,21.6751,-38.9070,0.0000,18219
3,20,14,35.0,70.0,1.5,0.05,0.15,0.3,214,0.8219,75.0188,38.3892,-37.5853,0.0000,18219
3,20,14,35.0,75.0,1.0,0.02,0.05,0.3,501,1.2180,494.1116,252.8503,-50.3960,0.0000,18219
3,20,14,35.0,75.0,1.0,0.02,0.1,0.3,603,1.2269,220.0869,112.6244,-37.5468,0.0000,18219
3,20,14,35.0,75.0,1.0,0.02,0.15,0.3,484,1.1599,119.0649,60.9287,-22.3106,0.0000,18219
3,20,14,35.0,75.0,1.0,0.03,0.05,0.3,824,1.3375,146.1849,74.8067,-28.6152,0.0000,18219
3,20,14,35.0,75.0,1.0,0.03,0.1,0.3,529,1.1486,118.5648,60.6728,-27.8120,0.0000,18219
3,20,14,35.0,75.0,1.0,0.03,0.15,0.3,311,2.2659,234.5505,120.0258,-19.2081,0.0000,18219
3,20,14,35.0,75.0,1.0,0.05,0.05,0.3,633,1.8002,220.3399,112.7539,-20.4873,0.0000,18219
3,20,14,35.0,75.0,1.0,0.05,0.1,0.3,356,0.8482,92.1252,47.1429,-36.9878,0.0000,18219
3,20,14,35.0,75.0,1.0,0.05,0.15,0.3,252,1.3784,142.4673,72.9044,-31.9768,0.0000,18219
3,20,14,35.0,75.0,1.2,0.02,0.05,0.3,672,1.5495,288.5269,147.6471,-30.2646,0.0000,18219
3,20,14,35.0,75.0,1.2,0.02,0.1,0.3,537,0.8793,131.4487,67.2658,-43.8087,0.0000,18219
3,20,14,35.0,75.0,1.2,0.02,0.15,0.3,457,1.1637,111.9685,57.2973,-23.7371,0.0000,18219
3,20,14,35.0,75.0,1.2,0.03,0.05,0.3,757,1.1791,111.0007,56.8020,-28.6255,0.0000,18219
3,20,14,35.0,75.0,1.2,0.03,0.1,0.3,492,1.1055,102.1105,52.2527,-24.4398,0.0000,18219
3,20,14,35.0,75.0,1.2,0.03,0.15,0.3,292,2.2686,221.5523,113.3743,-17.4606,0.0000,18219
3,20,14,35.0,75.0,1.2,0.05,0.05,0.3,529,0.8785,88.2326,45.1510,-29.1135,0.0000,18219
3,20,14,35.0,75.0,1.2,0.05,0.1,0.3,323,0.9087,93.9569,48.0803,-33.3490,0.0000,18219
3,20,14,35.0,75.0,1.2,0.05,0.15,0.3,237,1.3412,129.6760,66.3587,-31.9178,0.0000,18219
3,20,14,35.0,75.0,1.5,0.02,0.05,0.3,568,1.7335,238.9559,122.2802,-24.8133,0.0000,18219
3,20,14,35.0,75.0,1.5,0.02,0.1,0.3,447,1.4364,155.9010,79.7788,-23.4395,0.0000,18219
3,20,14,35.0,75.0,1.5,0.02,0.15,0.3,408,1.6174,127.0781,65.0293,-18.7709,0.0000,18219
3,20,14,35.0,75.0,1.5,0.03,0.05,0.3,640,1.6466,110.7635,56.6807,-18.0978,0.0000,18219
3,20,14,35.0,75.0,1.5,0.03,0.1,0.3,405,1.6719,118.8922,60.8404,-16.6451,0.0000,18219
3,20,14,35.0,75.0,1.5,0.03,0.15,0.3,282,1.9387,157.6926,80.6955,-17.1661,0.0000,18219
3,20,14,35.0,75.0,1.5,0.05,0.05,0.3,452,1.2966,92.9999,47.5906,-21.2570,0.0000,18219
3,20,14,35.0,75.0,1.5,0.05,0.1,0.3,289,0.5250,42.3568,21.6751,-38.9070,0.0000,18219
3,20,14,35.0,75.0,1.5,0.05,0.15,0.3,214,0.8219,75.0188,38.3892,-37.5853,0.0000,18219
3,30,9,25.0,65.0,1.0,0.02,0.05,0.3,1170,1.0123,114.8571,58.7755,-33.5257,0.0000,18219
3,30,9,25.0,65.0,1.0,0.02,0.1,0.3,688,1.2836,142.2738,72.8054,-38.0461,0.0000,18219
3,30,9,25.0,65.0,1.0,0.02,0.15,0.3,540,1.2498,138.5457,70.8976,-31.4437,0.0000,18219
3,30,9,25.0,65.0,1.0,0.03,0.05,0.3,894,0.9898,116.9997,59.8719,-28.4361,0.0000,18219
3,30,9,25.0,65.0,1.0,0.03,0.1,0.3,509,0.6684,81.2678,41.5869,-42.7265,0.0000,18219
3,30,9,25.0,65.0,1.0,0.03,0.15,0.3,413,1.2465,183.7185,94.0137,-35.2840,0.0000,18219
3,30,9,25.0,65.0,1.0,0.05,0.05,0.3,634,1.1630,121.4914,62.1705,-32.7835,0.0000,18219
3,30,9,25.0,65.0,1.0,0.05,0.1,0.3,306,0.6456,55.0757,28.1837,-35.4309,0.0000,18219
3,30,9,25.0,65.0,1.0,0.05,0.15,0.3,266,1.4208,192.7396,98.6301,-30.4235,0.0000,18219
3,30,9,25.0,65.0,1.2,0.02,0.05,0.3,372,1.0273,242.7551,124.2244,-41.4864,0.0000,18219
3,30,9,25.0,65.0,1.2,0.02,0.1,0.3,226,1.2278,232.0951,118.7694,-33.2985,0.0000,18219
3,30,9,25.0,65.0,1.2,0.02,0.15,0.3,165,1.3198,243.7945,124.7563,-31.7083,0.0000,18219
3,30,9,25.0,65.0,1.2,0.03,0.05,0.3,822,0.9678,102.8438,52.6279,-25.3053,0.0000,18219
3,30,9,25.0,65.0,1.2,0.03,0.1,0.3,475,0.7668,84.1605,43.0672,-36.0940,0.0000,18219
3,30,9,25.0,65.0,1.2,0.03,0.15,0.3,355,1.4745,170.4877,87.2432,-25.2454,0.0000,18219
3,30,9,25.0,65.0,1.2,0.05,0.05,0.3,584,1.3450,126.4263,64.6957,-22.5565,0.0000,18219
3,30,9,25.0,65.0,1.2,0.05,0.1,0.3,287,0.6949,56.4107,28.8669,-33.6127,0.0000,18219
3,30,9,25.0,65.0,1.2,0.05,0.15,0.3,237,1.5902,179.5549,91.8831,-24.7773,0.0000,18219
3,30,9,25.0,65.0,1.5,0.02,0.05,0.3,80,1.1024,433.8140,221.9944,-52.8234,0.0000,18219
3,30,9,25.0,65.0,1.5,0.02,0.1,0.3,187,1.3923,177.1314,90.6429,-25.7020,0.0000,18219
3,30,9,25.0,65.0,1.5,0.02,0.15,0.3,144,1.3585,174.2084,89.1471,-25.7043,0.0000,18219
3,30,9,25.0,65.0,1.5,0.03,0.05,0.3,370,0.3754,544.7628,278.7699,-96.3420,0.0000,18219
3,30,9,25.0,65.0,1.5,0.03,0.1,0.3,216,1.1572,204.0558,104.4209,-38.8438,0.0000,18219
3,30,9,25.0,65.0,1.5,0.03,0.15,0.3,290,1.5091,106.9313,54.7197,-16.4834,0.0000,18219
3,30,9,25.0,65.0,1.5,0.05,0.05,0.3,494,0.6598,66.4778,34.0185,-36.5520,0.0000,18219
3,30,9,25.0,65.0,1.5,0.05,0.1,0.3,257,0.6412,43.5283,22.2746,-29.5386,0.0000,18219
3,30,9,25.0,65.0,1.5,0.05,0.15,0.3,191,1.3696,115.8472,59.2822,-23.5356,0.0000,18219
3,30,9,25.0,70.0,1.0,0.02,0.05,0.3,1170,1.0123,114.8571,58.7755,-33.5257,0.0000,18219
3,30,9,25.0,70.0,1.0,0.02,0.1,0.3,688,1.2836,142.2738,72.8054,-38.0461,0.0000,18219
3,30,9,25.0,70.0,1.0,0.02,0.15,0.3,540,1.2498,138.5457,70.8976,-31.4437,0.0000,18219
3,30,9,25.0,70.0,1.0,0.03,0.05,0.3,894,0.9898,116.9997,59.8719,-28.4361,0.0000,18219
3,30,9,25.0,70.0,1.0,0.03,0.1,0.3,509,0.6684,81.2678,41.5869,-42.7265,0.0000,18219
3,30,9,25.0,70.0,1.0,0.03,0.15,0.3,413,1.2465,183.7185,94.0137,-35.2840,0.0000,18219
3,30,9,25.0,70.0,1.0,0.05,0.05,0.3,634,1.1630,121.4914,62.1705,-32.7835,0.0000,18219
3,30,9,25.0,70.0,1.0,0.05,0.1,0.3,306,0.6456,55.0757,28.1837,-35.4309,0.0000,18219
3,30,9,25.0,70.0,1.0,0.05,0.15,0.3,266,1.4208,192.7396,98.6301,-30.4235,0.0000,18219
3,30,9,25.0,70.0,1.2,0.02,0.05,0.3,372,1.0273,242.7551,124.2244,-41.4864,0.0000,18219
3,30,9,25.0,70.0,1.2,0.02,0.1,0.3,226,1.2278,232.0951,118.7694,-33.2985,0.0000,18219
3,30,9,25.0,70.0,1.2,0.02,0.15,0.3,165,1.3198,243.7945,124.7563,-31.7083,0.0000,18219
3,30,9,25.0,70.0,1.2,0.03,0.05,0.3,822,0.9678,102.8438,52.6279,-25.3053,0.0000,18219
3,30,9,25.0,70.0,1.2,0.03,0.1,0.3,475,0.7668,84.1605,43.0672,-36.0940,0.0000,18219
3,30,9,25.0,70.0,1.2,0.03,0.15,0.3,355,1.4745,170.4877,87.2432,-25.2454,0.0000,18219
3,30,9,25.0,70.0,1.2,0.05,0.05,0.3,584,1.3450,126.4263,64.6957,-22.5565,0.0000,18219
3,30,9,25.0,70.0,1.2,0.05,0.1,0.3,287,0.6949,56.4107,28.8669,-33.6127,0.0000,18219
3,30,9,25.0,70.0,1.2,0.05,0.15,0.3,237,1.5902,179.5549,91.8831,-24.7773,0.0000,18219
3,30,9,25.0,70.0,1.5,0.02,0.05,0.3,80,1.1024,433.8140,221.9944,-52.8234,0.0000,18219
3,30,9,25.0,70.0,1.5,0.02,0.1,0.3,187,1.3923,177.1314,90.6429,-25.7020,0.0000,18219
3,30,9,25.0,70.0,1.5,0.02,0.15,0.3,144,1.3585,174.2084,89.1471,-25.7043,0.0000,18219
3,30,9,25.0,70.0,1.5,0.03,0.05,0.3,370,0.3754,544.7628,278.7699,-96.3420,0.0000,18219
3,30,9,25.0,70.0,1.5,0.03,0.1,0.3,216,1.1572,204.0558,104.4209,-38.8438,0.0000,18219
3,30,9,25.0,70.0,1.5,0.03,0.15,0.3,290,1.5091,106.9313,54.7197,-16.4834,0.0000,18219
3,30,9,25.0,70.0,1.5,0.05,0.05,0.3,494,0.6598,66.4778,34.0185,-36.5520,0.0000,18219
3,30,9,25.0,70.0,1.5,0.05,0.1,0.3,257,0.6412,43.5283,22.2746,-29.5386,0.0000,18219
3,30,9,25.0,70.0,1.5,0.05,0.15,0.3,191,1.3696,115.8472,59.2822,-23.5356,0.0000,18219
3,30,9,25.0,75.0,1.0,0.02,0.05,0.3,1170,1.0123,114.8571,58.7755,-33.5257,0.0000,18219
3,30,9,25.0,75.0,1.0,0.02,0.1,0.3,688,1.2836,142.2738,72.8054,-38.0461,0.0000,18219
3,30,9,25.0,75.0,1.0,0.02,0.15,0.3,540,1.2498,138.5457,70.8976,-31.4437,0.0000,18219
3,30,9,25.0,75.0,1.0,0.03,0.05,0.3,894,0.9898,116.9997,59.8719,-28.4361,0.0000,18219
3,30,9,25.0,75.0,1.0,0.03,0.1,0.3,509,0.6684,81.2678,41.5869,-42.7265,0.0000,18219
3,30,9,25.0,75.0,1.0,0.03,0.15,0.3,413,1.2465,183.7185,94.0137,-35.2840,0.0000,18219
3,30,9,25.0,75.0,1.0,0.05,0.05,0.3,634,1.1630,121.4914,62.1705,-32.7835,0.0000,18219
3,30,9,25.0,75.0,1.0,0.05,0.1,0.3,306,0.6456,55.0757,28.1837,-35.4309,0.0000,18219
3,30,9,25.0,75.0,1.0,0.05,0.15,0.3,266,1.4208,192.7396,98.6301,-30.4235,0.0000,18219
3,30,9,25.0,75.0,1.2,0.02,0.05,0.3,372,1.0273,242.7551,124.2244,-41.4864,0.0000,18219
3,30,9,25.0,75.0,1.2,0.02,0.1,0.3,226,1.2278,232.0951,118.7694,-33.2985,0.0000,18219
3,30,9,25.0,75.0,1.2,0.02,0.15,0.3,165,1.3198,243.7945,124.7563,-31.7083,0.0000,18219
3,30,9,25.0,75.0,1.2,0.03,0.05,0.3,822,0.9678,102.8438,52.6279,-25.3053,0.0000,18219
3,30,9,25.0,75.0,1.2,0.03,0.1,0.3,475,0.7668,84.1605,43.0672,-36.0940,0.0000,18219
3,30,9,25.0,75.0,1.2,0.03,0.15,0.3,355,1.4745,170.4877,87.2432,-25.2454,0.0000,18219
3,30,9,25.0,75.0,1.2,0.05,0.05,0.3,584,1.3450,126.4263,64.6957,-22.5565,0.0000,18219
3,30,9,25.0,75.0,1.2,0.05,0.1,0.3,287,0.6949,56.4107,28.8669,-33.6127,0.0000,18219
3,30,9,25.0,75.0,1.2,0.05,0.15,0.3,237,1.5902,179.5549,91.8831,-24.7773,0.0000,18219
3,30,9,25.0,75.0,1.5,0.02,0.05,0.3,80,1.1024,433.8140,221.9944,-52.8234,0.0000,18219
3,30,9,25.0,75.0,1.5,0.02,0.1,0.3,187,1.3923,177.1314,90.6429,-25.7020,0.0000,18219
3,30,9,25.0,75.0,1.5,0.02,0.15,0.3,144,1.3585,174.2084,89.1471,-25.7043,0.0000,18219
3,30,9,25.0,75.0,1.5,0.03,0.05,0.3,370,0.3754,544.7628,278.7699,-96.3420,0.0000,18219
3,30,9,25.0,75.0,1.5,0.03,0.1,0.3,216,1.1572,204.0558,104.4209,-38.8438,0.0000,18219
3,30,9,25.0,75.0,1.5,0.03,0.15,0.3,290,1.5091,106.9313,54.7197,-16.4834,0.0000,18219
3,30,9,25.0,75.0,1.5,0.05,0.05,0.3,494,0.6598,66.4778,34.0185,-36.5520,0.0000,18219
3,30,9,25.0,75.0,1.5,0.05,0.1,0.3,257,0.6412,43.5283,22.2746,-29.5386,0.0000,18219
3,30,9,25.0,75.0,1.5,0.05,0.15,0.3,191,1.3696,115.8472,59.2822,-23.5356,0.0000,18219
3,30,9,30.0,65.0,1.0,0.02,0.05,0.3,1170,1.0123,114.8571,58.7755,-33.5257,0.0000,18219
3,30,9,30.0,65.0,1.0,0.02,0.1,0.3,688,1.2836,142.2738,72.8054,-38.0461,0.0000,18219
3,30,9,30.0,65.0,1.0,0.02,0.15,0.3,540,1.2498,138.5457,70.8976,-31.4437,0.0000,18219
3,30,9,30.0,65.0,1.0,0.03,0.05,0.3,894,0.9898,116.9997,59.8719,-28.4361,0.0000,18219
3,30,9,30.0,65.0,1.0,0.03,0.1,0.3,509,0.6684,81.2678,41.5869,-42.7265,0.0000,18219
3,30,9,30.0,65.0,1.0,0.03,0.15,0.3,413,1.2465,183.7185,94.0137,-35.2840,0.0000,18219
3,30,9,30.0,65.0,1.0,0.05,0.05,0.3,634,1.1630,121.4914,62.1705,-32.7835,0.0000,18219
3,30,9,30.0,65.0,1.0,0.05,0.1,0.3,306,0.6456,55.0757,28.1837,-35.4309,0.0000,18219
3,30,9,30.0,65.0,1.0,0.05,0.15,0.3,266,1.4208,192.7396,98.6301,-30.4235,0.0000,18219
3,30,9,30.0,65.0,1.2,0.02,0.05,0.3,372,1.0273,242.7551,124.2244,-41.4864,0.0000,18219
3,30,9,30.0,65.0,1.2,0.02,0.1,0.3,226,1.2278,232.0951,118.7694,-33.2985,0.0000,18219
3,30,9,30.0,65.0,1.2,0.02,0.15,0.3,165,1.3198,243.7945,124.7563,-31.7083,0.0000,18219
3,30,9,30.0,65.0,1.2,0.03,0.05,0.3,822,0.9678,102.8438,52.6279,-25.3053,0.0000,18219
3,30,9,30.0,65.0,1.2,0.03,0.1,0.3,475,0.7668,84.1605,43.0672,-36.0940,0.0000,18219
3,30,9,30.0,65.0,1.2,0.03,0.15,0.3,355,1.4745,170.4877,87.2432,-25.2454,0.0000,18219
3,30,9,30.0,65.0,1.2,0.05,0.05,0.3,584,1.3450,126.4263,64.6957,-22.5565,0.0000,18219
3,30,9,30.0,65.0,1.2,0.05,0.1,0.3,287,0.6949,56.4107,28.8669,-33.6127,0.0000,18219
3,30,9,30.0,65.0,1.2,0.05,0.15,0.3,237,1.5902,179.5549,91.8831,-24.7773,0.0000,18219
3,30,9,30.0,65.0,1.5,0.02,0.05,0.3,80,1.1024,433.8140,221.9944,-52.8234,0.0000,18219
3,30,9,30.0,65.0,1.5,0.02,0.1,0.3,187,1.3923,177.1314,90.6429,-25.7020,0.0000,18219
3,30,9,30.0,65.0,1.5,0.02,0.15,0.3,144,1.3585,174.2084,89.1471,-25.7043,0.0000,18219
3,30,9,30.0,65.0,1.5,0.03,0.05,0.3,370,0.3754,544.7628,278.7699,-96.3420,0.0000,18219
3,30,9,30.0,65.0,1.5,0.03,0.1,0.3,216,1.1572,204.0558,104.4209,-38.8438,0.0000,18219
3,30,9,30.0,65.0,1.5,0.03,0.15,0.3,290,1.5091,106.9313,54.7197,-16.4834,0.0000,18219
3,30,9,30.0,65.0,1.5,0.05,0.05,0.3,494,0.6598,66.4778,34.0185,-36.5520,0.0000,18219
3,30,9,30.0,65.0,1.5,0.05,0.1,0.3,257,0.6412,43.5283,22.2746,-29.5386,0.0000,18219
3,30,9,30.0,65.0,1.5,0.05,0.15,0.3,191,1.3696,115.8472,59.2822,-23.5356,0.0000,18219
3,30,9,30.0,70.0,1.0,0.02,0.05,0.3,1170,1.0123,114.8571,58.7755,-33.5257,0.0000,18219
3,30,9,30.0,70.0,1.0,0.02,0.1,0.3,688,1.2836,142.2738,72.8054,-38.0461,0.0000,18219
3,30,9,30.0,70.0,1.0,0.02,0.15,0.3,540,1.2498,138.5457,70.8976,-31.4437,0.0000,18219
3,30,9,30.0,70.0,1.0,0.03,0.05,0.3,894,0.9898,116.9997,59.8719,-28.4361,0.0000,18219
3,30,9,30.0,70.0,1.0,0.03,0.1,0.3,509,0.6684,81.2678,41.5869,-42.7265,0.0000,18219
3,30,9,30.0,70.0,1.0,0.03,0.15,0.3,413,1.2465,183.7185,94.0137,-35.2840,0.0000,18219
3,30,9,30.0,70.0,1.0,0.05,0.05,0.3,634,1.1630,121.4914,62.1705,-32.7835,0.0000,18219
3,30,9,30.0,70.0,1.0,0.05,0.1,0.3,306,0.6456,55.0757,28.1837,-35.4309,0.0000,18219
3,30,9,30.0,70.0,1.0,0.05,0.15,0.3,266,1.4208,192.7396,98.6301,-30.4235,0.0000,18219
3,30,9,30.0,70.0,1.2,0.02,0.05,0.3,372,1.0273,242.7551,124.2244,-41.4864,0.0000,18219
3,30,9,30.0,70.0,1.2,0.02,0.1,0.3,226,1.2278,232.0951,118.7694,-33.2985,0.0000,18219
3,30,9,30.0,70.0,1.2,0.02,0.15,0.3,165,1.3198,243.7945,124.7563,-31.7083,0.0000,18219
3,30,9,30.0,70.0,1.2,0.03,0.05,0.3,822,0.9678,102.8438,52.6279,-25.3053,0.0000,18219
3,30,9,30.0,70.0,1.2,0.03,0.1,0.3,475,0.7668,84.1605,43.0672,-36.0940,0.0000,18219
3,30,9,30.0,70.0,1.2,0.03,0.15,0.3,355,1.4745,170.4877,87.2432,-25.2454,0.0000,18219
3,30,9,30.0,70.0,1.2,0.05,0.05,0.3,584,1.3450,126.4263,64.6957,-22.5565,0.0000,18219
3,30,9,30.0,70.0,1.2,0.05,0.1,0.3,287,0.6949,56.4107,28.8669,-33.6127,0.0000,18219
3,30,9,30.0,70.0,1.2,0.05,0.15,0.3,237,1.5902,179.5549,91.8831,-24.7773,0.0000,18219
3,30,9,30.0,70.0,1.5,0.02,0.05,0.3,80,1.1024,433.8140,221.9944,-52.8234,0.0000,18219
3,30,9,30.0,70.0,1.5,0.02,0.1,0.3,187,1.3923,177.1314,90.6429,-25.7020,0.0000,18219
3,30,9,30.0,70.0,1.5,0.02,0.15,0.3,144,1.3585,174.2084,89.1471,-25.7043,0.0000,18219
3,30,9,30.0,70.0,1.5,0.03,0.05,0.3,370,0.3754,544.7628,278.7699,-96.3420,0.0000,18219
3,30,9,30.0,70.0,1.5,0.03,0.1,0.3,216,1.1572,204.0558,104.4209,-38.8438,0.0000,18219
3,30,9,30.0,70.0,1.5,0.03,0.15,0.3,290,1.5091,106.9313,54.7197,-16.4834,0.0000,18219
3,30,9,30.0,70.0,1.5,0.05,0.05,0.3,494,0.6598,66.4778,34.0185,-36.5520,0.0000,18219
3,30,9,30.0,70.0,1.5,0.05,0.1,0.3,257,0.6412,43.5283,22.2746,-29.5386,0.0000,18219
3,30,9,30.0,70.0,1.5,0.05,0.15,0.3,191,1.3696,115.8472,59.2822,-23.5356,0.0000,18219
3,30,9,30.0,75.0,1.0,0.02,0.05,0.3,1170,1.0123,114.8571,58.7755,-33.5257,0.0000,18219
3,30,9,30.0,75.0,1.0,0.02,0.1,0.3,688,1.2836,142.2738,72.8054,-38.0461,0.0000,18219
3,30,9,30.0,75.0,1.0,0.02,0.15,0.3,540,1.2498,138.5457,70.8976,-31.4437,0.0000,18219
3,30,9,30.0,75.0,1.0,0.03,0.05,0.3,894,0.9898,116.9997,59.8719,-28.4361,0.0000,18219
3,30,9,30.0,75.0,1.0,0.03,0.1,0.3,509,0.6684,81.2678,41.5869,-42.7265,0.0000,18219
3,30,9,30.0,75.0,1.0,0.03,0.15,0.3,413,1.2465,183.7185,94.0137,-35.2840,0.0000,18219
3,30,9,30.0,75.0,1.0,0.05,0.05,0.3,634,1.1630,121.4914,62.1705,-32.7835,0.0000,18219
3,30,9,30.0,75.0,1.0,0.05,0.1,0.3,306,0.6456,55.0757,28.1837,-35.4309,0.0000,18219
3,30,9,30.0,75.0,1.0,0.05,0.15,0.3,266,1.4208,192.7396,98.6301,-30.4235,0.0000,18219
3,30,9,30.0,75.0,1.2,0.02,0.05,0.3,372,1.0273,242.7551,124.2244,-41.4864,0.0000,18219
3,30,9,30.0,75.0,1.2,0.02,0.1,0.3,226,1.2278,232.0951,118.7694,-33.2985,0.0000,18219
3,30,9,30.0,75.0,1.2,0.02,0.15,0.3,165,1.3198,243.7945,124.7563,-31.7083,0.0000,18219
3,30,9,30.0,75.0,1.2,0.03,0.05,0.3,822,0.9678,102.8438,52.6279,-25.3053,0.0000,18219
3,30,9,30.0,75.0,1.2,0.03,0.1,0.3,475,0.7668,84.1605,43.0672,-36.0940,0.0000,18219
3,30,9,30.0,75.0,1.2,0.03,0.15,0.3,355,1.4745,170.4877,87.2432,-25.2454,0.0000,18219
3,30,9,30.0,75.0,1.2,0.05,0.05,0.3,584,1.3450,126.4263,64.6957,-22.5565,0.0000,18219
3,30,9,30.0,75.0,1.2,0.05,0.1,0.3,287,0.6949,56.4107,28.8669,-33.6127,0.0000,18219
3,30,9,30.0,75.0,1.2,0.05,0.15,0.3,237,1.5902,179.5549,91.8831,-24.7773,0.0000,18219
3,30,9,30.0,75.0,1.5,0.02,0.05,0.3,80,1.1024,433.8140,221.9944,-52.8234,0.0000,18219
3,30,9,30.0,75.0,1.5,0.02,0.1,0.3,187,1.3923,177.1314,90.6429,-25.7020,0.0000,18219
3,30,9,30.0,75.0,1.5,0.02,0.15,0.3,144,1.3585,174.2084,89.1471,-25.7043,0.0000,18219
3,30,9,30.0,75.0,1.5,0.03,0.05,0.3,370,0.3754,544.7628,278.7699,-96.3420,0.0000,18219
3,30,9,30.0,75.0,1.5,0.03,0.1,0.3,216,1.1572,204.0558,104.4209,-38.8438,0.0000,18219
3,30,9,30.0,75.0,1.5,0.03,0.15,0.3,290,1.5091,106.9313,54.7197,-16.4834,0.0000,18219
3,30,9,30.0,75.0,1.5,0.05,0.05,0.3,494,0.6598,66.4778,34.0185,-36.5520,0.0000,18219
3,30,9,30.0,75.0,1.5,0.05,0.1,0.3,257,0.6412,43.5283,22.2746,-29.5386,0.0000,18219
3,30,9,30.0,75.0,1.5,0.05,0.15,0.3,191,1.3696,115.8472,59.2822,-23.5356,0.0000,18219
3,30,9,35.0,65.0,1.0,0.02,0.05,0.3,1170,1.0123,114.8571,58.7755,-33.5257,0.0000,18219
3,30,9,35.0,65.0,1.0,0.02,0.1,0.3,688,1.2836,142.2738,72.8054,-38.0461,0.0000,18219
3,30,9,35.0,65.0,1.0,0.02,0.15,0.3,540,1.2498,138.5457,70.8976,-31.4437,0.0000,18219
3,30,9,35.0,65.0,1.0,0.03,0.05,0.3,894,0.9898,116.9997,59.8719,-28.4361,0.0000,18219
3,30,9,35.0,65.0,1.0,0.03,0.1,0.3,509,0.6684,81.2678,41.5869,-42.7265,0.0000,18219
3,30,9,35.0,65.0,1.0,0.03,0.15,0.3,413,1.2465,183.7185,94.0137,-35.2840,0.0000,18219
3,30,9,35.0,65.0,1.0,0.05,0.05,0.3,634,1.1630,121.4914,62.1705,-32.7835,0.0000,18219
3,30,9,35.0,65.0,1.0,0.05,0.1,0.3,306,0.6456,55.0757,28.1837,-35.4309,0.0000,18219
3,30,9,35.0,65.0,1.0,0.05,0.15,0.3,266,1.4208,192.7396,98.6301,-30.4235,0.0000,18219
3,30,9,35.0,65.0,1.2,0.02,0.05,0.3,372,1.0273,242.7551,124.2244,-41.4864,0.0000,18219
3,30,9,35.0,65.0,1.2,0.02,0.1,0.3,226,1.2278,232.0951,118.7694,-33.2985,0.0000,18219
3,30,9,35.0,65.0,1.2,0.02,0.15,0.3,165,1.3198,243.7945,124.7563,-31.7083,0.0000,18219
3,30,9,35.0,65.0,1.2,0.03,0.05,0.3,822,0.9678,102.8438,52.6279,-25.3053,0.0000,18219
3,30,9,35.0,65.0,1.2,0.03,0.1,0.3,475,0.7668,84.1605,43.0672,-36.0940,0.0000,18219
3,30,9,35.0,65.0,1.2,0.03,0.15,0.3,355,1.4745,170.4877,87.2432,-25.2454,0.0000,18219
3,30,9,35.0,65.0,1.2,0.05,0.05,0.3,584,1.3450,126.4263,64.6957,-22.5565,0.0000,18219
3,30,9,35.0,65.0,1.2,0.05,0.1,0.3,287,0.6949,56.4107,28.8669,-33.6127,0.0000,18219
3,30,9,35.0,65.0,1.2,0.05,0.15,0.3,237,1.5902,179.5549,91.8831,-24.7773,0.0000,18219
3,30,9,35.0,65.0,1.5,0.02,0.05,0.3,80,1.1024,433.8140,221.9944,-52.8234,0.0000,18219
3,30,9,35.0,65.0,1.5,0.02,0.1,0.3,187,1.3923,177.1314,90.6429,-25.7020,0.0000,18219
3,30,9,35.0,65.0,1.5,0.02,0.15,0.3,144,1.3585,174.2084,89.1471,-25.7043,0.0000,18219
3,30,9,35.0,65.0,1.5,0.03,0.05,0.3,370,0.3754,544.7628,278.7699,-96.3420,0.0000,18219
3,30,9,35.0,65.0,1.5,0.03,0.1,0.3,216,1.1572,204.0558,104.4209,-38.8438,0.0000,18219
3,30,9,35.0,65.0,1.5,0.03,0.15,0.3,290,1.5091,106.9313,54.7197,-16.4834,0.0000,18219
3,30,9,35.0,65.0,1.5,0.05,0.05,0.3,494,0.6598,66.4778,34.0185,-36.5520,0.0000,18219
3,30,9,35.0,65.0,1.5,0.05,0.1,0.3,257,0.6412,43.5283,22.2746,-29.5386,0.0000,18219
3,30,9,35.0,65.0,1.5,0.05,0.15,0.3,191,1.3696,115.8472,59.2822,-23.5356,0.0000,18219
3,30,9,35.0,70.0,1.0,0.02,0.05,0.3,1170,1.0123,114.8571,58.7755,-33.5257,0.0000,18219
3,30,9,35.0,70.0,1.0,0.02,0.1,0.3,688,1.2836,142.2738,72.8054,-38.0461,0.0000,18219
3,30,9,35.0,70.0,1.0,0.02,0.15,0.3,540,1.2498,138.5457,70.8976,-31.4437,0.0000,18219
3,30,9,35.0,70.0,1.0,0.03,0.05,0.3,894,0.9898,116.9997,59.8719,-28.4361,0.0000,18219
3,30,9,35.0,70.0,1.0,0.03,0.1,0.3,509,0.6684,81.2678,41.5869,-42.7265,0.0000,18219
3,30,9,35.0,70.0,1.0,0.03,0.15,0.3,413,1.2465,183.7185,94.0137,-35.2840,0.0000,18219
3,30,9,35.0,70.0,1.0,0.05,0.05,0.3,634,1.1630,121.4914,62.1705,-32.7835,0.0000,18219
3,30,9,35.0,70.0,1.0,0.05,0.1,0.3,306,0.6456,55.0757,28.1837,-35.4309,0.0000,18219
3,30,9,35.0,70.0,1.0,0.05,0.15,0.3,266,1.4208,192.7396,98.6301,-30.4235,0.0000,18219
3,30,9,35.0,70.0,1.2,0.02,0.05,0.3,372,1.0273,242.7551,124.2244,-41.4864,0.0000,18219
3,30,9,35.0,70.0,1.2,0.02,0.1,0.3,226,1.2278,232.0951,118.7694,-33.2985,0.0000,18219
3,30,9,35.0,70.0,1.2,0.02,0.15,0.3,165,1.3198,243.7945,124.7563,-31.7083,0.0000,18219
3,30,9,35.0,70.0,1.2,0.03,0.05,0.3,822,0.9678,102.8438,52.6279,-25.3053,0.0000,18219
3,30,9,35.0,70.0,1.2,0.03,0.1,0.3,475,0.7668,84.1605,43.0672,-36.0940,0.0000,18219
3,30,9,35.0,70.0,1.2,0.03,0.15,0.3,355,1.4745,170.4877,87.2432,-25.2454,0.0000,18219
3,30,9,35.0,70.0,1.2,0.05,0.05,0.3,584,1.3450,126.4263,64.6957,-22.5565,0.0000,18219
3,30,9,35.0,70.0,1.2,0.05,0.1,0.3,287,0.6949,56.4107,28.8669,-33.6127,0.0000,18219
3,30,9,35.0,70.0,1.2,0.05,0.15,0.3,237,1.5902,179.5549,91.8831,-24.7773,0.0000,18219
3,30,9,35.0,70.0,1.5,0.02,0.05,0.3,80,1.1024,433.8140,221.9944,-52.8234,0.0000,18219
3,30,9,35.0,70.0,1.5,0.02,0.1,0.3,187,1.3923,177.1314,90.6429,-25.7020,0.0000,18219
3,30,9,35.0,70.0,1.5,0.02,0.15,0.3,144,1.3585,174.2084,89.1471,-25.7043,0.0000,18219
3,30,9,35.0,70.0,1.5,0.03,0.05,0.3,370,0.3754,544.7628,278.7699,-96.3420,0.0000,18219
3,30,9,35.0,70.0,1.5,0.03,0.1,0.3,216,1.1572,204.0558,104.4209,-38.8438,0.0000,18219
3,30,9,35.0,70.0,1.5,0.03,0.15,0.3,290,1.5091,106.9313,54.7197,-16.4834,0.0000,18219
3,30,9,35.0,70.0,1.5,0.05,0.05,0.3,494,0.6598,66.4778,34.0185,-36.5520,0.0000,18219
3,30,9,35.0,70.0,1.5,0.05,0.1,0.3,257,0.6412,43.5283,22.2746,-29.5386,0.0000,18219
3,30,9,35.0,70.0,1.5,0.05,0.15,0.3,191,1.3696,115.8472,59.2822,-23.5356,0.0000,18219
3,30,9,35.0,75.0,1.0,0.02,0.05,0.3,1170,1.0123,114.8571,58.7755,-33.5257,0.0000,18219
3,30,9,35.0,75.0,1.0,0.02,0.1,0.3,688,1.2836,142.2738,72.8054,-38.0461,0.0000,18219
3,30,9,35.0,75.0,1.0,0.02,0.15,0.3,540,1.2498,138.5457,70.8976,-31.4437,0.0000,18219
3,30,9,35.0,75.0,1.0,0.03,0.05,0.3,894,0.9898,116.9997,59.8719,-28.4361,0.0000,18219
3,30,9,35.0,75.0,1.0,0.03,0.1,0.3,509,0.6684,81.2678,41.5869,-42.7265,0.0000,18219
3,30,9,35.0,75.0,1.0,0.03,0.15,0.3,413,1.2465,183.7185,94.0137,-35.2840,0.0000,18219
3,30,9,35.0,75.0,1.0,0.05,0.05,0.3,634,1.1630,121.4914,62.1705,-32.7835,0.0000,18219
3,30,9,35.0,75.0,1.0,0.05,0.1,0.3,306,0.6456,55.0757,28.1837,-35.4309,0.0000,18219
3,30,9,35.0,75.0,1.0,0.05,0.15,0.3,266,1.4208,192.7396,98.6301,-30.4235,0.0000,18219
3,30,9,35.0,75.0,1.2,0.02,0.05,0.3,372,1.0273,242.7551,124.2244,-41.4864,0.0000,18219
3,30,9,35.0,75.0,1.2,0.02,0.1,0.3,226,1.2278,232.0951,118.7694,-33.2985,0.0000,18219
3,30,9,35.0,75.0,1.2,0.02,0.15,0.3,165,1.3198,243.7945,124.7563,-31.7083,0.0000,18219
3,30,9,35.0,75.0,1.2,0.03,0.05,0.3,822,0.9678,102.8438,52.6279,-25.3053,0.0000,18219
3,30,9,35.0,75.0,1.2,0.03,0.1,0.3,475,0.7668,84.1605,43.0672,-36.0940,0.0000,18219
3,30,9,35.0,75.0,1.2,0.03,0.15,0.3,355,1.4745,170.4877,87.2432,-25.2454,0.0000,18219
3,30,9,35.0,75.0,1.2,0.05,0.05,0.3,584,1.3450,126.4263,64.6957,-22.5565,0.0000,18219
3,30,9,35.0,75.0,1.2,0.05,0.1,0.3,287,0.6949,56.4107,28.8669,-33.6127,0.0000,18219
3,30,9,35.0,75.0,1.2,0.05,0.15,0.3,237,1.5902,179.5549,91.8831,-24.7773,0.0000,18219
3,30,9,35.0,75.0,1.5,0.02,0.05,0.3,80,1.1024,433.8140,221.9944,-52.8234,0.0000,18219
3,30,9,35.0,75.0,1.5,0.02,0.1,0.3,187,1.3923,177.1314,90.6429,-25.7020,0.0000,18219
3,30,9,35.0,75.0,1.5,0.02,0.15,0.3,144,1.3585,174.2084,89.1471,-25.7043,0.0000,18219
3,30,9,35.0,75.0,1.5,0.03,0.05,0.3,370,0.3754,544.7628,278.7699,-96.3420,0.0000,18219
3,30,9,35.0,75.0,1.5,0.03,0.1,0.3,216,1.1572,204.0558,104.4209,-38.8438,0.0000,18219
3,30,9,35.0,75.0,1.5,0.03,0.15,0.3,290,1.5091,106.9313,54.7197,-16.4834,0.0000,18219
3,30,9,35.0,75.0,1.5,0.05,0.05,0.3,494,0.6598,66.4778,34.0185,-36.5520,0.0000,18219
3,30,9,35.0,75.0,1.5,0.05,0.1,0.3,257,0.6412,43.5283,22.2746,-29.5386,0.0000,18219
3,30,9,35.0,75.0,1.5,0.05,0.15,0.3,191,1.3696,115.8472,59.2822,-23.5356,0.0000,18219
3,30,14,25.0,65.0,1.0,0.02,0.05,0.3,1170,1.0123,114.8571,58.7755,-33.5257,0.0000,18219
3,30,14,25.0,65.0,1.0,0.02,0.1,0.3,688,1.2836,142.2738,72.8054,-38.0461,0.0000,18219
3,30,14,25.0,65.0,1.0,0.02,0.15,0.3,540,1.2498,138.5457,70.8976,-31.4437,0.0000,18219
3,30,14,25.0,65.0,1.0,0.03,0.05,0.3,894,0.9898,116.9997,59.8719,-28.4361,0.0000,18219
3,30,14,25.0,65.0,1.0,0.03,0.1,0.3,509,0.6684,81.2678,41.5869,-42.7265,0.0000,18219
3,30,14,25.0,65.0,1.0,0.03,0.15,0.3,413,1.2465,183.7185,94.0137,-35.2840,0.0000,18219
3,30,14,25.0,65.0,1.0,0.05,0.05,0.3,634,1.1630,121.4914,62.1705,-32.7835,0.0000,18219
3,30,14,25.0,65.0,1.0,0.05,0.1,0.3,306,0.6456,55.0757,28.1837,-35.4309,0.0000,18219
3,30,14,25.0,65.0,1.0,0.05,0.15,0.3,266,1.4208,192.7396,98.6301,-30.4235,0.0000,18219
3,30,14,25.0,65.0,1.2,0.02,0.05,0.3,372,1.0273,242.7551,124.2244,-41.4864,0.0000,18219
3,30,14,25.0,65.0,1.2,0.02,0.1,0.3,226,1.2278,232.0951,118.7694,-33.2985,0.0000,18219
3,30,14,25.0,65.0,1.2,0.02,0.15,0.3,165,1.3198,243.7945,124.7563,-31.7083,0.0000,18219
3,30,14,25.0,65.0,1.2,0.03,0.05,0.3,822,0.9678,102.8438,52.6279,-25.3053,0.0000,18219
3,30,14,25.0,65.0,1.2,0.03,0.1,0.3,475,0.7668,84.1605,43.0672,-36.0940,0.0000,18219
3,30,14,25.0,65.0,1.2,0.03,0.15,0.3,355,1.4745,170.4877,87.2432,-25.2454,0.0000,18219
3,30,14,25.0,65.0,1.2,0.05,0.05,0.3,584,1.3450,126.4263,64.6957,-22.5565,0.0000,18219
3,30,14,25.0,65.0,1.2,0.05,0.1,0.3,287,0.6949,56.4107,28.8669,-33.6127,0.0000,18219
3,30,14,25.0,65.0,1.2,0.05,0.15,0.3,237,1.5902,179.5549,91.8831,-24.7773,0.0000,18219
3,30,14,25.0,65.0,1.5,0.02,0.05,0.3,80,1.1024,433.8140,221.9944,-52.8234,0.0000,18219
3,30,14,25.0,65.0,1.5,0.02,0.1,0.3,187,1.3923,177.1314,90.6429,-25.7020,0.0000,18219
3,30,14,25.0,65.0,1.5,0.02,0.15,0.3,144,1.3585,174.2084,89.1471,-25.7043,0.0000,18219
3,30,14,25.0,65.0,1.5,0.03,0.05,0.3,370,0.3754,544.7628,278.7699,-96.3420,0.0000,18219
3,30,14,25.0,65.0,1.5,0.03,0.1,0.3,216,1.1572,204.0558,104.4209,-38.8438,0.0000,18219
3,30,14,25.0,65.0,1.5,0.03,0.15,0.3,290,1.5091,106.9313,54.7197,-16.4834,0.0000,18219
3,30,14,25.0,65.0,1.5,0.05,0.05,0.3,494,0.6598,66.4778,34.0185,-36.5520,0.0000,18219
3,30,14,25.0,65.0,1.5,0.05,0.1,0.3,257,0.6412,43.5283,22.2746,-29.5386,0.0000,18219
3,30,14,25.0,65.0,1.5,0.05,0.15,0.3,191,1.3696,115.8472,59.2822,-23.5356,0.0000,18219
3,30,14,25.0,70.0,1.0,0.02,0.05,0.3,1170,1.0123,114.8571,58.7755,-33.5257,0.0000,18219
3,30,14,25.0,70.0,1.0,0.02,0.1,0.3,688,1.2836,142.2738,72.8054,-38.0461,0.0000,18219
3,30,14,25.0,70.0,1.0,0.02,0.15,0.3,540,1.2498,138.5457,70.8976,-31.4437,0.0000,18219
3,30,14,25.0,70.0,1.0,0.03,0.05,0.3,894,0.9898,116.9997,59.8719,-28.4361,0.0000,18219
3,30,14,25.0,70.0,1.0,0.03,0.1,0.3,509,0.6684,81.2678,41.5869,-42.7265,0.0000,18219
3,30,14,25.0,70.0,1.0,0.03,0.15,0.3,413,1.2465,183.7185,94.0137,-35.2840,0.0000,18219
3,30,14,25.0,70.0,1.0,0.05,0.05,0.3,634,1.1630,121.4914,62.1705,-32.7835,0.0000,18219
3,30,14,25.0,70.0,1.0,0.05,0.1,0.3,306,0.6456,55.0757,28.1837,-35.4309,0.0000,18219
3,30,14,25.0,70.0,1.0,0.05,0.15,0.3,266,1.4208,192.7396,98.6301,-30.4235,0.0000,18219
3,30,14,25.0,70.0,1.2,0.02,0.05,0.3,372,1.0273,242.7551,124.2244,-41.4864,0.0000,18219
3,30,14,25.0,70.0,1.2,0.02,0.1,0.3,226,1.2278,232.0951,118.7694,-33.2985,0.0000,18219
3,30,14,25.0,70.0,1.2,0.02,0.15,0.3,165,1.3198,243.7945,124.7563,-31.7083,0.0000,18219
3,30,14,25.0,70.0,1.2,0.03,0.05,0.3,822,0.9678,102.8438,52.6279,-25.3053,0.0000,18219
3,30,14,25.0,70.0,1.2,0.03,0.1,0.3,475,0.7668,84.1605,43.0672,-36.0940,0.0000,18219
3,30,14,25.0,70.0,1.2,0.03,0.15,0.3,355,1.4745,170.4877,87.2432,-25.2454,0.0000,18219
3,30,14,25.0,70.0,1.2,0.05,0.05,0.3,584,1.3450,126.4263,64.6957,-22.5565,0.0000,18219
3,30,14,25.0,70.0,1.2,0.05,0.1,0.3,287,0.6949,56.4107,28.8669,-33.6127,0.0000,18219
3,30,14,25.0,70.0,1.2,0.05,0.15,0.3,237,1.5902,179.5549,91.8831,-24.7773,0.0000,18219
3,30,14,25.0,70.0,1.5,0.02,0.05,0.3,80,1.1024,433.8140,221.9944,-52.8234,0.0000,18219
3,30,14,25.0,70.0,1.5,0.02,0.1,0.3,187,1.3923,177.1314,90.6429,-25.7020,0.0000,18219
3,30,14,25.0,70.0,1.5,0.02,0.15,0.3,144,1.3585,174.2084,89.1471,-25.7043,0.0000,18219
3,30,14,25.0,70.0,1.5,0.03,0.05,0.3,370,0.3754,544.7628,278.7699,-96.3420,0.0000,18219
3,30,14,25.0,70.0,1.5,0.03,0.1,0.3,216,1.1572,204.0558,104.4209,-38.8438,0.0000,18219
3,30,14,25.0,70.0,1.5,0.03,0.15,0.3,290,1.5091,106.9313,54.7197,-16.4834,0.0000,18219
3,30,14,25.0,70.0,1.5,0.05,0.05,0.3,494,0.6598,66.4778,34.0185,-36.5520,0.0000,18219
3,30,14,25.0,70.0,1.5,0.05,0.1,0.3,257,0.6412,43.5283,22.2746,-29.5386,0.0000,18219
3,30,14,25.0,70.0,1.5,0.05,0.15,0.3,191,1.3696,115.8472,59.2822,-23.5356,0.0000,18219
3,30,14,25.0,75.0,1.0,0.02,0.05,0.3,1170,1.0123,114.8571,58.7755,-33.5257,0.0000,18219
3,30,14,25.0,75.0,1.0,0.02,0.1,0.3,688,1.2836,142.2738,72.8054,-38.0461,0.0000,18219
3,30,14,25.0,75.0,1.0,0.02,0.15,0.3,540,1.2498,138.5457,70.8976,-31.4437,0.0000,18219
3,30,14,25.0,75.0,1.0,0.03,0.05,0.3,894,0.9898,116.9997,59.8719,-28.4361,0.0000,18219
3,30,14,25.0,75.0,1.0,0.03,0.1,0.3,509,0.6684,81.2678,41.5869,-42.7265,0.0000,18219
3,30,14,25.0,75.0,1.0,0.03,0.15,0.3,413,1.2465,183.7185,94.0137,-35.2840,0.0000,18219
3,30,14,25.0,75.0,1.0,0.05,0.05,0.3,634,1.1630,121.4914,62.1705,-32.7835,0.0000,18219
3,30,14,25.0,75.0,1.0,0.05,0.1,0.3,306,0.6456,55.0757,28.1837,-35.4309,0.0000,18219
3,30,14,25.0,75.0,1.0,0.05,0.15,0.3,266,1.4208,192.7396,98.6301,-30.4235,0.0000,18219
3,30,14,25.0,75.0,1.2,0.02,0.05,0.3,372,1.0273,242.7551,124.2244,-41.4864,0.0000,18219
3,30,14,25.0,75.0,1.2,0.02,0.1,0.3,226,1.2278,232.0951,118.7694,-33.2985,0.0000,18219
3,30,14,25.0,75.0,1.2,0.02,0.15,0.3,165,1.3198,243.7945,124.7563,-31.7083,0.0000,18219
3,30,14,25.0,75.0,1.2,0.03,0.05,0.3,822,0.9678,102.8438,52.6279,-25.3053,0.0000,18219
3,30,14,25.0,75.0,1.2,0.03,0.1,0.3,475,0.7668,84.1605,43.0672,-36.0940,0.0000,18219
3,30,14,25.0,75.0,1.2,0.03,0.15,0.3,355,1.4745,170.4877,87.2432,-25.2454,0.0000,18219
3,30,14,25.0,75.0,1.2,0.05,0.05,0.3,584,1.3450,126.4263,64.6957,-22.5565,0.0000,18219
3,30,14,25.0,75.0,1.2,0.05,0.1,0.3,287,0.6949,56.4107,28.8669,-33.6127,0.0000,18219
3,30,14,25.0,75.0,1.2,0.05,0.15,0.3,237,1.5902,179.5549,91.8831,-24.7773,0.0000,18219
3,30,14,25.0,75.0,1.5,0.02,0.05,0.3,80,1.1024,433.8140,221.9944,-52.8234,0.0000,18219
3,30,14,25.0,75.0,1.5,0.02,0.1,0.3,187,1.3923,177.1314,90.6429,-25.7020,0.0000,18219
3,30,14,25.0,75.0,1.5,0.02,0.15,0.3,144,1.3585,174.2084,89.1471,-25.7043,0.0000,18219
3,30,14,25.0,75.0,1.5,0.03,0.05,0.3,370,0.3754,544.7628,278.7699,-96.3420,0.0000,18219
3,30,14,25.0,75.0,1.5,0.03,0.1,0.3,216,1.1572,204.0558,104.4209,-38.8438,0.0000,18219
3,30,14,25.0,75.0,1.5,0.03,0.15,0.3,290,1.5091,106.9313,54.7197,-16.4834,0.0000,18219
3,30,14,25.0,75.0,1.5,0.05,0.05,0.3,494,0.6598,66.4778,34.0185,-36.5520,0.0000,18219
3,30,14,25.0,75.0,1.5,0.05,0.1,0.3,257,0.6412,43.5283,22.2746,-29.5386,0.0000,18219
3,30,14,25.0,75.0,1.5,0.05,0.15,0.3,191,1.3696,115.8472,59.2822,-23.5356,0.0000,18219
3,30,14,30.0,65.0,1.0,0.02,0.05,0.3,1170,1.0123,114.8571,58.7755,-33.5257,0.0000,18219
3,30,14,30.0,65.0,1.0,0.02,0.1,0.3,688,1.2836,142.2738,72.8054,-38.0461,0.0000,18219
3,30,14,30.0,65.0,1.0,0.02,0.15,0.3,540,1.2498,138.5457,70.8976,-31.4437,0.0000,18219
3,30,14,30.0,65.0,1.0,0.03,0.05,0.3,894,0.9898,116.9997,59.8719,-28.4361,0.0000,18219
3,30,14,30.0,65.0,1.0,0.03,0.1,0.3,509,0.6684,81.2678,41.5869,-42.7265,0.0000,18219
3,30,14,30.0,65.0,1.0,0.03,0.15,0.3,413,1.2465,183.7185,94.0137,-35.2840,0.0000,18219
3,30,14,30.0,65.0,1.0,0.05,0.05,0.3,634,1.1630,121.4914,62.1705,-32.7835,0.0000,18219
3,30,14,30.0,65.0,1.0,0.05,0.1,0.3,306,0.6456,55.0757,28.1837,-35.4309,0.0000,18219
3,30,14,30.0,65.0,1.0,0.05,0.15,0.3,266,1.4208,192.7396,98.6301,-30.4235,0.0000,18219
3,30,14,30.0,65.0,1.2,0.02,0.05,0.3,372,1.0273,242.7551,124.2244,-41.4864,0.0000,18219
3,30,14,30.0,65.0,1.2,0.02,0.1,0.3,226,1.2278,232.0951,118.7694,-33.2985,0.0000,18219
3,30,14,30.0,65.0,1.2,0.02,0.15,0.3,165,1.3198,243.7945,124.7563,-31.7083,0.0000,18219
3,30,14,30.0,65.0,1.2,0.03,0.05,0.3,822,0.9678,102.8438,52.6279,-25.3053,0.0000,18219
3,30,14,30.0,65.0,1.2,0.03,0.1,0.3,475,0.7668,84.1605,43.0672,-36.0940,0.0000,18219
3,30,14,30.0,65.0,1.2,0.03,0.15,0.3,355,1.4745,170.4877,87.2432,-25.2454,0.0000,18219
3,30,14,30.0,65.0,1.2,0.05,0.05,0.3,584,1.3450,126.4263,64.6957,-22.5565,0.0000,18219
3,30,14,30.0,65.0,1.2,0.05,0.1,0.3,287,0.6949,56.4107,28.8669,-33.6127,0.0000,18219
3,30,14,30.0,65.0,1.2,0.05,0.15,0.3,237,1.5902,179.5549,91.8831,-24.7773,0.0000,18219
3,30,14,30.0,65.0,1.5,0.02,0.05,0.3,80,1.1024,433.8140,221.9944,-52.8234,0.0000,18219
3,30,14,30.0,65.0,1.5,0.02,0.1,0.3,187,1.3923,177.1314,90.6429,-25.7020,0.0000,18219
3,30,14,30.0,65.0,1.5,0.02,0.15,0.3,144,1.3585,174.2084,89.1471,-25.7043,0.0000,18219
3,30,14,30.0,65.0,1.5,0.03,0.05,0.3,370,0.3754,544.7628,278.7699,-96.3420,0.0000,18219
3,30,14,30.0,65.0,1.5,0.03,0.1,0.3,216,1.1572,204.0558,104.4209,-38.8438,0.0000,18219
3,30,14,30.0,65.0,1.5,0.03,0.15,0.3,290,1.5091,106.9313,54.7197,-16.4834,0.0000,18219
3,30,14,30.0,65.0,1.5,0.05,0.05,0.3,494,0.6598,66.4778,34.0185,-36.5520,0.0000,18219
3,30,14,30.0,65.0,1.5,0.05,0.1,0.3,257,0.6412,43.5283,22.2746,-29.5386,0.0000,18219
3,30,14,30.0,65.0,1.5,0.05,0.15,0.3,191,1.3696,115.8472,59.2822,-23.5356,0.0000,18219
3,30,14,30.0,70.0,1.0,0.02,0.05,0.3,1170,1.0123,114.8571,58.7755,-33.5257,0.0000,18219
3,30,14,30.0,70.0,1.0,0.02,0.1,0.3,688,1.2836,142.2738,72.8054,-38.0461,0.0000,18219
3,30,14,30.0,70.0,1.0,0.02,0.15,0.3,540,1.2498,138.5457,70.8976,-31.4437,0.0000,18219
3,30,14,30.0,70.0,1.0,0.03,0.05,0.3,894,0.9898,116.9997,59.8719,-28.4361,0.0000,18219
3,30,14,30.0,70.0,1.0,0.03,0.1,0.3,509,0.6684,81.2678,41.5869,-42.7265,0.0000,18219
3,30,14,30.0,70.0,1.0,0.03,0.15,0.3,413,1.2465,183.7185,94.0137,-35.2840,0.0000,18219
3,30,14,30.0,70.0,1.0,0.05,0.05,0.3,634,1.1630,121.4914,62.1705,-32.7835,0.0000,18219
3,30,14,30.0,70.0,1.0,0.05,0.1,0.3,306,0.6456,55.0757,28.1837,-35.4309,0.0000,18219
3,30,14,30.0,70.0,1.0,0.05,0.15,0.3,266,1.4208,192.7396,98.6301,-30.4235,0.0000,18219
3,30,14,30.0,70.0,1.2,0.02,0.05,0.3,372,1.0273,242.7551,124.2244,-41.4864,0.0000,18219
3,30,14,30.0,70.0,1.2,0.02,0.1,0.3,226,1.2278,232.0951,118.7694,-33.2985,0.0000,18219
3,30,14,30.0,70.0,1.2,0.02,0.15,0.3,165,1.3198,243.7945,124.7563,-31.7083,0.0000,18219
3,30,14,30.0,70.0,1.2,0.03,0.05,0.3,822,0.9678,102.8438,52.6279,-25.3053,0.0000,18219
3,30,14,30.0,70.0,1.2,0.03,0.1,0.3,475,0.7668,84.1605,43.0672,-36.0940,0.0000,18219
3,30,14,30.0,70.0,1.2,0.03,0.15,0.3,355,1.4745,170.4877,87.2432,-25.2454,0.0000,18219
3,30,14,30.0,70.0,1.2,0.05,0.05,0.3,584,1.3450,126.4263,64.6957,-22.5565,0.0000,18219
3,30,14,30.0,70.0,1.2,0.05,0.1,0.3,287,0.6949,56.4107,28.8669,-33.6127,0.0000,18219
3,30,14,30.0,70.0,1.2,0.05,0.15,0.3,237,1.5902,179.5549,91.8831,-24.7773,0.0000,18219
3,30,14,30.0,70.0,1.5,0.02,0.05,0.3,80,1.1024,433.8140,221.9944,-52.8234,0.0000,18219
3,30,14,30.0,70.0,1.5,0.02,0.1,0.3,187,1.3923,177.1314,90.6429,-25.7020,0.0000,18219
3,30,14,30.0,70.0,1.5,0.02,0.15,0.3,144,1.3585,174.2084,89.1471,-25.7043,0.0000,18219
3,30,14,30.0,70.0,1.5,0.03,0.05,0.3,370,0.3754,544.7628,278.7699,-96.3420,0.0000,18219
3,30,14,30.0,70.0,1.5,0.03,0.1,0.3,216,1.1572,204.0558,104.4209,-38.8438,0.0000,18219
3,30,14,30.0,70.0,1.5,0.03,0.15,0.3,290,1.5091,106.9313,54.7197,-16.4834,0.0000,18219
3,30,14,30.0,70.0,1.5,0.05,0.05,0.3,494,0.6598,66.4778,34.0185,-36.5520,0.0000,18219
3,30,14,30.0,70.0,1.5,0.05,0.1,0.3,257,0.6412,43.5283,22.2746,-29.5386,0.0000,18219
3,30,14,30.0,70.0,1.5,0.05,0.15,0.3,191,1.3696,115.8472,59.2822,-23.5356,0.0000,18219
3,30,14,30.0,75.0,1.0,0.02,0.05,0.3,1170,1.0123,114.8571,58.7755,-33.5257,0.0000,18219
3,30,14,30.0,75.0,1.0,0.02,0.1,0.3,688,1.2836,142.2738,72.8054,-38.0461,0.0000,18219
3,30,14,30.0,75.0,1.0,0.02,0.15,0.3,540,1.2498,138.5457,70.8976,-31.4437,0.0000,18219
3,30,14,30.0,75.0,1.0,0.03,0.05,0.3,894,0.9898,116.9997,59.8719,-28.4361,0.0000,18219
3,30,14,30.0,75.0,1.0,0.03,0.1,0.3,509,0.6684,81.2678,41.5869,-42.7265,0.0000,18219
3,30,14,30.0,75.0,1.0,0.03,0.15,0.3,413,1.2465,183.7185,94.0137,-35.2840,0.0000,18219
3,30,14,30.0,75.0,1.0,0.05,0.05,0.3,634,1.1630,121.4914,62.1705,-32.7835,0.0000,18219
3,30,14,30.0,75.0,1.0,0.05,0.1,0.3,306,0.6456,55.0757,28.1837,-35.4309,0.0000,18219
3,30,14,30.0,75.0,1.0,0.05,0.15,0.3,266,1.4208,192.7396,98.6301,-30.4235,0.0000,18219
3,30,14,30.0,75.0,1.2,0.02,0.05,0.3,372,1.0273,242.7551,124.2244,-41.4864,0.0000,18219
3,30,14,30.0,75.0,1.2,0.02,0.1,0.3,226,1.2278,232.0951,118.7694,-33.2985,0.0000,18219
3,30,14,30.0,75.0,1.2,0.02,0.15,0.3,165,1.3198,243.7945,124.7563,-31.7083,0.0000,18219
3,30,14,30.0,75.0,1.2,0.03,0.05,0.3,822,0.9678,102.8438,52.6279,-25.3053,0.0000,18219
3,30,14,30.0,75.0,1.2,0.03,0.1,0.3,475,0.7668,84.1605,43.0672,-36.0940,0.0000,18219
3,30,14,30.0,75.0,1.2,0.03,0.15,0.3,355,1.4745,170.4877,87.2432,-25.2454,0.0000,18219
3,30,14,30.0,75.0,1.2,0.05,0.05,0.3,584,1.3450,126.4263,64.6957,-22.5565,0.0000,18219
3,30,14,30.0,75.0,1.2,0.05,0.1,0.3,287,0.6949,56.4107,28.8669,-33.6127,0.0000,18219
3,30,14,30.0,75.0,1.2,0.05,0.15,0.3,237,1.5902,179.5549,91.8831,-24.7773,0.0000,18219
3,30,14,30.0,75.0,1.5,0.02,0.05,0.3,80,1.1024,433.8140,221.9944,-52.8234,0.0000,18219
3,30,14,30.0,75.0,1.5,0.02,0.1,0.3,187,1.3923,177.1314,90.6429,-25.7020,0.0000,18219
3,30,14,30.0,75.0,1.5,0.02,0.15,0.3,144,1.3585,174.2084,89.1471,-25.7043,0.0000,18219
3,30,14,30.0,75.0,1.5,0.03,0.05,0.3,370,0.3754,544.7628,278.7699,-96.3420,0.0000,18219
3,30,14,30.0,75.0,1.5,0.03,0.1,0.3,216,1.1572,204.0558,104.4209,-38.8438,0.0000,18219
3,30,14,30.0,75.0,1.5,0.03,0.15,0.3,290,1.5091,106.9313,54.7197,-16.4834,0.0000,18219
3,30,14,30.0,75.0,1.5,0.05,0.05,0.3,494,0.6598,66.4778,34.0185,-36.5520,0.0000,18219
3,30,14,30.0,75.0,1.5,0.05,0.1,0.3,257,0.6412,43.5283,22.2746,-29.5386,0.0000,18219
3,30,14,30.0,75.0,1.5,0.05,0.15,0.3,191,1.3696,115.8472,59.2822,-23.5356,0.0000,18219
3,30,14,35.0,65.0,1.0,0.02,0.05,0.3,1170,1.0123,114.8571,58.7755,-33.5257,0.0000,18219
3,30,14,35.0,65.0,1.0,0.02,0.1,0.3,688,1.2836,142.2738,72.8054,-38.0461,0.0000,18219
3,30,14,35.0,65.0,1.0,0.02,0.15,0.3,540,1.2498,138.5457,70.8976,-31.4437,0.0000,18219
3,30,14,35.0,65.0,1.0,0.03,0.05,0.3,894,0.9898,116.9997,59.8719,-28.4361,0.0000,18219
3,30,14,35.0,65.0,1.0,0.03,0.1,0.3,509,0.6684,81.2678,41.5869,-42.7265,0.0000,18219
3,30,14,35.0,65.0,1.0,0.03,0.15,0.3,413,1.2465,183.7185,94.0137,-35.2840,0.0000,18219
3,30,14,35.0,65.0,1.0,0.05,0.05,0.3,634,1.1630,121.4914,62.1705,-32.7835,0.0000,18219
3,30,14,35.0,65.0,1.0,0.05,0.1,0.3,306,0.6456,55.0757,28.1837,-35.4309,0.0000,18219
3,30,14,35.0,65.0,1.0,0.05,0.15,0.3,266,1.4208,192.7396,98.6301,-30.4235,0.0000,18219
3,30,14,35.0,65.0,1.2,0.02,0.05,0.3,372,1.0273,242.7551,124.2244,-41.4864,0.0000,18219
3,30,14,35.0,65.0,1.2,0.02,0.1,0.3,226,1.2278,232.0951,118.7694,-33.2985,0.0000,18219
3,30,14,35.0,65.0,1.2,0.02,0.15,0.3,165,1.3198,243.7945,124.7563,-31.7083,0.0000,18219
3,30,14,35.0,65.0,1.2,0.03,0.05,0.3,822,0.9678,102.8438,52.6279,-25.3053,0.0000,18219
3,30,14,35.0,65.0,1.2,0.03,0.1,0.3,475,0.7668,84.1605,43.0672,-36.0940,0.0000,18219
3,30,14,35.0,65.0,1.2,0.03,0.15,0.3,355,1.4745,170.4877,87.2432,-25.2454,0.0000,18219
3,30,14,35.0,65.0,1.2,0.05,0.05,0.3,584,1.3450,126.4263,64.6957,-22.5565,0.0000,18219
3,30,14,35.0,65.0,1.2,0.05,0.1,0.3,287,0.6949,56.4107,28.8669,-33.6127,0.0000,18219
3,30,14,35.0,65.0,1.2,0.05,0.15,0.3,237,1.5902,179.5549,91.8831,-24.7773,0.0000,18219
3,30,14,35.0,65.0,1.5,0.02,0.05,0.3,80,1.1024,433.8140,221.9944,-52.8234,0.0000,18219
3,30,14,35.0,65.0,1.5,0.02,0.1,0.3,187,1.3923,177.1314,90.6429,-25.7020,0.0000,18219
3,30,14,35.0,65.0,1.5,0.02,0.15,0.3,144,1.3585,174.2084,89.1471,-25.7043,0.0000,18219
3,30,14,35.0,65.0,1.5,0.03,0.05,0.3,370,0.3754,544.7628,278.7699,-96.3420,0.0000,18219
3,30,14,35.0,65.0,1.5,0.03,0.1,0.3,216,1.1572,204.0558,104.4209,-38.8438,0.0000,18219
3,30,14,35.0,65.0,1.5,0.03,0.15,0.3,290,1.5091,106.9313,54.7197,-16.4834,0.0000,18219
3,30,14,35.0,65.0,1.5,0.05,0.05,0.3,494,0.6598,66.4778,34.0185,-36.5520,0.0000,18219
3,30,14,35.0,65.0,1.5,0.05,0.1,0.3,257,0.6412,43.5283,22.2746,-29.5386,0.0000,18219
3,30,14,35.0,65.0,1.5,0.05,0.15,0.3,191,1.3696,115.8472,59.2822,-23.5356,0.0000,18219
3,30,14,35.0,70.0,1.0,0.02,0.05,0.3,1170,1.0123,114.8571,58.7755,-33.5257,0.0000,18219
3,30,14,35.0,70.0,1.0,0.02,0.1,0.3,688,1.2836,142.2738,72.8054,-38.0461,0.0000,18219
3,30,14,35.0,70.0,1.0,0.02,0.15,0.3,540,1.2498,138.5457,70.8976,-31.4437,0.0000,18219
3,30,14,35.0,70.0,1.0,0.03,0.05,0.3,894,0.9898,116.9997,59.8719,-28.4361,0.0000,18219
3,30,14,35.0,70.0,1.0,0.03,0.1,0.3,509,0.6684,81.2678,41.5869,-42.7265,0.0000,18219
3,30,14,35.0,70.0,1.0,0.03,0.15,0.3,413,1.2465,183.7185,94.0137,-35.2840,0.0000,18219
3,30,14,35.0,70.0,1.0,0.05,0.05,0.3,634,1.1630,121.4914,62.1705,-32.7835,0.0000,18219
3,30,14,35.0,70.0,1.0,0.05,0.1,0.3,306,0.6456,55.0757,28.1837,-35.4309,0.0000,18219
3,30,14,35.0,70.0,1.0,0.05,0.15,0.3,266,1.4208,192.7396,98.6301,-30.4235,0.0000,18219
3,30,14,35.0,70.0,1.2,0.02,0.05,0.3,372,1.0273,242.7551,124.2244,-41.4864,0.0000,18219
3,30,14,35.0,70.0,1.2,0.02,0.1,0.3,226,1.2278,232.0951,118.7694,-33.2985,0.0000,18219
3,30,14,35.0,70.0,1.2,0.02,0.15,0.3,165,1.3198,243.7945,124.7563,-31.7083,0.0000,18219
3,30,14,35.0,70.0,1.2,0.03,0.05,0.3,822,0.9678,102.8438,52.6279,-25.3053,0.0000,18219
3,30,14,35.0,70.0,1.2,0.03,0.1,0.3,475,0.7668,84.1605,43.0672,-36.0940,0.0000,18219
3,30,14,35.0,70.0,1.2,0.03,0.15,0.3,355,1.4745,170.4877,87.2432,-25.2454,0.0000,18219
3,30,14,35.0,70.0,1.2,0.05,0.05,0.3,584,1.3450,126.4263,64.6957,-22.5565,0.0000,18219
3,30,14,35.0,70.0,1.2,0.05,0.1,0.3,287,0.6949,56.4107,28.8669,-33.6127,0.0000,18219
3,30,14,35.0,70.0,1.2,0.05,0.15,0.3,237,1.5902,179.5549,91.8831,-24.7773,0.0000,18219
3,30,14,35.0,70.0,1.5,0.02,0.05,0.3,80,1.1024,433.8140,221.9944,-52.8234,0.0000,18219
3,30,14,35.0,70.0,1.5,0.02,0.1,0.3,187,1.3923,177.1314,90.6429,-25.7020,0.0000,18219
3,30,14,35.0,70.0,1.5,0.02,0.15,0.3,144,1.3585,174.2084,89.1471,-25.7043,0.0000,18219
3,30,14,35.0,70.0,1.5,0.03,0.05,0.3,370,0.3754,544.7628,278.7699,-96.3420,0.0000,18219
3,30,14,35.0,70.0,1.5,0.03,0.1,0.3,216,1.1572,204.0558,104.4209,-38.8438,0.0000,18219
3,30,14,35.0,70.0,1.5,0.03,0.15,0.3,290,1.5091,106.9313,54.7197,-16.4834,0.0000,18219
3,30,14,35.0,70.0,1.5,0.05,0.05,0.3,494,0.6598,66.4778,34.0185,-36.5520,0.0000,18219
3,30,14,35.0,70.0,1.5,0.05,0.1,0.3,257,0.6412,43.5283,22.2746,-29.5386,0.0000,18219
3,30,14,35.0,70.0,1.5,0.05,0.15,0.3,191,1.3696,115.8472,59.2822,-23.5356,0.0000,18219
3,30,14,35.0,75.0,1.0,0.02,0.05,0.3,1170,1.0123,114.8571,58.7755,-33.5257,0.0000,18219
3,30,14,35.0,75.0,1.0,0.02,0.1,0.3,688,1.2836,142.2738,72.8054,-38.0461,0.0000,18219
3,30,14,35.0,75.0,1.0,0.02,0.15,0.3,540,1.2498,138.5457,70.8976,-31.4437,0.0000,18219
3,30,14,35.0,75.0,1.0,0.03,0.05,0.3,894,0.9898,116.9997,59.8719,-28.4361,0.0000,18219
3,30,14,35.0,75.0,1.0,0.03,0.1,0.3,509,0.6684,81.2678,41.5869,-42.7265,0.0000,18219
3,30,14,35.0,75.0,1.0,0.03,0.15,0.3,413,1.2465,183.7185,94.0137,-35.2840,0.0000,18219
3,30,14,35.0,75.0,1.0,0.05,0.05,0.3,634,1.1630,121.4914,62.1705,-32.7835,0.0000,18219
3,30,14,35.0,75.0,1.0,0.05,0.1,0.3,306,0.6456,55.0757,28.1837,-35.4309,0.0000,18219
3,30,14,35.0,75.0,1.0,0.05,0.15,0.3,266,1.4208,192.7396,98.6301,-30.4235,0.0000,18219
3,30,14,35.0,75.0,1.2,0.02,0.05,0.3,372,1.0273,242.7551,124.2244,-41.4864,0.0000,18219
3,30,14,35.0,75.0,1.2,0.02,0.1,0.3,226,1.2278,232.0951,118.7694,-33.2985,0.0000,18219
3,30,14,35.0,75.0,1.2,0.02,0.15,0.3,165,1.3198,243.7945,124.7563,-31.7083,0.0000,18219
3,30,14,35.0,75.0,1.2,0.03,0.05,0.3,822,0.9678,102.8438,52.6279,-25.3053,0.0000,18219
3,30,14,35.0,75.0,1.2,0.03,0.1,0.3,475,0.7668,84.1605,43.0672,-36.0940,0.0000,18219
3,30,14,35.0,75.0,1.2,0.03,0.15,0.3,355,1.4745,170.4877,87.2432,-25.2454,0.0000,18219
3,30,14,35.0,75.0,1.2,0.05,0.05,0.3,584,1.3450,126.4263,64.6957,-22.5565,0.0000,18219
3,30,14,35.0,75.0,1.2,0.05,0.1,0.3,287,0.6949,56.4107,28.8669,-33.6127,0.0000,18219
3,30,14,35.0,75.0,1.2,0.05,0.15,0.3,237,1.5902,179.5549,91.8831,-24.7773,0.0000,18219
3,30,14,35.0,75.0,1.5,0.02,0.05,0.3,80,1.1024,433.8140,221.9944,-52.8234,0.0000,18219
3,30,14,35.0,75.0,1.5,0.02,0.1,0.3,187,1.3923,177.1314,90.6429,-25.7020,0.0000,18219
3,30,14,35.0,75.0,1.5,0.02,0.15,0.3,144,1.3585,174.2084,89.1471,-25.7043,0.0000,18219
3,30,14,35.0,75.0,1.5,0.03,0.05,0.3,370,0.3754,544.7628,278.7699,-96.3420,0.0000,18219
3,30,14,35.0,75.0,1.5,0.03,0.1,0.3,216,1.1572,204.0558,104.4209,-38.8438,0.0000,18219
3,30,14,35.0,75.0,1.5,0.03,0.15,0.3,290,1.5091,106.9313,54.7197,-16.4834,0.0000,18219
3,30,14,35.0,75.0,1.5,0.05,0.05,0.3,494,0.6598,66.4778,34.0185,-36.5520,0.0000,18219
3,30,14,35.0,75.0,1.5,0.05,0.1,0.3,257,0.6412,43.5283,22.2746,-29.5386,0.0000,18219
3,30,14,35.0,75.0,1.5,0.05,0.15,0.3,191,1.3696,115.8472,59.2822,-23.5356,0.0000,18219
3,50,9,25.0,65.0,1.0,0.02,0.05,0.3,1522,0.8339,253.9263,129.9409,-54.2253,0.0000,18219
3,50,9,25.0,65.0,1.0,0.02,0.1,0.3,1251,0.8611,208.4383,106.6635,-53.6554,0.0000,18219
3,50,9,25.0,65.0,1.0,0.02,0.15,0.3,1116,0.8808,200.9535,102.8333,-53.6640,0.0000,18219
3,50,9,25.0,65.0,1.0,0.03,0.05,0.3,368,0.8022,1011.3900,517.5557,-80.0324,0.0000,18219
3,50,9,25.0,65.0,1.0,0.03,0.1,0.3,300,0.7706,734.9697,376.1039,-78.0226,0.0000,18219
3,50,9,25.0,65.0,1.0,0.03,0.15,0.3,816,1.1795,366.7724,187.6874,-54.0217,0.0000,18219
3,50,9,25.0,65.0,1.0,0.05,0.05,0.3,1008,1.0010,290.4250,148.6183,-52.0440,0.0000,18219
3,50,9,25.0,65.0,1.0,0.05,0.1,0.3,672,0.5804,212.4915,108.7376,-71.5317,0.0000,18219
3,50,9,25.0,65.0,1.0,0.05,0.15,0.3,597,0.9757,365.2987,186.9332,-64.1060,0.0000,18219
3,50,9,25.0,65.0,1.2,0.02,0.05,0.3,206,0.9710,1213.1819,620.8180,-68.8025,0.0000,18219
3,50,9,25.0,65.0,1.2,0.02,0.1,0.3,199,1.0048,1180.4218,604.0538,-67.8012,0.0000,18219
3,50,9,25.0,65.0,1.2,0.02,0.15,0.3,176,1.0481,1191.2481,609.5939,-66.9261,0.0000,18219
3,50,9,25.0,65.0,1.2,0.03,0.05,0.3,175,1.0128,627.8893,321.3079,-58.9484,0.0000,18219
3,50,9,25.0,65.0,1.2,0.03,0.1,0.3,173,1.1345,660.3642,337.9263,-55.3086,0.0000,18219
3,50,9,25.0,65.0,1.2,0.03,0.15,0.3,148,1.1663,670.3654,343.0441,-54.2765,0.0000,18219
3,50,9,25.0,65.0,1.2,0.05,0.05,0.3,842,1.0248,233.1821,119.3256,-51.7498,0.0000,18219
3,50,9,25.0,65.0,1.2,0.05,0.1,0.3,545,0.5669,155.0988,79.3683,-61.1433,0.0000,18219
3,50,9,25.0,65.0,1.2,0.05,0.15,0.3,508,1.0477,309.5138,158.3866,-56.8637,0.0000,18219
3,50,9,25.0,65.0,1.5,0.02,0.05,0.3,95,1.0884,413.0761,211.3822,-51.5120,0.0000,18219
3,50,9,25.0,65.0,1.5,0.02,0.1,0.3,144,1.0251,842.7264,431.2459,-64.2014,0.0000,18219
3,50,9,25.0,65.0,1.5,0.02,0.15,0.3,128,1.0368,845.5832,432.7078,-63.9076,0.0000,18219
3,50,9,25.0,65.0,1.5,0.03,0.05,0.3,130,1.0433,506.5851,259.2333,-55.6481,0.0000,18219
3,50,9,25.0,65.0,1.5,0.03,0.1,0.3,122,1.1406,527.8127,270.0960,-52.9634,0.0000,18219
3,50,9,25.0,65.0,1.5,0.03,0.15,0.3,106,1.1397,530.7053,271.5763,-52.6175,0.0000,18219
3,50,9,25.0,65.0,1.5,0.05,0.05,0.3,618,1.0953,180.3125,92.2708,-32.8460,0.0000,18219
3,50,9,25.0,65.0,1.5,0.05,0.1,0.3,388,1.0045,184.9098,94.6233,-46.5456,0.0000,18219
3,50,9,25.0,65.0,1.5,0.05,0.15,0.3,360,1.1938,246.1499,125.9616,-46.8580,0.0000,18219
3,50,9,25.0,70.0,1.0,0.02,0.05,0.3,1522,0.8339,253.9263,129.9409,-54.2253,0.0000,18219
3,50,9,25.0,70.0,1.0,0.02,0.1,0.3,1251,0.8611,208.4383,106.6635,-53.6554,0.0000,18219
3,50,9,25.0,70.0,1.0,0.02,0.15,0.3,1116,0.8808,200.9535,102.8333,-53.6640,0.0000,18219
3,50,9,25.0,70.0,1.0,0.03,0.05,0.3,368,0.8022,1011.3900,517.5557,-80.0324,0.0000,18219
3,50,9,25.0,70.0,1.0,0.03,0.1,0.3,300,0.7706,734.9697,376.1039,-78.0226,0.0000,18219
3,50,9,25.0,70.0,1.0,0.03,0.15,0.3,816,1.1795,366.7724,187.6874,-54.0217,0.0000,18219
3,50,9,25.0,70.0,1.0,0.05,0.05,0.3,1008,1.0010,290.4250,148.6183,-52.0440,0.0000,18219
3,50,9,25.0,70.0,1.0,0.05,0.1,0.3,672,0.5804,212.4915,108.7376,-71.5317,0.0000,18219
3,50,9,25.0,70.0,1.0,0.05,0.15,0.3,597,0.9757,365.2987,186.9332,-64.1060,0.0000,18219
3,50,9,25.0,70.0,1.2,0.02,0.05,0.3,206,0.9710,1213.1819,620.8180,-68.8025,0.0000,18219
3,50,9,25.0,70.0,1.2,0.02,0.1,0.3,199,1.0048,1180.4218,604.0538,-67.8012,0.0000,18219
3,50,9,25.0,70.0,1.2,0.02,0.15,0.3,176,1.0481,1191.2481,609.5939,-66.9261,0.0000,18219
3,50,9,25.0,70.0,1.2,0.03,0.05,0.3,175,1.0128,627.8893,321.3079,-58.9484,0.0000,18219
3,50,9,25.0,70.0,1.2,0.03,0.1,0.3,173,1.1345,660.3642,337.9263,-55.3086,0.0000,18219
3,50,9,25.0,70.0,1.2,0.03,0.15,0.3,148,1.1663,670.3654,343.0441,-54.2765,0.0000,18219
3,50,9,25.0,70.0,1.2,0.05,0.05,0.3,842,1.0248,233.1821,119.3256,-51.7498,0.0000,18219
3,50,9,25.0,70.0,1.2,0.05,0.1,0.3,545,0.5669,155.0988,79.3683,-61.1433,0.0000,18219
3,50,9,25.0,70.0,1.2,0.05,0.15,0.3,508,1.0477,309.5138,158.3866,-56.8637,0.0000,18219
3,50,9,25.0,70.0,1.5,0.02,0.05,0.3,95,1.0884,413.0761,211.3822,-51.5120,0.0000,18219
3,50,9,25.0,70.0,1.5,0.02,0.1,0.3,144,1.0251,842.7264,431.2459,-64.2014,0.0000,18219
3,50,9,25.0,70.0,1.5,0.02,0.15,0.3,128,1.0368,845.5832,432.7078,-63.9076,0.0000,18219
3,50,9,25.0,70.0,1.5,0.03,0.05,0.3,130,1.0433,506.5851,259.2333,-55.6481,0.0000,18219
3,50,9,25.0,70.0,1.5,0.03,0.1,0.3,122,1.1406,527.8127,270.0960,-52.9634,0.0000,18219
3,50,9,25.0,70.0,1.5,0.03,0.15,0.3,106,1.1397,530.7053,271.5763,-52.6175,0.0000,18219
3,50,9,25.0,70.0,1.5,0.05,0.05,0.3,618,1.0953,180.3125,92.2708,-32.8460,0.0000,18219
3,50,9,25.0,70.0,1.5,0.05,0.1,0.3,388,1.0045,184.9098,94.6233,-46.5456,0.0000,18219
3,50,9,25.0,70.0,1.5,0.05,0.15,0.3,360,1.1938,246.1499,125.9616,-46.8580,0.0000,18219
3,50,9,25.0,75.0,1.0,0.02,0.05,0.3,1522,0.8339,253.9263,129.9409,-54.2253,0.0000,18219
3,50,9,25.0,75.0,1.0,0.02,0.1,0.3,1251,0.8611,208.4383,106.6635,-53.6554,0.0000,18219
3,50,9,25.0,75.0,1.0,0.02,0.15,0.3,1116,0.8808,200.9535,102.8333,-53.6640,0.0000,18219
3,50,9,25.0,75.0,1.0,0.03,0.05,0.3,368,0.8022,1011.3900,517.5557,-80.0324,0.0000,18219
3,50,9,25.0,75.0,1.0,0.03,0.1,0.3,300,0.7706,734.9697,376.1039,-78.0226,0.0000,18219
3,50,9,25.0,75.0,1.0,0.03,0.15,0.3,816,1.1795,366.7724,187.6874,-54.0217,0.0000,18219
3,50,9,25.0,75.0,1.0,0.05,0.05,0.3,1008,1.0010,290.4250,148.6183,-52.0440,0.0000,18219
3,50,9,25.0,75.0,1.0,0.05,0.1,0.3,672,0.5804,212.4915,108.7376,-71.5317,0.0000,18219
3,50,9,25.0,75.0,1.0,0.05,0.15,0.3,597,0.9757,365.2987,186.9332,-64.1060,0.0000,18219
3,50,9,25.0,75.0,1.2,0.02,0.05,0.3,206,0.9710,1213.1819,620.8180,-68.8025,0.0000,18219
3,50,9,25.0,75.0,1.2,0.02,0.1,0.3,199,1.0048,1180.4218,604.0538,-67.8012,0.0000,18219
3,50,9,25.0,75.0,1.2,0.02,0.15,0.3,176,1.0481,1191.2481,609.5939,-66.9261,0.0000,18219
3,50,9,25.0,75.0,1.2,0.03,0.05,0.3,175,1.0128,627.8893,321.3079,-58.9484,0.0000,18219
3,50,9,25.0,75.0,1.2,0.03,0.1,0.3,173,1.1345,660.3642,337.9263,-55.3086,0.0000,18219
3,50,9,25.0,75.0,1.2,0.03,0.15,0.3,148,1.1663,670.3654,343.0441,-54.2765,0.0000,18219
3,50,9,25.0,75.0,1.2,0.05,0.05,0.3,842,1.0248,233.1821,119.3256,-51.7498,0.0000,18219
3,50,9,25.0,75.0,1.2,0.05,0.1,0.3,545,0.5669,155.0988,79.3683,-61.1433,0.0000,18219
3,50,9,25.0,75.0,1.2,0.05,0.15,0.3,508,1.0477,309.5138,158.3866,-56.8637,0.0000,18219
3,50,9,25.0,75.0,1.5,0.02,0.05,0.3,95,1.0884,413.0761,211.3822,-51.5120,0.0000,18219
3,50,9,25.0,75.0,1.5,0.02,0.1,0.3,144,1.0251,842.7264,431.2459,-64.2014,0.0000,18219
3,50,9,25.0,75.0,1.5,0.02,0.15,0.3,128,1.0368,845.5832,432.7078,-63.9076,0.0000,18219
3,50,9,25.0,75.0,1.5,0.03,0.05,0.3,130,1.0433,506.5851,259.2333,-55.6481,0.0000,18219
3,50,9,25.0,75.0,1.5,0.03,0.1,0.3,122,1.1406,527.8127,270.0960,-52.9634,0.0000,18219
3,50,9,25.0,75.0,1.5,0.03,0.15,0.3,106,1.1397,530.7053,271.5763,-52.6175,0.0000,18219
3,50,9,25.0,75.0,1.5,0.05,0.05,0.3,618,1.0953,180.3125,92.2708,-32.8460,0.0000,18219
3,50,9,25.0,75.0,1.5,0.05,0.1,0.3,388,1.0045,184.9098,94.6233,-46.5456,0.0000,18219
3,50,9,25.0,75.0,1.5,0.05,0.15,0.3,360,1.1938,246.1499,125.9616,-46.8580,0.0000,18219
3,50,9,30.0,65.0,1.0,0.02,0.05,0.3,1522,0.8339,253.9263,129.9409,-54.2253,0.0000,18219
3,50,9,30.0,65.0,1.0,0.02,0.1,0.3,1251,0.8611,208.4383,106.6635,-53.6554,0.0000,18219
3,50,9,30.0,65.0,1.0,0.02,0.15,0.3,1116,0.8808,200.9535,102.8333,-53.6640,0.0000,18219
3,50,9,30.0,65.0,1.0,0.03,0.05,0.3,368,0.8022,1011.3900,517.5557,-80.0324,0.0000,18219
3,50,9,30.0,65.0,1.0,0.03,0.1,0.3,300,0.7706,734.9697,376.1039,-78.0226,0.0000,18219
3,50,9,30.0,65.0,1.0,0.03,0.15,0.3,816,1.1795,366.7724,187.6874,-54.0217,0.0000,18219
3,50,9,30.0,65.0,1.0,0.05,0.05,0.3,1008,1.0010,290.4250,148.6183,-52.0440,0.0000,18219
3,50,9,30.0,65.0,1.0,0.05,0.1,0.3,672,0.5804,212.4915,108.7376,-71.5317,0.0000,18219
3,50,9,30.0,65.0,1.0,0.05,0.15,0.3,597,0.9757,365.2987,186.9332,-64.1060,0.0000,18219
3,50,9,30.0,65.0,1.2,0.02,0.05,0.3,206,0.9710,1213.1819,620.8180,-68.8025,0.0000,18219
3,50,9,30.0,65.0,1.2,0.02,0.1,0.3,199,1.0048,1180.4218,604.0538,-67.8012,0.0000,18219
3,50,9,30.0,65.0,1.2,0.02,0.15,0.3,176,1.0481,1191.2481,609.5939,-66.9261,0.0000,18219
3,50,9,30.0,65.0,1.2,0.03,0.05,0.3,175,1.0128,627.8893,321.3079,-58.9484,0.0000,18219
3,50,9,30.0,65.0,1.2,0.03,0.1,0.3,173,1.1345,660.3642,337.9263,-55.3086,0.0000,18219
3,50,9,30.0,65.0,1.2,0.03,0.15,0.3,148,1.1663,670.3654,343.0441,-54.2765,0.0000,18219
3,50,9,30.0,65.0,1.2,0.05,0.05,0.3,842,1.0248,233.1821,119.3256,-51.7498,0.0000,18219
3,50,9,30.0,65.0,1.2,0.05,0.1,0.3,545,0.5669,155.0988,79.3683,-61.1433,0.0000,18219
3,50,9,30.0,65.0,1.2,0.05,0.15,0.3,508,1.0477,309.5138,158.3866,-56.8637,0.0000,18219
3,50,9,30.0,65.0,1.5,0.02,0.05,0.3,95,1.0884,413.0761,211.3822,-51.5120,0.0000,18219
3,50,9,30.0,65.0,1.5,0.02,0.1,0.3,144,1.0251,842.7264,431.2459,-64.2014,0.0000,18219
3,50,9,30.0,65.0,1.5,0.02,0.15,0.3,128,1.0368,845.5832,432.7078,-63.9076,0.0000,18219
3,50,9,30.0,65.0,1.5,0.03,0.05,0.3,130,1.0433,506.5851,259.2333,-55.6481,0.0000,18219
3,50,9,30.0,65.0,1.5,0.03,0.1,0.3,122,1.1406,527.8127,270.0960,-52.9634,0.0000,18219
3,50,9,30.0,65.0,1.5,0.03,0.15,0.3,106,1.1397,530.7053,271.5763,-52.6175,0.0000,18219
3,50,9,30.0,65.0,1.5,0.05,0.05,0.3,618,1.0953,180.3125,92.2708,-32.8460,0.0000,18219
3,50,9,30.0,65.0,1.5,0.05,0.1,0.3,388,1.0045,184.9098,94.6233,-46.5456,0.0000,18219
3,50,9,30.0,65.0,1.5,0.05,0.15,0.3,360,1.1938,246.1499,125.9616,-46.8580,0.0000,18219
3,50,9,30.0,70.0,1.0,0.02,0.05,0.3,1522,0.8339,253.9263,129.9409,-54.2253,0.0000,18219
3,50,9,30.0,70.0,1.0,0.02,0.1,0.3,1251,0.8611,208.4383,106.6635,-53.6554,0.0000,18219
3,50,9,30.0,70.0,1.0,0.02,0.15,0.3,1116,0.8808,200.9535,102.8333,-53.6640,0.0000,18219
3,50,9,30.0,70.0,1.0,0.03,0.05,0.3,368,0.8022,1011.3900,517.5557,-80.0324,0.0000,18219
3,50,9,30.0,70.0,1.0,0.03,0.1,0.3,300,0.7706,734.9697,376.1039,-78.0226,0.0000,18219
3,50,9,30.0,70.0,1.0,0.03,0.15,0.3,816,1.1795,366.7724,187.6874,-54.0217,0.0000,18219
3,50,9,30.0,70.0,1.0,0.05,0.05,0.3,1008,1.0010,290.4250,148.6183,-52.0440,0.0000,18219
3,50,9,30.0,70.0,1.0,0.05,0.1,0.3,672,0.5804,212.4915,108.7376,-71.5317,0.0000,18219
3,50,9,30.0,70.0,1.0,0.05,0.15,0.3,597,0.9757,365.2987,186.9332,-64.1060,0.0000,18219
3,50,9,30.0,70.0,1.2,0.02,0.05,0.3,206,0.9710,1213.1819,620.8180,-68.8025,0.0000,18219
3,50,9,30.0,70.0,1.2,0.02,0.1,0.3,199,1.0048,1180.4218,604.0538,-67.8012,0.0000,18219
3,50,9,30.0,70.0,1.2,0.02,0.15,0.3,176,1.0481,1191.2481,609.5939,-66.9261,0.0000,18219
3,50,9,30.0,70.0,1.2,0.03,0.05,0.3,175,1.0128,627.8893,321.3079,-58.9484,0.0000,18219
3,50,9,30.0,70.0,1.2,0.03,0.1,0.3,173,1.1345,660.3642,337.9263,-55.3086,0.0000,18219
3,50,9,30.0,70.0,1.2,0.03,0.15,0.3,148,1.1663,670.3654,343.0441,-54.2765,0.0000,18219
3,50,9,30.0,70.0,1.2,0.05,0.05,0.3,842,1.0248,233.1821,119.3256,-51.7498,0.0000,18219
3,50,9,30.0,70.0,1.2,0.05,0.1,0.3,545,0.5669,155.0988,79.3683,-61.1433,0.0000,18219
3,50,9,30.0,70.0,1.2,0.05,0.15,0.3,508,1.0477,309.5138,158.3866,-56.8637,0.0000,18219
3,50,9,30.0,70.0,1.5,0.02,0.05,0.3,95,1.0884,413.0761,211.3822,-51.5120,0.0000,18219
3,50,9,30.0,70.0,1.5,0.02,0.1,0.3,144,1.0251,842.7264,431.2459,-64.2014,0.0000,18219
3,50,9,30.0,70.0,1.5,0.02,0.15,0.3,128,1.0368,845.5832,432.7078,-63.9076,0.0000,18219
3,50,9,30.0,70.0,1.5,0.03,0.05,0.3,130,1.0433,506.5851,259.2333,-55.6481,0.0000,18219
3,50,9,30.0,70.0,1.5,0.03,0.1,0.3,122,1.1406,527.8127,270.0960,-52.9634,0.0000,18219
3,50,9,30.0,70.0,1.5,0.03,0.15,0.3,106,1.1397,530.7053,271.5763,-52.6175,0.0000,18219
3,50,9,30.0,70.0,1.5,0.05,0.05,0.3,618,1.0953,180.3125,92.2708,-32.8460,0.0000,18219
3,50,9,30.0,70.0,1.5,0.05,0.1,0.3,388,1.0045,184.9098,94.6233,-46.5456,0.0000,18219
3,50,9,30.0,70.0,1.5,0.05,0.15,0.3,360,1.1938,246.1499,125.9616,-46.8580,0.0000,18219
3,50,9,30.0,75.0,1.0,0.02,0.05,0.3,1522,0.8339,253.9263,129.9409,-54.2253,0.0000,18219
3,50,9,30.0,75.0,1.0,0.02,0.1,0.3,1251,0.8611,208.4383,106.6635,-53.6554,0.0000,18219
3,50,9,30.0,75.0,1.0,0.02,0.15,0.3,1116,0.8808,200.9535,102.8333,-53.6640,0.0000,18219
3,50,9,30.0,75.0,1.0,0.03,0.05,0.3,368,0.8022,1011.3900,517.5557,-80.0324,0.0000,18219
3,50,9,30.0,75.0,1.0,0.03,0.1,0.3,300,0.7706,734.9697,376.1039,-78.0226,0.0000,18219
3,50,9,30.0,75.0,1.0,0.03,0.15,0.3,816,1.1795,366.7724,187.6874,-54.0217,0.0000,18219
3,50,9,30.0,75.0,1.0,0.05,0.05,0.3,1008,1.0010,290.4250,148.6183,-52.0440,0.0000,18219
3,50,9,30.0,75.0,1.0,0.05,0.1,0.3,672,0.5804,212.4915,108.7376,-71.5317,0.0000,18219
3,50,9,30.0,75.0,1.0,0.05,0.15,0.3,597,0.9757,365.2987,186.9332,-64.1060,0.0000,18219
3,50,9,30.0,75.0,1.2,0.02,0.05,0.3,206,0.9710,1213.1819,620.8180,-68.8025,0.0000,18219
3,50,9,30.0,75.0,1.2,0.02,0.1,0.3,199,1.0048,1180.4218,604.0538,-67.8012,0.0000,18219
3,50,9,30.0,75.0,1.2,0.02,0.15,0.3,176,1.0481,1191.2481,609.5939,-66.9261,0.0000,18219
3,50,9,30.0,75.0,1.2,0.03,0.05,0.3,175,1.0128,627.8893,321.3079,-58.9484,0.0000,18219
3,50,9,30.0,75.0,1.2,0.03,0.1,0.3,173,1.1345,660.3642,337.9263,-55.3086,0.0000,18219
3,50,9,30.0,75.0,1.2,0.03,0.15,0.3,148,1.1663,670.3654,343.0441,-54.2765,0.0000,18219
3,50,9,30.0,75.0,1.2,0.05,0.05,0.3,842,1.0248,233.1821,119.3256,-51.7498,0.0000,18219
3,50,9,30.0,75.0,1.2,0.05,0.1,0.3,545,0.5669,155.0988,79.3683,-61.1433,0.0000,18219
3,50,9,30.0,75.0,1.2,0.05,0.15,0.3,508,1.0477,309.5138,158.3866,-56.8637,0.0000,18219
3,50,9,30.0,75.0,1.5,0.02,0.05,0.3,95,1.0884,413.0761,211.3822,-51.5120,0.0000,18219
3,50,9,30.0,75.0,1.5,0.02,0.1,0.3,144,1.0251,842.7264,431.2459,-64.2014,0.0000,18219
3,50,9,30.0,75.0,1.5,0.02,0.15,0.3,128,1.0368,845.5832,432.7078,-63.9076,0.0000,18219
3,50,9,30.0,75.0,1.5,0.03,0.05,0.3,130,1.0433,506.5851,259.2333,-55.6481,0.0000,18219
3,50,9,30.0,75.0,1.5,0.03,0.1,0.3,122,1.1406,527.8127,270.0960,-52.9634,0.0000,18219
3,50,9,30.0,75.0,1.5,0.03,0.15,0.3,106,1.1397,530.7053,271.5763,-52.6175,0.0000,18219
3,50,9,30.0,75.0,1.5,0.05,0.05,0.3,618,1.0953,180.3125,92.2708,-32.8460,0.0000,18219
3,50,9,30.0,75.0,1.5,0.05,0.1,0.3,388,1.0045,184.9098,94.6233,-46.5456,0.0000,18219
3,50,9,30.0,75.0,1.5,0.05,0.15,0.3,360,1.1938,246.1499,125.9616,-46.8580,0.0000,18219
3,50,9,35.0,65.0,1.0,0.02,0.05,0.3,1522,0.8339,253.9263,129.9409,-54.2253,0.0000,18219
3,50,9,35.0,65.0,1.0,0.02,0.1,0.3,1251,0.8611,208.4383,106.6635,-53.6554,0.0000,18219
3,50,9,35.0,65.0,1.0,0.02,0.15,0.3,1116,0.8808,200.9535,102.8333,-53.6640,0.0000,18219
3,50,9,35.0,65.0,1.0,0.03,0.05,0.3,368,0.8022,1011.3900,517.5557,-80.0324,0.0000,18219
3,50,9,35.0,65.0,1.0,0.03,0.1,0.3,300,0.7706,734.9697,376.1039,-78.0226,0.0000,18219
3,50,9,35.0,65.0,1.0,0.03,0.15,0.3,816,1.1795,366.7724,187.6874,-54.0217,0.0000,18219
3,50,9,35.0,65.0,1.0,0.05,0.05,0.3,1008,1.0010,290.4250,148.6183,-52.0440,0.0000,18219
3,50,9,35.0,65.0,1.0,0.05,0.1,0.3,672,0.5804,212.4915,108.7376,-71.5317,0.0000,18219
3,50,9,35.0,65.0,1.0,0.05,0.15,0.3,597,0.9757,365.2987,186.9332,-64.1060,0.0000,18219
3,50,9,35.0,65.0,1.2,0.02,0.05,0.3,206,0.9710,1213.1819,620.8180,-68.8025,0.0000,18219
3,50,9,35.0,65.0,1.2,0.02,0.1,0.3,199,1.0048,1180.4218,604.0538,-67.8012,0.0000,18219
3,50,9,35.0,65.0,1.2,0.02,0.15,0.3,176,1.0481,1191.2481,609.5939,-66.9261,0.0000,18219
3,50,9,35.0,65.0,1.2,0.03,0.05,0.3,175,1.0128,627.8893,321.3079,-58.9484,0.0000,18219
3,50,9,35.0,65.0,1.2,0.03,0.1,0.3,173,1.1345,660.3642,337.9263,-55.3086,0.0000,18219
3,50,9,35.0,65.0,1.2,0.03,0.15,0.3,148,1.1663,670.3654,343.0441,-54.2765,0.0000,18219
3,50,9,35.0,65.0,1.2,0.05,0.05,0.3,842,1.0248,233.1821,119.3256,-51.7498,0.0000,18219
3,50,9,35.0,65.0,1.2,0.05,0.1,0.3,545,0.5669,155.0988,79.3683,-61.1433,0.0000,18219
3,50,9,35.0,65.0,1.2,0.05,0.15,0.3,508,1.0477,309.5138,158.3866,-56.8637,0.0000,18219
3,50,9,35.0,65.0,1.5,0.02,0.05,0.3,95,1.0884,413.0761,211.3822,-51.5120,0.0000,18219
3,50,9,35.0,65.0,1.5,0.02,0.1,0.3,144,1.0251,842.7264,431.2459,-64.2014,0.0000,18219
3,50,9,35.0,65.0,1.5,0.02,0.15,0.3,128,1.0368,845.5832,432.7078,-63.9076,0.0000,18219
3,50,9,35.0,65.0,1.5,0.03,0.05,0.3,130,1.0433,506.5851,259.2333,-55.6481,0.0000,18219
3,50,9,35.0,65.0,1.5,0.03,0.1,0.3,122,1.1406,527.8127,270.0960,-52.9634,0.0000,18219
3,50,9,35.0,65.0,1.5,0.03,0.15,0.3,106,1.1397,530.7053,271.5763,-52.6175,0.0000,18219
3,50,9,35.0,65.0,1.5,0.05,0.05,0.3,618,1.0953,180.3125,92.2708,-32.8460,0.0000,18219
3,50,9,35.0,65.0,1.5,0.05,0.1,0.3,388,1.0045,184.9098,94.6233,-46.5456,0.0000,18219
3,50,9,35.0,65.0,1.5,0.05,0.15,0.3,360,1.1938,246.1499,125.9616,-46.8580,0.0000,18219
3,50,9,35.0,70.0,1.0,0.02,0.05,0.3,1522,0.8339,253.9263,129.9409,-54.2253,0.0000,18219
3,50,9,35.0,70.0,1.0,0.02,0.1,0.3,1251,0.8611,208.4383,106.6635,-53.6554,0.0000,18219
3,50,9,35.0,70.0,1.0,0.02,0.15,0.3,1116,0.8808,200.9535,102.8333,-53.6640,0.0000,18219
3,50,9,35.0,70.0,1.0,0.03,0.05,0.3,368,0.8022,1011.3900,517.5557,-80.0324,0.0000,18219
3,50,9,35.0,70.0,1.0,0.03,0.1,0.3,300,0.7706,734.9697,376.1039,-78.0226,0.0000,18219
3,50,9,35.0,70.0,1.0,0.03,0.15,0.3,816,1.1795,366.7724,187.6874,-54.0217,0.0000,18219
3,50,9,35.0,70.0,1.0,0.05,0.05,0.3,1008,1.0010,290.4250,148.6183,-52.0440,0.0000,18219
3,50,9,35.0,70.0,1.0,0.05,0.1,0.3,672,0.5804,212.4915,108.7376,-71.5317,0.0000,18219
3,50,9,35.0,70.0,1.0,0.05,0.15,0.3,597,0.9757,365.2987,186.9332,-64.1060,0.0000,18219
3,50,9,35.0,70.0,1.2,0.02,0.05,0.3,206,0.9710,1213.1819,620.8180,-68.8025,0.0000,18219
3,50,9,35.0,70.0,1.2,0.02,0.1,0.3,199,1.0048,1180.4218,604.0538,-67.8012,0.0000,18219
3,50,9,35.0,70.0,1.2,0.02,0.15,0.3,176,1.0481,1191.2481,609.5939,-66.9261,0.0000,18219
3,50,9,35.0,70.0,1.2,0.03,0.05,0.3,175,1.0128,627.8893,321.3079,-58.9484,0.0000,18219
3,50,9,35.0,70.0,1.2,0.03,0.1,0.3,173,1.1345,660.3642,337.9263,-55.3086,0.0000,18219
3,50,9,35.0,70.0,1.2,0.03,0.15,0.3,148,1.1663,670.3654,343.0441,-54.2765,0.0000,18219
3,50,9,35.0,70.0,1.2,0.05,0.05,0.3,842,1.0248,233.1821,119.3256,-51.7498,0.0000,18219
3,50,9,35.0,70.0,1.2,0.05,0.1,0.3,545,0.5669,155.0988,79.3683,-61.1433,0.0000,18219
3,50,9,35.0,70.0,1.2,0.05,0.15,0.3,508,1.0477,309.5138,158.3866,-56.8637,0.0000,18219
3,50,9,35.0,70.0,1.5,0.02,0.05,0.3,95,1.0884,413.0761,211.3822,-51.5120,0.0000,18219
3,50,9,35.0,70.0,1.5,0.02,0.1,0.3,144,1.0251,842.7264,431.2459,-64.2014,0.0000,18219
3,50,9,35.0,70.0,1.5,0.02,0.15,0.3,128,1.0368,845.5832,432.7078,-63.9076,0.0000,18219
3,50,9,35.0,70.0,1.5,0.03,0.05,0.3,130,1.0433,506.5851,259.2333,-55.6481,0.0000,18219
3,50,9,35.0,70.0,1.5,0.03,0.1,0.3,122,1.1406,527.8127,270.0960,-52.9634,0.0000,18219
3,50,9,35.0,70.0,1.5,0.03,0.15,0.3,106,1.1397,530.7053,271.5763,-52.6175,0.0000,18219
3,50,9,35.0,70.0,1.5,0.05,0.05,0.3,618,1.0953,180.3125,92.2708,-32.8460,0.0000,18219
3,50,9,35.0,70.0,1.5,0.05,0.1,0.3,388,1.0045,184.9098,94.6233,-46.5456,0.0000,18219
3,50,9,35.0,70.0,1.5,0.05,0.15,0.3,360,1.1938,246.1499,125.9616,-46.8580,0.0000,18219
3,50,9,35.0,75.0,1.0,0.02,0.05,0.3,1522,0.8339,253.9263,129.9409,-54.2253,0.0000,18219
3,50,9,35.0,75.0,1.0,0.02,0.1,0.3,1251,0.8611,208.4383,106.6635,-53.6554,0.0000,18219
3,50,9,35.0,75.0,1.0,0.02,0.15,0.3,1116,0.8808,200.9535,102.8333,-53.6640,0.0000,18219
3,50,9,35.0,75.0,1.0,0.03,0.05,0.3,368,0.8022,1011.3900,517.5557,-80.0324,0.0000,18219
3,50,9,35.0,75.0,1.0,0.03,0.1,0.3,300,0.7706,734.9697,376.1039,-78.0226,0.0000,18219
3,50,9,35.0,75.0,1.0,0.03,0.15,0.3,816,1.1795,366.7724,187.6874,-54.0217,0.0000,18219
3,50,9,35.0,75.0,1.0,0.05,0.05,0.3,1008,1.0010,290.4250,148.6183,-52.0440,0.0000,18219
3,50,9,35.0,75.0,1.0,0.05,0.1,0.3,672,0.5804,212.4915,108.7376,-71.5317,0.0000,18219
3,50,9,35.0,75.0,1.0,0.05,0.15,0.3,597,0.9757,365.2987,186.9332,-64.1060,0.0000,18219
3,50,9,35.0,75.0,1.2,0.02,0.05,0.3,206,0.9710,1213.1819,620.8180,-68.8025,0.0000,18219
3,50,9,35.0,75.0,1.2,0.02,0.1,0.3,199,1.0048,1180.4218,604.0538,-67.8012,0.0000,18219
3,50,9,35.0,75.0,1.2,0.02,0.15,0.3,176,1.0481,1191.2481,609.5939,-66.9261,0.0000,18219
3,50,9,35.0,75.0,1.2,0.03,0.05,0.3,175,1.0128,627.8893,321.3079,-58.9484,0.0000,18219
3,50,9,35.0,75.0,1.2,0.03,0.1,0.3,173,1.1345,660.3642,337.9263,-55.3086,0.0000,18219
3,50,9,35.0,75.0,1.2,0.03,0.15,0.3,148,1.1663,670.3654,343.0441,-54.2765,0.0000,18219
3,50,9,35.0,75.0,1.2,0.05,0.05,0.3,842,1.0248,233.1821,119.3256,-51.7498,0.0000,18219
3,50,9,35.0,75.0,1.2,0.05,0.1,0.3,545,0.5669,155.0988,79.3683,-61.1433,0.0000,18219
3,50,9,35.0,75.0,1.2,0.05,0.15,0.3,508,1.0477,309.5138,158.3866,-56.8637,0.0000,18219
3,50,9,35.0,75.0,1.5,0.02,0.05,0.3,95,1.0884,413.0761,211.3822,-51.5120,0.0000,18219
3,50,9,35.0,75.0,1.5,0.02,0.1,0.3,144,1.0251,842.7264,431.2459,-64.2014,0.0000,18219
3,50,9,35.0,75.0,1.5,0.02,0.15,0.3,128,1.0368,845.5832,432.7078,-63.9076,0.0000,18219
3,50,9,35.0,75.0,1.5,0.03,0.05,0.3,130,1.0433,506.5851,259.2333,-55.6481,0.0000,18219
3,50,9,35.0,75.0,1.5,0.03,0.1,0.3,122,1.1406,527.8127,270.0960,-52.9634,0.0000,18219
3,50,9,35.0,75.0,1.5,0.03,0.15,0.3,106,1.1397,530.7053,271.5763,-52.6175,0.0000,18219
3,50,9,35.0,75.0,1.5,0.05,0.05,0.3,618,1.0953,180.3125,92.2708,-32.8460,0.0000,18219
3,50,9,35.0,75.0,1.5,0.05,0.1,0.3,388,1.0045,184.9098,94.6233,-46.5456,0.0000,18219
3,50,9,35.0,75.0,1.5,0.05,0.15,0.3,360,1.1938,246.1499,125.9616,-46.8580,0.0000,18219
3,50,14,25.0,65.0,1.0,0.02,0.05,0.3,1522,0.8339,253.9263,129.9409,-54.2253,0.0000,18219
3,50,14,25.0,65.0,1.0,0.02,0.1,0.3,1251,0.8611,208.4383,106.6635,-53.6554,0.0000,18219
3,50,14,25.0,65.0,1.0,0.02,0.15,0.3,1116,0.8808,200.9535,102.8333,-53.6640,0.0000,18219
3,50,14,25.0,65.0,1.0,0.03,0.05,0.3,368,0.8022,1011.3900,517.5557,-80.0324,0.0000,18219
3,50,14,25.0,65.0,1.0,0.03,0.1,0.3,300,0.7706,734.9697,376.1039,-78.0226,0.0000,18219
3,50,14,25.0,65.0,1.0,0.03,0.15,0.3,816,1.1795,366.7724,187.6874,-54.0217,0.0000,18219
3,50,14,25.0,65.0,1.0,0.05,0.05,0.3,1008,1.0010,290.4250,148.6183,-52.0440,0.0000,18219
3,50,14,25.0,65.0,1.0,0.05,0.1,0.3,672,0.5804,212.4915,108.7376,-71.5317,0.0000,18219
3,50,14,25.0,65.0,1.0,0.05,0.15,0.3,597,0.9757,365.2987,186.9332,-64.1060,0.0000,18219
3,50,14,25.0,65.0,1.2,0.02,0.05,0.3,206,0.9710,1213.1819,620.8180,-68.8025,0.0000,18219
3,50,14,25.0,65.0,1.2,0.02,0.1,0.3,199,1.0048,1180.4218,604.0538,-67.8012,0.0000,18219
3,50,14,25.0,65.0,1.2,0.02,0.15,0.3,176,1.0481,1191.2481,609.5939,-66.9261,0.0000,18219
3,50,14,25.0,65.0,1.2,0.03,0.05,0.3,175,1.0128,627.8893,321.3079,-58.9484,0.0000,18219
3,50,14,25.0,65.0,1.2,0.03,0.1,0.3,173,1.1345,660.3642,337.9263,-55.3086,0.0000,18219
3,50,14,25.0,65.0,1.2,0.03,0.15,0.3,148,1.1663,670.3654,343.0441,-54.2765,0.0000,18219
3,50,14,25.0,65.0,1.2,0.05,0.05,0.3,842,1.0248,233.1821,119.3256,-51.7498,0.0000,18219
3,50,14,25.0,65.0,1.2,0.05,0.1,0.3,545,0.5669,155.0988,79.3683,-61.1433,0.0000,18219
3,50,14,25.0,65.0,1.2,0.05,0.15,0.3,508,1.0477,309.5138,158.3866,-56.8637,0.0000,18219
3,50,14,25.0,65.0,1.5,0.02,0.05,0.3,95,1.0884,413.0761,211.3822,-51.5120,0.0000,18219
3,50,14,25.0,65.0,1.5,0.02,0.1,0.3,144,1.0251,842.7264,431.2459,-64.2014,0.0000,18219
3,50,14,25.0,65.0,1.5,0.02,0.15,0.3,128,1.0368,845.5832,432.7078,-63.9076,0.0000,18219
3,50,14,25.0,65.0,1.5,0.03,0.05,0.3,130,1.0433,506.5851,259.2333,-55.6481,0.0000,18219
3,50,14,25.0,65.0,1.5,0.03,0.1,0.3,122,1.1406,527.8127,270.0960,-52.9634,0.0000,18219
3,50,14,25.0,65.0,1.5,0.03,0.15,0.3,106,1.1397,530.7053,271.5763,-52.6175,0.0000,18219
3,50,14,25.0,65.0,1.5,0.05,0.05,0.3,618,1.0953,180.3125,92.2708,-32.8460,0.0000,18219
3,50,14,25.0,65.0,1.5,0.05,0.1,0.3,388,1.0045,184.9098,94.6233,-46.5456,0.0000,18219
3,50,14,25.0,65.0,1.5,0.05,0.15,0.3,360,1.1938,246.1499,125.9616,-46.8580,0.0000,18219
3,50,14,25.0,70.0,1.0,0.02,0.05,0.3,1522,0.8339,253.9263,129.9409,-54.2253,0.0000,18219
3,50,14,25.0,70.0,1.0,0.02,0.1,0.3,1251,0.8611,208.4383,106.6635,-53.6554,0.0000,18219
3,50,14,25.0,70.0,1.0,0.02,0.15,0.3,1116,0.8808,200.9535,102.8333,-53.6640,0.0000,18219
3,50,14,25.0,70.0,1.0,0.03,0.05,0.3,368,0.8022,1011.3900,517.5557,-80.0324,0.0000,18219
3,50,14,25.0,70.0,1.0,0.03,0.1,0.3,300,0.7706,734.9697,376.1039,-78.0226,0.0000,18219
3,50,14,25.0,70.0,1.0,0.03,0.15,0.3,816,1.1795,366.7724,187.6874,-54.0217,0.0000,18219
3,50,14,25.0,70.0,1.0,0.05,0.05,0.3,1008,1.0010,290.4250,148.6183,-52.0440,0.0000,18219
3,50,14,25.0,70.0,1.0,0.05,0.1,0.3,672,0.5804,212.4915,108.7376,-71.5317,0.0000,18219
3,50,14,25.0,70.0,1.0,0.05,0.15,0.3,597,0.9757,365.2987,186.9332,-64.1060,0.0000,18219
3,50,14,25.0,70.0,1.2,0.02,0.05,0.3,206,0.9710,1213.1819,620.8180,-68.8025,0.0000,18219
3,50,14,25.0,70.0,1.2,0.02,0.1,0.3,199,1.0048,1180.4218,604.0538,-67.8012,0.0000,18219
3,50,14,25.0,70.0,1.2,0.02,0.15,0.3,176,1.0481,1191.2481,609.5939,-66.9261,0.0000,18219
3,50,14,25.0,70.0,1.2,0.03,0.05,0.3,175,1.0128,627.8893,321.3079,-58.9484,0.0000,18219
3,50,14,25.0,70.0,1.2,0.03,0.1,0.3,173,1.1345,660.3642,337.9263,-55.3086,0.0000,18219
3,50,14,25.0,70.0,1.2,0.03,0.15,0.3,148,1.1663,670.3654,343.0441,-54.2765,0.0000,18219
3,50,14,25.0,70.0,1.2,0.05,0.05,0.3,842,1.0248,233.1821,119.3256,-51.7498,0.0000,18219
3,50,14,25.0,70.0,1.2,0.05,0.1,0.3,545,0.5669,155.0988,79.3683,-61.1433,0.0000,18219
3,50,14,25.0,70.0,1.2,0.05,0.15,0.3,508,1.0477,309.5138,158.3866,-56.8637,0.0000,18219
3,50,14,25.0,70.0,1.5,0.02,0.05,0.3,95,1.0884,413.0761,211.3822,-51.5120,0.0000,18219
3,50,14,25.0,70.0,1.5,0.02,0.1,0.3,144,1.0251,842.7264,431.2459,-64.2014,0.0000,18219
3,50,14,25.0,70.0,1.5,0.02,0.15,0.3,128,1.0368,845.5832,432.7078,-63.9076,0.0000,18219
3,50,14,25.0,70.0,1.5,0.03,0.05,0.3,130,1.0433,506.5851,259.2333,-55.6481,0.0000,18219
3,50,14,25.0,70.0,1.5,0.03,0.1,0.3,122,1.1406,527.8127,270.0960,-52.9634,0.0000,18219
3,50,14,25.0,70.0,1.5,0.03,0.15,0.3,106,1.1397,530.7053,271.5763,-52.6175,0.0000,18219
3,50,14,25.0,70.0,1.5,0.05,0.05,0.3,618,1.0953,180.3125,92.2708,-32.8460,0.0000,18219
3,50,14,25.0,70.0,1.5,0.05,0.1,0.3,388,1.0045,184.9098,94.6233,-46.5456,0.0000,18219
3,50,14,25.0,70.0,1.5,0.05,0.15,0.3,360,1.1938,246.1499,125.9616,-46.8580,0.0000,18219
3,50,14,25.0,75.0,1.0,0.02,0.05,0.3,1522,0.8339,253.9263,129.9409,-54.2253,0.0000,18219
3,50,14,25.0,75.0,1.0,0.02,0.1,0.3,1251,0.8611,208.4383,106.6635,-53.6554,0.0000,18219
3,50,14,25.0,75.0,1.0,0.02,0.15,0.3,1116,0.8808,200.9535,102.8333,-53.6640,0.0000,18219
3,50,14,25.0,75.0,1.0,0.03,0.05,0.3,368,0.8022,1011.3900,517.5557,-80.0324,0.0000,18219
3,50,14,25.0,75.0,1.0,0.03,0.1,0.3,300,0.7706,734.9697,376.1039,-78.0226,0.0000,18219
3,50,14,25.0,75.0,1.0,0.03,0.15,0.3,816,1.1795,366.7724,187.6874,-54.0217,0.0000,18219
3,50,14,25.0,75.0,1.0,0.05,0.05,0.3,1008,1.0010,290.4250,148.6183,-52.0440,0.0000,18219
3,50,14,25.0,75.0,1.0,0.05,0.1,0.3,672,0.5804,212.4915,108.7376,-71.5317,0.0000,18219
3,50,14,25.0,75.0,1.0,0.05,0.15,0.3,597,0.9757,365.2987,186.9332,-64.1060,0.0000,18219
3,50,14,25.0,75.0,1.2,0.02,0.05,0.3,206,0.9710,1213.1819,620.8180,-68.8025,0.0000,18219
3,50,14,25.0,75.0,1.2,0.02,0.1,0.3,199,1.0048,1180.4218,604.0538,-67.8012,0.0000,18219
3,50,14,25.0,75.0,1.2,0.02,0.15,0.3,176,1.0481,1191.2481,609.5939,-66.9261,0.0000,18219
3,50,14,25.0,75.0,1.2,0.03,0.05,0.3,175,1.0128,627.8893,321.3079,-58.9484,0.0000,18219
3,50,14,25.0,75.0,1.2,0.03,0.1,0.3,173,1.1345,660.3642,337.9263,-55.3086,0.0000,18219
3,50,14,25.0,75.0,1.2,0.03,0.15,0.3,148,1.1663,670.3654,343.0441,-54.2765,0.0000,18219
3,50,14,25.0,75.0,1.2,0.05,0.05,0.3,842,1.0248,233.1821,119.3256,-51.7498,0.0000,18219
3,50,14,25.0,75.0,1.2,0.05,0.1,0.3,545,0.5669,155.0988,79.3683,-61.1433,0.0000,18219
3,50,14,25.0,75.0,1.2,0.05,0.15,0.3,508,1.0477,309.5138,158.3866,-56.8637,0.0000,18219
3,50,14,25.0,75.0,1.5,0.02,0.05,0.3,95,1.0884,413.0761,211.3822,-51.5120,0.0000,18219
3,50,14,25.0,75.0,1.5,0.02,0.1,0.3,144,1.0251,842.7264,431.2459,-64.2014,0.0000,18219
3,50,14,25.0,75.0,1.5,0.02,0.15,0.3,128,1.0368,845.5832,432.7078,-63.9076,0.0000,18219
3,50,14,25.0,75.0,1.5,0.03,0.05,0.3,130,1.0433,506.5851,259.2333,-55.6481,0.0000,18219
3,50,14,25.0,75.0,1.5,0.03,0.1,0.3,122,1.1406,527.8127,270.0960,-52.9634,0.0000,18219
3,50,14,25.0,75.0,1.5,0.03,0.15,0.3,106,1.1397,530.7053,271.5763,-52.6175,0.0000,18219
3,50,14,25.0,75.0,1.5,0.05,0.05,0.3,618,1.0953,180.3125,92.2708,-32.8460,0.0000,18219
3,50,14,25.0,75.0,1.5,0.05,0.1,0.3,388,1.0045,184.9098,94.6233,-46.5456,0.0000,18219
3,50,14,25.0,75.0,1.5,0.05,0.15,0.3,360,1.1938,246.1499,125.9616,-46.8580,0.0000,18219
3,50,14,30.0,65.0,1.0,0.02,0.05,0.3,1522,0.8339,253.9263,129.9409,-54.2253,0.0000,18219
3,50,14,30.0,65.0,1.0,0.02,0.1,0.3,1251,0.8611,208.4383,106.6635,-53.6554,0.0000,18219
3,50,14,30.0,65.0,1.0,0.02,0.15,0.3,1116,0.8808,200.9535,102.8333,-53.6640,0.0000,18219
3,50,14,30.0,65.0,1.0,0.03,0.05,0.3,368,0.8022,1011.3900,517.5557,-80.0324,0.0000,18219
3,50,14,30.0,65.0,1.0,0.03,0.1,0.3,300,0.7706,734.9697,376.1039,-78.0226,0.0000,18219
3,50,14,30.0,65.0,1.0,0.03,0.15,0.3,816,1.1795,366.7724,187.6874,-54.0217,0.0000,18219
3,50,14,30.0,65.0,1.0,0.05,0.05,0.3,1008,1.0010,290.4250,148.6183,-52.0440,0.0000,18219
3,50,14,30.0,65.0,1.0,0.05,0.1,0.3,672,0.5804,212.4915,108.7376,-71.5317,0.0000,18219
3,50,14,30.0,65.0,1.0,0.05,0.15,0.3,597,0.9757,365.2987,186.9332,-64.1060,0.0000,18219
3,50,14,30.0,65.0,1.2,0.02,0.05,0.3,206,0.9710,1213.1819,620.8180,-68.8025,0.0000,18219
3,50,14,30.0,65.0,1.2,0.02,0.1,0.3,199,1.0048,1180.4218,604.0538,-67.8012,0.0000,18219
3,50,14,30.0,65.0,1.2,0.02,0.15,0.3,176,1.0481,1191.2481,609.5939,-66.9261,0.0000,18219
3,50,14,30.0,65.0,1.2,0.03,0.05,0.3,175,1.0128,627.8893,321.3079,-58.9484,0.0000,18219
3,50,14,30.0,65.0,1.2,0.03,0.1,0.3,173,1.1345,660.3642,337.9263,-55.3086,0.0000,18219
3,50,14,30.0,65.0,1.2,0.03,0.15,0.3,148,1.1663,670.3654,343.0441,-54.2765,0.0000,18219
3,50,14,30.0,65.0,1.2,0.05,0.05,0.3,842,1.0248,233.1821,119.3256,-51.7498,0.0000,18219
3,50,14,30.0,65.0,1.2,0.05,0.1,0.3,545,0.5669,155.0988,79.3683,-61.1433,0.0000,18219
3,50,14,30.0,65.0,1.2,0.05,0.15,0.3,508,1.0477,309.5138,158.3866,-56.8637,0.0000,18219
3,50,14,30.0,65.0,1.5,0.02,0.05,0.3,95,1.0884,413.0761,211.3822,-51.5120,0.0000,18219
3,50,14,30.0,65.0,1.5,0.02,0.1,0.3,144,1.0251,842.7264,431.2459,-64.2014,0.0000,18219
3,50,14,30.0,65.0,1.5,0.02,0.15,0.3,128,1.0368,845.5832,432.7078,-63.9076,0.0000,18219
3,50,14,30.0,65.0,1.5,0.03,0.05,0.3,130,1.0433,506.5851,259.2333,-55.6481,0.0000,18219
3,50,14,30.0,65.0,1.5,0.03,0.1,0.3,122,1.1406,527.8127,270.0960,-52.9634,0.0000,18219
3,50,14,30.0,65.0,1.5,0.03,0.15,0.3,106,1.1397,530.7053,271.5763,-52.6175,0.0000,18219
3,50,14,30.0,65.0,1.5,0.05,0.05,0.3,618,1.0953,180.3125,92.2708,-32.8460,0.0000,18219
3,50,14,30.0,65.0,1.5,0.05,0.1,0.3,388,1.0045,184.9098,94.6233,-46.5456,0.0000,18219
3,50,14,30.0,65.0,1.5,0.05,0.15,0.3,360,1.1938,246.1499,125.9616,-46.8580,0.0000,18219
3,50,14,30.0,70.0,1.0,0.02,0.05,0.3,1522,0.8339,253.9263,129.9409,-54.2253,0.0000,18219
3,50,14,30.0,70.0,1.0,0.02,0.1,0.3,1251,0.8611,208.4383,106.6635,-53.6554,0.0000,18219
3,50,14,30.0,70.0,1.0,0.02,0.15,0.3,1116,0.8808,200.9535,102.8333,-53.6640,0.0000,18219
3,50,14,30.0,70.0,1.0,0.03,0.05,0.3,368,0.8022,1011.3900,517.5557,-80.0324,0.0000,18219
3,50,14,30.0,70.0,1.0,0.03,0.1,0.3,300,0.7706,734.9697,376.1039,-78.0226,0.0000,18219
3,50,14,30.0,70.0,1.0,0.03,0.15,0.3,816,1.1795,366.7724,187.6874,-54.0217,0.0000,18219
3,50,14,30.0,70.0,1.0,0.05,0.05,0.3,1008,1.0010,290.4250,148.6183,-52.0440,0.0000,18219
3,50,14,30.0,70.0,1.0,0.05,0.1,0.3,672,0.5804,212.4915,108.7376,-71.5317,0.0000,18219
3,50,14,30.0,70.0,1.0,0.05,0.15,0.3,597,0.9757,365.2987,186.9332,-64.1060,0.0000,18219
3,50,14,30.0,70.0,1.2,0.02,0.05,0.3,206,0.9710,1213.1819,620.8180,-68.8025,0.0000,18219
3,50,14,30.0,70.0,1.2,0.02,0.1,0.3,199,1.0048,1180.4218,604.0538,-67.8012,0.0000,18219
3,50,14,30.0,70.0,1.2,0.02,0.15,0.3,176,1.0481,1191.2481,609.5939,-66.9261,0.0000,18219
3,50,14,30.0,70.0,1.2,0.03,0.05,0.3,175,1.0128,627.8893,321.3079,-58.9484,0.0000,18219
3,50,14,30.0,70.0,1.2,0.03,0.1,0.3,173,1.1345,660.3642,337.9263,-55.3086,0.0000,18219
3,50,14,30.0,70.0,1.2,0.03,0.15,0.3,148,1.1663,670.3654,343.0441,-54.2765,0.0000,18219
3,50,14,30.0,70.0,1.2,0.05,0.05,0.3,842,1.0248,233.1821,119.3256,-51.7498,0.0000,18219
3,50,14,30.0,70.0,1.2,0.05,0.1,0.3,545,0.5669,155.0988,79.3683,-61.1433,0.0000,18219
3,50,14,30.0,70.0,1.2,0.05,0.15,0.3,508,1.0477,309.5138,158.3866,-56.8637,0.0000,18219
3,50,14,30.0,70.0,1.5,0.02,0.05,0.3,95,1.0884,413.0761,211.3822,-51.5120,0.0000,18219
3,50,14,30.0,70.0,1.5,0.02,0.1,0.3,144,1.0251,842.7264,431.2459,-64.2014,0.0000,18219
3,50,14,30.0,70.0,1.5,0.02,0.15,0.3,128,1.0368,845.5832,432.7078,-63.9076,0.0000,18219
3,50,14,30.0,70.0,1.5,0.03,0.05,0.3,130,1.0433,506.5851,259.2333,-55.6481,0.0000,18219
3,50,14,30.0,70.0,1.5,0.03,0.1,0.3,122,1.1406,527.8127,270.0960,-52.9634,0.0000,18219
3,50,14,30.0,70.0,1.5,0.03,0.15,0.3,106,1.1397,530.7053,271.5763,-52.6175,0.0000,18219
3,50,14,30.0,70.0,1.5,0.05,0.05,0.3,618,1.0953,180.3125,92.2708,-32.8460,0.0000,18219
3,50,14,30.0,70.0,1.5,0.05,0.1,0.3,388,1.0045,184.9098,94.6233,-46.5456,0.0000,18219
3,50,14,30.0,70.0,1.5,0.05,0.15,0.3,360,1.1938,246.1499,125.9616,-46.8580,0.0000,18219
3,50,14,30.0,75.0,1.0,0.02,0.05,0.3,1522,0.8339,253.9263,129.9409,-54.2253,0.0000,18219
3,50,14,30.0,75.0,1.0,0.02,0.1,0.3,1251,0.8611,208.4383,106.6635,-53.6554,0.0000,18219
3,50,14,30.0,75.0,1.0,0.02,0.15,0.3,1116,0.8808,200.9535,102.8333,-53.6640,0.0000,18219
3,50,14,30.0,75.0,1.0,0.03,0.05,0.3,368,0.8022,1011.3900,517.5557,-80.0324,0.0000,18219
3,50,14,30.0,75.0,1.0,0.03,0.1,0.3,300,0.7706,734.9697,376.1039,-78.0226,0.0000,18219
3,50,14,30.0,75.0,1.0,0.03,0.15,0.3,816,1.1795,366.7724,187.6874,-54.0217,0.0000,18219
3,50,14,30.0,75.0,1.0,0.05,0.05,0.3,1008,1.0010,290.4250,148.6183,-52.0440,0.0000,18219
3,50,14,30.0,75.0,1.0,0.05,0.1,0.3,672,0.5804,212.4915,108.7376,-71.5317,0.0000,18219
3,50,14,30.0,75.0,1.0,0.05,0.15,0.3,597,0.9757,365.2987,186.9332,-64.1060,0.0000,18219
3,50,14,30.0,75.0,1.2,0.02,0.05,0.3,206,0.9710,1213.1819,620.8180,-68.8025,0.0000,18219
3,50,14,30.0,75.0,1.2,0.02,0.1,0.3,199,1.0048,1180.4218,604.0538,-67.8012,0.0000,18219
3,50,14,30.0,75.0,1.2,0.02,0.15,0.3,176,1.0481,1191.2481,609.5939,-66.9261,0.0000,18219
3,50,14,30.0,75.0,1.2,0.03,0.05,0.3,175,1.0128,627.8893,321.3079,-58.9484,0.0000,18219
3,50,14,30.0,75.0,1.2,0.03,0.1,0.3,173,1.1345,660.3642,337.9263,-55.3086,0.0000,18219
3,50,14,30.0,75.0,1.2,0.03,0.15,0.3,148,1.1663,670.3654,343.0441,-54.2765,0.0000,18219
3,50,14,30.0,75.0,1.2,0.05,0.05,0.3,842,1.0248,233.1821,119.3256,-51.7498,0.0000,18219
3,50,14,30.0,75.0,1.2,0.05,0.1,0.3,545,0.5669,155.0988,79.3683,-61.1433,0.0000,18219
3,50,14,30.0,75.0,1.2,0.05,0.15,0.3,508,1.0477,309.5138,158.3866,-56.8637,0.0000,18219
3,50,14,30.0,75.0,1.5,0.02,0.05,0.3,95,1.0884,413.0761,211.3822,-51.5120,0.0000,18219
3,50,14,30.0,75.0,1.5,0.02,0.1,0.3,144,1.0251,842.7264,431.2459,-64.2014,0.0000,18219
3,50,14,30.0,75.0,1.5,0.02,0.15,0.3,128,1.0368,845.5832,432.7078,-63.9076,0.0000,18219
3,50,14,30.0,75.0,1.5,0.03,0.05,0.3,130,1.0433,506.5851,259.2333,-55.6481,0.0000,18219
3,50,14,30.0,75.0,1.5,0.03,0.1,0.3,122,1.1406,527.8127,270.0960,-52.9634,0.0000,18219
3,50,14,30.0,75.0,1.5,0.03,0.15,0.3,106,1.1397,530.7053,271.5763,-52.6175,0.0000,18219
3,50,14,30.0,75.0,1.5,0.05,0.05,0.3,618,1.0953,180.3125,92.2708,-32.8460,0.0000,18219
3,50,14,30.0,75.0,1.5,0.05,0.1,0.3,388,1.0045,184.9098,94.6233,-46.5456,0.0000,18219
3,50,14,30.0,75.0,1.5,0.05,0.15,0.3,360,1.1938,246.1499,125.9616,-46.8580,0.0000,18219
3,50,14,35.0,65.0,1.0,0.02,0.05,0.3,1522,0.8339,253.9263,129.9409,-54.2253,0.0000,18219
3,50,14,35.0,65.0,1.0,0.02,0.1,0.3,1251,0.8611,208.4383,106.6635,-53.6554,0.0000,18219
3,50,14,35.0,65.0,1.0,0.02,0.15,0.3,1116,0.8808,200.9535,102.8333,-53.6640,0.0000,18219
3,50,14,35.0,65.0,1.0,0.03,0.05,0.3,368,0.8022,1011.3900,517.5557,-80.0324,0.0000,18219
3,50,14,35.0,65.0,1.0,0.03,0.1,0.3,300,0.7706,734.9697,376.1039,-78.0226,0.0000,18219
3,50,14,35.0,65.0,1.0,0.03,0.15,0.3,816,1.1795,366.7724,187.6874,-54.0217,0.0000,18219
3,50,14,35.0,65.0,1.0,0.05,0.05,0.3,1008,1.0010,290.4250,148.6183,-52.0440,0.0000,18219
3,50,14,35.0,65.0,1.0,0.05,0.1,0.3,672,0.5804,212.4915,108.7376,-71.5317,0.0000,18219
3,50,14,35.0,65.0,1.0,0.05,0.15,0.3,597,0.9757,365.2987,186.9332,-64.1060,0.0000,18219
3,50,14,35.0,65.0,1.2,0.02,0.05,0.3,206,0.9710,1213.1819,620.8180,-68.8025,0.0000,18219
3,50,14,35.0,65.0,1.2,0.02,0.1,0.3,199,1.0048,1180.4218,604.0538,-67.8012,0.0000,18219
3,50,14,35.0,65.0,1.2,0.02,0.15,0.3,176,1.0481,1191.2481,609.5939,-66.9261,0.0000,18219
3,50,14,35.0,65.0,1.2,0.03,0.05,0.3,175,1.0128,627.8893,321.3079,-58.9484,0.0000,18219
3,50,14,35.0,65.0,1.2,0.03,0.1,0.3,173,1.1345,660.3642,337.9263,-55.3086,0.0000,18219
3,50,14,35.0,65.0,1.2,0.03,0.15,0.3,148,1.1663,670.3654,343.0441,-54.2765,0.0000,18219
3,50,14,35.0,65.0,1.2,0.05,0.05,0.3,842,1.0248,233.1821,119.3256,-51.7498,0.0000,18219
3,50,14,35.0,65.0,1.2,0.05,0.1,0.3,545,0.5669,155.0988,79.3683,-61.1433,0.0000,18219
3,50,14,35.0,65.0,1.2,0.05,0.15,0.3,508,1.0477,309.5138,158.3866,-56.8637,0.0000,18219
3,50,14,35.0,65.0,1.5,0.02,0.05,0.3,95,1.0884,413.0761,211.3822,-51.5120,0.0000,18219
3,50,14,35.0,65.0,1.5,0.02,0.1,0.3,144,1.0251,842.7264,431.2459,-64.2014,0.0000,18219
3,50,14,35.0,65.0,1.5,0.02,0.15,0.3,128,1.0368,845.5832,432.7078,-63.9076,0.0000,18219
3,50,14,35.0,65.0,1.5,0.03,0.05,0.3,130,1.0433,506.5851,259.2333,-55.6481,0.0000,18219
3,50,14,35.0,65.0,1.5,0.03,0.1,0.3,122,1.1406,527.8127,270.0960,-52.9634,0.0000,18219
3,50,14,35.0,65.0,1.5,0.03,0.15,0.3,106,1.1397,530.7053,271.5763,-52.6175,0.0000,18219
3,50,14,35.0,65.0,1.5,0.05,0.05,0.3,618,1.0953,180.3125,92.2708,-32.8460,0.0000,18219
3,50,14,35.0,65.0,1.5,0.05,0.1,0.3,388,1.0045,184.9098,94.6233,-46.5456,0.0000,18219
3,50,14,35.0,65.0,1.5,0.05,0.15,0.3,360,1.1938,246.1499,125.9616,-46.8580,0.0000,18219
3,50,14,35.0,70.0,1.0,0.02,0.05,0.3,1522,0.8339,253.9263,129.9409,-54.2253,0.0000,18219
3,50,14,35.0,70.0,1.0,0.02,0.1,0.3,1251,0.8611,208.4383,106.6635,-53.6554,0.0000,18219
3,50,14,35.0,70.0,1.0,0.02,0.15,0.3,1116,0.8808,200.9535,102.8333,-53.6640,0.0000,18219
3,50,14,35.0,70.0,1.0,0.03,0.05,0.3,368,0.8022,1011.3900,517.5557,-80.0324,0.0000,18219
3,50,14,35.0,70.0,1.0,0.03,0.1,0.3,300,0.7706,734.9697,376.1039,-78.0226,0.0000,18219
3,50,14,35.0,70.0,1.0,0.03,0.15,0.3,816,1.1795,366.7724,187.6874,-54.0217,0.0000,18219
3,50,14,35.0,70.0,1.0,0.05,0.05,0.3,1008,1.0010,290.4250,148.6183,-52.0440,0.0000,18219
3,50,14,35.0,70.0,1.0,0.05,0.1,0.3,672,0.5804,212.4915,108.7376,-71.5317,0.0000,18219
3,50,14,35.0,70.0,1.0,0.05,0.15,0.3,597,0.9757,365.2987,186.9332,-64.1060,0.0000,18219
3,50,14,35.0,70.0,1.2,0.02,0.05,0.3,206,0.9710,1213.1819,620.8180,-68.8025,0.0000,18219
3,50,14,35.0,70.0,1.2,0.02,0.1,0.3,199,1.0048,1180.4218,604.0538,-67.8012,0.0000,18219
3,50,14,35.0,70.0,1.2,0.02,0.15,0.3,176,1.0481,1191.2481,609.5939,-66.9261,0.0000,18219
3,50,14,35.0,70.0,1.2,0.03,0.05,0.3,175,1.0128,627.8893,321.3079,-58.9484,0.0000,18219
3,50,14,35.0,70.0,1.2,0.03,0.1,0.3,173,1.1345,660.3642,337.9263,-55.3086,0.0000,18219
3,50,14,35.0,70.0,1.2,0.03,0.15,0.3,148,1.1663,670.3654,343.0441,-54.2765,0.0000,18219
3,50,14,35.0,70.0,1.2,0.05,0.05,0.3,842,1.0248,233.1821,119.3256,-51.7498,0.0000,18219
3,50,14,35.0,70.0,1.2,0.05,0.1,0.3,545,0.5669,155.0988,79.3683,-61.1433,0.0000,18219
3,50,14,35.0,70.0,1.2,0.05,0.15,0.3,508,1.0477,309.5138,158.3866,-56.8637,0.0000,18219
3,50,14,35.0,70.0,1.5,0.02,0.05,0.3,95,1.0884,413.0761,211.3822,-51.5120,0.0000,18219
3,50,14,35.0,70.0,1.5,0.02,0.1,0.3,144,1.0251,842.7264,431.2459,-64.2014,0.0000,18219
3,50,14,35.0,70.0,1.5,0.02,0.15,0.3,128,1.0368,845.5832,432.7078,-63.9076,0.0000,18219
3,50,14,35.0,70.0,1.5,0.03,0.05,0.3,130,1.0433,506.5851,259.2333,-55.6481,0.0000,18219
3,50,14,35.0,70.0,1.5,0.03,0.1,0.3,122,1.1406,527.8127,270.0960,-52.9634,0.0000,18219
3,50,14,35.0,70.0,1.5,0.03,0.15,0.3,106,1.1397,530.7053,271.5763,-52.6175,0.0000,18219
3,50,14,35.0,70.0,1.5,0.05,0.05,0.3,618,1.0953,180.3125,92.2708,-32.8460,0.0000,18219
3,50,14,35.0,70.0,1.5,0.05,0.1,0.3,388,1.0045,184.9098,94.6233,-46.5456,0.0000,18219
3,50,14,35.0,70.0,1.5,0.05,0.15,0.3,360,1.1938,246.1499,125.9616,-46.8580,0.0000,18219
3,50,14,35.0,75.0,1.0,0.02,0.05,0.3,1522,0.8339,253.9263,129.9409,-54.2253,0.0000,18219
3,50,14,35.0,75.0,1.0,0.02,0.1,0.3,1251,0.8611,208.4383,106.6635,-53.6554,0.0000,18219
3,50,14,35.0,75.0,1.0,0.02,0.15,0.3,1116,0.8808,200.9535,102.8333,-53.6640,0.0000,18219
3,50,14,35.0,75.0,1.0,0.03,0.05,0.3,368,0.8022,1011.3900,517.5557,-80.0324,0.0000,18219
3,50,14,35.0,75.0,1.0,0.03,0.1,0.3,300,0.7706,734.9697,376.1039,-78.0226,0.0000,18219
3,50,14,35.0,75.0,1.0,0.03,0.15,0.3,816,1.1795,366.7724,187.6874,-54.0217,0.0000,18219
3,50,14,35.0,75.0,1.0,0.05,0.05,0.3,1008,1.0010,290.4250,148.6183,-52.0440,0.0000,18219
3,50,14,35.0,75.0,1.0,0.05,0.1,0.3,672,0.5804,212.4915,108.7376,-71.5317,0.0000,18219
3,50,14,35.0,75.0,1.0,0.05,0.15,0.3,597,0.9757,365.2987,186.9332,-64.1060,0.0000,18219
3,50,14,35.0,75.0,1.2,0.02,0.05,0.3,206,0.9710,1213.1819,620.8180,-68.8025,0.0000,18219
3,50,14,35.0,75.0,1.2,0.02,0.1,0.3,199,1.0048,1180.4218,604.0538,-67.8012,0.0000,18219
3,50,14,35.0,75.0,1.2,0.02,0.15,0.3,176,1.0481,1191.2481,609.5939,-66.9261,0.0000,18219
3,50,14,35.0,75.0,1.2,0.03,0.05,0.3,175,1.0128,627.8893,321.3079,-58.9484,0.0000,18219
3,50,14,35.0,75.0,1.2,0.03,0.1,0.3,173,1.1345,660.3642,337.9263,-55.3086,0.0000,18219
3,50,14,35.0,75.0,1.2,0.03,0.15,0.3,148,1.1663,670.3654,343.0441,-54.2765,0.0000,18219
3,50,14,35.0,75.0,1.2,0.05,0.05,0.3,842,1.0248,233.1821,119.3256,-51.7498,0.0000,18219
3,50,14,35.0,75.0,1.2,0.05,0.1,0.3,545,0.5669,155.0988,79.3683,-61.1433,0.0000,18219
3,50,14,35.0,75.0,1.2,0.05,0.15,0.3,508,1.0477,309.5138,158.3866,-56.8637,0.0000,18219
3,50,14,35.0,75.0,1.5,0.02,0.05,0.3,95,1.0884,413.0761,211.3822,-51.5120,0.0000,18219
3,50,14,35.0,75.0,1.5,0.02,0.1,0.3,144,1.0251,842.7264,431.2459,-64.2014,0.0000,18219
3,50,14,35.0,75.0,1.5,0.02,0.15,0.3,128,1.0368,845.5832,432.7078,-63.9076,0.0000,18219
3,50,14,35.0,75.0,1.5,0.03,0.05,0.3,130,1.0433,506.5851,259.2333,-55.6481,0.0000,18219
3,50,14,35.0,75.0,1.5,0.03,0.1,0.3,122,1.1406,527.8127,270.0960,-52.9634,0.0000,18219
3,50,14,35.0,75.0,1.5,0.03,0.15,0.3,106,1.1397,530.7053,271.5763,-52.6175,0.0000,18219
3,50,14,35.0,75.0,1.5,0.05,0.05,0.3,618,1.0953,180.3125,92.2708,-32.8460,0.0000,18219
3,50,14,35.0,75.0,1.5,0.05,0.1,0.3,388,1.0045,184.9098,94.6233,-46.5456,0.0000,18219
3,50,14,35.0,75.0,1.5,0.05,0.15,0.3,360,1.1938,246.1499,125.9616,-46.8580,0.0000,18219
5,13,9,25.0,65.0,1.0,0.02,0.05,0.3,529,1.1685,606.0318,310.1229,-53.2168,0.0000,18219
5,13,9,25.0,65.0,1.0,0.02,0.1,0.3,655,1.4787,292.8126,149.8402,-33.4057,0.0000,18219
5,13,9,25.0,65.0,1.0,0.02,0.15,0.3,509,1.1744,127.4986,65.2445,-23.1064,0.0000,18219
5,13,9,25.0,65.0,1.0,0.03,0.05,0.3,719,1.5713,267.0829,136.6735,-39.3718,0.0000,18219
5,13,9,25.0,65.0,1.0,0.03,0.1,0.3,436,1.4502,263.5028,134.8415,-34.6544,0.0000,18219
5,13,9,25.0,65.0,1.0,0.03,0.15,0.3,322,2.1662,228.5890,116.9752,-20.5105,0.0000,18219
5,13,9,25.0,65.0,1.0,0.05,0.05,0.3,527,2.3272,398.9768,204.1672,-18.5589,0.0000,18219
5,13,9,25.0,65.0,1.0,0.05,0.1,0.3,319,1.6107,297.7850,152.3847,-32.4633,0.0000,18219
5,13,9,25.0,65.0,1.0,0.05,0.15,0.3,278,0.9696,110.5458,56.5693,-35.0467,0.0000,18219
5,13,9,25.0,65.0,1.2,0.02,0.05,0.3,710,1.6594,421.2208,215.5501,-29.1562,0.0000,18219
5,13,9,25.0,65.0,1.2,0.02,0.1,0.3,536,1.8121,274.0420,140.2347,-26.2073,0.0000,18219
5,13,9,25.0,65.0,1.2,0.02,0.15,0.3,473,1.2615,121.2825,62.0636,-20.4127,0.0000,18219
5,13,9,25.0,65.0,1.2,0.03,0.05,0.3,648,1.6332,243.0794,124.3903,-35.4088,0.0000,18219
5,13,9,25.0,65.0,1.2,0.03,0.1,0.3,418,1.7439,290.6470,148.7319,-22.3163,0.0000,18219
5,13,9,25.0,65.0,1.2,0.03,0.15,0.3,315,2.1636,218.9354,112.0352,-18.7928,0.0000,18219
5,13,9,25.0,65.0,1.2,0.05,0.05,0.3,469,1.8075,285.6083,146.1535,-26.0486,0.0000,18219
5,13,9,25.0,65.0,1.2,0.05,0.1,0.3,329,0.9749,106.7999,54.6524,-30.7751,0.0000,18219
5,13,9,25.0,65.0,1.2,0.05,0.15,0.3,257,0.8865,94.4108,48.3126,-35.5612,0.0000,18219
5,13,9,25.0,65.0,1.5,0.02,0.05,0.3,628,1.8559,375.4670,192.1366,-24.8648,0.0000,18219
5,13,9,25.0,65.0,1.5,0.02,0.1,0.3,507,2.0691,324.0204,165.8100,-20.5894,0.0000,18219
5,13,9,25.0,65.0,1.5,0.02,0.15,0.3,413,1.7156,133.4229,68.2761,-17.6058,0.0000,18219
5,13,9,25.0,65.0,1.5,0.03,0.05,0.3,557,2.0925,258.3280,132.1934,-23.7370,0.0000,18219
5,13,9,25.0,65.0,1.5,0.03,0.1,0.3,376,2.2419,314.6098,160.9944,-18.1791,0.0000,18219
5,13,9,25.0,65.0,1.5,0.03,0.15,0.3,300,1.8977,166.8323,85.3726,-18.6637,0.0000,18219
5,13,9,25.0,65.0,1.5,0.05,0.05,0.3,538,1.7816,148.5894,76.0372,-16.4186,0.0000,18219
5,13,9,25.0,65.0,1.5,0.05,0.1,0.3,312,0.9561,90.9840,46.5590,-27.5962,0.0000,18219
5,13,9,25.0,65.0,1.5,0.05,0.15,0.3,239,0.4692,47.3061,24.2078,-42.2496,0.0000,18219
5,13,9,25.0,70.0,1.0,0.02,0.05,0.3,529,1.1685,606.0318,310.1229,-53.2168,0.0000,18219
5,13,9,25.0,70.0,1.0,0.02,0.1,0.3,655,1.4787,292.8126,149.8402,-33.4057,0.0000,18219
5,13,9,25.0,70.0,1.0,0.02,0.15,0.3,509,1.1744,127.4986,65.2445,-23.1064,0.0000,18219
5,13,9,25.0,70.0,1.0,0.03,0.05,0.3,719,1.5713,267.0829,136.6735,-39.3718,0.0000,18219
5,13,9,25.0,70.0,1.0,0.03,0.1,0.3,436,1.4502,263.5028,134.8415,-34.6544,0.0000,18219
5,13,9,25.0,70.0,1.0,0.03,0.15,0.3,322,2.1662,228.5890,116.9752,-20.5105,0.0000,18219
5,13,9,25.0,70.0,1.0,0.05,0.05,0.3,527,2.3272,398.9768,204.1672,-18.5589,0.0000,18219
5,13,9,25.0,70.0,1.0,0.05,0.1,0.3,319,1.6107,297.7850,152.3847,-32.4633,0.0000,18219
5,13,9,25.0,70.0,1.0,0.05,0.15,0.3,278,0.9696,110.5458,56.5693,-35.0467,0.0000,18219
5,13,9,25.0,70.0,1.2,0.02,0.05,0.3,710,1.6594,421.2208,215.5501,-29.1562,0.0000,18219
5,13,9,25.0,70.0,1.2,0.02,0.1,0.3,536,1.8121,274.0420,140.2347,-26.2073,0.0000,18219
5,13,9,25.0,70.0,1.2,0.02,0.15,0.3,473,1.2615,121.2825,62.0636,-20.4127,0.0000,18219
5,13,9,25.0,70.0,1.2,0.03,0.05,0.3,648,1.6332,243.0794,124.3903,-35.4088,0.0000,18219
5,13,9,25.0,70.0,1.2,0.03,0.1,0.3,418,1.7439,290.6470,148.7319,-22.3163,0.0000,18219
5,13,9,25.0,70.0,1.2,0.03,0.15,0.3,315,2.1636,218.9354,112.0352,-18.7928,0.0000,18219
5,13,9,25.0,70.0,1.2,0.05,0.05,0.3,469,1.8075,285.6083,146.1535,-26.0486,0.0000,18219
5,13,9,25.0,70.0,1.2,0.05,0.1,0.3,329,0.9749,106.7999,54.6524,-30.7751,0.0000,18219
5,13,9,25.0,70.0,1.2,0.05,0.15,0.3,257,0.8865,94.4108,48.3126,-35.5612,0.0000,18219
5,13,9,25.0,70.0,1.5,0.02,0.05,0.3,628,1.8559,375.4670,192.1366,-24.8648,0.0000,18219
5,13,9,25.0,70.0,1.5,0.02,0.1,0.3,507,2.0691,324.0204,165.8100,-20.5894,0.0000,18219
5,13,9,25.0,70.0,1.5,0.02,0.15,0.3,413,1.7156,133.4229,68.2761,-17.6058,0.0000,18219
5,13,9,25.0,70.0,1.5,0.03,0.05,0.3,557,2.0925,258.3280,132.1934,-23.7370,0.0000,18219
5,13,9,25.0,70.0,1.5,0.03,0.1,0.3,376,2.2419,314.6098,160.9944,-18.1791,0.0000,18219
5,13,9,25.0,70.0,1.5,0.03,0.15,0.3,300,1.8977,166.8323,85.3726,-18.6637,0.0000,18219
5,13,9,25.0,70.0,1.5,0.05,0.05,0.3,538,1.7816,148.5894,76.0372,-16.4186,0.0000,18219
5,13,9,25.0,70.0,1.5,0.05,0.1,0.3,312,0.9561,90.9840,46.5590,-27.5962,0.0000,18219
5,13,9,25.0,70.0,1.5,0.05,0.15,0.3,239,0.4692,47.3061,24.2078,-42.2496,0.0000,18219
5,13,9,25.0,75.0,1.0,0.02,0.05,0.3,529,1.1685,606.0318,310.1229,-53.2168,0.0000,18219
5,13,9,25.0,75.0,1.0,0.02,0.1,0.3,655,1.4787,292.8126,149.8402,-33.4057,0.0000,18219
5,13,9,25.0,75.0,1.0,0.02,0.15,0.3,509,1.1744,127.4986,65.2445,-23.1064,0.0000,18219
5,13,9,25.0,75.0,1.0,0.03,0.05,0.3,719,1.5713,267.0829,136.6735,-39.3718,0.0000,18219
5,13,9,25.0,75.0,1.0,0.03,0.1,0.3,436,1.4502,263.5028,134.8415,-34.6544,0.0000,18219
5,13,9,25.0,75.0,1.0,0.03,0.15,0.3,322,2.1662,228.5890,116.9752,-20.5105,0.0000,18219
5,13,9,25.0,75.0,1.0,0.05,0.05,0.3,527,2.3272,398.9768,204.1672,-18.5589,0.0000,18219
5,13,9,25.0,75.0,1.0,0.05,0.1,0.3,319,1.6107,297.7850,152.3847,-32.4633,0.0000,18219
5,13,9,25.0,75.0,1.0,0.05,0.15,0.3,278,0.9696,110.5458,56.5693,-35.0467,0.0000,18219
5,13,9,25.0,75.0,1.2,0.02,0.05,0.3,710,1.6594,421.2208,215.5501,-29.1562,0.0000,18219
5,13,9,25.0,75.0,1.2,0.02,0.1,0.3,536,1.8121,274.0420,140.2347,-26.2073,0.0000,18219
5,13,9,25.0,75.0,1.2,0.02,0.15,0.3,473,1.2615,121.2825,62.0636,-20.4127,0.0000,18219
5,13,9,25.0,75.0,1.2,0.03,0.05,0.3,648,1.6332,243.0794,124.3903,-35.4088,0.0000,18219
5,13,9,25.0,75.0,1.2,0.03,0.1,0.3,418,1.7439,290.6470,148.7319,-22.3163,0.0000,18219
5,13,9,25.0,75.0,1.2,0.03,0.15,0.3,315,2.1636,218.9354,112.0352,-18.7928,0.0000,18219
5,13,9,25.0,75.0,1.2,0.05,0.05,0.3,469,1.8075,285.6083,146.1535,-26.0486,0.0000,18219
5,13,9,25.0,75.0,1.2,0.05,0.1,0.3,329,0.9749,106.7999,54.6524,-30.7751,0.0000,18219
5,13,9,25.0,75.0,1.2,0.05,0.15,0.3,257,0.8865,94.4108,48.3126,-35.5612,0.0000,18219
5,13,9,25.0,75.0,1.5,0.02,0.05,0.3,628,1.8559,375.4670,192.1366,-24.8648,0.0000,18219
5,13,9,25.0,75.0,1.5,0.02,0.1,0.3,507,2.0691,324.0204,165.8100,-20.5894,0.0000,18219
5,13,9,25.0,75.0,1.5,0.02,0.15,0.3,413,1.7156,133.4229,68.2761,-17.6058,0.0000,18219
5,13,9,25.0,75.0,1.5,0.03,0.05,0.3,557,2.0925,258.3280,132.1934,-23.7370,0.0000,18219
5,13,9,25.0,75.0,1.5,0.03,0.1,0.3,376,2.2419,314.6098,160.9944,-18.1791,0.0000,18219
5,13,9,25.0,75.0,1.5,0.03,0.15,0.3,300,1.8977,166.8323,85.3726,-18.6637,0.0000,18219
5,13,9,25.0,75.0,1.5,0.05,0.05,0.3,538,1.7816,148.5894,76.0372,-16.4186,0.0000,18219
5,13,9,25.0,75.0,1.5,0.05,0.1,0.3,312,0.9561,90.9840,46.5590,-27.5962,0.0000,18219
5,13,9,25.0,75.0,1.5,0.05,0.15,0.3,239,0.4692,47.3061,24.2078,-42.2496,0.0000,18219
5,13,9,30.0,65.0,1.0,0.02,0.05,0.3,529,1.1685,606.0318,310.1229,-53.2168,0.0000,18219
5,13,9,30.0,65.0,1.0,0.02,0.1,0.3,655,1.4787,292.8126,149.8402,-33.4057,0.0000,18219
5,13,9,30.0,65.0,1.0,0.02,0.15,0.3,509,1.1744,127.4986,65.2445,-23.1064,0.0000,18219
5,13,9,30.0,65.0,1.0,0.03,0.05,0.3,719,1.5713,267.0829,136.6735,-39.3718,0.0000,18219
5,13,9,30.0,65.0,1.0,0.03,0.1,0.3,436,1.4502,263.5028,134.8415,-34.6544,0.0000,18219
5,13,9,30.0,65.0,1.0,0.03,0.15,0.3,322,2.1662,228.5890,116.9752,-20.5105,0.0000,18219
5,13,9,30.0,65.0,1.0,0.05,0.05,0.3,527,2.3272,398.9768,204.1672,-18.5589,0.0000,18219
5,13,9,30.0,65.0,1.0,0.05,0.1,0.3,319,1.6107,297.7850,152.3847,-32.4633,0.0000,18219
5,13,9,30.0,65.0,1.0,0.05,0.15,0.3,278,0.9696,110.5458,56.5693,-35.0467,0.0000,18219
5,13,9,30.0,65.0,1.2,0.02,0.05,0.3,710,1.6594,421.2208,215.5501,-29.1562,0.0000,18219
5,13,9,30.0,65.0,1.2,0.02,0.1,0.3,536,1.8121,274.0420,140.2347,-26.2073,0.0000,18219
5,13,9,30.0,65.0,1.2,0.02,0.15,0.3,473,1.2615,121.2825,62.0636,-20.4127,0.0000,18219
5,13,9,30.0,65.0,1.2,0.03,0.05,0.3,648,1.6332,243.0794,124.3903,-35.4088,0.0000,18219
5,13,9,30.0,65.0,1.2,0.03,0.1,0.3,418,1.7439,290.6470,148.7319,-22.3163,0.0000,18219
5,13,9,30.0,65.0,1.2,0.03,0.15,0.3,315,2.1636,218.9354,112.0352,-18.7928,0.0000,18219
5,13,9,30.0,65.0,1.2,0.05,0.05,0.3,469,1.8075,285.6083,146.1535,-26.0486,0.0000,18219
5,13,9,30.0,65.0,1.2,0.05,0.1,0.3,329,0.9749,106.7999,54.6524,-30.7751,0.0000,18219
5,13,9,30.0,65.0,1.2,0.05,0.15,0.3,257,0.8865,94.4108,48.3126,-35.5612,0.0000,18219
5,13,9,30.0,65.0,1.5,0.02,0.05,0.3,628,1.8559,375.4670,192.1366,-24.8648,0.0000,18219
5,13,9,30.0,65.0,1.5,0.02,0.1,0.3,507,2.0691,324.0204,165.8100,-20.5894,0.0000,18219
5,13,9,30.0,65.0,1.5,0.02,0.15,0.3,413,1.7156,133.4229,68.2761,-17.6058,0.0000,18219
5,13,9,30.0,65.0,1.5,0.03,0.05,0.3,557,2.0925,258.3280,132.1934,-23.7370,0.0000,18219
5,13,9,30.0,65.0,1.5,0.03,0.1,0.3,376,2.2419,314.6098,160.9944,-18.1791,0.0000,18219
5,13,9,30.0,65.0,1.5,0.03,0.15,0.3,300,1.8977,166.8323,85.3726,-18.6637,0.0000,18219
5,13,9,30.0,65.0,1.5,0.05,0.05,0.3,538,1.7816,148.5894,76.0372,-16.4186,0.0000,18219
5,13,9,30.0,65.0,1.5,0.05,0.1,0.3,312,0.9561,90.9840,46.5590,-27.5962,0.0000,18219
5,13,9,30.0,65.0,1.5,0.05,0.15,0.3,239,0.4692,47.3061,24.2078,-42.2496,0.0000,18219
5,13,9,30.0,70.0,1.0,0.02,0.05,0.3,529,1.1685,606.0318,310.1229,-53.2168,0.0000,18219
5,13,9,30.0,70.0,1.0,0.02,0.1,0.3,655,1.4787,292.8126,149.8402,-33.4057,0.0000,18219
5,13,9,30.0,70.0,1.0,0.02,0.15,0.3,509,1.1744,127.4986,65.2445,-23.1064,0.0000,18219
5,13,9,30.0,70.0,1.0,0.03,0.05,0.3,719,1.5713,267.0829,136.6735,-39.3718,0.0000,18219
5,13,9,30.0,70.0,1.0,0.03,0.1,0.3,436,1.4502,263.5028,134.8415,-34.6544,0.0000,18219
5,13,9,30.0,70.0,1.0,0.03,0.15,0.3,322,2.1662,228.5890,116.9752,-20.5105,0.0000,18219
5,13,9,30.0,70.0,1.0,0.05,0.05,0.3,527,2.3272,398.9768,204.1672,-18.5589,0.0000,18219
5,13,9,30.0,70.0,1.0,0.05,0.1,0.3,319,1.6107,297.7850,152.3847,-32.4633,0.0000,18219
5,13,9,30.0,70.0,1.0,0.05,0.15,0.3,278,0.9696,110.5458,56.5693,-35.0467,0.0000,18219
5,13,9,30.0,70.0,1.2,0.02,0.05,0.3,710,1.6594,421.2208,215.5501,-29.1562,0.0000,18219
5,13,9,30.0,70.0,1.2,0.02,0.1,0.3,536,1.8121,274.0420,140.2347,-26.2073,0.0000,18219
5,13,9,30.0,70.0,1.2,0.02,0.15,0.3,473,1.2615,121.2825,62.0636,-20.4127,0.0000,18219
5,13,9,30.0,70.0,1.2,0.03,0.05,0.3,648,1.6332,243.0794,124.3903,-35.4088,0.0000,18219
5,13,9,30.0,70.0,1.2,0.03,0.1,0.3,418,1.7439,290.6470,148.7319,-22.3163,0.0000,18219
5,13,9,30.0,70.0,1.2,0.03,0.15,0.3,315,2.1636,218.9354,112.0352,-18.7928,0.0000,18219
5,13,9,30.0,70.0,1.2,0.05,0.05,0.3,469,1.8075,285.6083,146.1535,-26.0486,0.0000,18219
5,13,9,30.0,70.0,1.2,0.05,0.1,0.3,329,0.9749,106.7999,54.6524,-30.7751,0.0000,18219
5,13,9,30.0,70.0,1.2,0.05,0.15,0.3,257,0.8865,94.4108,48.3126,-35.5612,0.0000,18219
5,13,9,30.0,70.0,1.5,0.02,0.05,0.3,628,1.8559,375.4670,192.1366,-24.8648,0.0000,18219
5,13,9,30.0,70.0,1.5,0.02,0.1,0.3,507,2.0691,324.0204,165.8100,-20.5894,0.0000,18219
5,13,9,30.0,70.0,1.5,0.02,0.15,0.3,413,1.7156,133.4229,68.2761,-17.6058,0.0000,18219
5,13,9,30.0,70.0,1.5,0.03,0.05,0.3,557,2.0925,258.3280,132.1934,-23.7370,0.0000,18219
5,13,9,30.0,70.0,1.5,0.03,0.1,0.3,376,2.2419,314.6098,160.9944,-18.1791,0.0000,18219
5,13,9,30.0,70.0,1.5,0.03,0.15,0.3,300,1.8977,166.8323,85.3726,-18.6637,0.0000,18219
5,13,9,30.0,70.0,1.5,0.05,0.05,0.3,538,1.7816,148.5894,76.0372,-16.4186,0.0000,18219
5,13,9,30.0,70.0,1.5,0.05,0.1,0.3,312,0.9561,90.9840,46.5590,-27.5962,0.0000,18219
5,13,9,30.0,70.0,1.5,0.05,0.15,0.3,239,0.4692,47.3061,24.2078,-42.2496,0.0000,18219
5,13,9,30.0,75.0,1.0,0.02,0.05,0.3,529,1.1685,606.0318,310.1229,-53.2168,0.0000,18219
5,13,9,30.0,75.0,1.0,0.02,0.1,0.3,655,1.4787,292.8126,149.8402,-33.4057,0.0000,18219
5,13,9,30.0,75.0,1.0,0.02,0.15,0.3,509,1.1744,127.4986,65.2445,-23.1064,0.0000,18219
5,13,9,30.0,75.0,1.0,0.03,0.05,0.3,719,1.5713,267.0829,136.6735,-39.3718,0.0000,18219
5,13,9,30.0,75.0,1.0,0.03,0.1,0.3,436,1.4502,263.5028,134.8415,-34.6544,0.0000,18219
5,13,9,30.0,75.0,1.0,0.03,0.15,0.3,322,2.1662,228.5890,116.9752,-20.5105,0.0000,18219
5,13,9,30.0,75.0,1.0,0.05,0.05,0.3,527,2.3272,398.9768,204.1672,-18.5589,0.0000,18219
5,13,9,30.0,75.0,1.0,0.05,0.1,0.3,319,1.6107,297.7850,152.3847,-32.4633,0.0000,18219
5,13,9,30.0,75.0,1.0,0.05,0.15,0.3,278,0.9696,110.5458,56.5693,-35.0467,0.0000,18219
5,13,9,30.0,75.0,1.2,0.02,0.05,0.3,710,1.6594,421.2208,215.5501,-29.1562,0.0000,18219
5,13,9,30.0,75.0,1.2,0.02,0.1,0.3,536,1.8121,274.0420,140.2347,-26.2073,0.0000,18219
5,13,9,30.0,75.0,1.2,0.02,0.15,0.3,473,1.2615,121.2825,62.0636,-20.4127,0.0000,18219
5,13,9,30.0,75.0,1.2,0.03,0.05,0.3,648,1.6332,243.0794,124.3903,-35.4088,0.0000,18219
5,13,9,30.0,75.0,1.2,0.03,0.1,0.3,418,1.7439,290.6470,148.7319,-22.3163,0.0000,18219
5,13,9,30.0,75.0,1.2,0.03,0.15,0.3,315,2.1636,218.9354,112.0352,-18.7928,0.0000,18219
5,13,9,30.0,75.0,1.2,0.05,0.05,0.3,469,1.8075,285.6083,146.1535,-26.0486,0.0000,18219
5,13,9,30.0,75.0,1.2,0.05,0.1,0.3,329,0.9749,106.7999,54.6524,-30.7751,0.0000,18219
5,13,9,30.0,75.0,1.2,0.05,0.15,0.3,257,0.8865,94.4108,48.3126,-35.5612,0.0000,18219
5,13,9,30.0,75.0,1.5,0.02,0.05,0.3,628,1.8559,375.4670,192.1366,-24.8648,0.0000,18219
5,13,9,30.0,75.0,1.5,0.02,0.1,0.3,507,2.0691,324.0204,165.8100,-20.5894,0.0000,18219
5,13,9,30.0,75.0,1.5,0.02,0.15,0.3,413,1.7156,133.4229,68.2761,-17.6058,0.0000,18219
5,13,9,30.0,75.0,1.5,0.03,0.05,0.3,557,2.0925,258.3280,132.1934,-23.7370,0.0000,18219
5,13,9,30.0,75.0,1.5,0.03,0.1,0.3,376,2.2419,314.6098,160.9944,-18.1791,0.0000,18219
5,13,9,30.0,75.0,1.5,0.03,0.15,0.3,300,1.8977,166.8323,85.3726,-18.6637,0.0000,18219
5,13,9,30.0,75.0,1.5,0.05,0.05,0.3,538,1.7816,148.5894,76.0372,-16.4186,0.0000,18219
5,13,9,30.0,75.0,1.5,0.05,0.1,0.3,312,0.9561,90.9840,46.5590,-27.5962,0.0000,18219
5,13,9,30.0,75.0,1.5,0.05,0.15,0.3,239,0.4692,47.3061,24.2078,-42.2496,0.0000,18219
5,13,9,35.0,65.0,1.0,0.02,0.05,0.3,529,1.1685,606.0318,310.1229,-53.2168,0.0000,18219
5,13,9,35.0,65.0,1.0,0.02,0.1,0.3,655,1.4787,292.8126,149.8402,-33.4057,0.0000,18219
5,13,9,35.0,65.0,1.0,0.02,0.15,0.3,509,1.1744,127.4986,65.2445,-23.1064,0.0000,18219
5,13,9,35.0,65.0,1.0,0.03,0.05,0.3,719,1.5713,267.0829,136.6735,-39.3718,0.0000,18219
5,13,9,35.0,65.0,1.0,0.03,0.1,0.3,436,1.4502,263.5028,134.8415,-34.6544,0.0000,18219
5,13,9,35.0,65.0,1.0,0.03,0.15,0.3,322,2.1662,228.5890,116.9752,-20.5105,0.0000,18219
5,13,9,35.0,65.0,1.0,0.05,0.05,0.3,527,2.3272,398.9768,204.1672,-18.5589,0.0000,18219
5,13,9,35.0,65.0,1.0,0.05,0.1,0.3,319,1.6107,297.7850,152.3847,-32.4633,0.0000,18219
5,13,9,35.0,65.0,1.0,0.05,0.15,0.3,278,0.9696,110.5458,56.5693,-35.0467,0.0000,18219
5,13,9,35.0,65.0,1.2,0.02,0.05,0.3,710,1.6594,421.2208,215.5501,-29.1562,0.0000,18219
5,13,9,35.0,65.0,1.2,0.02,0.1,0.3,536,1.8121,274.0420,140.2347,-26.2073,0.0000,18219
5,13,9,35.0,65.0,1.2,0.02,0.15,0.3,473,1.2615,121.2825,62.0636,-20.4127,0.0000,18219
5,13,9,35.0,65.0,1.2,0.03,0.05,0.3,648,1.6332,243.0794,124.3903,-35.4088,0.0000,18219
5,13,9,35.0,65.0,1.2,0.03,0.1,0.3,418,1.7439,290.6470,148.7319,-22.3163,0.0000,18219
5,13,9,35.0,65.0,1.2,0.03,0.15,0.3,315,2.1636,218.9354,112.0352,-18.7928,0.0000,18219
5,13,9,35.0,65.0,1.2,0.05,0.05,0.3,469,1.8075,285.6083,146.1535,-26.0486,0.0000,18219
5,13,9,35.0,65.0,1.2,0.05,0.1,0.3,329,0.9749,106.7999,54.6524,-30.7751,0.0000,18219
5,13,9,35.0,65.0,1.2,0.05,0.15,0.3,257,0.8865,94.4108,48.3126,-35.5612,0.0000,18219
5,13,9,35.0,65.0,1.5,0.02,0.05,0.3,628,1.8559,375.4670,192.1366,-24.8648,0.0000,18219
5,13,9,35.0,65.0,1.5,0.02,0.1,0.3,507,2.0691,324.0204,165.8100,-20.5894,0.0000,18219
5,13,9,35.0,65.0,1.5,0.02,0.15,0.3,413,1.7156,133.4229,68.2761,-17.6058,0.0000,18219
5,13,9,35.0,65.0,1.5,0.03,0.05,0.3,557,2.0925,258.3280,132.1934,-23.7370,0.0000,18219
5,13,9,35.0,65.0,1.5,0.03,0.1,0.3,376,2.2419,314.6098,160.9944,-18.1791,0.0000,18219
5,13,9,35.0,65.0,1.5,0.03,0.15,0.3,300,1.8977,166.8323,85.3726,-18.6637,0.0000,18219
5,13,9,35.0,65.0,1.5,0.05,0.05,0.3,538,1.7816,148.5894,76.0372,-16.4186,0.0000,18219
5,13,9,35.0,65.0,1.5,0.05,0.1,0.3,312,0.9561,90.9840,46.5590,-27.5962,0.0000,18219
5,13,9,35.0,65.0,1.5,0.05,0.15,0.3,239,0.4692,47.3061,24.2078,-42.2496,0.0000,18219
5,13,9,35.0,70.0,1.0,0.02,0.05,0.3,529,1.1685,606.0318,310.1229,-53.2168,0.0000,18219
5,13,9,35.0,70.0,1.0,0.02,0.1,0.3,655,1.4787,292.8126,149.8402,-33.4057,0.0000,18219
5,13,9,35.0,70.0,1.0,0.02,0.15,0.3,509,1.1744,127.4986,65.2445,-23.1064,0.0000,18219
5,13,9,35.0,70.0,1.0,0.03,0.05,0.3,719,1.5713,267.0829,136.6735,-39.3718,0.0000,18219
5,13,9,35.0,70.0,1.0,0.03,0.1,0.3,436,1.4502,263.5028,134.8415,-34.6544,0.0000,18219
5,13,9,35.0,70.0,1.0,0.03,0.15,0.3,322,2.1662,228.5890,116.9752,-20.5105,0.0000,18219
5,13,9,35.0,70.0,1.0,0.05,0.05,0.3,527,2.3272,398.9768,204.1672,-18.5589,0.0000,18219
5,13,9,35.0,70.0,1.0,0.05,0.1,0.3,319,1.6107,297.7850,152.3847,-32.4633,0.0000,18219
5,13,9,35.0,70.0,1.0,0.05,0.15,0.3,278,0.9696,110.5458,56.5693,-35.0467,0.0000,18219
5,13,9,35.0,70.0,1.2,0.02,0.05,0.3,710,1.6594,421.2208,215.5501,-29.1562,0.0000,18219
5,13,9,35.0,70.0,1.2,0.02,0.1,0.3,536,1.8121,274.0420,140.2347,-26.2073,0.0000,18219
5,13,9,35.0,70.0,1.2,0.02,0.15,0.3,473,1.2615,121.2825,62.0636,-20.4127,0.0000,18219
5,13,9,35.0,70.0,1.2,0.03,0.05,0.3,648,1.6332,243.0794,124.3903,-35.4088,0.0000,18219
5,13,9,35.0,70.0,1.2,0.03,0.1,0.3,418,1.7439,290.6470,148.7319,-22.3163,0.0000,18219
5,13,9,35.0,70.0,1.2,0.03,0.15,0.3,315,2.1636,218.9354,112.0352,-18.7928,0.0000,18219
5,13,9,35.0,70.0,1.2,0.05,0.05,0.3,469,1.8075,285.6083,146.1535,-26.0486,0.0000,18219
5,13,9,35.0,70.0,1.2,0.05,0.1,0.3,329,0.9749,106.7999,54.6524,-30.7751,0.0000,18219
5,13,9,35.0,70.0,1.2,0.05,0.15,0.3,257,0.8865,94.4108,48.3126,-35.5612,0.0000,18219
5,13,9,35.0,70.0,1.5,0.02,0.05,0.3,628,1.8559,375.4670,192.1366,-24.8648,0.0000,18219
5,13,9,35.0,70.0,1.5,0.02,0.1,0.3,507,2.0691,324.0204,165.8100,-20.5894,0.0000,18219
5,13,9,35.0,70.0,1.5,0.02,0.15,0.3,413,1.7156,133.4229,68.2761,-17.6058,0.0000,18219
5,13,9,35.0,70.0,1.5,0.03,0.05,0.3,557,2.0925,258.3280,132.1934,-23.7370,0.0000,18219
5,13,9,35.0,70.0,1.5,0.03,0.1,0.3,376,2.2419,314.6098,160.9944,-18.1791,0.0000,18219
5,13,9,35.0,70.0,1.5,0.03,0.15,0.3,300,1.8977,166.8323,85.3726,-18.6637,0.0000,18219
5,13,9,35.0,70.0,1.5,0.05,0.05,0.3,538,1.7816,148.5894,76.0372,-16.4186,0.0000,18219
5,13,9,35.0,70.0,1.5,0.05,0.1,0.3,312,0.9561,90.9840,46.5590,-27.5962,0.0000,18219
5,13,9,35.0,70.0,1.5,0.05,0.15,0.3,239,0.4692,47.3061,24.2078,-42.2496,0.0000,18219
5,13,9,35.0,75.0,1.0,0.02,0.05,0.3,529,1.1685,606.0318,310.1229,-53.2168,0.0000,18219
5,13,9,35.0,75.0,1.0,0.02,0.1,0.3,655,1.4787,292.8126,149.8402,-33.4057,0.0000,18219
5,13,9,35.0,75.0,1.0,0.02,0.15,0.3,509,1.1744,127.4986,65.2445,-23.1064,0.0000,18219
5,13,9,35.0,75.0,1.0,0.03,0.05,0.3,719,1.5713,267.0829,136.6735,-39.3718,0.0000,18219
5,13,9,35.0,75.0,1.0,0.03,0.1,0.3,436,1.4502,263.5028,134.8415,-34.6544,0.0000,18219
5,13,9,35.0,75.0,1.0,0.03,0.15,0.3,322,2.1662,228.5890,116.9752,-20.5105,0.0000,18219
5,13,9,35.0,75.0,1.0,0.05,0.05,0.3,527,2.3272,398.9768,204.1672,-18.5589,0.0000,18219
5,13,9,35.0,75.0,1.0,0.05,0.1,0.3,319,1.6107,297.7850,152.3847,-32.4633,0.0000,18219
5,13,9,35.0,75.0,1.0,0.05,0.15,0.3,278,0.9696,110.5458,56.5693,-35.0467,0.0000,18219
5,13,9,35.0,75.0,1.2,0.02,0.05,0.3,710,1.6594,421.2208,215.5501,-29.1562,0.0000,18219
5,13,9,35.0,75.0,1.2,0.02,0.1,0.3,536,1.8121,274.0420,140.2347,-26.2073,0.0000,18219
5,13,9,35.0,75.0,1.2,0.02,0.15,0.3,473,1.2615,121.2825,62.0636,-20.4127,0.0000,18219
5,13,9,35.0,75.0,1.2,0.03,0.05,0.3,648,1.6332,243.0794,124.3903,-35.4088,0.0000,18219
5,13,9,35.0,75.0,1.2,0.03,0.1,0.3,418,1.7439,290.6470,148.7319,-22.3163,0.0000,18219
5,13,9,35.0,75.0,1.2,0.03,0.15,0.3,315,2.1636,218.9354,112.0352,-18.7928,0.0000,18219
5,13,9,35.0,75.0,1.2,0.05,0.05,0.3,469,1.8075,285.6083,146.1535,-26.0486,0.0000,18219
5,13,9,35.0,75.0,1.2,0.05,0.1,0.3,329,0.9749,106.7999,54.6524,-30.7751,0.0000,18219
5,13,9,35.0,75.0,1.2,0.05,0.15,0.3,257,0.8865,94.4108,48.3126,-35.5612,0.0000,18219
5,13,9,35.0,75.0,1.5,0.02,0.05,0.3,628,1.8559,375.4670,192.1366,-24.8648,0.0000,18219
5,13,9,35.0,75.0,1.5,0.02,0.1,0.3,507,2.0691,324.0204,165.8100,-20.5894,0.0000,18219
5,13,9,35.0,75.0,1.5,0.02,0.15,0.3,413,1.7156,133.4229,68.2761,-17.6058,0.0000,18219
5,13,9,35.0,75.0,1.5,0.03,0.05,0.3,557,2.0925,258.3280,132.1934,-23.7370,0.0000,18219
5,13,9,35.0,75.0,1.5,0.03,0.1,0.3,376,2.2419,314.6098,160.9944,-18.1791,0.0000,18219
5,13,9,35.0,75.0,1.5,0.03,0.15,0.3,300,1.8977,166.8323,85.3726,-18.6637,0.0000,18219
5,13,9,35.0,75.0,1.5,0.05,0.05,0.3,538,1.7816,148.5894,76.0372,-16.4186,0.0000,18219
5,13,9,35.0,75.0,1.5,0.05,0.1,0.3,312,0.9561,90.9840,46.5590,-27.5962,0.0000,18219
5,13,9,35.0,75.0,1.5,0.05,0.15,0.3,239,0.4692,47.3061,24.2078,-42.2496,0.0000,18219
5,13,14,25.0,65.0,1.0,0.02,0.05,0.3,529,1.1685,606.0318,310.1229,-53.2168,0.0000,18219
5,13,14,25.0,65.0,1.0,0.02,0.1,0.3,655,1.4787,292.8126,149.8402,-33.4057,0.0000,18219
5,13,14,25.0,65.0,1.0,0.02,0.15,0.3,509,1.1744,127.4986,65.2445,-23.1064,0.0000,18219
5,13,14,25.0,65.0,1.0,0.03,0.05,0.3,719,1.5713,267.0829,136.6735,-39.3718,0.0000,18219
5,13,14,25.0,65.0,1.0,0.03,0.1,0.3,436,1.4502,263.5028,134.8415,-34.6544,0.0000,18219
5,13,14,25.0,65.0,1.0,0.03,0.15,0.3,322,2.1662,228.5890,116.9752,-20.5105,0.0000,18219
5,13,14,25.0,65.0,1.0,0.05,0.05,0.3,527,2.3272,398.9768,204.1672,-18.5589,0.0000,18219
5,13,14,25.0,65.0,1.0,0.05,0.1,0.3,319,1.6107,297.7850,152.3847,-32.4633,0.0000,18219
5,13,14,25.0,65.0,1.0,0.05,0.15,0.3,278,0.9696,110.5458,56.5693,-35.0467,0.0000,18219
5,13,14,25.0,65.0,1.2,0.02,0.05,0.3,710,1.6594,421.2208,215.5501,-29.1562,0.0000,18219
5,13,14,25.0,65.0,1.2,0.02,0.1,0.3,536,1.8121,274.0420,140.2347,-26.2073,0.0000,18219
5,13,14,25.0,65.0,1.2,0.02,0.15,0.3,473,1.2615,121.2825,62.0636,-20.4127,0.0000,18219
5,13,14,25.0,65.0,1.2,0.03,0.05,0.3,648,1.6332,243.0794,124.3903,-35.4088,0.0000,18219
5,13,14,25.0,65.0,1.2,0.03,0.1,0.3,418,1.7439,290.6470,148.7319,-22.3163,0.0000,18219
5,13,14,25.0,65.0,1.2,0.03,0.15,0.3,315,2.1636,218.9354,112.0352,-18.7928,0.0000,18219
5,13,14,25.0,65.0,1.2,0.05,0.05,0.3,469,1.8075,285.6083,146.1535,-26.0486,0.0000,18219
5,13,14,25.0,65.0,1.2,0.05,0.1,0.3,329,0.9749,106.7999,54.6524,-30.7751,0.0000,18219
5,13,14,25.0,65.0,1.2,0.05,0.15,0.3,257,0.8865,94.4108,48.3126,-35.5612,0.0000,18219
5,13,14,25.0,65.0,1.5,0.02,0.05,0.3,628,1.8559,375.4670,192.1366,-24.8648,0.0000,18219
5,13,14,25.0,65.0,1.5,0.02,0.1,0.3,507,2.0691,324.0204,165.8100,-20.5894,0.0000,18219
5,13,14,25.0,65.0,1.5,0.02,0.15,0.3,413,1.7156,133.4229,68.2761,-17.6058,0.0000,18219
5,13,14,25.0,65.0,1.5,0.03,0.05,0.3,557,2.0925,258.3280,132.1934,-23.7370,0.0000,18219
5,13,14,25.0,65.0,1.5,0.03,0.1,0.3,376,2.2419,314.6098,160.9944,-18.1791,0.0000,18219
5,13,14,25.0,65.0,1.5,0.03,0.15,0.3,300,1.8977,166.8323,85.3726,-18.6637,0.0000,18219
5,13,14,25.0,65.0,1.5,0.05,0.05,0.3,538,1.7816,148.5894,76.0372,-16.4186,0.0000,18219
5,13,14,25.0,65.0,1.5,0.05,0.1,0.3,312,0.9561,90.9840,46.5590,-27.5962,0.0000,18219
5,13,14,25.0,65.0,1.5,0.05,0.15,0.3,239,0.4692,47.3061,24.2078,-42.2496,0.0000,18219
5,13,14,25.0,70.0,1.0,0.02,0.05,0.3,529,1.1685,606.0318,310.1229,-53.2168,0.0000,18219
5,13,14,25.0,70.0,1.0,0.02,0.1,0.3,655,1.4787,292.8126,149.8402,-33.4057,0.0000,18219
5,13,14,25.0,70.0,1.0,0.02,0.15,0.3,509,1.1744,127.4986,65.2445,-23.1064,0.0000,18219
5,13,14,25.0,70.0,1.0,0.03,0.05,0.3,719,1.5713,267.0829,136.6735,-39.3718,0.0000,18219
5,13,14,25.0,70.0,1.0,0.03,0.1,0.3,436,1.4502,263.5028,134.8415,-34.6544,0.0000,18219
5,13,14,25.0,70.0,1.0,0.03,0.15,0.3,322,2.1662,228.5890,116.9752,-20.5105,0.0000,18219
5,13,14,25.0,70.0,1.0,0.05,0.05,0.3,527,2.3272,398.9768,204.1672,-18.5589,0.0000,18219
5,13,14,25.0,70.0,1.0,0.05,0.1,0.3,319,1.6107,297.7850,152.3847,-32.4633,0.0000,18219
5,13,14,25.0,70.0,1.0,0.05,0.15,0.3,278,0.9696,110.5458,56.5693,-35.0467,0.0000,18219
5,13,14,25.0,70.0,1.2,0.02,0.05,0.3,710,1.6594,421.2208,215.5501,-29.1562,0.0000,18219
5,13,14,25.0,70.0,1.2,0.02,0.1,0.3,536,1.8121,274.0420,140.2347,-26.2073,0.0000,18219
5,13,14,25.0,70.0,1.2,0.02,0.15,0.3,473,1.2615,121.2825,62.0636,-20.4127,0.0000,18219
5,13,14,25.0,70.0,1.2,0.03,0.05,0.3,648,1.6332,243.0794,124.3903,-35.4088,0.0000,18219
5,13,14,25.0,70.0,1.2,0.03,0.1,0.3,418,1.7439,290.6470,148.7319,-22.3163,0.0000,18219
5,13,14,25.0,70.0,1.2,0.03,0.15,0.3,315,2.1636,218.9354,112.0352,-18.7928,0.0000,18219
5,13,14,25.0,70.0,1.2,0.05,0.05,0.3,469,1.8075,285.6083,146.1535,-26.0486,0.0000,18219
5,13,14,25.0,70.0,1.2,0.05,0.1,0.3,329,0.9749,106.7999,54.6524,-30.7751,0.0000,18219
5,13,14,25.0,70.0,1.2,0.05,0.15,0.3,257,0.8865,94.4108,48.3126,-35.5612,0.0000,18219
5,13,14,25.0,70.0,1.5,0.02,0.05,0.3,628,1.8559,375.4670,192.1366,-24.8648,0.0000,18219
5,13,14,25.0,70.0,1.5,0.02,0.1,0.3,507,2.0691,324.0204,165.8100,-20.5894,0.0000,18219
5,13,14,25.0,70.0,1.5,0.02,0.15,0.3,413,1.7156,133.4229,68.2761,-17.6058,0.0000,18219
5,13,14,25.0,70.0,1.5,0.03,0.05,0.3,557,2.0925,258.3280,132.1934,-23.7370,0.0000,18219
5,13,14,25.0,70.0,1.5,0.03,0.1,0.3,376,2.2419,314.6098,160.9944,-18.1791,0.0000,18219
5,13,14,25.0,70.0,1.5,0.03,0.15,0.3,300,1.8977,166.8323,85.3726,-18.6637,0.0000,18219
5,13,14,25.0,70.0,1.5,0.05,0.05,0.3,538,1.7816,148.5894,76.0372,-16.4186,0.0000,18219
5,13,14,25.0,70.0,1.5,0.05,0.1,0.3,312,0.9561,90.9840,46.5590,-27.5962,0.0000,18219
5,13,14,25.0,70.0,1.5,0.05,0.15,0.3,239,0.4692,47.3061,24.2078,-42.2496,0.0000,18219
5,13,14,25.0,75.0,1.0,0.02,0.05,0.3,529,1.1685,606.0318,310.1229,-53.2168,0.0000,18219
5,13,14,25.0,75.0,1.0,0.02,0.1,0.3,655,1.4787,292.8126,149.8402,-33.4057,0.0000,18219
5,13,14,25.0,75.0,1.0,0.02,0.15,0.3,509,1.1744,127.4986,65.2445,-23.1064,0.0000,18219
5,13,14,25.0,75.0,1.0,0.03,0.05,0.3,719,1.5713,267.0829,136.6735,-39.3718,0.0000,18219
5,13,14,25.0,75.0,1.0,0.03,0.1,0.3,436,1.4502,263.5028,134.8415,-34.6544,0.0000,18219
5,13,14,25.0,75.0,1.0,0.03,0.15,0.3,322,2.1662,228.5890,116.9752,-20.5105,0.0000,18219
5,13,14,25.0,75.0,1.0,0.05,0.05,0.3,527,2.3272,398.9768,204.1672,-18.5589,0.0000,18219
5,13,14,25.0,75.0,1.0,0.05,0.1,0.3,319,1.6107,297.7850,152.3847,-32.4633,0.0000,18219
5,13,14,25.0,75.0,1.0,0.05,0.15,0.3,278,0.9696,110.5458,56.5693,-35.0467,0.0000,18219
5,13,14,25.0,75.0,1.2,0.02,0.05,0.3,710,1.6594,421.2208,215.5501,-29.1562,0.0000,18219
5,13,14,25.0,75.0,1.2,0.02,0.1,0.3,536,1.8121,274.0420,140.2347,-26.2073,0.0000,18219
5,13,14,25.0,75.0,1.2,0.02,0.15,0.3,473,1.2615,121.2825,62.0636,-20.4127,0.0000,18219
5,13,14,25.0,75.0,1.2,0.03,0.05,0.3,648,1.6332,243.0794,124.3903,-35.4088,0.0000,18219
5,13,14,25.0,75.0,1.2,0.03,0.1,0.3,418,1.7439,290.6470,148.7319,-22.3163,0.0000,18219
5,13,14,25.0,75.0,1.2,0.03,0.15,0.3,315,2.1636,218.9354,112.0352,-18.7928,0.0000,18219
5,13,14,25.0,75.0,1.2,0.05,0.05,0.3,469,1.8075,285.6083,146.1535,-26.0486,0.0000,18219
5,13,14,25.0,75.0,1.2,0.05,0.1,0.3,329,0.9749,106.7999,54.6524,-30.7751,0.0000,18219
5,13,14,25.0,75.0,1.2,0.05,0.15,0.3,257,0.8865,94.4108,48.3126,-35.5612,0.0000,18219
5,13,14,25.0,75.0,1.5,0.02,0.05,0.3,628,1.8559,375.4670,192.1366,-24.8648,0.0000,18219
5,13,14,25.0,75.0,1.5,0.02,0.1,0.3,507,2.0691,324.0204,165.8100,-20.5894,0.0000,18219
5,13,14,25.0,75.0,1.5,0.02,0.15,0.3,413,1.7156,133.4229,68.2761,-17.6058,0.0000,18219
5,13,14,25.0,75.0,1.5,0.03,0.05,0.3,557,2.0925,258.3280,132.1934,-23.7370,0.0000,18219
5,13,14,25.0,75.0,1.5,0.03,0.1,0.3,376,2.2419,314.6098,160.9944,-18.1791,0.0000,18219
5,13,14,25.0,75.0,1.5,0.03,0.15,0.3,300,1.8977,166.8323,85.3726,-18.6637,0.0000,18219
5,13,14,25.0,75.0,1.5,0.05,0.05,0.3,538,1.7816,148.5894,76.0372,-16.4186,0.0000,18219
5,13,14,25.0,75.0,1.5,0.05,0.1,0.3,312,0.9561,90.9840,46.5590,-27.5962,0.0000,18219
5,13,14,25.0,75.0,1.5,0.05,0.15,0.3,239,0.4692,47.3061,24.2078,-42.2496,0.0000,18219
5,13,14,30.0,65.0,1.0,0.02,0.05,0.3,529,1.1685,606.0318,310.1229,-53.2168,0.0000,18219
5,13,14,30.0,65.0,1.0,0.02,0.1,0.3,655,1.4787,292.8126,149.8402,-33.4057,0.0000,18219
5,13,14,30.0,65.0,1.0,0.02,0.15,0.3,509,1.1744,127.4986,65.2445,-23.1064,0.0000,18219
5,13,14,30.0,65.0,1.0,0.03,0.05,0.3,719,1.5713,267.0829,136.6735,-39.3718,0.0000,18219
5,13,14,30.0,65.0,1.0,0.03,0.1,0.3,436,1.4502,263.5028,134.8415,-34.6544,0.0000,18219
5,13,14,30.0,65.0,1.0,0.03,0.15,0.3,322,2.1662,228.5890,116.9752,-20.5105,0.0000,18219
5,13,14,30.0,65.0,1.0,0.05,0.05,0.3,527,2.3272,398.9768,204.1672,-18.5589,0.0000,18219
5,13,14,30.0,65.0,1.0,0.05,0.1,0.3,319,1.6107,297.7850,152.3847,-32.4633,0.0000,18219
5,13,14,30.0,65.0,1.0,0.05,0.15,0.3,278,0.9696,110.5458,56.5693,-35.0467,0.0000,18219
5,13,14,30.0,65.0,1.2,0.02,0.05,0.3,710,1.6594,421.2208,215.5501,-29.1562,0.0000,18219
5,13,14,30.0,65.0,1.2,0.02,0.1,0.3,536,1.8121,274.0420,140.2347,-26.2073,0.0000,18219
5,13,14,30.0,65.0,1.2,0.02,0.15,0.3,473,1.2615,121.2825,62.0636,-20.4127,0.0000,18219
5,13,14,30.0,65.0,1.2,0.03,0.05,0.3,648,1.6332,243.0794,124.3903,-35.4088,0.0000,18219
5,13,14,30.0,65.0,1.2,0.03,0.1,0.3,418,1.7439,290.6470,148.7319,-22.3163,0.0000,18219
5,13,14,30.0,65.0,1.2,0.03,0.15,0.3,315,2.1636,218.9354,112.0352,-18.7928,0.0000,18219
5,13,14,30.0,65.0,1.2,0.05,0.05,0.3,469,1.8075,285.6083,146.1535,-26.0486,0.0000,18219
5,13,14,30.0,65.0,1.2,0.05,0.1,0.3,329,0.9749,106.7999,54.6524,-30.7751,0.0000,18219
5,13,14,30.0,65.0,1.2,0.05,0.15,0.3,257,0.8865,94.4108,48.3126,-35.5612,0.0000,18219
5,13,14,30.0,65.0,1.5,0.02,0.05,0.3,628,1.8559,375.4670,192.1366,-24.8648,0.0000,18219
5,13,14,30.0,65.0,1.5,0.02,0.1,0.3,507,2.0691,324.0204,165.8100,-20.5894,0.0000,18219
5,13,14,30.0,65.0,1.5,0.02,0.15,0.3,413,1.7156,133.4229,68.2761,-17.6058,0.0000,18219
5,13,14,30.0,65.0,1.5,0.03,0.05,0.3,557,2.0925,258.3280,132.1934,-23.7370,0.0000,18219
5,13,14,30.0,65.0,1.5,0.03,0.1,0.3,376,2.2419,314.6098,160.9944,-18.1791,0.0000,18219
5,13,14,30.0,65.0,1.5,0.03,0.15,0.3,300,1.8977,166.8323,85.3726,-18.6637,0.0000,18219
5,13,14,30.0,65.0,1.5,0.05,0.05,0.3,538,1.7816,148.5894,76.0372,-16.4186,0.0000,18219
5,13,14,30.0,65.0,1.5,0.05,0.1,0.3,312,0.9561,90.9840,46.5590,-27.5962,0.0000,18219
5,13,14,30.0,65.0,1.5,0.05,0.15,0.3,239,0.4692,47.3061,24.2078,-42.2496,0.0000,18219
5,13,14,30.0,70.0,1.0,0.02,0.05,0.3,529,1.1685,606.0318,310.1229,-53.2168,0.0000,18219
5,13,14,30.0,70.0,1.0,0.02,0.1,0.3,655,1.4787,292.8126,149.8402,-33.4057,0.0000,18219
5,13,14,30.0,70.0,1.0,0.02,0.15,0.3,509,1.1744,127.4986,65.2445,-23.1064,0.0000,18219
5,13,14,30.0,70.0,1.0,0.03,0.05,0.3,719,1.5713,267.0829,136.6735,-39.3718,0.0000,18219
5,13,14,30.0,70.0,1.0,0.03,0.1,0.3,436,1.4502,263.5028,134.8415,-34.6544,0.0000,18219
5,13,14,30.0,70.0,1.0,0.03,0.15,0.3,322,2.1662,228.5890,116.9752,-20.5105,0.0000,18219
5,13,14,30.0,70.0,1.0,0.05,0.05,0.3,527,2.3272,398.9768,204.1672,-18.5589,0.0000,18219
5,13,14,30.0,70.0,1.0,0.05,0.1,0.3,319,1.6107,297.7850,152.3847,-32.4633,0.0000,18219
5,13,14,30.0,70.0,1.0,0.05,0.15,0.3,278,0.9696,110.5458,56.5693,-35.0467,0.0000,18219
5,13,14,30.0,70.0,1.2,0.02,0.05,0.3,710,1.6594,421.2208,215.5501,-29.1562,0.0000,18219
5,13,14,30.0,70.0,1.2,0.02,0.1,0.3,536,1.8121,274.0420,140.2347,-26.2073,0.0000,18219
5,13,14,30.0,70.0,1.2,0.02,0.15,0.3,473,1.2615,121.2825,62.0636,-20.4127,0.0000,18219
5,13,14,30.0,70.0,1.2,0.03,0.05,0.3,648,1.6332,243.0794,124.3903,-35.4088,0.0000,18219
5,13,14,30.0,70.0,1.2,0.03,0.1,0.3,418,1.7439,290.6470,148.7319,-22.3163,0.0000,18219
5,13,14,30.0,70.0,1.2,0.03,0.15,0.3,315,2.1636,218.9354,112.0352,-18.7928,0.0000,18219
5,13,14,30.0,70.0,1.2,0.05,0.05,0.3,469,1.8075,285.6083,146.1535,-26.0486,0.0000,18219
5,13,14,30.0,70.0,1.2,0.05,0.1,0.3,329,0.9749,106.7999,54.6524,-30.7751,0.0000,18219
5,13,14,30.0,70.0,1.2,0.05,0.15,0.3,257,0.8865,94.4108,48.3126,-35.5612,0.0000,18219
5,13,14,30.0,70.0,1.5,0.02,0.05,0.3,628,1.8559,375.4670,192.1366,-24.8648,0.0000,18219
5,13,14,30.0,70.0,1.5,0.02,0.1,0.3,507,2.0691,324.0204,165.8100,-20.5894,0.0000,18219
5,13,14,30.0,70.0,1.5,0.02,0.15,0.3,413,1.7156,133.4229,68.2761,-17.6058,0.0000,18219
5,13,14,30.0,70.0,1.5,0.03,0.05,0.3,557,2.0925,258.3280,132.1934,-23.7370,0.0000,18219
5,13,14,30.0,70.0,1.5,0.03,0.1,0.3,376,2.2419,314.6098,160.9944,-18.1791,0.0000,18219
5,13,14,30.0,70.0,1.5,0.03,0.15,0.3,300,1.8977,166.8323,85.3726,-18.6637,0.0000,18219
5,13,14,30.0,70.0,1.5,0.05,0.05,0.3,538,1.7816,148.5894,76.0372,-16.4186,0.0000,18219
5,13,14,30.0,70.0,1.5,0.05,0.1,0.3,312,0.9561,90.9840,46.5590,-27.5962,0.0000,18219
5,13,14,30.0,70.0,1.5,0.05,0.15,0.3,239,0.4692,47.3061,24.2078,-42.2496,0.0000,18219
5,13,14,30.0,75.0,1.0,0.02,0.05,0.3,529,1.1685,606.0318,310.1229,-53.2168,0.0000,18219
5,13,14,30.0,75.0,1.0,0.02,0.1,0.3,655,1.4787,292.8126,149.8402,-33.4057,0.0000,18219
5,13,14,30.0,75.0,1.0,0.02,0.15,0.3,509,1.1744,127.4986,65.2445,-23.1064,0.0000,18219
5,13,14,30.0,75.0,1.0,0.03,0.05,0.3,719,1.5713,267.0829,136.6735,-39.3718,0.0000,18219
5,13,14,30.0,75.0,1.0,0.03,0.1,0.3,436,1.4502,263.5028,134.8415,-34.6544,0.0000,18219
5,13,14,30.0,75.0,1.0,0.03,0.15,0.3,322,2.1662,228.5890,116.9752,-20.5105,0.0000,18219
5,13,14,30.0,75.0,1.0,0.05,0.05,0.3,527,2.3272,398.9768,204.1672,-18.5589,0.0000,18219
5,13,14,30.0,75.0,1.0,0.05,0.1,0.3,319,1.6107,297.7850,152.3847,-32.4633,0.0000,18219
5,13,14,30.0,75.0,1.0,0.05,0.15,0.3,278,0.9696,110.5458,56.5693,-35.0467,0.0000,18219
5,13,14,30.0,75.0,1.2,0.02,0.05,0.3,710,1.6594,421.2208,215.5501,-29.1562,0.0000,18219
5,13,14,30.0,75.0,1.2,0.02,0.1,0.3,536,1.8121,274.0420,140.2347,-26.2073,0.0000,18219
5,13,14,30.0,75.0,1.2,0.02,0.15,0.3,473,1.2615,121.2825,62.0636,-20.4127,0.0000,18219
5,13,14,30.0,75.0,1.2,0.03,0.05,0.3,648,1.6332,243.0794,124.3903,-35.4088,0.0000,18219
5,13,14,30.0,75.0,1.2,0.03,0.1,0.3,418,1.7439,290.6470,148.7319,-22.3163,0.0000,18219
5,13,14,30.0,75.0,1.2,0.03,0.15,0.3,315,2.1636,218.9354,112.0352,-18.7928,0.0000,18219
5,13,14,30.0,75.0,1.2,0.05,0.05,0.3,469,1.8075,285.6083,146.1535,-26.0486,0.0000,18219
5,13,14,30.0,75.0,1.2,0.05,0.1,0.3,329,0.9749,106.7999,54.6524,-30.7751,0.0000,18219
5,13,14,30.0,75.0,1.2,0.05,0.15,0.3,257,0.8865,94.4108,48.3126,-35.5612,0.0000,18219
5,13,14,30.0,75.0,1.5,0.02,0.05,0.3,628,1.8559,375.4670,192.1366,-24.8648,0.0000,18219
5,13,14,30.0,75.0,1.5,0.02,0.1,0.3,507,2.0691,324.0204,165.8100,-20.5894,0.0000,18219
5,13,14,30.0,75.0,1.5,0.02,0.15,0.3,413,1.7156,133.4229,68.2761,-17.6058,0.0000,18219
5,13,14,30.0,75.0,1.5,0.03,0.05,0.3,557,2.0925,258.3280,132.1934,-23.7370,0.0000,18219
5,13,14,30.0,75.0,1.5,0.03,0.1,0.3,376,2.2419,314.6098,160.9944,-18.1791,0.0000,18219
5,13,14,30.0,75.0,1.5,0.03,0.15,0.3,300,1.8977,166.8323,85.3726,-18.6637,0.0000,18219
5,13,14,30.0,75.0,1.5,0.05,0.05,0.3,538,1.7816,148.5894,76.0372,-16.4186,0.0000,18219
5,13,14,30.0,75.0,1.5,0.05,0.1,0.3,312,0.9561,90.9840,46.5590,-27.5962,0.0000,18219
5,13,14,30.0,75.0,1.5,0.05,0.15,0.3,239,0.4692,47.3061,24.2078,-42.2496,0.0000,18219
5,13,14,35.0,65.0,1.0,0.02,0.05,0.3,529,1.1685,606.0318,310.1229,-53.2168,0.0000,18219
5,13,14,35.0,65.0,1.0,0.02,0.1,0.3,655,1.4787,292.8126,149.8402,-33.4057,0.0000,18219
5,13,14,35.0,65.0,1.0,0.02,0.15,0.3,509,1.1744,127.4986,65.2445,-23.1064,0.0000,18219
5,13,14,35.0,65.0,1.0,0.03,0.05,0.3,719,1.5713,267.0829,136.6735,-39.3718,0.0000,18219
5,13,14,35.0,65.0,1.0,0.03,0.1,0.3,436,1.4502,263.5028,134.8415,-34.6544,0.0000,18219
5,13,14,35.0,65.0,1.0,0.03,0.15,0.3,322,2.1662,228.5890,116.9752,-20.5105,0.0000,18219
5,13,14,35.0,65.0,1.0,0.05,0.05,0.3,527,2.3272,398.9768,204.1672,-18.5589,0.0000,18219
5,13,14,35.0,65.0,1.0,0.05,0.1,0.3,319,1.6107,297.7850,152.3847,-32.4633,0.0000,18219
5,13,14,35.0,65.0,1.0,0.05,0.15,0.3,278,0.9696,110.5458,56.5693,-35.0467,0.0000,18219
5,13,14,35.0,65.0,1.2,0.02,0.05,0.3,710,1.6594,421.2208,215.5501,-29.1562,0.0000,18219
5,13,14,35.0,65.0,1.2,0.02,0.1,0.3,536,1.8121,274.0420,140.2347,-26.2073,0.0000,18219
5,13,14,35.0,65.0,1.2,0.02,0.15,0.3,473,1.2615,121.2825,62.0636,-20.4127,0.0000,18219
5,13,14,35.0,65.0,1.2,0.03,0.05,0.3,648,1.6332,243.0794,124.3903,-35.4088,0.0000,18219
5,13,14,35.0,65.0,1.2,0.03,0.1,0.3,418,1.7439,290.6470,148.7319,-22.3163,0.0000,18219
5,13,14,35.0,65.0,1.2,0.03,0.15,0.3,315,2.1636,218.9354,112.0352,-18.7928,0.0000,18219
5,13,14,35.0,65.0,1.2,0.05,0.05,0.3,469,1.8075,285.6083,146.1535,-26.0486,0.0000,18219
5,13,14,35.0,65.0,1.2,0.05,0.1,0.3,329,0.9749,106.7999,54.6524,-30.7751,0.0000,18219
5,13,14,35.0,65.0,1.2,0.05,0.15,0.3,257,0.8865,94.4108,48.3126,-35.5612,0.0000,18219
5,13,14,35.0,65.0,1.5,0.02,0.05,0.3,628,1.8559,375.4670,192.1366,-24.8648,0.0000,18219
5,13,14,35.0,65.0,1.5,0.02,0.1,0.3,507,2.0691,324.0204,165.8100,-20.5894,0.0000,18219
5,13,14,35.0,65.0,1.5,0.02,0.15,0.3,413,1.7156,133.4229,68.2761,-17.6058,0.0000,18219
5,13,14,35.0,65.0,1.5,0.03,0.05,0.3,557,2.0925,258.3280,132.1934,-23.7370,0.0000,18219
5,13,14,35.0,65.0,1.5,0.03,0.1,0.3,376,2.2419,314.6098,160.9944,-18.1791,0.0000,18219
5,13,14,35.0,65.0,1.5,0.03,0.15,0.3,300,1.8977,166.8323,85.3726,-18.6637,0.0000,18219
5,13,14,35.0,65.0,1.5,0.05,0.05,0.3,538,1.7816,148.5894,76.0372,-16.4186,0.0000,18219
5,13,14,35.0,65.0,1.5,0.05,0.1,0.3,312,0.9561,90.9840,46.5590,-27.5962,0.0000,18219
5,13,14,35.0,65.0,1.5,0.05,0.15,0.3,239,0.4692,47.3061,24.2078,-42.2496,0.0000,18219
5,13,14,35.0,70.0,1.0,0.02,0.05,0.3,529,1.1685,606.0318,310.1229,-53.2168,0.0000,18219
5,13,14,35.0,70.0,1.0,0.02,0.1,0.3,655,1.4787,292.8126,149.8402,-33.4057,0.0000,18219
5,13,14,35.0,70.0,1.0,0.02,0.15,0.3,509,1.1744,127.4986,65.2445,-23.1064,0.0000,18219
5,13,14,35.0,70.0,1.0,0.03,0.05,0.3,719,1.5713,267.0829,136.6735,-39.3718,0.0000,18219
5,13,14,35.0,70.0,1.0,0.03,0.1,0.3,436,1.4502,263.5028,134.8415,-34.6544,0.0000,18219
5,13,14,35.0,70.0,1.0,0.03,0.15,0.3,322,2.1662,228.5890,116.9752,-20.5105,0.0000,18219
5,13,14,35.0,70.0,1.0,0.05,0.05,0.3,527,2.3272,398.9768,204.1672,-18.5589,0.0000,18219
5,13,14,35.0,70.0,1.0,0.05,0.1,0.3,319,1.6107,297.7850,152.3847,-32.4633,0.0000,18219
5,13,14,35.0,70.0,1.0,0.05,0.15,0.3,278,0.9696,110.5458,56.5693,-35.0467,0.0000,18219
5,13,14,35.0,70.0,1.2,0.02,0.05,0.3,710,1.6594,421.2208,215.5501,-29.1562,0.0000,18219
5,13,14,35.0,70.0,1.2,0.02,0.1,0.3,536,1.8121,274.0420,140.2347,-26.2073,0.0000,18219
5,13,14,35.0,70.0,1.2,0.02,0.15,0.3,473,1.2615,121.2825,62.0636,-20.4127,0.0000,18219
5,13,14,35.0,70.0,1.2,0.03,0.05,0.3,648,1.6332,243.0794,124.3903,-35.4088,0.0000,18219
5,13,14,35.0,70.0,1.2,0.03,0.1,0.3,418,1.7439,290.6470,148.7319,-22.3163,0.0000,18219
5,13,14,35.0,70.0,1.2,0.03,0.15,0.3,315,2.1636,218.9354,112.0352,-18.7928,0.0000,18219
5,13,14,35.0,70.0,1.2,0.05,0.05,0.3,469,1.8075,285.6083,146.1535,-26.0486,0.0000,18219
5,13,14,35.0,70.0,1.2,0.05,0.1,0.3,329,0.9749,106.7999,54.6524,-30.7751,0.0000,18219
5,13,14,35.0,70.0,1.2,0.05,0.15,0.3,257,0.8865,94.4108,48.3126,-35.5612,0.0000,18219
5,13,14,35.0,70.0,1.5,0.02,0.05,0.3,628,1.8559,375.4670,192.1366,-24.8648,0.0000,18219
5,13,14,35.0,70.0,1.5,0.02,0.1,0.3,507,2.0691,324.0204,165.8100,-20.5894,0.0000,18219
5,13,14,35.0,70.0,1.5,0.02,0.15,0.3,413,1.7156,133.4229,68.2761,-17.6058,0.0000,18219
5,13,14,35.0,70.0,1.5,0.03,0.05,0.3,557,2.0925,258.3280,132.1934,-23.7370,0.0000,18219
5,13,14,35.0,70.0,1.5,0.03,0.1,0.3,376,2.2419,314.6098,160.9944,-18.1791,0.0000,18219
5,13,14,35.0,70.0,1.5,0.03,0.15,0.3,300,1.8977,166.8323,85.3726,-18.6637,0.0000,18219
5,13,14,35.0,70.0,1.5,0.05,0.05,0.3,538,1.7816,148.5894,76.0372,-16.4186,0.0000,18219
5,13,14,35.0,70.0,1.5,0.05,0.1,0.3,312,0.9561,90.9840,46.5590,-27.5962,0.0000,18219
5,13,14,35.0,70.0,1.5,0.05,0.15,0.3,239,0.4692,47.3061,24.2078,-42.2496,0.0000,18219
5,13,14,35.0,75.0,1.0,0.02,0.05,0.3,529,1.1685,606.0318,310.1229,-53.2168,0.0000,18219
5,13,14,35.0,75.0,1.0,0.02,0.1,0.3,655,1.4787,292.8126,149.8402,-33.4057,0.0000,18219
5,13,14,35.0,75.0,1.0,0.02,0.15,0.3,509,1.1744,127.4986,65.2445,-23.1064,0.0000,18219
5,13,14,35.0,75.0,1.0,0.03,0.05,0.3,719,1.5713,267.0829,136.6735,-39.3718,0.0000,18219
5,13,14,35.0,75.0,1.0,0.03,0.1,0.3,436,1.4502,263.5028,134.8415,-34.6544,0.0000,18219
5,13,14,35.0,75.0,1.0,0.03,0.15,0.3,322,2.1662,228.5890,116.9752,-20.5105,0.0000,18219
5,13,14,35.0,75.0,1.0,0.05,0.05,0.3,527,2.3272,398.9768,204.1672,-18.5589,0.0000,18219
5,13,14,35.0,75.0,1.0,0.05,0.1,0.3,319,1.6107,297.7850,152.3847,-32.4633,0.0000,18219
5,13,14,35.0,75.0,1.0,0.05,0.15,0.3,278,0.9696,110.5458,56.5693,-35.0467,0.0000,18219
5,13,14,35.0,75.0,1.2,0.02,0.05,0.3,710,1.6594,421.2208,215.5501,-29.1562,0.0000,18219
5,13,14,35.0,75.0,1.2,0.02,0.1,0.3,536,1.8121,274.0420,140.2347,-26.2073,0.0000,18219
5,13,14,35.0,75.0,1.2,0.02,0.15,0.3,473,1.2615,121.2825,62.0636,-20.4127,0.0000,18219
5,13,14,35.0,75.0,1.2,0.03,0.05,0.3,648,1.6332,243.0794,124.3903,-35.4088,0.0000,18219
5,13,14,35.0,75.0,1.2,0.03,0.1,0.3,418,1.7439,290.6470,148.7319,-22.3163,0.0000,18219
5,13,14,35.0,75.0,1.2,0.03,0.15,0.3,315,2.1636,218.9354,112.0352,-18.7928,0.0000,18219
5,13,14,35.0,75.0,1.2,0.05,0.05,0.3,469,1.8075,285.6083,146.1535,-26.0486,0.0000,18219
5,13,14,35.0,75.0,1.2,0.05,0.1,0.3,329,0.9749,106.7999,54.6524,-30.7751,0.0000,18219
5,13,14,35.0,75.0,1.2,0.05,0.15,0.3,257,0.8865,94.4108,48.3126,-35.5612,0.0000,18219
5,13,14,35.0,75.0,1.5,0.02,0.05,0.3,628,1.8559,375.4670,192.1366,-24.8648,0.0000,18219
5,13,14,35.0,75.0,1.5,0.02,0.1,0.3,507,2.0691,324.0204,165.8100,-20.5894,0.0000,18219
5,13,14,35.0,75.0,1.5,0.02,0.15,0.3,413,1.7156,133.4229,68.2761,-17.6058,0.0000,18219
5,13,14,35.0,75.0,1.5,0.03,0.05,0.3,557,2.0925,258.3280,132.1934,-23.7370,0.0000,18219
5,13,14,35.0,75.0,1.5,0.03,0.1,0.3,376,2.2419,314.6098,160.9944,-18.1791,0.0000,18219
5,13,14,35.0,75.0,1.5,0.03,0.15,0.3,300,1.8977,166.8323,85.3726,-18.6637,0.0000,18219
5,13,14,35.0,75.0,1.5,0.05,0.05,0.3,538,1.7816,148.5894,76.0372,-16.4186,0.0000,18219
5,13,14,35.0,75.0,1.5,0.05,0.1,0.3,312,0.9561,90.9840,46.5590,-27.5962,0.0000,18219
5,13,14,35.0,75.0,1.5,0.05,0.15,0.3,239,0.4692,47.3061,24.2078,-42.2496,0.0000,18219
5,20,9,25.0,65.0,1.0,0.02,0.05,0.3,494,1.2528,498.4652,255.0781,-49.3862,0.0000,18219
5,20,9,25.0,65.0,1.0,0.02,0.1,0.3,606,1.1924,217.4193,111.2594,-39.8933,0.0000,18219
5,20,9,25.0,65.0,1.0,0.02,0.15,0.3,481,1.1546,118.4533,60.6158,-22.3200,0.0000,18219
5,20,9,25.0,65.0,1.0,0.03,0.05,0.3,817,1.2907,139.2309,71.2482,-30.4952,0.0000,18219
5,20,9,25.0,65.0,1.0,0.03,0.1,0.3,541,1.0744,107.5742,55.0487,-30.1744,0.0000,18219
5,20,9,25.0,65.0,1.0,0.03,0.15,0.3,325,2.2111,229.0154,117.1934,-19.2766,0.0000,18219
5,20,9,25.0,65.0,1.0,0.05,0.05,0.3,637,1.8301,230.8163,118.1149,-20.6337,0.0000,18219
5,20,9,25.0,65.0,1.0,0.05,0.1,0.3,353,1.0472,119.0285,60.9101,-32.0695,0.0000,18219
5,20,9,25.0,65.0,1.0,0.05,0.15,0.3,252,1.2734,133.3728,68.2505,-32.1088,0.0000,18219
5,20,9,25.0,65.0,1.2,0.02,0.05,0.3,668,1.5599,290.1670,148.4863,-30.7537,0.0000,18219
5,20,9,25.0,65.0,1.2,0.02,0.1,0.3,537,0.8134,125.1829,64.0595,-44.2116,0.0000,18219
5,20,9,25.0,65.0,1.2,0.02,0.15,0.3,454,1.1486,110.5255,56.5589,-23.7471,0.0000,18219
5,20,9,25.0,65.0,1.2,0.03,0.05,0.3,745,1.1899,109.3671,55.9661,-29.8652,0.0000,18219
5,20,9,25.0,65.0,1.2,0.03,0.1,0.3,491,1.1849,104.2916,53.3689,-25.7650,0.0000,18219
5,20,9,25.0,65.0,1.2,0.03,0.15,0.3,303,2.1656,210.7712,107.8573,-17.7107,0.0000,18219
5,20,9,25.0,65.0,1.2,0.05,0.05,0.3,533,0.8815,90.2972,46.2075,-29.3492,0.0000,18219
5,20,9,25.0,65.0,1.2,0.05,0.1,0.3,324,1.1028,120.3804,61.6019,-30.7265,0.0000,18219
5,20,9,25.0,65.0,1.2,0.05,0.15,0.3,235,1.2203,115.7299,59.2221,-32.0535,0.0000,18219
5,20,9,25.0,65.0,1.5,0.02,0.05,0.3,566,1.7988,245.3775,125.5663,-23.5236,0.0000,18219
5,20,9,25.0,65.0,1.5,0.02,0.1,0.3,452,1.3592,152.9034,78.2448,-23.9147,0.0000,18219
5,20,9,25.0,65.0,1.5,0.02,0.15,0.3,390,1.5939,125.0660,63.9997,-18.9940,0.0000,18219
5,20,9,25.0,65.0,1.5,0.03,0.05,0.3,629,1.5317,101.0322,51.7009,-21.6466,0.0000,18219
5,20,9,25.0,65.0,1.5,0.03,0.1,0.3,404,1.7324,120.7362,61.7840,-17.8239,0.0000,18219
5,20,9,25.0,65.0,1.5,0.03,0.15,0.3,285,1.8770,153.3555,78.4761,-17.3480,0.0000,18219
5,20,9,25.0,65.0,1.5,0.05,0.05,0.3,467,1.0799,77.8779,39.8522,-21.0563,0.0000,18219
5,20,9,25.0,65.0,1.5,0.05,0.1,0.3,293,0.6524,53.6320,27.4450,-36.1162,0.0000,18219
5,20,9,25.0,65.0,1.5,0.05,0.15,0.3,210,0.7028,61.7759,31.6124,-37.4241,0.0000,18219
5,20,9,25.0,70.0,1.0,0.02,0.05,0.3,494,1.2528,498.4652,255.0781,-49.3862,0.0000,18219
5,20,9,25.0,70.0,1.0,0.02,0.1,0.3,606,1.1924,217.4193,111.2594,-39.8933,0.0000,18219
5,20,9,25.0,70.0,1.0,0.02,0.15,0.3,481,1.1546,118.4533,60.6158,-22.3200,0.0000,18219
5,20,9,25.0,70.0,1.0,0.03,0.05,0.3,817,1.2907,139.2309,71.2482,-30.4952,0.0000,18219
5,20,9,25.0,70.0,1.0,0.03,0.1,0.3,541,1.0744,107.5742,55.0487,-30.1744,0.0000,18219
5,20,9,25.0,70.0,1.0,0.03,0.15,0.3,325,2.2111,229.0154,117.1934,-19.2766,0.0000,18219
5,20,9,25.0,70.0,1.0,0.05,0.05,0.3,637,1.8301,230.8163,118.1149,-20.6337,0.0000,18219
5,20,9,25.0,70.0,1.0,0.05,0.1,0.3,353,1.0472,119.0285,60.9101,-32.0695,0.0000,18219
5,20,9,25.0,70.0,1.0,0.05,0.15,0.3,252,1.2734,133.3728,68.2505,-32.1088,0.0000,18219
5,20,9,25.0,70.0,1.2,0.02,0.05,0.3,668,1.5599,290.1670,148.4863,-30.7537,0.0000,18219
5,20,9,25.0,70.0,1.2,0.02,0.1,0.3,537,0.8134,125.1829,64.0595,-44.2116,0.0000,18219
5,20,9,25.0,70.0,1.2,0.02,0.15,0.3,454,1.1486,110.5255,56.5589,-23.7471,0.0000,18219
5,20,9,25.0,70.0,1.2,0.03,0.05,0.3,745,1.1899,109.3671,55.9661,-29.8652,0.0000,18219
5,20,9,25.0,70.0,1.2,0.03,0.1,0.3,491,1.1849,104.2916,53.3689,-25.7650,0.0000,18219
5,20,9,25.0,70.0,1.2,0.03,0.15,0.3,303,2.1656,210.7712,107.8573,-17.7107,0.0000,18219
5,20,9,25.0,70.0,1.2,0.05,0.05,0.3,533,0.8815,90.2972,46.2075,-29.3492,0.0000,18219
5,20,9,25.0,70.0,1.2,0.05,0.1,0.3,324,1.1028,120.3804,61.6019,-30.7265,0.0000,18219
5,20,9,25.0,70.0,1.2,0.05,0.15,0.3,235,1.2203,115.7299,59.2221,-32.0535,0.0000,18219
5,20,9,25.0,70.0,1.5,0.02,0.05,0.3,566,1.7988,245.3775,125.5663,-23.5236,0.0000,18219
5,20,9,25.0,70.0,1.5,0.02,0.1,0.3,452,1.3592,152.9034,78.2448,-23.9147,0.0000,18219
5,20,9,25.0,70.0,1.5,0.02,0.15,0.3,390,1.5939,125.0660,63.9997,-18.9940,0.0000,18219
5,20,9,25.0,70.0,1.5,0.03,0.05,0.3,629,1.5317,101.0322,51.7009,-21.6466,0.0000,18219
5,20,9,25.0,70.0,1.5,0.03,0.1,0.3,404,1.7324,120.7362,61.7840,-17.8239,0.0000,18219
5,20,9,25.0,70.0,1.5,0.03,0.15,0.3,285,1.8770,153.3555,78.4761,-17.3480,0.0000,18219
5,20,9,25.0,70.0,1.5,0.05,0.05,0.3,467,1.0799,77.8779,39.8522,-21.0563,0.0000,18219
5,20,9,25.0,70.0,1.5,0.05,0.1,0.3,293,0.6524,53.6320,27.4450,-36.1162,0.0000,18219
5,20,9,25.0,70.0,1.5,0.05,0.15,0.3,210,0.7028,61.7759,31.6124,-37.4241,0.0000,18219
5,20,9,25.0,75.0,1.0,0.02,0.05,0.3,494,1.2528,498.4652,255.0781,-49.3862,0.0000,18219
5,20,9,25.0,75.0,1.0,0.02,0.1,0.3,606,1.1924,217.4193,111.2594,-39.8933,0.0000,18219
5,20,9,25.0,75.0,1.0,0.02,0.15,0.3,481,1.1546,118.4533,60.6158,-22.3200,0.0000,18219
5,20,9,25.0,75.0,1.0,0.03,0.05,0.3,817,1.2907,139.2309,71.2482,-30.4952,0.0000,18219
5,20,9,25.0,75.0,1.0,0.03,0.1,0.3,541,1.0744,107.5742,55.0487,-30.1744,0.0000,18219
5,20,9,25.0,75.0,1.0,0.03,0.15,0.3,325,2.2111,229.0154,117.1934,-19.2766,0.0000,18219
5,20,9,25.0,75.0,1.0,0.05,0.05,0.3,637,1.8301,230.8163,118.1149,-20.6337,0.0000,18219
5,20,9,25.0,75.0,1.0,0.05,0.1,0.3,353,1.0472,119.0285,60.9101,-32.0695,0.0000,18219
5,20,9,25.0,75.0,1.0,0.05,0.15,0.3,252,1.2734,133.3728,68.2505,-32.1088,0.0000,18219
5,20,9,25.0,75.0,1.2,0.02,0.05,0.3,668,1.5599,290.1670,148.4863,-30.7537,0.0000,18219
5,20,9,25.0,75.0,1.2,0.02,0.1,0.3,537,0.8134,125.1829,64.0595,-44.2116,0.0000,18219
5,20,9,25.0,75.0,1.2,0.02,0.15,0.3,454,1.1486,110.5255,56.5589,-23.7471,0.0000,18219
5,20,9,25.0,75.0,1.2,0.03,0.05,0.3,745,1.1899,109.3671,55.9661,-29.8652,0.0000,18219
5,20,9,25.0,75.0,1.2,0.03,0.1,0.3,491,1.1849,104.2916,53.3689,-25.7650,0.0000,18219
5,20,9,25.0,75.0,1.2,0.03,0.15,0.3,303,2.1656,210.7712,107.8573,-17.7107,0.0000,18219
5,20,9,25.0,75.0,1.2,0.05,0.05,0.3,533,0.8815,90.2972,46.2075,-29.3492,0.0000,18219
5,20,9,25.0,75.0,1.2,0.05,0.1,0.3,324,1.1028,120.3804,61.6019,-30.7265,0.0000,18219
5,20,9,25.0,75.0,1.2,0.05,0.15,0.3,235,1.2203,115.7299,59.2221,-32.0535,0.0000,18219
5,20,9,25.0,75.0,1.5,0.02,0.05,0.3,566,1.7988,245.3775,125.5663,-23.5236,0.0000,18219
5,20,9,25.0,75.0,1.5,0.02,0.1,0.3,452,1.3592,152.9034,78.2448,-23.9147,0.0000,18219
5,20,9,25.0,75.0,1.5,0.02,0.15,0.3,390,1.5939,125.0660,63.9997,-18.9940,0.0000,18219
5,20,9,25.0,75.0,1.5,0.03,0.05,0.3,629,1.5317,101.0322,51.7009,-21.6466,0.0000,18219
5,20,9,25.0,75.0,1.5,0.03,0.1,0.3,404,1.7324,120.7362,61.7840,-17.8239,0.0000,18219
5,20,9,25.0,75.0,1.5,0.03,0.15,0.3,285,1.8770,153.3555,78.4761,-17.3480,0.0000,18219
5,20,9,25.0,75.0,1.5,0.05,0.05,0.3,467,1.0799,77.8779,39.8522,-21.0563,0.0000,18219
5,20,9,25.0,75.0,1.5,0.05,0.1,0.3,293,0.6524,53.6320,27.4450,-36.1162,0.0000,18219
5,20,9,25.0,75.0,1.5,0.05,0.15,0.3,210,0.7028,61.7759,31.6124,-37.4241,0.0000,18219
5,20,9,30.0,65.0,1.0,0.02,0.05,0.3,494,1.2528,498.4652,255.0781,-49.3862,0.0000,18219
5,20,9,30.0,65.0,1.0,0.02,0.1,0.3,606,1.1924,217.4193,111.2594,-39.8933,0.0000,18219
5,20,9,30.0,65.0,1.0,0.02,0.15,0.3,481,1.1546,118.4533,60.6158,-22.3200,0.0000,18219
5,20,9,30.0,65.0,1.0,0.03,0.05,0.3,817,1.2907,139.2309,71.2482,-30.4952,0.0000,18219
5,20,9,30.0,65.0,1.0,0.03,0.1,0.3,541,1.0744,107.5742,55.0487,-30.1744,0.0000,18219
5,20,9,30.0,65.0,1.0,0.03,0.15,0.3,325,2.2111,229.0154,117.1934,-19.2766,0.0000,18219
5,20,9,30.0,65.0,1.0,0.05,0.05,0.3,637,1.8301,230.8163,118.1149,-20.6337,0.0000,18219
5,20,9,30.0,65.0,1.0,0.05,0.1,0.3,353,1.0472,119.0285,60.9101,-32.0695,0.0000,18219
5,20,9,30.0,65.0,1.0,0.05,0.15,0.3,252,1.2734,133.3728,68.2505,-32.1088,0.0000,18219
5,20,9,30.0,65.0,1.2,0.02,0.05,0.3,668,1.5599,290.1670,148.4863,-30.7537,0.0000,18219
5,20,9,30.0,65.0,1.2,0.02,0.1,0.3,537,0.8134,125.1829,64.0595,-44.2116,0.0000,18219
5,20,9,30.0,65.0,1.2,0.02,0.15,0.3,454,1.1486,110.5255,56.5589,-23.7471,0.0000,18219
5,20,9,30.0,65.0,1.2,0.03,0.05,0.3,745,1.1899,109.3671,55.9661,-29.8652,0.0000,18219
5,20,9,30.0,65.0,1.2,0.03,0.1,0.3,491,1.1849,104.2916,53.3689,-25.7650,0.0000,18219
5,20,9,30.0,65.0,1.2,0.03,0.15,0.3,303,2.1656,210.7712,107.8573,-17.7107,0.0000,18219
5,20,9,30.0,65.0,1.2,0.05,0.05,0.3,533,0.8815,90.2972,46.2075,-29.3492,0.0000,18219
5,20,9,30.0,65.0,1.2,0.05,0.1,0.3,324,1.1028,120.3804,61.6019,-30.7265,0.0000,18219
5,20,9,30.0,65.0,1.2,0.05,0.15,0.3,235,1.2203,115.7299,59.2221,-32.0535,0.0000,18219
5,20,9,30.0,65.0,1.5,0.02,0.05,0.3,566,1.7988,245.3775,125.5663,-23.5236,0.0000,18219
5,20,9,30.0,65.0,1.5,0.02,0.1,0.3,452,1.3592,152.9034,78.2448,-23.9147,0.0000,18219
5,20,9,30.0,65.0,1.5,0.02,0.15,0.3,390,1.5939,125.0660,63.9997,-18.9940,0.0000,18219
5,20,9,30.0,65.0,1.5,0.03,0.05,0.3,629,1.5317,101.0322,51.7009,-21.6466,0.0000,18219
5,20,9,30.0,65.0,1.5,0.03,0.1,0.3,404,1.7324,120.7362,61.7840,-17.8239,0.0000,18219
5,20,9,30.0,65.0,1.5,0.03,0.15,0.3,285,1.8770,153.3555,78.4761,-17.3480,0.0000,18219
5,20,9,30.0,65.0,1.5,0.05,0.05,0.3,467,1.0799,77.8779,39.8522,-21.0563,0.0000,18219
5,20,9,30.0,65.0,1.5,0.05,0.1,0.3,293,0.6524,53.6320,27.4450,-36.1162,0.0000,18219
5,20,9,30.0,65.0,1.5,0.05,0.15,0.3,210,0.7028,61.7759,31.6124,-37.4241,0.0000,18219
5,20,9,30.0,70.0,1.0,0.02,0.05,0.3,494,1.2528,498.4652,255.0781,-49.3862,0.0000,18219
5,20,9,30.0,70.0,1.0,0.02,0.1,0.3,606,1.1924,217.4193,111.2594,-39.8933,0.0000,18219
5,20,9,30.0,70.0,1.0,0.02,0.15,0.3,481,1.1546,118.4533,60.6158,-22.3200,0.0000,18219
5,20,9,30.0,70.0,1.0,0.03,0.05,0.3,817,1.2907,139.2309,71.2482,-30.4952,0.0000,18219
5,20,9,30.0,70.0,1.0,0.03,0.1,0.3,541,1.0744,107.5742,55.0487,-30.1744,0.0000,18219
5,20,9,30.0,70.0,1.0,0.03,0.15,0.3,325,2.2111,229.0154,117.1934,-19.2766,0.0000,18219
5,20,9,30.0,70.0,1.0,0.05,0.05,0.3,637,1.8301,230.8163,118.1149,-20.6337,0.0000,18219
5,20,9,30.0,70.0,1.0,0.05,0.1,0.3,353,1.0472,119.0285,60.9101,-32.0695,0.0000,18219
5,20,9,30.0,70.0,1.0,0.05,0.15,0.3,252,1.2734,133.3728,68.2505,-32.1088,0.0000,18219
5,20,9,30.0,70.0,1.2,0.02,0.05,0.3,668,1.5599,290.1670,148.4863,-30.7537,0.0000,18219
5,20,9,30.0,70.0,1.2,0.02,0.1,0.3,537,0.8134,125.1829,64.0595,-44.2116,0.0000,18219
5,20,9,30.0,70.0,1.2,0.02,0.15,0.3,454,1.1486,110.5255,56.5589,-23.7471,0.0000,18219
5,20,9,30.0,70.0,1.2,0.03,0.05,0.3,745,1.1899,109.3671,55.9661,-29.8652,0.0000,18219
5,20,9,30.0,70.0,1.2,0.03,0.1,0.3,491,1.1849,104.2916,53.3689,-25.7650,0.0000,18219
5,20,9,30.0,70.0,1.2,0.03,0.15,0.3,303,2.1656,210.7712,107.8573,-17.7107,0.0000,18219
5,20,9,30.0,70.0,1.2,0.05,0.05,0.3,533,0.8815,90.2972,46.2075,-29.3492,0.0000,18219
5,20,9,30.0,70.0,1.2,0.05,0.1,0.3,324,1.1028,120.3804,61.6019,-30.7265,0.0000,18219
5,20,9,30.0,70.0,1.2,0.05,0.15,0.3,235,1.2203,115.7299,59.2221,-32.0535,0.0000,18219
5,20,9,30.0,70.0,1.5,0.02,0.05,0.3,566,1.7988,245.3775,125.5663,-23.5236,0.0000,18219
5,20,9,30.0,70.0,1.5,0.02,0.1,0.3,452,1.3592,152.9034,78.2448,-23.9147,0.0000,18219
5,20,9,30.0,70.0,1.5,0.02,0.15,0.3,390,1.5939,125.0660,63.9997,-18.9940,0.0000,18219
5,20,9,30.0,70.0,1.5,0.03,0.05,0.3,629,1.5317,101.0322,51.7009,-21.6466,0.0000,18219
5,20,9,30.0,70.0,1.5,0.03,0.1,0.3,404,1.7324,120.7362,61.7840,-17.8239,0.0000,18219
5,20,9,30.0,70.0,1.5,0.03,0.15,0.3,285,1.8770,153.3555,78.4761,-17.3480,0.0000,18219
5,20,9,30.0,70.0,1.5,0.05,0.05,0.3,467,1.0799,77.8779,39.8522,-21.0563,0.0000,18219
5,20,9,30.0,70.0,1.5,0.05,0.1,0.3,293,0.6524,53.6320,27.4450,-36.1162,0.0000,18219
5,20,9,30.0,70.0,1.5,0.05,0.15,0.3,210,0.7028,61.7759,31.6124,-37.4241,0.0000,18219
5,20,9,30.0,75.0,1.0,0.02,0.05,0.3,494,1.2528,498.4652,255.0781,-49.3862,0.0000,18219
5,20,9,30.0,75.0,1.0,0.02,0.1,0.3,606,1.1924,217.4193,111.2594,-39.8933,0.0000,18219
5,20,9,30.0,75.0,1.0,0.02,0.15,0.3,481,1.1546,118.4533,60.6158,-22.3200,0.0000,18219
5,20,9,30.0,75.0,1.0,0.03,0.05,0.3,817,1.2907,139.2309,71.2482,-30.4952,0.0000,18219
5,20,9,30.0,75.0,1.0,0.03,0.1,0.3,541,1.0744,107.5742,55.0487,-30.1744,0.0000,18219
5,20,9,30.0,75.0,1.0,0.03,0.15,0.3,325,2.2111,229.0154,117.1934,-19.2766,0.0000,18219
5,20,9,30.0,75.0,1.0,0.05,0.05,0.3,637,1.8301,230.8163,118.1149,-20.6337,0.0000,18219
5,20,9,30.0,75.0,1.0,0.05,0.1,0.3,353,1.0472,119.0285,60.9101,-32.0695,0.0000,18219
5,20,9,30.0,75.0,1.0,0.05,0.15,0.3,252,1.2734,133.3728,68.2505,-32.1088,0.0000,18219
5,20,9,30.0,75.0,1.2,0.02,0.05,0.3,668,1.5599,290.1670,148.4863,-30.7537,0.0000,18219
5,20,9,30.0,75.0,1.2,0.02,0.1,0.3,537,0.8134,125.1829,64.0595,-44.2116,0.0000,18219
5,20,9,30.0,75.0,1.2,0.02,0.15,0.3,454,1.1486,110.5255,56.5589,-23.7471,0.0000,18219
5,20,9,30.0,75.0,1.2,0.03,0.05,0.3,745,1.1899,109.3671,55.9661,-29.8652,0.0000,18219
5,20,9,30.0,75.0,1.2,0.03,0.1,0.3,491,1.1849,104.2916,53.3689,-25.7650,0.0000,18219
5,20,9,30.0,75.0,1.2,0.03,0.15,0.3,303,2.1656,210.7712,107.8573,-17.7107,0.0000,18219
5,20,9,30.0,75.0,1.2,0.05,0.05,0.3,533,0.8815,90.2972,46.2075,-29.3492,0.0000,18219
5,20,9,30.0,75.0,1.2,0.05,0.1,0.3,324,1.1028,120.3804,61.6019,-30.7265,0.0000,18219
5,20,9,30.0,75.0,1.2,0.05,0.15,0.3,235,1.2203,115.7299,59.2221,-32.0535,0.0000,18219
5,20,9,30.0,75.0,1.5,0.02,0.05,0.3,566,1.7988,245.3775,125.5663,-23.5236,0.0000,18219
5,20,9,30.0,75.0,1.5,0.02,0.1,0.3,452,1.3592,152.9034,78.2448,-23.9147,0.0000,18219
5,20,9,30.0,75.0,1.5,0.02,0.15,0.3,390,1.5939,125.0660,63.9997,-18.9940,0.0000,18219
5,20,9,30.0,75.0,1.5,0.03,0.05,0.3,629,1.5317,101.0322,51.7009,-21.6466,0.0000,18219
5,20,9,30.0,75.0,1.5,0.03,0.1,0.3,404,1.7324,120.7362,61.7840,-17.8239,0.0000,18219
5,20,9,30.0,75.0,1.5,0.03,0.15,0.3,285,1.8770,153.3555,78.4761,-17.3480,0.0000,18219
5,20,9,30.0,75.0,1.5,0.05,0.05,0.3,467,1.0799,77.8779,39.8522,-21.0563,0.0000,18219
5,20,9,30.0,75.0,1.5,0.05,0.1,0.3,293,0.6524,53.6320,27.4450,-36.1162,0.0000,18219
5,20,9,30.0,75.0,1.5,0.05,0.15,0.3,210,0.7028,61.7759,31.6124,-37.4241,0.0000,18219
5,20,9,35.0,65.0,1.0,0.02,0.05,0.3,494,1.2528,498.4652,255.0781,-49.3862,0.0000,18219
5,20,9,35.0,65.0,1.0,0.02,0.1,0.3,606,1.1924,217.4193,111.2594,-39.8933,0.0000,18219
5,20,9,35.0,65.0,1.0,0.02,0.15,0.3,481,1.1546,118.4533,60.6158,-22.3200,0.0000,18219
5,20,9,35.0,65.0,1.0,0.03,0.05,0.3,817,1.2907,139.2309,71.2482,-30.4952,0.0000,18219
5,20,9,35.0,65.0,1.0,0.03,0.1,0.3,541,1.0744,107.5742,55.0487,-30.1744,0.0000,18219
5,20,9,35.0,65.0,1.0,0.03,0.15,0.3,325,2.2111,229.0154,117.1934,-19.2766,0.0000,18219
5,20,9,35.0,65.0,1.0,0.05,0.05,0.3,637,1.8301,230.8163,118.1149,-20.6337,0.0000,18219
5,20,9,35.0,65.0,1.0,0.05,0.1,0.3,353,1.0472,119.0285,60.9101,-32.0695,0.0000,18219
5,20,9,35.0,65.0,1.0,0.05,0.15,0.3,252,1.2734,133.3728,68.2505,-32.1088,0.0000,18219
5,20,9,35.0,65.0,1.2,0.02,0.05,0.3,668,1.5599,290.1670,148.4863,-30.7537,0.0000,18219
5,20,9,35.0,65.0,1.2,0.02,0.1,0.3,537,0.8134,125.1829,64.0595,-44.2116,0.0000,18219
5,20,9,35.0,65.0,1.2,0.02,0.15,0.3,454,1.1486,110.5255,56.5589,-23.7471,0.0000,18219
5,20,9,35.0,65.0,1.2,0.03,0.05,0.3,745,1.1899,109.3671,55.9661,-29.8652,0.0000,18219
5,20,9,35.0,65.0,1.2,0.03,0.1,0.3,491,1.1849,104.2916,53.3689,-25.7650,0.0000,18219
5,20,9,35.0,65.0,1.2,0.03,0.15,0.3,303,2.1656,210.7712,107.8573,-17.7107,0.0000,18219
5,20,9,35.0,65.0,1.2,0.05,0.05,0.3,533,0.8815,90.2972,46.2075,-29.3492,0.0000,18219
5,20,9,35.0,65.0,1.2,0.05,0.1,0.3,324,1.1028,120.3804,61.6019,-30.7265,0.0000,18219
5,20,9,35.0,65.0,1.2,0.05,0.15,0.3,235,1.2203,115.7299,59.2221,-32.0535,0.0000,18219
5,20,9,35.0,65.0,1.5,0.02,0.05,0.3,566,1.7988,245.3775,125.5663,-23.5236,0.0000,18219
5,20,9,35.0,65.0,1.5,0.02,0.1,0.3,452,1.3592,152.9034,78.2448,-23.9147,0.0000,18219
5,20,9,35.0,65.0,1.5,0.02,0.15,0.3,390,1.5939,125.0660,63.9997,-18.9940,0.0000,18219
5,20,9,35.0,65.0,1.5,0.03,0.05,0.3,629,1.5317,101.0322,51.7009,-21.6466,0.0000,18219
5,20,9,35.0,65.0,1.5,0.03,0.1,0.3,404,1.7324,120.7362,61.7840,-17.8239,0.0000,18219
5,20,9,35.0,65.0,1.5,0.03,0.15,0.3,285,1.8770,153.3555,78.4761,-17.3480,0.0000,18219
5,20,9,35.0,65.0,1.5,0.05,0.05,0.3,467,1.0799,77.8779,39.8522,-21.0563,0.0000,18219
5,20,9,35.0,65.0,1.5,0.05,0.1,0.3,293,0.6524,53.6320,27.4450,-36.1162,0.0000,18219
5,20,9,35.0,65.0,1.5,0.05,0.15,0.3,210,0.7028,61.7759,31.6124,-37.4241,0.0000,18219
5,20,9,35.0,70.0,1.0,0.02,0.05,0.3,494,1.2528,498.4652,255.0781,-49.3862,0.0000,18219
5,20,9,35.0,70.0,1.0,0.02,0.1,0.3,606,1.1924,217.4193,111.2594,-39.8933,0.0000,18219
5,20,9,35.0,70.0,1.0,0.02,0.15,0.3,481,1.1546,118.4533,60.6158,-22.3200,0.0000,18219
5,20,9,35.0,70.0,1.0,0.03,0.05,0.3,817,1.2907,139.2309,71.2482,-30.4952,0.0000,18219
5,20,9,35.0,70.0,1.0,0.03,0.1,0.3,541,1.0744,107.5742,55.0487,-30.1744,0.0000,18219
5,20,9,35.0,70.0,1.0,0.03,0.15,0.3,325,2.2111,229.0154,117.1934,-19.2766,0.0000,18219
5,20,9,35.0,70.0,1.0,0.05,0.05,0.3,637,1.8301,230.8163,118.1149,-20.6337,0.0000,18219
5,20,9,35.0,70.0,1.0,0.05,0.1,0.3,353,1.0472,119.0285,60.9101,-32.0695,0.0000,18219
5,20,9,35.0,70.0,1.0,0.05,0.15,0.3,252,1.2734,133.3728,68.2505,-32.1088,0.0000,18219
5,20,9,35.0,70.0,1.2,0.02,0.05,0.3,668,1.5599,290.1670,148.4863,-30.7537,0.0000,18219
5,20,9,35.0,70.0,1.2,0.02,0.1,0.3,537,0.8134,125.1829,64.0595,-44.2116,0.0000,18219
5,20,9,35.0,70.0,1.2,0.02,0.15,0.3,454,1.1486,110.5255,56.5589,-23.7471,0.0000,18219
5,20,9,35.0,70.0,1.2,0.03,0.05,0.3,745,1.1899,109.3671,55.9661,-29.8652,0.0000,18219
5,20,9,35.0,70.0,1.2,0.03,0.1,0.3,491,1.1849,104.2916,53.3689,-25.7650,0.0000,18219
5,20,9,35.0,70.0,1.2,0.03,0.15,0.3,303,2.1656,210.7712,107.8573,-17.7107,0.0000,18219
5,20,9,35.0,70.0,1.2,0.05,0.05,0.3,533,0.8815,90.2972,46.2075,-29.3492,0.0000,18219
5,20,9,35.0,70.0,1.2,0.05,0.1,0.3,324,1.1028,120.3804,61.6019,-30.7265,0.0000,18219
5,20,9,35.0,70.0,1.2,0.05,0.15,0.3,235,1.2203,115.7299,59.2221,-32.0535,0.0000,18219
5,20,9,35.0,70.0,1.5,0.02,0.05,0.3,566,1.7988,245.3775,125.5663,-23.5236,0.0000,18219
5,20,9,35.0,70.0,1.5,0.02,0.1,0.3,452,1.3592,152.9034,78.2448,-23.9147,0.0000,18219
5,20,9,35.0,70.0,1.5,0.02,0.15,0.3,390,1.5939,125.0660,63.9997,-18.9940,0.0000,18219
5,20,9,35.0,70.0,1.5,0.03,0.05,0.3,629,1.5317,101.0322,51.7009,-21.6466,0.0000,18219
5,20,9,35.0,70.0,1.5,0.03,0.1,0.3,404,1.7324,120.7362,61.7840,-17.8239,0.0000,18219
5,20,9,35.0,70.0,1.5,0.03,0.15,0.3,285,1.8770,153.3555,78.4761,-17.3480,0.0000,18219
5,20,9,35.0,70.0,1.5,0.05,0.05,0.3,467,1.0799,77.8779,39.8522,-21.0563,0.0000,18219
5,20,9,35.0,70.0,1.5,0.05,0.1,0.3,293,0.6524,53.6320,27.4450,-36.1162,0.0000,18219
5,20,9,35.0,70.0,1.5,0.05,0.15,0.3,210,0.7028,61.7759,31.6124,-37.4241,0.0000,18219
5,20,9,35.0,75.0,1.0,0.02,0.05,0.3,494,1.2528,498.4652,255.0781,-49.3862,0.0000,18219
5,20,9,35.0,75.0,1.0,0.02,0.1,0.3,606,1.1924,217.4193,111.2594,-39.8933,0.0000,18219
5,20,9,35.0,75.0,1.0,0.02,0.15,0.3,481,1.1546,118.4533,60.6158,-22.3200,0.0000,18219
5,20,9,35.0,75.0,1.0,0.03,0.05,0.3,817,1.2907,139.2309,71.2482,-30.4952,0.0000,18219
5,20,9,35.0,75.0,1.0,0.03,0.1,0.3,541,1.0744,107.5742,55.0487,-30.1744,0.0000,18219
5,20,9,35.0,75.0,1.0,0.03,0.15,0.3,325,2.2111,229.0154,117.1934,-19.2766,0.0000,18219
5,20,9,35.0,75.0,1.0,0.05,0.05,0.3,637,1.8301,230.8163,118.1149,-20.6337,0.0000,18219
5,20,9,35.0,75.0,1.0,0.05,0.1,0.3,353,1.0472,119.0285,60.9101,-32.0695,0.0000,18219
5,20,9,35.0,75.0,1.0,0.05,0.15,0.3,252,1.2734,133.3728,68.2505,-32.1088,0.0000,18219
5,20,9,35.0,75.0,1.2,0.02,0.05,0.3,668,1.5599,290.1670,148.4863,-30.7537,0.0000,18219
5,20,9,35.0,75.0,1.2,0.02,0.1,0.3,537,0.8134,125.1829,64.0595,-44.2116,0.0000,18219
5,20,9,35.0,75.0,1.2,0.02,0.15,0.3,454,1.1486,110.5255,56.5589,-23.7471,0.0000,18219
5,20,9,35.0,75.0,1.2,0.03,0.05,0.3,745,1.1899,109.3671,55.9661,-29.8652,0.0000,18219
5,20,9,35.0,75.0,1.2,0.03,0.1,0.3,491,1.1849,104.2916,53.3689,-25.7650,0.0000,18219
5,20,9,35.0,75.0,1.2,0.03,0.15,0.3,303,2.1656,210.7712,107.8573,-17.7107,0.0000,18219
5,20,9,35.0,75.0,1.2,0.05,0.05,0.3,533,0.8815,90.2972,46.2075,-29.3492,0.0000,18219
5,20,9,35.0,75.0,1.2,0.05,0.1,0.3,324,1.1028,120.3804,61.6019,-30.7265,0.0000,18219
5,20,9,35.0,75.0,1.2,0.05,0.15,0.3,235,1.2203,115.7299,59.2221,-32.0535,0.0000,18219
5,20,9,35.0,75.0,1.5,0.02,0.05,0.3,566,1.7988,245.3775,125.5663,-23.5236,0.0000,18219
5,20,9,35.0,75.0,1.5,0.02,0.1,0.3,452,1.3592,152.9034,78.2448,-23.9147,0.0000,18219
5,20,9,35.0,75.0,1.5,0.02,0.15,0.3,390,1.5939,125.0660,63.9997,-18.9940,0.0000,18219
5,20,9,35.0,75.0,1.5,0.03,0.05,0.3,629,1.5317,101.0322,51.7009,-21.6466,0.0000,18219
5,20,9,35.0,75.0,1.5,0.03,0.1,0.3,404,1.7324,120.7362,61.7840,-17.8239,0.0000,18219
5,20,9,35.0,75.0,1.5,0.03,0.15,0.3,285,1.8770,153.3555,78.4761,-17.3480,0.0000,18219
5,20,9,35.0,75.0,1.5,0.05,0.05,0.3,467,1.0799,77.8779,39.8522,-21.0563,0.0000,18219
5,20,9,35.0,75.0,1.5,0.05,0.1,0.3,293,0.6524,53.6320,27.4450,-36.1162,0.0000,18219
5,20,9,35.0,75.0,1.5,0.05,0.15,0.3,210,0.7028,61.7759,31.6124,-37.4241,0.0000,18219
5,20,14,25.0,65.0,1.0,0.02,0.05,0.3,494,1.2528,498.4652,255.0781,-49.3862,0.0000,18219
5,20,14,25.0,65.0,1.0,0.02,0.1,0.3,606,1.1924,217.4193,111.2594,-39.8933,0.0000,18219
5,20,14,25.0,65.0,1.0,0.02,0.15,0.3,481,1.1546,118.4533,60.6158,-22.3200,0.0000,18219
5,20,14,25.0,65.0,1.0,0.03,0.05,0.3,817,1.2907,139.2309,71.2482,-30.4952,0.0000,18219
5,20,14,25.0,65.0,1.0,0.03,0.1,0.3,541,1.0744,107.5742,55.0487,-30.1744,0.0000,18219
5,20,14,25.0,65.0,1.0,0.03,0.15,0.3,325,2.2111,229.0154,117.1934,-19.2766,0.0000,18219
5,20,14,25.0,65.0,1.0,0.05,0.05,0.3,637,1.8301,230.8163,118.1149,-20.6337,0.0000,18219
5,20,14,25.0,65.0,1.0,0.05,0.1,0.3,353,1.0472,119.0285,60.9101,-32.0695,0.0000,18219
5,20,14,25.0,65.0,1.0,0.05,0.15,0.3,252,1.2734,133.3728,68.2505,-32.1088,0.0000,18219
5,20,14,25.0,65.0,1.2,0.02,0.05,0.3,668,1.5599,290.1670,148.4863,-30.7537,0.0000,18219
5,20,14,25.0,65.0,1.2,0.02,0.1,0.3,537,0.8134,125.1829,64.0595,-44.2116,0.0000,18219
5,20,14,25.0,65.0,1.2,0.02,0.15,0.3,454,1.1486,110.5255,56.5589,-23.7471,0.0000,18219
5,20,14,25.0,65.0,1.2,0.03,0.05,0.3,745,1.1899,109.3671,55.9661,-29.8652,0.0000,18219
5,20,14,25.0,65.0,1.2,0.03,0.1,0.3,491,1.1849,104.2916,53.3689,-25.7650,0.0000,18219
5,20,14,25.0,65.0,1.2,0.03,0.15,0.3,303,2.1656,210.7712,107.8573,-17.7107,0.0000,18219
5,20,14,25.0,65.0,1.2,0.05,0.05,0.3,533,0.8815,90.2972,46.2075,-29.3492,0.0000,18219
5,20,14,25.0,65.0,1.2,0.05,0.1,0.3,324,1.1028,120.3804,61.6019,-30.7265,0.0000,18219
5,20,14,25.0,65.0,1.2,0.05,0.15,0.3,235,1.2203,115.7299,59.2221,-32.0535,0.0000,18219
5,20,14,25.0,65.0,1.5,0.02,0.05,0.3,566,1.7988,245.3775,125.5663,-23.5236,0.0000,18219
5,20,14,25.0,65.0,1.5,0.02,0.1,0.3,452,1.3592,152.9034,78.2448,-23.9147,0.0000,18219
5,20,14,25.0,65.0,1.5,0.02,0.15,0.3,390,1.5939,125.0660,63.9997,-18.9940,0.0000,18219
5,20,14,25.0,65.0,1.5,0.03,0.05,0.3,629,1.5317,101.0322,51.7009,-21.6466,0.0000,18219
5,20,14,25.0,65.0,1.5,0.03,0.1,0.3,404,1.7324,120.7362,61.7840,-17.8239,0.0000,18219
5,20,14,25.0,65.0,1.5,0.03,0.15,0.3,285,1.8770,153.3555,78.4761,-17.3480,0.0000,18219
5,20,14,25.0,65.0,1.5,0.05,0.05,0.3,467,1.0799,77.8779,39.8522,-21.0563,0.0000,18219
5,20,14,25.0,65.0,1.5,0.05,0.1,0.3,293,0.6524,53.6320,27.4450,-36.1162,0.0000,18219
5,20,14,25.0,65.0,1.5,0.05,0.15,0.3,210,0.7028,61.7759,31.6124,-37.4241,0.0000,18219
5,20,14,25.0,70.0,1.0,0.02,0.05,0.3,494,1.2528,498.4652,255.0781,-49.3862,0.0000,18219
5,20,14,25.0,70.0,1.0,0.02,0.1,0.3,606,1.1924,217.4193,111.2594,-39.8933,0.0000,18219
5,20,14,25.0,70.0,1.0,0.02,0.15,0.3,481,1.1546,118.4533,60.6158,-22.3200,0.0000,18219
5,20,14,25.0,70.0,1.0,0.03,0.05,0.3,817,1.2907,139.2309,71.2482,-30.4952,0.0000,18219
5,20,14,25.0,70.0,1.0,0.03,0.1,0.3,541,1.0744,107.5742,55.0487,-30.1744,0.0000,18219
5,20,14,25.0,70.0,1.0,0.03,0.15,0.3,325,2.2111,229.0154,117.1934,-19.2766,0.0000,18219
5,20,14,25.0,70.0,1.0,0.05,0.05,0.3,637,1.8301,230.8163,118.1149,-20.6337,0.0000,18219
5,20,14,25.0,70.0,1.0,0.05,0.1,0.3,353,1.0472,119.0285,60.9101,-32.0695,0.0000,18219
5,20,14,25.0,70.0,1.0,0.05,0.15,0.3,252,1.2734,133.3728,68.2505,-32.1088,0.0000,18219
5,20,14,25.0,70.0,1.2,0.02,0.05,0.3,668,1.5599,290.1670,148.4863,-30.7537,0.0000,18219
5,20,14,25.0,70.0,1.2,0.02,0.1,0.3,537,0.8134,125.1829,64.0595,-44.2116,0.0000,18219
5,20,14,25.0,70.0,1.2,0.02,0.15,0.3,454,1.1486,110.5255,56.5589,-23.7471,0.0000,18219
5,20,14,25.0,70.0,1.2,0.03,0.05,0.3,745,1.1899,109.3671,55.9661,-29.8652,0.0000,18219
5,20,14,25.0,70.0,1.2,0.03,0.1,0.3,491,1.1849,104.2916,53.3689,-25.7650,0.0000,18219
5,20,14,25.0,70.0,1.2,0.03,0.15,0.3,303,2.1656,210.7712,107.8573,-17.7107,0.0000,18219
5,20,14,25.0,70.0,1.2,0.05,0.05,0.3,533,0.8815,90.2972,46.2075,-29.3492,0.0000,18219
5,20,14,25.0,70.0,1.2,0.05,0.1,0.3,324,1.1028,120.3804,61.6019,-30.7265,0.0000,18219
5,20,14,25.0,70.0,1.2,0.05,0.15,0.3,235,1.2203,115.7299,59.2221,-32.0535,0.0000,18219
5,20,14,25.0,70.0,1.5,0.02,0.05,0.3,566,1.7988,245.3775,125.5663,-23.5236,0.0000,18219
5,20,14,25.0,70.0,1.5,0.02,0.1,0.3,452,1.3592,152.9034,78.2448,-23.9147,0.0000,18219
5,20,14,25.0,70.0,1.5,0.02,0.15,0.3,390,1.5939,125.0660,63.9997,-18.9940,0.0000,18219
5,20,14,25.0,70.0,1.5,0.03,0.05,0.3,629,1.5317,101.0322,51.7009,-21.6466,0.0000,18219
5,20,14,25.0,70.0,1.5,0.03,0.1,0.3,404,1.7324,120.7362,61.7840,-17.8239,0.0000,18219
5,20,14,25.0,70.0,1.5,0.03,0.15,0.3,285,1.8770,153.3555,78.4761,-17.3480,0.0000,18219
5,20,14,25.0,70.0,1.5,0.05,0.05,0.3,467,1.0799,77.8779,39.8522,-21.0563,0.0000,18219
5,20,14,25.0,70.0,1.5,0.05,0.1,0.3,293,0.6524,53.6320,27.4450,-36.1162,0.0000,18219
5,20,14,25.0,70.0,1.5,0.05,0.15,0.3,210,0.7028,61.7759,31.6124,-37.4241,0.0000,18219
5,20,14,25.0,75.0,1.0,0.02,0.05,0.3,494,1.2528,498.4652,255.0781,-49.3862,0.0000,18219
5,20,14,25.0,75.0,1.0,0.02,0.1,0.3,606,1.1924,217.4193,111.2594,-39.8933,0.0000,18219
5,20,14,25.0,75.0,1.0,0.02,0.15,0.3,481,1.1546,118.4533,60.6158,-22.3200,0.0000,18219
5,20,14,25.0,75.0,1.0,0.03,0.05,0.3,817,1.2907,139.2309,71.2482,-30.4952,0.0000,18219
5,20,14,25.0,75.0,1.0,0.03,0.1,0.3,541,1.0744,107.5742,55.0487,-30.1744,0.0000,18219
5,20,14,25.0,75.0,1.0,0.03,0.15,0.3,325,2.2111,229.0154,117.1934,-19.2766,0.0000,18219
5,20,14,25.0,75.0,1.0,0.05,0.05,0.3,637,1.8301,230.8163,118.1149,-20.6337,0.0000,18219
5,20,14,25.0,75.0,1.0,0.05,0.1,0.3,353,1.0472,119.0285,60.9101,-32.0695,0.0000,18219
5,20,14,25.0,75.0,1.0,0.05,0.15,0.3,252,1.2734,133.3728,68.2505,-32.1088,0.0000,18219
5,20,14,25.0,75.0,1.2,0.02,0.05,0.3,668,1.5599,290.1670,148.4863,-30.7537,0.0000,18219
5,20,14,25.0,75.0,1.2,0.02,0.1,0.3,537,0.8134,125.1829,64.0595,-44.2116,0.0000,18219
5,20,14,25.0,75.0,1.2,0.02,0.15,0.3,454,1.1486,110.5255,56.5589,-23.7471,0.0000,18219
5,20,14,25.0,75.0,1.2,0.03,0.05,0.3,745,1.1899,109.3671,55.9661,-29.8652,0.0000,18219
5,20,14,25.0,75.0,1.2,0.03,0.1,0.3,491,1.1849,104.2916,53.3689,-25.7650,0.0000,18219
5,20,14,25.0,75.0,1.2,0.03,0.15,0.3,303,2.1656,210.7712,107.8573,-17.7107,0.0000,18219
5,20,14,25.0,75.0,1.2,0.05,0.05,0.3,533,0.8815,90.2972,46.2075,-29.3492,0.0000,18219
5,20,14,25.0,75.0,1.2,0.05,0.1,0.3,324,1.1028,120.3804,61.6019,-30.7265,0.0000,18219
5,20,14,25.0,75.0,1.2,0.05,0.15,0.3,235,1.2203,115.7299,59.2221,-32.0535,0.0000,18219
5,20,14,25.0,75.0,1.5,0.02,0.05,0.3,566,1.7988,245.3775,125.5663,-23.5236,0.0000,18219
5,20,14,25.0,75.0,1.5,0.02,0.1,0.3,452,1.3592,152.9034,78.2448,-23.9147,0.0000,18219
5,20,14,25.0,75.0,1.5,0.02,0.15,0.3,390,1.5939,125.0660,63.9997,-18.9940,0.0000,18219
5,20,14,25.0,75.0,1.5,0.03,0.05,0.3,629,1.5317,101.0322,51.7009,-21.6466,0.0000,18219
5,20,14,25.0,75.0,1.5,0.03,0.1,0.3,404,1.7324,120.7362,61.7840,-17.8239,0.0000,18219
5,20,14,25.0,75.0,1.5,0.03,0.15,0.3,285,1.8770,153.3555,78.4761,-17.3480,0.0000,18219
5,20,14,25.0,75.0,1.5,0.05,0.05,0.3,467,1.0799,77.8779,39.8522,-21.0563,0.0000,18219
5,20,14,25.0,75.0,1.5,0.05,0.1,0.3,293,0.6524,53.6320,27.4450,-36.1162,0.0000,18219
5,20,14,25.0,75.0,1.5,0.05,0.15,0.3,210,0.7028,61.7759,31.6124,-37.4241,0.0000,18219
5,20,14,30.0,65.0,1.0,0.02,0.05,0.3,494,1.2528,498.4652,255.0781,-49.3862,0.0000,18219
5,20,14,30.0,65.0,1.0,0.02,0.1,0.3,606,1.1924,217.4193,111.2594,-39.8933,0.0000,18219
5,20,14,30.0,65.0,1.0,0.02,0.15,0.3,481,1.1546,118.4533,60.6158,-22.3200,0.0000,18219
5,20,14,30.0,65.0,1.0,0.03,0.05,0.3,817,1.2907,139.2309,71.2482,-30.4952,0.0000,18219
5,20,14,30.0,65.0,1.0,0.03,0.1,0.3,541,1.0744,107.5742,55.0487,-30.1744,0.0000,18219
5,20,14,30.0,65.0,1.0,0.03,0.15,0.3,325,2.2111,229.0154,117.1934,-19.2766,0.0000,18219
5,20,14,30.0,65.0,1.0,0.05,0.05,0.3,637,1.8301,230.8163,118.1149,-20.6337,0.0000,18219
5,20,14,30.0,65.0,1.0,0.05,0.1,0.3,353,1.0472,119.0285,60.9101,-32.0695,0.0000,18219
5,20,14,30.0,65.0,1.0,0.05,0.15,0.3,252,1.2734,133.3728,68.2505,-32.1088,0.0000,18219
5,20,14,30.0,65.0,1.2,0.02,0.05,0.3,668,1.5599,290.1670,148.4863,-30.7537,0.0000,18219
5,20,14,30.0,65.0,1.2,0.02,0.1,0.3,537,0.8134,125.1829,64.0595,-44.2116,0.0000,18219
5,20,14,30.0,65.0,1.2,0.02,0.15,0.3,454,1.1486,110.5255,56.5589,-23.7471,0.0000,18219
5,20,14,30.0,65.0,1.2,0.03,0.05,0.3,745,1.1899,109.3671,55.9661,-29.8652,0.0000,18219
5,20,14,30.0,65.0,1.2,0.03,0.1,0.3,491,1.1849,104.2916,53.3689,-25.7650,0.0000,18219
5,20,14,30.0,65.0,1.2,0.03,0.15,0.3,303,2.1656,210.7712,107.8573,-17.7107,0.0000,18219
5,20,14,30.0,65.0,1.2,0.05,0.05,0.3,533,0.8815,90.2972,46.2075,-29.3492,0.0000,18219
5,20,14,30.0,65.0,1.2,0.05,0.1,0.3,324,1.1028,120.3804,61.6019,-30.7265,0.0000,18219
5,20,14,30.0,65.0,1.2,0.05,0.15,0.3,235,1.2203,115.7299,59.2221,-32.0535,0.0000,18219
5,20,14,30.0,65.0,1.5,0.02,0.05,0.3,566,1.7988,245.3775,125.5663,-23.5236,0.0000,18219
5,20,14,30.0,65.0,1.5,0.02,0.1,0.3,452,1.3592,152.9034,78.2448,-23.9147,0.0000,18219
5,20,14,30.0,65.0,1.5,0.02,0.15,0.3,390,1.5939,125.0660,63.9997,-18.9940,0.0000,18219
5,20,14,30.0,65.0,1.5,0.03,0.05,0.3,629,1.5317,101.0322,51.7009,-21.6466,0.0000,18219
5,20,14,30.0,65.0,1.5,0.03,0.1,0.3,404,1.7324,120.7362,61.7840,-17.8239,0.0000,18219
5,20,14,30.0,65.0,1.5,0.03,0.15,0.3,285,1.8770,153.3555,78.4761,-17.3480,0.0000,18219
5,20,14,30.0,65.0,1.5,0.05,0.05,0.3,467,1.0799,77.8779,39.8522,-21.0563,0.0000,18219
5,20,14,30.0,65.0,1.5,0.05,0.1,0.3,293,0.6524,53.6320,27.4450,-36.1162,0.0000,18219
5,20,14,30.0,65.0,1.5,0.05,0.15,0.3,210,0.7028,61.7759,31.6124,-37.4241,0.0000,18219
5,20,14,30.0,70.0,1.0,0.02,0.05,0.3,494,1.2528,498.4652,255.0781,-49.3862,0.0000,18219
5,20,14,30.0,70.0,1.0,0.02,0.1,0.3,606,1.1924,217.4193,111.2594,-39.8933,0.0000,18219
5,20,14,30.0,70.0,1.0,0.02,0.15,0.3,481,1.1546,118.4533,60.6158,-22.3200,0.0000,18219
5,20,14,30.0,70.0,1.0,0.03,0.05,0.3,817,1.2907,139.2309,71.2482,-30.4952,0.0000,18219
5,20,14,30.0,70.0,1.0,0.03,0.1,0.3,541,1.0744,107.5742,55.0487,-30.1744,0.0000,18219
5,20,14,30.0,70.0,1.0,0.03,0.15,0.3,325,2.2111,229.0154,117.1934,-19.2766,0.0000,18219
5,20,14,30.0,70.0,1.0,0.05,0.05,0.3,637,1.8301,230.8163,118.1149,-20.6337,0.0000,18219
5,20,14,30.0,70.0,1.0,0.05,0.1,0.3,353,1.0472,119.0285,60.9101,-32.0695,0.0000,18219
5,20,14,30.0,70.0,1.0,0.05,0.15,0.3,252,1.2734,133.3728,68.2505,-32.1088,0.0000,18219
5,20,14,30.0,70.0,1.2,0.02,0.05,0.3,668,1.5599,290.1670,148.4863,-30.7537,0.0000,18219
5,20,14,30.0,70.0,1.2,0.02,0.1,0.3,537,0.8134,125.1829,64.0595,-44.2116,0.0000,18219
5,20,14,30.0,70.0,1.2,0.02,0.15,0.3,454,1.1486,110.5255,56.5589,-23.7471,0.0000,18219
5,20,14,30.0,70.0,1.2,0.03,0.05,0.3,745,1.1899,109.3671,55.9661,-29.8652,0.0000,18219
5,20,14,30.0,70.0,1.2,0.03,0.1,0.3,491,1.1849,104.2916,53.3689,-25.7650,0.0000,18219
5,20,14,30.0,70.0,1.2,0.03,0.15,0.3,303,2.1656,210.7712,107.8573,-17.7107,0.0000,18219
5,20,14,30.0,70.0,1.2,0.05,0.05,0.3,533,0.8815,90.2972,46.2075,-29.3492,0.0000,18219
5,20,14,30.0,70.0,1.2,0.05,0.1,0.3,324,1.1028,120.3804,61.6019,-30.7265,0.0000,18219
5,20,14,30.0,70.0,1.2,0.05,0.15,0.3,235,1.2203,115.7299,59.2221,-32.0535,0.0000,18219
5,20,14,30.0,70.0,1.5,0.02,0.05,0.3,566,1.7988,245.3775,125.5663,-23.5236,0.0000,18219
5,20,14,30.0,70.0,1.5,0.02,0.1,0.3,452,1.3592,152.9034,78.2448,-23.9147,0.0000,18219
5,20,14,30.0,70.0,1.5,0.02,0.15,0.3,390,1.5939,125.0660,63.9997,-18.9940,0.0000,18219
5,20,14,30.0,70.0,1.5,0.03,0.05,0.3,629,1.5317,101.0322,51.7009,-21.6466,0.0000,18219
5,20,14,30.0,70.0,1.5,0.03,0.1,0.3,404,1.7324,120.7362,61.7840,-17.8239,0.0000,18219
5,20,14,30.0,70.0,1.5,0.03,0.15,0.3,285,1.8770,153.3555,78.4761,-17.3480,0.0000,18219
5,20,14,30.0,70.0,1.5,0.05,0.05,0.3,467,1.0799,77.8779,39.8522,-21.0563,0.0000,18219
5,20,14,30.0,70.0,1.5,0.05,0.1,0.3,293,0.6524,53.6320,27.4450,-36.1162,0.0000,18219
5,20,14,30.0,70.0,1.5,0.05,0.15,0.3,210,0.7028,61.7759,31.6124,-37.4241,0.0000,18219
5,20,14,30.0,75.0,1.0,0.02,0.05,0.3,494,1.2528,498.4652,255.0781,-49.3862,0.0000,18219
5,20,14,30.0,75.0,1.0,0.02,0.1,0.3,606,1.1924,217.4193,111.2594,-39.8933,0.0000,18219
5,20,14,30.0,75.0,1.0,0.02,0.15,0.3,481,1.1546,118.4533,60.6158,-22.3200,0.0000,18219
5,20,14,30.0,75.0,1.0,0.03,0.05,0.3,817,1.2907,139.2309,71.2482,-30.4952,0.0000,18219
5,20,14,30.0,75.0,1.0,0.03,0.1,0.3,541,1.0744,107.5742,55.0487,-30.1744,0.0000,18219
5,20,14,30.0,75.0,1.0,0.03,0.15,0.3,325,2.2111,229.0154,117.1934,-19.2766,0.0000,18219
5,20,14,30.0,75.0,1.0,0.05,0.05,0.3,637,1.8301,230.8163,118.1149,-20.6337,0.0000,18219
5,20,14,30.0,75.0,1.0,0.05,0.1,0.3,353,1.0472,119.0285,60.9101,-32.0695,0.0000,18219
5,20,14,30.0,75.0,1.0,0.05,0.15,0.3,252,1.2734,133.3728,68.2505,-32.1088,0.0000,18219
5,20,14,30.0,75.0,1.2,0.02,0.05,0.3,668,1.5599,290.1670,148.4863,-30.7537,0.0000,18219
5,20,14,30.0,75.0,1.2,0.02,0.1,0.3,537,0.8134,125.1829,64.0595,-44.2116,0.0000,18219
5,20,14,30.0,75.0,1.2,0.02,0.15,0.3,454,1.1486,110.5255,56.5589,-23.7471,0.0000,18219
5,20,14,30.0,75.0,1.2,0.03,0.05,0.3,745,1.1899,109.3671,55.9661,-29.8652,0.0000,18219
5,20,14,30.0,75.0,1.2,0.03,0.1,0.3,491,1.1849,104.2916,53.3689,-25.7650,0.0000,18219
5,20,14,30.0,75.0,1.2,0.03,0.15,0.3,303,2.1656,210.7712,107.8573,-17.7107,0.0000,18219
5,20,14,30.0,75.0,1.2,0.05,0.05,0.3,533,0.8815,90.2972,46.2075,-29.3492,0.0000,18219
5,20,14,30.0,75.0,1.2,0.05,0.1,0.3,324,1.1028,120.3804,61.6019,-30.7265,0.0000,18219
5,20,14,30.0,75.0,1.2,0.05,0.15,0.3,235,1.2203,115.7299,59.2221,-32.0535,0.0000,18219
5,20,14,30.0,75.0,1.5,0.02,0.05,0.3,566,1.7988,245.3775,125.5663,-23.5236,0.0000,18219
5,20,14,30.0,75.0,1.5,0.02,0.1,0.3,452,1.3592,152.9034,78.2448,-23.9147,0.0000,18219
5,20,14,30.0,75.0,1.5,0.02,0.15,0.3,390,1.5939,125.0660,63.9997,-18.9940,0.0000,18219
5,20,14,30.0,75.0,1.5,0.03,0.05,0.3,629,1.5317,101.0322,51.7009,-21.6466,0.0000,18219
5,20,14,30.0,75.0,1.5,0.03,0.1,0.3,404,1.7324,120.7362,61.7840,-17.8239,0.0000,18219
5,20,14,30.0,75.0,1.5,0.03,0.15,0.3,285,1.8770,153.3555,78.4761,-17.3480,0.0000,18219
5,20,14,30.0,75.0,1.5,0.05,0.05,0.3,467,1.0799,77.8779,39.8522,-21.0563,0.0000,18219
5,20,14,30.0,75.0,1.5,0.05,0.1,0.3,293,0.6524,53.6320,27.4450,-36.1162,0.0000,18219
5,20,14,30.0,75.0,1.5,0.05,0.15,0.3,210,0.7028,61.7759,31.6124,-37.4241,0.0000,18219
5,20,14,35.0,65.0,1.0,0.02,0.05,0.3,494,1.2528,498.4652,255.0781,-49.3862,0.0000,18219
5,20,14,35.0,65.0,1.0,0.02,0.1,0.3,606,1.1924,217.4193,111.2594,-39.8933,0.0000,18219
5,20,14,35.0,65.0,1.0,0.02,0.15,0.3,481,1.1546,118.4533,60.6158,-22.3200,0.0000,18219
5,20,14,35.0,65.0,1.0,0.03,0.05,0.3,817,1.2907,139.2309,71.2482,-30.4952,0.0000,18219
5,20,14,35.0,65.0,1.0,0.03,0.1,0.3,541,1.0744,107.5742,55.0487,-30.1744,0.0000,18219
5,20,14,35.0,65.0,1.0,0.03,0.15,0.3,325,2.2111,229.0154,117.1934,-19.2766,0.0000,18219
5,20,14,35.0,65.0,1.0,0.05,0.05,0.3,637,1.8301,230.8163,118.1149,-20.6337,0.0000,18219
5,20,14,35.0,65.0,1.0,0.05,0.1,0.3,353,1.0472,119.0285,60.9101,-32.0695,0.0000,18219
5,20,14,35.0,65.0,1.0,0.05,0.15,0.3,252,1.2734,133.3728,68.2505,-32.1088,0.0000,18219
5,20,14,35.0,65.0,1.2,0.02,0.05,0.3,668,1.5599,290.1670,148.4863,-30.7537,0.0000,18219
5,20,14,35.0,65.0,1.2,0.02,0.1,0.3,537,0.8134,125.1829,64.0595,-44.2116,0.0000,18219
5,20,14,35.0,65.0,1.2,0.02,0.15,0.3,454,1.1486,110.5255,56.5589,-23.7471,0.0000,18219
5,20,14,35.0,65.0,1.2,0.03,0.05,0.3,745,1.1899,109.3671,55.9661,-29.8652,0.0000,18219
5,20,14,35.0,65.0,1.2,0.03,0.1,0.3,491,1.1849,104.2916,53.3689,-25.7650,0.0000,18219
5,20,14,35.0,65.0,1.2,0.03,0.15,0.3,303,2.1656,210.7712,107.8573,-17.7107,0.0000,18219
5,20,14,35.0,65.0,1.2,0.05,0.05,0.3,533,0.8815,90.2972,46.2075,-29.3492,0.0000,18219
5,20,14,35.0,65.0,1.2,0.05,0.1,0.3,324,1.1028,120.3804,61.6019,-30.7265,0.0000,18219
5,20,14,35.0,65.0,1.2,0.05,0.15,0.3,235,1.2203,115.7299,59.2221,-32.0535,0.0000,18219
5,20,14,35.0,65.0,1.5,0.02,0.05,0.3,566,1.7988,245.3775,125.5663,-23.5236,0.0000,18219
5,20,14,35.0,65.0,1.5,0.02,0.1,0.3,452,1.3592,152.9034,78.2448,-23.9147,0.0000,18219
5,20,14,35.0,65.0,1.5,0.02,0.15,0.3,390,1.5939,125.0660,63.9997,-18.9940,0.0000,18219
5,20,14,35.0,65.0,1.5,0.03,0.05,0.3,629,1.5317,101.0322,51.7009,-21.6466,0.0000,18219
5,20,14,35.0,65.0,1.5,0.03,0.1,0.3,404,1.7324,120.7362,61.7840,-17.8239,0.0000,18219
5,20,14,35.0,65.0,1.5,0.03,0.15,0.3,285,1.8770,153.3555,78.4761,-17.3480,0.0000,18219
5,20,14,35.0,65.0,1.5,0.05,0.05,0.3,467,1.0799,77.8779,39.8522,-21.0563,0.0000,18219
5,20,14,35.0,65.0,1.5,0.05,0.1,0.3,293,0.6524,53.6320,27.4450,-36.1162,0.0000,18219
5,20,14,35.0,65.0,1.5,0.05,0.15,0.3,210,0.7028,61.7759,31.6124,-37.4241,0.0000,18219
5,20,14,35.0,70.0,1.0,0.02,0.05,0.3,494,1.2528,498.4652,255.0781,-49.3862,0.0000,18219
5,20,14,35.0,70.0,1.0,0.02,0.1,0.3,606,1.1924,217.4193,111.2594,-39.8933,0.0000,18219
5,20,14,35.0,70.0,1.0,0.02,0.15,0.3,481,1.1546,118.4533,60.6158,-22.3200,0.0000,18219
5,20,14,35.0,70.0,1.0,0.03,0.05,0.3,817,1.2907,139.2309,71.2482,-30.4952,0.0000,18219
5,20,14,35.0,70.0,1.0,0.03,0.1,0.3,541,1.0744,107.5742,55.0487,-30.1744,0.0000,18219
5,20,14,35.0,70.0,1.0,0.03,0.15,0.3,325,2.2111,229.0154,117.1934,-19.2766,0.0000,18219
5,20,14,35.0,70.0,1.0,0.05,0.05,0.3,637,1.8301,230.8163,118.1149,-20.6337,0.0000,18219
5,20,14,35.0,70.0,1.0,0.05,0.1,0.3,353,1.0472,119.0285,60.9101,-32.0695,0.0000,18219
5,20,14,35.0,70.0,1.0,0.05,0.15,0.3,252,1.2734,133.3728,68.2505,-32.1088,0.0000,18219
5,20,14,35.0,70.0,1.2,0.02,0.05,0.3,668,1.5599,290.1670,148.4863,-30.7537,0.0000,18219
5,20,14,35.0,70.0,1.2,0.02,0.1,0.3,537,0.8134,125.1829,64.0595,-44.2116,0.0000,18219
5,20,14,35.0,70.0,1.2,0.02,0.15,0.3,454,1.1486,110.5255,56.5589,-23.7471,0.0000,18219
5,20,14,35.0,70.0,1.2,0.03,0.05,0.3,745,1.1899,109.3671,55.9661,-29.8652,0.0000,18219
5,20,14,35.0,70.0,1.2,0.03,0.1,0.3,491,1.1849,104.2916,53.3689,-25.7650,0.0000,18219
5,20,14,35.0,70.0,1.2,0.03,0.15,0.3,303,2.1656,210.7712,107.8573,-17.7107,0.0000,18219
5,20,14,35.0,70.0,1.2,0.05,0.05,0.3,533,0.8815,90.2972,46.2075,-29.3492,0.0000,18219
5,20,14,35.0,70.0,1.2,0.05,0.1,0.3,324,1.1028,120.3804,61.6019,-30.7265,0.0000,18219
5,20,14,35.0,70.0,1.2,0.05,0.15,0.3,235,1.2203,115.7299,59.2221,-32.0535,0.0000,18219
5,20,14,35.0,70.0,1.5,0.02,0.05,0.3,566,1.7988,245.3775,125.5663,-23.5236,0.0000,18219
5,20,14,35.0,70.0,1.5,0.02,0.1,0.3,452,1.3592,152.9034,78.2448,-23.9147,0.0000,18219
5,20,14,35.0,70.0,1.5,0.02,0.15,0.3,390,1.5939,125.0660,63.9997,-18.9940,0.0000,18219
5,20,14,35.0,70.0,1.5,0.03,0.05,0.3,629,1.5317,101.0322,51.7009,-21.6466,0.0000,18219
5,20,14,35.0,70.0,1.5,0.03,0.1,0.3,404,1.7324,120.7362,61.7840,-17.8239,0.0000,18219
5,20,14,35.0,70.0,1.5,0.03,0.15,0.3,285,1.8770,153.3555,78.4761,-17.3480,0.0000,18219
5,20,14,35.0,70.0,1.5,0.05,0.05,0.3,467,1.0799,77.8779,39.8522,-21.0563,0.0000,18219
5,20,14,35.0,70.0,1.5,0.05,0.1,0.3,293,0.6524,53.6320,27.4450,-36.1162,0.0000,18219
5,20,14,35.0,70.0,1.5,0.05,0.15,0.3,210,0.7028,61.7759,31.6124,-37.4241,0.0000,18219
5,20,14,35.0,75.0,1.0,0.02,0.05,0.3,494,1.2528,498.4652,255.0781,-49.3862,0.0000,18219
5,20,14,35.0,75.0,1.0,0.02,0.1,0.3,606,1.1924,217.4193,111.2594,-39.8933,0.0000,18219
5,20,14,35.0,75.0,1.0,0.02,0.15,0.3,481,1.1546,118.4533,60.6158,-22.3200,0.0000,18219
5,20,14,35.0,75.0,1.0,0.03,0.05,0.3,817,1.2907,139.2309,71.2482,-30.4952,0.0000,18219
5,20,14,35.0,75.0,1.0,0.03,0.1,0.3,541,1.0744,107.5742,55.0487,-30.1744,0.0000,18219
5,20,14,35.0,75.0,1.0,0.03,0.15,0.3,325,2.2111,229.0154,117.1934,-19.2766,0.0000,18219
5,20,14,35.0,75.0,1.0,0.05,0.05,0.3,637,1.8301,230.8163,118.1149,-20.6337,0.0000,18219
5,20,14,35.0,75.0,1.0,0.05,0.1,0.3,353,1.0472,119.0285,60.9101,-32.0695,0.0000,18219
5,20,14,35.0,75.0,1.0,0.05,0.15,0.3,252,1.2734,133.3728,68.2505,-32.1088,0.0000,18219
5,20,14,35.0,75.0,1.2,0.02,0.05,0.3,668,1.5599,290.1670,148.4863,-30.7537,0.0000,18219
5,20,14,35.0,75.0,1.2,0.02,0.1,0.3,537,0.8134,125.1829,64.0595,-44.2116,0.0000,18219
5,20,14,35.0,75.0,1.2,0.02,0.15,0.3,454,1.1486,110.5255,56.5589,-23.7471,0.0000,18219
5,20,14,35.0,75.0,1.2,0.03,0.05,0.3,745,1.1899,109.3671,55.9661,-29.8652,0.0000,18219
5,20,14,35.0,75.0,1.2,0.03,0.1,0.3,491,1.1849,104.2916,53.3689,-25.7650,0.0000,18219
5,20,14,35.0,75.0,1.2,0.03,0.15,0.3,303,2.1656,210.7712,107.8573,-17.7107,0.0000,18219
5,20,14,35.0,75.0,1.2,0.05,0.05,0.3,533,0.8815,90.2972,46.2075,-29.3492,0.0000,18219
5,20,14,35.0,75.0,1.2,0.05,0.1,0.3,324,1.1028,120.3804,61.6019,-30.7265,0.0000,18219
5,20,14,35.0,75.0,1.2,0.05,0.15,0.3,235,1.2203,115.7299,59.2221,-32.0535,0.0000,18219
5,20,14,35.0,75.0,1.5,0.02,0.05,0.3,566,1.7988,245.3775,125.5663,-23.5236,0.0000,18219
5,20,14,35.0,75.0,1.5,0.02,0.1,0.3,452,1.3592,152.9034,78.2448,-23.9147,0.0000,18219
5,20,14,35.0,75.0,1.5,0.02,0.15,0.3,390,1.5939,125.0660,63.9997,-18.9940,0.0000,18219
5,20,14,35.0,75.0,1.5,0.03,0.05,0.3,629,1.5317,101.0322,51.7009,-21.6466,0.0000,18219
5,20,14,35.0,75.0,1.5,0.03,0.1,0.3,404,1.7324,120.7362,61.7840,-17.8239,0.0000,18219
5,20,14,35.0,75.0,1.5,0.03,0.15,0.3,285,1.8770,153.3555,78.4761,-17.3480,0.0000,18219
5,20,14,35.0,75.0,1.5,0.05,0.05,0.3,467,1.0799,77.8779,39.8522,-21.0563,0.0000,18219
5,20,14,35.0,75.0,1.5,0.05,0.1,0.3,293,0.6524,53.6320,27.4450,-36.1162,0.0000,18219
5,20,14,35.0,75.0,1.5,0.05,0.15,0.3,210,0.7028,61.7759,31.6124,-37.4241,0.0000,18219
5,30,9,25.0,65.0,1.0,0.02,0.05,0.3,1169,1.0349,117.8500,60.3070,-33.4148,0.0000,18219
5,30,9,25.0,65.0,1.0,0.02,0.1,0.3,688,1.3541,150.0163,76.7674,-37.1138,0.0000,18219
5,30,9,25.0,65.0,1.0,0.02,0.15,0.3,537,1.2549,139.1981,71.2314,-31.5709,0.0000,18219
5,30,9,25.0,65.0,1.0,0.03,0.05,0.3,905,1.0846,134.8405,69.0015,-28.1459,0.0000,18219
5,30,9,25.0,65.0,1.0,0.03,0.1,0.3,509,0.7269,87.1813,44.6130,-41.4794,0.0000,18219
5,30,9,25.0,65.0,1.0,0.03,0.15,0.3,415,1.3564,194.3249,99.4413,-33.2837,0.0000,18219
5,30,9,25.0,65.0,1.0,0.05,0.05,0.3,634,1.2061,125.5510,64.2478,-32.4672,0.0000,18219
5,30,9,25.0,65.0,1.0,0.05,0.1,0.3,307,0.6913,58.6445,30.0100,-34.7267,0.0000,18219
5,30,9,25.0,65.0,1.0,0.05,0.15,0.3,266,1.4185,192.4957,98.5053,-30.4607,0.0000,18219
5,30,9,25.0,65.0,1.2,0.02,0.05,0.3,370,1.0186,241.4498,123.5564,-41.7235,0.0000,18219
5,30,9,25.0,65.0,1.2,0.02,0.1,0.3,227,1.2558,234.8310,120.1694,-32.9125,0.0000,18219
5,30,9,25.0,65.0,1.2,0.02,0.15,0.3,164,1.3141,242.8272,124.2612,-31.8340,0.0000,18219
5,30,9,25.0,65.0,1.2,0.03,0.05,0.3,832,1.0240,112.4147,57.5256,-25.4994,0.0000,18219
5,30,9,25.0,65.0,1.2,0.03,0.1,0.3,467,0.8151,88.6476,45.3634,-35.1296,0.0000,18219
5,30,9,25.0,65.0,1.2,0.03,0.15,0.3,358,1.6008,181.2667,92.7591,-23.6958,0.0000,18219
5,30,9,25.0,65.0,1.2,0.05,0.05,0.3,585,1.3942,130.2458,66.6503,-22.3277,0.0000,18219
5,30,9,25.0,65.0,1.2,0.05,0.1,0.3,278,0.7660,60.6901,31.0568,-31.9721,0.0000,18219
5,30,9,25.0,65.0,1.2,0.05,0.15,0.3,237,1.5889,179.4213,91.8147,-24.7937,0.0000,18219
5,30,9,25.0,65.0,1.5,0.02,0.05,0.3,81,1.1058,434.4653,222.3277,-52.7317,0.0000,18219
5,30,9,25.0,65.0,1.5,0.02,0.1,0.3,188,1.5392,158.0818,80.8948,-23.8578,0.0000,18219
5,30,9,25.0,65.0,1.5,0.02,0.15,0.3,142,1.2970,141.8803,72.6040,-27.1692,0.0000,18219
5,30,9,25.0,65.0,1.5,0.03,0.05,0.3,374,0.3438,567.2992,290.3023,-97.5109,0.0000,18219
5,30,9,25.0,65.0,1.5,0.03,0.1,0.3,218,1.2139,210.1231,107.5257,-37.5427,0.0000,18219
5,30,9,25.0,65.0,1.5,0.03,0.15,0.3,291,1.5248,108.8911,55.7225,-16.1953,0.0000,18219
5,30,9,25.0,65.0,1.5,0.05,0.05,0.3,498,0.7057,70.8033,36.2320,-36.0944,0.0000,18219
5,30,9,25.0,65.0,1.5,0.05,0.1,0.3,251,0.7156,47.8455,24.4838,-28.8722,0.0000,18219
5,30,9,25.0,65.0,1.5,0.05,0.15,0.3,194,1.5003,124.8454,63.8868,-21.2056,0.0000,18219
5,30,9,25.0,70.0,1.0,0.02,0.05,0.3,1169,1.0349,117.8500,60.3070,-33.4148,0.0000,18219
5,30,9,25.0,70.0,1.0,0.02,0.1,0.3,688,1.3541,150.0163,76.7674,-37.1138,0.0000,18219
5,30,9,25.0,70.0,1.0,0.02,0.15,0.3,537,1.2549,139.1981,71.2314,-31.5709,0.0000,18219
5,30,9,25.0,70.0,1.0,0.03,0.05,0.3,905,1.0846,134.8405,69.0015,-28.1459,0.0000,18219
5,30,9,25.0,70.0,1.0,0.03,0.1,0.3,509,0.7269,87.1813,44.6130,-41.4794,0.0000,18219
5,30,9,25.0,70.0,1.0,0.03,0.15,0.3,415,1.3564,194.3249,99.4413,-33.2837,0.0000,18219
5,30,9,25.0,70.0,1.0,0.05,0.05,0.3,634,1.2061,125.5510,64.2478,-32.4672,0.0000,18219
5,30,9,25.0,70.0,1.0,0.05,0.1,0.3,307,0.6913,58.6445,30.0100,-34.7267,0.0000,18219
5,30,9,25.0,70.0,1.0,0.05,0.15,0.3,266,1.4185,192.4957,98.5053,-30.4607,0.0000,18219
5,30,9,25.0,70.0,1.2,0.02,0.05,0.3,370,1.0186,241.4498,123.5564,-41.7235,0.0000,18219
5,30,9,25.0,70.0,1.2,0.02,0.1,0.3,227,1.2558,234.8310,120.1694,-32.9125,0.0000,18219
5,30,9,25.0,70.0,1.2,0.02,0.15,0.3,164,1.3141,242.8272,124.2612,-31.8340,0.0000,18219
5,30,9,25.0,70.0,1.2,0.03,0.05,0.3,832,1.0240,112.4147,57.5256,-25.4994,0.0000,18219
5,30,9,25.0,70.0,1.2,0.03,0.1,0.3,467,0.8151,88.6476,45.3634,-35.1296,0.0000,18219
5,30,9,25.0,70.0,1.2,0.03,0.15,0.3,358,1.6008,181.2667,92.7591,-23.6958,0.0000,18219
5,30,9,25.0,70.0,1.2,0.05,0.05,0.3,585,1.3942,130.2458,66.6503,-22.3277,0.0000,18219
5,30,9,25.0,70.0,1.2,0.05,0.1,0.3,278,0.7660,60.6901,31.0568,-31.9721,0.0000,18219
5,30,9,25.0,70.0,1.2,0.05,0.15,0.3,237,1.5889,179.4213,91.8147,-24.7937,0.0000,18219
5,30,9,25.0,70.0,1.5,0.02,0.05,0.3,81,1.1058,434.4653,222.3277,-52.7317,0.0000,18219
5,30,9,25.0,70.0,1.5,0.02,0.1,0.3,188,1.5392,158.0818,80.8948,-23.8578,0.0000,18219
5,30,9,25.0,70.0,1.5,0.02,0.15,0.3,142,1.2970,141.8803,72.6040,-27.1692,0.0000,18219
5,30,9,25.0,70.0,1.5,0.03,0.05,0.3,374,0.3438,567.2992,290.3023,-97.5109,0.0000,18219
5,30,9,25.0,70.0,1.5,0.03,0.1,0.3,218,1.2139,210.1231,107.5257,-37.5427,0.0000,18219
5,30,9,25.0,70.0,1.5,0.03,0.15,0.3,291,1.5248,108.8911,55.7225,-16.1953,0.0000,18219
5,30,9,25.0,70.0,1.5,0.05,0.05,0.3,498,0.7057,70.8033,36.2320,-36.0944,0.0000,18219
5,30,9,25.0,70.0,1.5,0.05,0.1,0.3,251,0.7156,47.8455,24.4838,-28.8722,0.0000,18219
5,30,9,25.0,70.0,1.5,0.05,0.15,0.3,194,1.5003,124.8454,63.8868,-21.2056,0.0000,18219
5,30,9,25.0,75.0,1.0,0.02,0.05,0.3,1169,1.0349,117.8500,60.3070,-33.4148,0.0000,18219
5,30,9,25.0,75.0,1.0,0.02,0.1,0.3,688,1.3541,150.0163,76.7674,-37.1138,0.0000,18219
5,30,9,25.0,75.0,1.0,0.02,0.15,0.3,537,1.2549,139.1981,71.2314,-31.5709,0.0000,18219
5,30,9,25.0,75.0,1.0,0.03,0.05,0.3,905,1.0846,134.8405,69.0015,-28.1459,0.0000,18219
5,30,9,25.0,75.0,1.0,0.03,0.1,0.3,509,0.7269,87.1813,44.6130,-41.4794,0.0000,18219
5,30,9,25.0,75.0,1.0,0.03,0.15,0.3,415,1.3564,194.3249,99.4413,-33.2837,0.0000,18219
5,30,9,25.0,75.0,1.0,0.05,0.05,0.3,634,1.2061,125.5510,64.2478,-32.4672,0.0000,18219
5,30,9,25.0,75.0,1.0,0.05,0.1,0.3,307,0.6913,58.6445,30.0100,-34.7267,0.0000,18219
5,30,9,25.0,75.0,1.0,0.05,0.15,0.3,266,1.4185,192.4957,98.5053,-30.4607,0.0000,18219
5,30,9,25.0,75.0,1.2,0.02,0.05,0.3,370,1.0186,241.4498,123.5564,-41.7235,0.0000,18219
5,30,9,25.0,75.0,1.2,0.02,0.1,0.3,227,1.2558,234.8310,120.1694,-32.9125,0.0000,18219
5,30,9,25.0,75.0,1.2,0.02,0.15,0.3,164,1.3141,242.8272,124.2612,-31.8340,0.0000,18219
5,30,9,25.0,75.0,1.2,0.03,0.05,0.3,832,1.0240,112.4147,57.5256,-25.4994,0.0000,18219
5,30,9,25.0,75.0,1.2,0.03,0.1,0.3,467,0.8151,88.6476,45.3634,-35.1296,0.0000,18219
5,30,9,25.0,75.0,1.2,0.03,0.15,0.3,358,1.6008,181.2667,92.7591,-23.6958,0.0000,18219
5,30,9,25.0,75.0,1.2,0.05,0.05,0.3,585,1.3942,130.2458,66.6503,-22.3277,0.0000,18219
5,30,9,25.0,75.0,1.2,0.05,0.1,0.3,278,0.7660,60.6901,31.0568,-31.9721,0.0000,18219
5,30,9,25.0,75.0,1.2,0.05,0.15,0.3,237,1.5889,179.4213,91.8147,-24.7937,0.0000,18219
5,30,9,25.0,75.0,1.5,0.02,0.05,0.3,81,1.1058,434.4653,222.3277,-52.7317,0.0000,18219
5,30,9,25.0,75.0,1.5,0.02,0.1,0.3,188,1.5392,158.0818,80.8948,-23.8578,0.0000,18219
5,30,9,25.0,75.0,1.5,0.02,0.15,0.3,142,1.2970,141.8803,72.6040,-27.1692,0.0000,18219
5,30,9,25.0,75.0,1.5,0.03,0.05,0.3,374,0.3438,567.2992,290.3023,-97.5109,0.0000,18219
5,30,9,25.0,75.0,1.5,0.03,0.1,0.3,218,1.2139,210.1231,107.5257,-37.5427,0.0000,18219
5,30,9,25.0,75.0,1.5,0.03,0.15,0.3,291,1.5248,108.8911,55.7225,-16.1953,0.0000,18219
5,30,9,25.0,75.0,1.5,0.05,0.05,0.3,498,0.7057,70.8033,36.2320,-36.0944,0.0000,18219
5,30,9,25.0,75.0,1.5,0.05,0.1,0.3,251,0.7156,47.8455,24.4838,-28.8722,0.0000,18219
5,30,9,25.0,75.0,1.5,0.05,0.15,0.3,194,1.5003,124.8454,63.8868,-21.2056,0.0000,18219
5,30,9,30.0,65.0,1.0,0.02,0.05,0.3,1169,1.0349,117.8500,60.3070,-33.4148,0.0000,18219
5,30,9,30.0,65.0,1.0,0.02,0.1,0.3,688,1.3541,150.0163,76.7674,-37.1138,0.0000,18219
5,30,9,30.0,65.0,1.0,0.02,0.15,0.3,537,1.2549,139.1981,71.2314,-31.5709,0.0000,18219
5,30,9,30.0,65.0,1.0,0.03,0.05,0.3,905,1.0846,134.8405,69.0015,-28.1459,0.0000,18219
5,30,9,30.0,65.0,1.0,0.03,0.1,0.3,509,0.7269,87.1813,44.6130,-41.4794,0.0000,18219
5,30,9,30.0,65.0,1.0,0.03,0.15,0.3,415,1.3564,194.3249,99.4413,-33.2837,0.0000,18219
5,30,9,30.0,65.0,1.0,0.05,0.05,0.3,634,1.2061,125.5510,64.2478,-32.4672,0.0000,18219
5,30,9,30.0,65.0,1.0,0.05,0.1,0.3,307,0.6913,58.6445,30.0100,-34.7267,0.0000,18219
5,30,9,30.0,65.0,1.0,0.05,0.15,0.3,266,1.4185,192.4957,98.5053,-30.4607,0.0000,18219
5,30,9,30.0,65.0,1.2,0.02,0.05,0.3,370,1.0186,241.4498,123.5564,-41.7235,0.0000,18219
5,30,9,30.0,65.0,1.2,0.02,0.1,0.3,227,1.2558,234.8310,120.1694,-32.9125,0.0000,18219
5,30,9,30.0,65.0,1.2,0.02,0.15,0.3,164,1.3141,242.8272,124.2612,-31.8340,0.0000,18219
5,30,9,30.0,65.0,1.2,0.03,0.05,0.3,832,1.0240,112.4147,57.5256,-25.4994,0.0000,18219
5,30,9,30.0,65.0,1.2,0.03,0.1,0.3,467,0.8151,88.6476,45.3634,-35.1296,0.0000,18219
5,30,9,30.0,65.0,1.2,0.03,0.15,0.3,358,1.6008,181.2667,92.7591,-23.6958,0.0000,18219
5,30,9,30.0,65.0,1.2,0.05,0.05,0.3,585,1.3942,130.2458,66.6503,-22.3277,0.0000,18219
5,30,9,30.0,65.0,1.2,0.05,0.1,0.3,278,0.7660,60.6901,31.0568,-31.9721,0.0000,18219
5,30,9,30.0,65.0,1.2,0.05,0.15,0.3,237,1.5889,179.4213,91.8147,-24.7937,0.0000,18219
5,30,9,30.0,65.0,1.5,0.02,0.05,0.3,81,1.1058,434.4653,222.3277,-52.7317,0.0000,18219
5,30,9,30.0,65.0,1.5,0.02,0.1,0.3,188,1.5392,158.0818,80.8948,-23.8578,0.0000,18219
5,30,9,30.0,65.0,1.5,0.02,0.15,0.3,142,1.2970,141.8803,72.6040,-27.1692,0.0000,18219
5,30,9,30.0,65.0,1.5,0.03,0.05,0.3,374,0.3438,567.2992,290.3023,-97.5109,0.0000,18219
5,30,9,30.0,65.0,1.5,0.03,0.1,0.3,218,1.2139,210.1231,107.5257,-37.5427,0.0000,18219
5,30,9,30.0,65.0,1.5,0.03,0.15,0.3,291,1.5248,108.8911,55.7225,-16.1953,0.0000,18219
5,30,9,30.0,65.0,1.5,0.05,0.05,0.3,498,0.7057,70.8033,36.2320,-36.0944,0.0000,18219
5,30,9,30.0,65.0,1.5,0.05,0.1,0.3,251,0.7156,47.8455,24.4838,-28.8722,0.0000,18219
5,30,9,30.0,65.0,1.5,0.05,0.15,0.3,194,1.5003,124.8454,63.8868,-21.2056,0.0000,18219
5,30,9,30.0,70.0,1.0,0.02,0.05,0.3,1169,1.0349,117.8500,60.3070,-33.4148,0.0000,18219
5,30,9,30.0,70.0,1.0,0.02,0.1,0.3,688,1.3541,150.0163,76.7674,-37.1138,0.0000,18219
5,30,9,30.0,70.0,1.0,0.02,0.15,0.3,537,1.2549,139.1981,71.2314,-31.5709,0.0000,18219
5,30,9,30.0,70.0,1.0,0.03,0.05,0.3,905,1.0846,134.8405,69.0015,-28.1459,0.0000,18219
5,30,9,30.0,70.0,1.0,0.03,0.1,0.3,509,0.7269,87.1813,44.6130,-41.4794,0.0000,18219
5,30,9,30.0,70.0,1.0,0.03,0.15,0.3,415,1.3564,194.3249,99.4413,-33.2837,0.0000,18219
5,30,9,30.0,70.0,1.0,0.05,0.05,0.3,634,1.2061,125.5510,64.2478,-32.4672,0.0000,18219
5,30,9,30.0,70.0,1.0,0.05,0.1,0.3,307,0.6913,58.6445,30.0100,-34.7267,0.0000,18219
5,30,9,30.0,70.0,1.0,0.05,0.15,0.3,266,1.4185,192.4957,98.5053,-30.4607,0.0000,18219
5,30,9,30.0,70.0,1.2,0.02,0.05,0.3,370,1.0186,241.4498,123.5564,-41.7235,0.0000,18219
5,30,9,30.0,70.0,1.2,0.02,0.1,0.3,227,1.2558,234.8310,120.1694,-32.9125,0.0000,18219
5,30,9,30.0,70.0,1.2,0.02,0.15,0.3,164,1.3141,242.8272,124.2612,-31.8340,0.0000,18219
5,30,9,30.0,70.0,1.2,0.03,0.05,0.3,832,1.0240,112.4147,57.5256,-25.4994,0.0000,18219
5,30,9,30.0,70.0,1.2,0.03,0.1,0.3,467,0.8151,88.6476,45.3634,-35.1296,0.0000,18219
5,30,9,30.0,70.0,1.2,0.03,0.15,0.3,358,1.6008,181.2667,92.7591,-23.6958,0.0000,18219
5,30,9,30.0,70.0,1.2,0.05,0.05,0.3,585,1.3942,130.2458,66.6503,-22.3277,0.0000,18219
5,30,9,30.0,70.0,1.2,0.05,0.1,0.3,278,0.7660,60.6901,31.0568,-31.9721,0.0000,18219
5,30,9,30.0,70.0,1.2,0.05,0.15,0.3,237,1.5889,179.4213,91.8147,-24.7937,0.0000,18219
5,30,9,30.0,70.0,1.5,0.02,0.05,0.3,81,1.1058,434.4653,222.3277,-52.7317,0.0000,18219
5,30,9,30.0,70.0,1.5,0.02,0.1,0.3,188,1.5392,158.0818,80.8948,-23.8578,0.0000,18219
5,30,9,30.0,70.0,1.5,0.02,0.15,0.3,142,1.2970,141.8803,72.6040,-27.1692,0.0000,18219
5,30,9,30.0,70.0,1.5,0.03,0.05,0.3,374,0.3438,567.2992,290.3023,-97.5109,0.0000,18219
5,30,9,30.0,70.0,1.5,0.03,0.1,0.3,218,1.2139,210.1231,107.5257,-37.5427,0.0000,18219
5,30,9,30.0,70.0,1.5,0.03,0.15,0.3,291,1.5248,108.8911,55.7225,-16.1953,0.0000,18219
5,30,9,30.0,70.0,1.5,0.05,0.05,0.3,498,0.7057,70.8033,36.2320,-36.0944,0.0000,18219
5,30,9,30.0,70.0,1.5,0.05,0.1,0.3,251,0.7156,47.8455,24.4838,-28.8722,0.0000,18219
5,30,9,30.0,70.0,1.5,0.05,0.15,0.3,194,1.5003,124.8454,63.8868,-21.2056,0.0000,18219
5,30,9,30.0,75.0,1.0,0.02,0.05,0.3,1169,1.0349,117.8500,60.3070,-33.4148,0.0000,18219
5,30,9,30.0,75.0,1.0,0.02,0.1,0.3,688,1.3541,150.0163,76.7674,-37.1138,0.0000,18219
5,30,9,30.0,75.0,1.0,0.02,0.15,0.3,537,1.2549,139.1981,71.2314,-31.5709,0.0000,18219
5,30,9,30.0,75.0,1.0,0.03,0.05,0.3,905,1.0846,134.8405,69.0015,-28.1459,0.0000,18219
5,30,9,30.0,75.0,1.0,0.03,0.1,0.3,509,0.7269,87.1813,44.6130,-41.4794,0.0000,18219
5,30,9,30.0,75.0,1.0,0.03,0.15,0.3,415,1.3564,194.3249,99.4413,-33.2837,0.0000,18219
5,30,9,30.0,75.0,1.0,0.05,0.05,0.3,634,1.2061,125.5510,64.2478,-32.4672,0.0000,18219
5,30,9,30.0,75.0,1.0,0.05,0.1,0.3,307,0.6913,58.6445,30.0100,-34.7267,0.0000,18219
5,30,9,30.0,75.0,1.0,0.05,0.15,0.3,266,1.4185,192.4957,98.5053,-30.4607,0.0000,18219
5,30,9,30.0,75.0,1.2,0.02,0.05,0.3,370,1.0186,241.4498,123.5564,-41.7235,0.0000,18219
5,30,9,30.0,75.0,1.2,0.02,0.1,0.3,227,1.2558,234.8310,120.1694,-32.9125,0.0000,18219
5,30,9,30.0,75.0,1.2,0.02,0.15,0.3,164,1.3141,242.8272,124.2612,-31.8340,0.0000,18219
5,30,9,30.0,75.0,1.2,0.03,0.05,0.3,832,1.0240,112.4147,57.5256,-25.4994,0.0000,18219
5,30,9,30.0,75.0,1.2,0.03,0.1,0.3,467,0.8151,88.6476,45.3634,-35.1296,0.0000,18219
5,30,9,30.0,75.0,1.2,0.03,0.15,0.3,358,1.6008,181.2667,92.7591,-23.6958,0.0000,18219
5,30,9,30.0,75.0,1.2,0.05,0.05,0.3,585,1.3942,130.2458,66.6503,-22.3277,0.0000,18219
5,30,9,30.0,75.0,1.2,0.05,0.1,0.3,278,0.7660,60.6901,31.0568,-31.9721,0.0000,18219
5,30,9,30.0,75.0,1.2,0.05,0.15,0.3,237,1.5889,179.4213,91.8147,-24.7937,0.0000,18219
5,30,9,30.0,75.0,1.5,0.02,0.05,0.3,81,1.1058,434.4653,222.3277,-52.7317,0.0000,18219
5,30,9,30.0,75.0,1.5,0.02,0.1,0.3,188,1.5392,158.0818,80.8948,-23.8578,0.0000,18219
5,30,9,30.0,75.0,1.5,0.02,0.15,0.3,142,1.2970,141.8803,72.6040,-27.1692,0.0000,18219
5,30,9,30.0,75.0,1.5,0.03,0.05,0.3,374,0.3438,567.2992,290.3023,-97.5109,0.0000,18219
5,30,9,30.0,75.0,1.5,0.03,0.1,0.3,218,1.2139,210.1231,107.5257,-37.5427,0.0000,18219
5,30,9,30.0,75.0,1.5,0.03,0.15,0.3,291,1.5248,108.8911,55.7225,-16.1953,0.0000,18219
5,30,9,30.0,75.0,1.5,0.05,0.05,0.3,498,0.7057,70.8033,36.2320,-36.0944,0.0000,18219
5,30,9,30.0,75.0,1.5,0.05,0.1,0.3,251,0.7156,47.8455,24.4838,-28.8722,0.0000,18219
5,30,9,30.0,75.0,1.5,0.05,0.15,0.3,194,1.5003,124.8454,63.8868,-21.2056,0.0000,18219
5,30,9,35.0,65.0,1.0,0.02,0.05,0.3,1169,1.0349,117.8500,60.3070,-33.4148,0.0000,18219
5,30,9,35.0,65.0,1.0,0.02,0.1,0.3,688,1.3541,150.0163,76.7674,-37.1138,0.0000,18219
5,30,9,35.0,65.0,1.0,0.02,0.15,0.3,537,1.2549,139.1981,71.2314,-31.5709,0.0000,18219
5,30,9,35.0,65.0,1.0,0.03,0.05,0.3,905,1.0846,134.8405,69.0015,-28.1459,0.0000,18219
5,30,9,35.0,65.0,1.0,0.03,0.1,0.3,509,0.7269,87.1813,44.6130,-41.4794,0.0000,18219
5,30,9,35.0,65.0,1.0,0.03,0.15,0.3,415,1.3564,194.3249,99.4413,-33.2837,0.0000,18219
5,30,9,35.0,65.0,1.0,0.05,0.05,0.3,634,1.2061,125.5510,64.2478,-32.4672,0.0000,18219
5,30,9,35.0,65.0,1.0,0.05,0.1,0.3,307,0.6913,58.6445,30.0100,-34.7267,0.0000,18219
5,30,9,35.0,65.0,1.0,0.05,0.15,0.3,266,1.4185,192.4957,98.5053,-30.4607,0.0000,18219
5,30,9,35.0,65.0,1.2,0.02,0.05,0.3,370,1.0186,241.4498,123.5564,-41.7235,0.0000,18219
5,30,9,35.0,65.0,1.2,0.02,0.1,0.3,227,1.2558,234.8310,120.1694,-32.9125,0.0000,18219
5,30,9,35.0,65.0,1.2,0.02,0.15,0.3,164,1.3141,242.8272,124.2612,-31.8340,0.0000,18219
5,30,9,35.0,65.0,1.2,0.03,0.05,0.3,832,1.0240,112.4147,57.5256,-25.4994,0.0000,18219
5,30,9,35.0,65.0,1.2,0.03,0.1,0.3,467,0.8151,88.6476,45.3634,-35.1296,0.0000,18219
5,30,9,35.0,65.0,1.2,0.03,0.15,0.3,358,1.6008,181.2667,92.7591,-23.6958,0.0000,18219
5,30,9,35.0,65.0,1.2,0.05,0.05,0.3,585,1.3942,130.2458,66.6503,-22.3277,0.0000,18219
5,30,9,35.0,65.0,1.2,0.05,0.1,0.3,278,0.7660,60.6901,31.0568,-31.9721,0.0000,18219
5,30,9,35.0,65.0,1.2,0.05,0.15,0.3,237,1.5889,179.4213,91.8147,-24.7937,0.0000,18219
5,30,9,35.0,65.0,1.5,0.02,0.05,0.3,81,1.1058,434.4653,222.3277,-52.7317,0.0000,18219
5,30,9,35.0,65.0,1.5,0.02,0.1,0.3,188,1.5392,158.0818,80.8948,-23.8578,0.0000,18219
5,30,9,35.0,65.0,1.5,0.02,0.15,0.3,142,1.2970,141.8803,72.6040,-27.1692,0.0000,18219
5,30,9,35.0,65.0,1.5,0.03,0.05,0.3,374,0.3438,567.2992,290.3023,-97.5109,0.0000,18219
5,30,9,35.0,65.0,1.5,0.03,0.1,0.3,218,1.2139,210.1231,107.5257,-37.5427,0.0000,18219
5,30,9,35.0,65.0,1.5,0.03,0.15,0.3,291,1.5248,108.8911,55.7225,-16.1953,0.0000,18219
5,30,9,35.0,65.0,1.5,0.05,0.05,0.3,498,0.7057,70.8033,36.2320,-36.0944,0.0000,18219
5,30,9,35.0,65.0,1.5,0.05,0.1,0.3,251,0.7156,47.8455,24.4838,-28.8722,0.0000,18219
5,30,9,35.0,65.0,1.5,0.05,0.15,0.3,194,1.5003,124.8454,63.8868,-21.2056,0.0000,18219
5,30,9,35.0,70.0,1.0,0.02,0.05,0.3,1169,1.0349,117.8500,60.3070,-33.4148,0.0000,18219
5,30,9,35.0,70.0,1.0,0.02,0.1,0.3,688,1.3541,150.0163,76.7674,-37.1138,0.0000,18219
5,30,9,35.0,70.0,1.0,0.02,0.15,0.3,537,1.2549,139.1981,71.2314,-31.5709,0.0000,18219
5,30,9,35.0,70.0,1.0,0.03,0.05,0.3,905,1.0846,134.8405,69.0015,-28.1459,0.0000,18219
5,30,9,35.0,70.0,1.0,0.03,0.1,0.3,509,0.7269,87.1813,44.6130,-41.4794,0.0000,18219
5,30,9,35.0,70.0,1.0,0.03,0.15,0.3,415,1.3564,194.3249,99.4413,-33.2837,0.0000,18219
5,30,9,35.0,70.0,1.0,0.05,0.05,0.3,634,1.2061,125.5510,64.2478,-32.4672,0.0000,18219
5,30,9,35.0,70.0,1.0,0.05,0.1,0.3,307,0.6913,58.6445,30.0100,-34.7267,0.0000,18219
5,30,9,35.0,70.0,1.0,0.05,0.15,0.3,266,1.4185,192.4957,98.5053,-30.4607,0.0000,18219
5,30,9,35.0,70.0,1.2,0.02,0.05,0.3,370,1.0186,241.4498,123.5564,-41.7235,0.0000,18219
5,30,9,35.0,70.0,1.2,0.02,0.1,0.3,227,1.2558,234.8310,120.1694,-32.9125,0.0000,18219
5,30,9,35.0,70.0,1.2,0.02,0.15,0.3,164,1.3141,242.8272,124.2612,-31.8340,0.0000,18219
5,30,9,35.0,70.0,1.2,0.03,0.05,0.3,832,1.0240,112.4147,57.5256,-25.4994,0.0000,18219
5,30,9,35.0,70.0,1.2,0.03,0.1,0.3,467,0.8151,88.6476,45.3634,-35.1296,0.0000,18219
5,30,9,35.0,70.0,1.2,0.03,0.15,0.3,358,1.6008,181.2667,92.7591,-23.6958,0.0000,18219
5,30,9,35.0,70.0,1.2,0.05,0.05,0.3,585,1.3942,130.2458,66.6503,-22.3277,0.0000,18219
5,30,9,35.0,70.0,1.2,0.05,0.1,0.3,278,0.7660,60.6901,31.0568,-31.9721,0.0000,18219
5,30,9,35.0,70.0,1.2,0.05,0.15,0.3,237,1.5889,179.4213,91.8147,-24.7937,0.0000,18219
5,30,9,35.0,70.0,1.5,0.02,0.05,0.3,81,1.1058,434.4653,222.3277,-52.7317,0.0000,18219
5,30,9,35.0,70.0,1.5,0.02,0.1,0.3,188,1.5392,158.0818,80.8948,-23.8578,0.0000,18219
5,30,9,35.0,70.0,1.5,0.02,0.15,0.3,142,1.2970,141.8803,72.6040,-27.1692,0.0000,18219
5,30,9,35.0,70.0,1.5,0.03,0.05,0.3,374,0.3438,567.2992,290.3023,-97.5109,0.0000,18219
5,30,9,35.0,70.0,1.5,0.03,0.1,0.3,218,1.2139,210.1231,107.5257,-37.5427,0.0000,18219
5,30,9,35.0,70.0,1.5,0.03,0.15,0.3,291,1.5248,108.8911,55.7225,-16.1953,0.0000,18219
5,30,9,35.0,70.0,1.5,0.05,0.05,0.3,498,0.7057,70.8033,36.2320,-36.0944,0.0000,18219
5,30,9,35.0,70.0,1.5,0.05,0.1,0.3,251,0.7156,47.8455,24.4838,-28.8722,0.0000,18219
5,30,9,35.0,70.0,1.5,0.05,0.15,0.3,194,1.5003,124.8454,63.8868,-21.2056,0.0000,18219
5,30,9,35.0,75.0,1.0,0.02,0.05,0.3,1169,1.0349,117.8500,60.3070,-33.4148,0.0000,18219
5,30,9,35.0,75.0,1.0,0.02,0.1,0.3,688,1.3541,150.0163,76.7674,-37.1138,0.0000,18219
5,30,9,35.0,75.0,1.0,0.02,0.15,0.3,537,1.2549,139.1981,71.2314,-31.5709,0.0000,18219
5,30,9,35.0,75.0,1.0,0.03,0.05,0.3,905,1.0846,134.8405,69.0015,-28.1459,0.0000,18219
5,30,9,35.0,75.0,1.0,0.03,0.1,0.3,509,0.7269,87.1813,44.6130,-41.4794,0.0000,18219
5,30,9,35.0,75.0,1.0,0.03,0.15,0.3,415,1.3564,194.3249,99.4413,-33.2837,0.0000,18219
5,30,9,35.0,75.0,1.0,0.05,0.05,0.3,634,1.2061,125.5510,64.2478,-32.4672,0.0000,18219
5,30,9,35.0,75.0,1.0,0.05,0.1,0.3,307,0.6913,58.6445,30.0100,-34.7267,0.0000,18219
5,30,9,35.0,75.0,1.0,0.05,0.15,0.3,266,1.4185,192.4957,98.5053,-30.4607,0.0000,18219
5,30,9,35.0,75.0,1.2,0.02,0.05,0.3,370,1.0186,241.4498,123.5564,-41.7235,0.0000,18219
5,30,9,35.0,75.0,1.2,0.02,0.1,0.3,227,1.2558,234.8310,120.1694,-32.9125,0.0000,18219
5,30,9,35.0,75.0,1.2,0.02,0.15,0.3,164,1.3141,242.8272,124.2612,-31.8340,0.0000,18219
5,30,9,35.0,75.0,1.2,0.03,0.05,0.3,832,1.0240,112.4147,57.5256,-25.4994,0.0000,18219
5,30,9,35.0,75.0,1.2,0.03,0.1,0.3,467,0.8151,88.6476,45.3634,-35.1296,0.0000,18219
5,30,9,35.0,75.0,1.2,0.03,0.15,0.3,358,1.6008,181.2667,92.7591,-23.6958,0.0000,18219
5,30,9,35.0,75.0,1.2,0.05,0.05,0.3,585,1.3942,130.2458,66.6503,-22.3277,0.0000,18219
5,30,9,35.0,75.0,1.2,0.05,0.1,0.3,278,0.7660,60.6901,31.0568,-31.9721,0.0000,18219
5,30,9,35.0,75.0,1.2,0.05,0.15,0.3,237,1.5889,179.4213,91.8147,-24.7937,0.0000,18219
5,30,9,35.0,75.0,1.5,0.02,0.05,0.3,81,1.1058,434.4653,222.3277,-52.7317,0.0000,18219
5,30,9,35.0,75.0,1.5,0.02,0.1,0.3,188,1.5392,158.0818,80.8948,-23.8578,0.0000,18219
5,30,9,35.0,75.0,1.5,0.02,0.15,0.3,142,1.2970,141.8803,72.6040,-27.1692,0.0000,18219
5,30,9,35.0,75.0,1.5,0.03,0.05,0.3,374,0.3438,567.2992,290.3023,-97.5109,0.0000,18219
5,30,9,35.0,75.0,1.5,0.03,0.1,0.3,218,1.2139,210.1231,107.5257,-37.5427,0.0000,18219
5,30,9,35.0,75.0,1.5,0.03,0.15,0.3,291,1.5248,108.8911,55.7225,-16.1953,0.0000,18219
5,30,9,35.0,75.0,1.5,0.05,0.05,0.3,498,0.7057,70.8033,36.2320,-36.0944,0.0000,18219
5,30,9,35.0,75.0,1.5,0.05,0.1,0.3,251,0.7156,47.8455,24.4838,-28.8722,0.0000,18219
5,30,9,35.0,75.0,1.5,0.05,0.15,0.3,194,1.5003,124.8454,63.8868,-21.2056,0.0000,18219
5,30,14,25.0,65.0,1.0,0.02,0.05,0.3,1169,1.0349,117.8500,60.3070,-33.4148,0.0000,18219
5,30,14,25.0,65.0,1.0,0.02,0.1,0.3,688,1.3541,150.0163,76.7674,-37.1138,0.0000,18219
5,30,14,25.0,65.0,1.0,0.02,0.15,0.3,537,1.2549,139.1981,71.2314,-31.5709,0.0000,18219
5,30,14,25.0,65.0,1.0,0.03,0.05,0.3,905,1.0846,134.8405,69.0015,-28.1459,0.0000,18219
5,30,14,25.0,65.0,1.0,0.03,0.1,0.3,509,0.7269,87.1813,44.6130,-41.4794,0.0000,18219
5,30,14,25.0,65.0,1.0,0.03,0.15,0.3,415,1.3564,194.3249,99.4413,-33.2837,0.0000,18219
5,30,14,25.0,65.0,1.0,0.05,0.05,0.3,634,1.2061,125.5510,64.2478,-32.4672,0.0000,18219
5,30,14,25.0,65.0,1.0,0.05,0.1,0.3,307,0.6913,58.6445,30.0100,-34.7267,0.0000,18219
5,30,14,25.0,65.0,1.0,0.05,0.15,0.3,266,1.4185,192.4957,98.5053,-30.4607,0.0000,18219
5,30,14,25.0,65.0,1.2,0.02,0.05,0.3,370,1.0186,241.4498,123.5564,-41.7235,0.0000,18219
5,30,14,25.0,65.0,1.2,0.02,0.1,0.3,227,1.2558,234.8310,120.1694,-32.9125,0.0000,18219
5,30,14,25.0,65.0,1.2,0.02,0.15,0.3,164,1.3141,242.8272,124.2612,-31.8340,0.0000,18219
5,30,14,25.0,65.0,1.2,0.03,0.05,0.3,832,1.0240,112.4147,57.5256,-25.4994,0.0000,18219
5,30,14,25.0,65.0,1.2,0.03,0.1,0.3,467,0.8151,88.6476,45.3634,-35.1296,0.0000,18219
5,30,14,25.0,65.0,1.2,0.03,0.15,0.3,358,1.6008,181.2667,92.7591,-23.6958,0.0000,18219
5,30,14,25.0,65.0,1.2,0.05,0.05,0.3,585,1.3942,130.2458,66.6503,-22.3277,0.0000,18219
5,30,14,25.0,65.0,1.2,0.05,0.1,0.3,278,0.7660,60.6901,31.0568,-31.9721,0.0000,18219
5,30,14,25.0,65.0,1.2,0.05,0.15,0.3,237,1.5889,179.4213,91.8147,-24.7937,0.0000,18219
5,30,14,25.0,65.0,1.5,0.02,0.05,0.3,81,1.1058,434.4653,222.3277,-52.7317,0.0000,18219
5,30,14,25.0,65.0,1.5,0.02,0.1,0.3,188,1.5392,158.0818,80.8948,-23.8578,0.0000,18219
5,30,14,25.0,65.0,1.5,0.02,0.15,0.3,142,1.2970,141.8803,72.6040,-27.1692,0.0000,18219
5,30,14,25.0,65.0,1.5,0.03,0.05,0.3,374,0.3438,567.2992,290.3023,-97.5109,0.0000,18219
5,30,14,25.0,65.0,1.5,0.03,0.1,0.3,218,1.2139,210.1231,107.5257,-37.5427,0.0000,18219
5,30,14,25.0,65.0,1.5,0.03,0.15,0.3,291,1.5248,108.8911,55.7225,-16.1953,0.0000,18219
5,30,14,25.0,65.0,1.5,0.05,0.05,0.3,498,0.7057,70.8033,36.2320,-36.0944,0.0000,18219
5,30,14,25.0,65.0,1.5,0.05,0.1,0.3,251,0.7156,47.8455,24.4838,-28.8722,0.0000,18219
5,30,14,25.0,65.0,1.5,0.05,0.15,0.3,194,1.5003,124.8454,63.8868,-21.2056,0.0000,18219
5,30,14,25.0,70.0,1.0,0.02,0.05,0.3,1169,1.0349,117.8500,60.3070,-33.4148,0.0000,18219
5,30,14,25.0,70.0,1.0,0.02,0.1,0.3,688,1.3541,150.0163,76.7674,-37.1138,0.0000,18219
5,30,14,25.0,70.0,1.0,0.02,0.15,0.3,537,1.2549,139.1981,71.2314,-31.5709,0.0000,18219
5,30,14,25.0,70.0,1.0,0.03,0.05,0.3,905,1.0846,134.8405,69.0015,-28.1459,0.0000,18219
5,30,14,25.0,70.0,1.0,0.03,0.1,0.3,509,0.7269,87.1813,44.6130,-41.4794,0.0000,18219
5,30,14,25.0,70.0,1.0,0.03,0.15,0.3,415,1.3564,194.3249,99.4413,-33.2837,0.0000,18219
5,30,14,25.0,70.0,1.0,0.05,0.05,0.3,634,1.2061,125.5510,64.2478,-32.4672,0.0000,18219
5,30,14,25.0,70.0,1.0,0.05,0.1,0.3,307,0.6913,58.6445,30.0100,-34.7267,0.0000,18219
5,30,14,25.0,70.0,1.0,0.05,0.15,0.3,266,1.4185,192.4957,98.5053,-30.4607,0.0000,18219
5,30,14,25.0,70.0,1.2,0.02,0.05,0.3,370,1.0186,241.4498,123.5564,-41.7235,0.0000,18219
5,30,14,25.0,70.0,1.2,0.02,0.1,0.3,227,1.2558,234.8310,120.1694,-32.9125,0.0000,18219
5,30,14,25.0,70.0,1.2,0.02,0.15,0.3,164,1.3141,242.8272,124.2612,-31.8340,0.0000,18219
5,30,14,25.0,70.0,1.2,0.03,0.05,0.3,832,1.0240,112.4147,57.5256,-25.4994,0.0000,18219
5,30,14,25.0,70.0,1.2,0.03,0.1,0.3,467,0.8151,88.6476,45.3634,-35.1296,0.0000,18219
5,30,14,25.0,70.0,1.2,0.03,0.15,0.3,358,1.6008,181.2667,92.7591,-23.6958,0.0000,18219
5,30,14,25.0,70.0,1.2,0.05,0.05,0.3,585,1.3942,130.2458,66.6503,-22.3277,0.0000,18219
5,30,14,25.0,70.0,1.2,0.05,0.1,0.3,278,0.7660,60.6901,31.0568,-31.9721,0.0000,18219
5,30,14,25.0,70.0,1.2,0.05,0.15,0.3,237,1.5889,179.4213,91.8147,-24.7937,0.0000,18219
5,30,14,25.0,70.0,1.5,0.02,0.05,0.3,81,1.1058,434.4653,222.3277,-52.7317,0.0000,18219
5,30,14,25.0,70.0,1.5,0.02,0.1,0.3,188,1.5392,158.0818,80.8948,-23.8578,0.0000,18219
5,30,14,25.0,70.0,1.5,0.02,0.15,0.3,142,1.2970,141.8803,72.6040,-27.1692,0.0000,18219
5,30,14,25.0,70.0,1.5,0.03,0.05,0.3,374,0.3438,567.2992,290.3023,-97.5109,0.0000,18219
5,30,14,25.0,70.0,1.5,0.03,0.1,0.3,218,1.2139,210.1231,107.5257,-37.5427,0.0000,18219
5,30,14,25.0,70.0,1.5,0.03,0.15,0.3,291,1.5248,108.8911,55.7225,-16.1953,0.0000,18219
5,30,14,25.0,70.0,1.5,0.05,0.05,0.3,498,0.7057,70.8033,36.2320,-36.0944,0.0000,18219
5,30,14,25.0,70.0,1.5,0.05,0.1,0.3,251,0.7156,47.8455,24.4838,-28.8722,0.0000,18219
5,30,14,25.0,70.0,1.5,0.05,0.15,0.3,194,1.5003,124.8454,63.8868,-21.2056,0.0000,18219
5,30,14,25.0,75.0,1.0,0.02,0.05,0.3,1169,1.0349,117.8500,60.3070,-33.4148,0.0000,18219
5,30,14,25.0,75.0,1.0,0.02,0.1,0.3,688,1.3541,150.0163,76.7674,-37.1138,0.0000,18219
5,30,14,25.0,75.0,1.0,0.02,0.15,0.3,537,1.2549,139.1981,71.2314,-31.5709,0.0000,18219
5,30,14,25.0,75.0,1.0,0.03,0.05,0.3,905,1.0846,134.8405,69.0015,-28.1459,0.0000,18219
5,30,14,25.0,75.0,1.0,0.03,0.1,0.3,509,0.7269,87.1813,44.6130,-41.4794,0.0000,18219
5,30,14,25.0,75.0,1.0,0.03,0.15,0.3,415,1.3564,194.3249,99.4413,-33.2837,0.0000,18219
5,30,14,25.0,75.0,1.0,0.05,0.05,0.3,634,1.2061,125.5510,64.2478,-32.4672,0.0000,18219
5,30,14,25.0,75.0,1.0,0.05,0.1,0.3,307,0.6913,58.6445,30.0100,-34.7267,0.0000,18219
5,30,14,25.0,75.0,1.0,0.05,0.15,0.3,266,1.4185,192.4957,98.5053,-30.4607,0.0000,18219
5,30,14,25.0,75.0,1.2,0.02,0.05,0.3,370,1.0186,241.4498,123.5564,-41.7235,0.0000,18219
5,30,14,25.0,75.0,1.2,0.02,0.1,0.3,227,1.2558,234.8310,120.1694,-32.9125,0.0000,18219
5,30,14,25.0,75.0,1.2,0.02,0.15,0.3,164,1.3141,242.8272,124.2612,-31.8340,0.0000,18219
5,30,14,25.0,75.0,1.2,0.03,0.05,0.3,832,1.0240,112.4147,57.5256,-25.4994,0.0000,18219
5,30,14,25.0,75.0,1.2,0.03,0.1,0.3,467,0.8151,88.6476,45.3634,-35.1296,0.0000,18219
5,30,14,25.0,75.0,1.2,0.03,0.15,0.3,358,1.6008,181.2667,92.7591,-23.6958,0.0000,18219
5,30,14,25.0,75.0,1.2,0.05,0.05,0.3,585,1.3942,130.2458,66.6503,-22.3277,0.0000,18219
5,30,14,25.0,75.0,1.2,0.05,0.1,0.3,278,0.7660,60.6901,31.0568,-31.9721,0.0000,18219
5,30,14,25.0,75.0,1.2,0.05,0.15,0.3,237,1.5889,179.4213,91.8147,-24.7937,0.0000,18219
5,30,14,25.0,75.0,1.5,0.02,0.05,0.3,81,1.1058,434.4653,222.3277,-52.7317,0.0000,18219
5,30,14,25.0,75.0,1.5,0.02,0.1,0.3,188,1.5392,158.0818,80.8948,-23.8578,0.0000,18219
5,30,14,25.0,75.0,1.5,0.02,0.15,0.3,142,1.2970,141.8803,72.6040,-27.1692,0.0000,18219
5,30,14,25.0,75.0,1.5,0.03,0.05,0.3,374,0.3438,567.2992,290.3023,-97.5109,0.0000,18219
5,30,14,25.0,75.0,1.5,0.03,0.1,0.3,218,1.2139,210.1231,107.5257,-37.5427,0.0000,18219
5,30,14,25.0,75.0,1.5,0.03,0.15,0.3,291,1.5248,108.8911,55.7225,-16.1953,0.0000,18219
5,30,14,25.0,75.0,1.5,0.05,0.05,0.3,498,0.7057,70.8033,36.2320,-36.0944,0.0000,18219
5,30,14,25.0,75.0,1.5,0.05,0.1,0.3,251,0.7156,47.8455,24.4838,-28.8722,0.0000,18219
5,30,14,25.0,75.0,1.5,0.05,0.15,0.3,194,1.5003,124.8454,63.8868,-21.2056,0.0000,18219
5,30,14,30.0,65.0,1.0,0.02,0.05,0.3,1169,1.0349,117.8500,60.3070,-33.4148,0.0000,18219
5,30,14,30.0,65.0,1.0,0.02,0.1,0.3,688,1.3541,150.0163,76.7674,-37.1138,0.0000,18219
5,30,14,30.0,65.0,1.0,0.02,0.15,0.3,537,1.2549,139.1981,71.2314,-31.5709,0.0000,18219
5,30,14,30.0,65.0,1.0,0.03,0.05,0.3,905,1.0846,134.8405,69.0015,-28.1459,0.0000,18219
5,30,14,30.0,65.0,1.0,0.03,0.1,0.3,509,0.7269,87.1813,44.6130,-41.4794,0.0000,18219
5,30,14,30.0,65.0,1.0,0.03,0.15,0.3,415,1.3564,194.3249,99.4413,-33.2837,0.0000,18219
5,30,14,30.0,65.0,1.0,0.05,0.05,0.3,634,1.2061,125.5510,64.2478,-32.4672,0.0000,18219
5,30,14,30.0,65.0,1.0,0.05,0.1,0.3,307,0.6913,58.6445,30.0100,-34.7267,0.0000,18219
5,30,14,30.0,65.0,1.0,0.05,0.15,0.3,266,1.4185,192.4957,98.5053,-30.4607,0.0000,18219
5,30,14,30.0,65.0,1.2,0.02,0.05,0.3,370,1.0186,241.4498,123.5564,-41.7235,0.0000,18219
5,30,14,30.0,65.0,1.2,0.02,0.1,0.3,227,1.2558,234.8310,120.1694,-32.9125,0.0000,18219
5,30,14,30.0,65.0,1.2,0.02,0.15,0.3,164,1.3141,242.8272,124.2612,-31.8340,0.0000,18219
5,30,14,30.0,65.0,1.2,0.03,0.05,0.3,832,1.0240,112.4147,57.5256,-25.4994,0.0000,18219
5,30,14,30.0,65.0,1.2,0.03,0.1,0.3,467,0.8151,88.6476,45.3634,-35.1296,0.0000,18219
5,30,14,30.0,65.0,1.2,0.03,0.15,0.3,358,1.6008,181.2667,92.7591,-23.6958,0.0000,18219
5,30,14,30.0,65.0,1.2,0.05,0.05,0.3,585,1.3942,130.2458,66.6503,-22.3277,0.0000,18219
5,30,14,30.0,65.0,1.2,0.05,0.1,0.3,278,0.7660,60.6901,31.0568,-31.9721,0.0000,18219
5,30,14,30.0,65.0,1.2,0.05,0.15,0.3,237,1.5889,179.4213,91.8147,-24.7937,0.0000,18219
5,30,14,30.0,65.0,1.5,0.02,0.05,0.3,81,1.1058,434.4653,222.3277,-52.7317,0.0000,18219
5,30,14,30.0,65.0,1.5,0.02,0.1,0.3,188,1.5392,158.0818,80.8948,-23.8578,0.0000,18219
5,30,14,30.0,65.0,1.5,0.02,0.15,0.3,142,1.2970,141.8803,72.6040,-27.1692,0.0000,18219
5,30,14,30.0,65.0,1.5,0.03,0.05,0.3,374,0.3438,567.2992,290.3023,-97.5109,0.0000,18219
5,30,14,30.0,65.0,1.5,0.03,0.1,0.3,218,1.2139,210.1231,107.5257,-37.5427,0.0000,18219
5,30,14,30.0,65.0,1.5,0.03,0.15,0.3,291,1.5248,108.8911,55.7225,-16.1953,0.0000,18219
5,30,14,30.0,65.0,1.5,0.05,0.05,0.3,498,0.7057,70.8033,36.2320,-36.0944,0.0000,18219
5,30,14,30.0,65.0,1.5,0.05,0.1,0.3,251,0.7156,47.8455,24.4838,-28.8722,0.0000,18219
5,30,14,30.0,65.0,1.5,0.05,0.15,0.3,194,1.5003,124.8454,63.8868,-21.2056,0.0000,18219
5,30,14,30.0,70.0,1.0,0.02,0.05,0.3,1169,1.0349,117.8500,60.3070,-33.4148,0.0000,18219
5,30,14,30.0,70.0,1.0,0.02,0.1,0.3,688,1.3541,150.0163,76.7674,-37.1138,0.0000,18219
5,30,14,30.0,70.0,1.0,0.02,0.15,0.3,537,1.2549,139.1981,71.2314,-31.5709,0.0000,18219
5,30,14,30.0,70.0,1.0,0.03,0.05,0.3,905,1.0846,134.8405,69.0015,-28.1459,0.0000,18219
5,30,14,30.0,70.0,1.0,0.03,0.1,0.3,509,0.7269,87.1813,44.6130,-41.4794,0.0000,18219
5,30,14,30.0,70.0,1.0,0.03,0.15,0.3,415,1.3564,194.3249,99.4413,-33.2837,0.0000,18219
5,30,14,30.0,70.0,1.0,0.05,0.05,0.3,634,1.2061,125.5510,64.2478,-32.4672,0.0000,18219
5,30,14,30.0,70.0,1.0,0.05,0.1,0.3,307,0.6913,58.6445,30.0100,-34.7267,0.0000,18219
5,30,14,30.0,70.0,1.0,0.05,0.15,0.3,266,1.4185,192.4957,98.5053,-30.4607,0.0000,18219
5,30,14,30.0,70.0,1.2,0.02,0.05,0.3,370,1.0186,241.4498,123.5564,-41.7235,0.0000,18219
5,30,14,30.0,70.0,1.2,0.02,0.1,0.3,227,1.2558,234.8310,120.1694,-32.9125,0.0000,18219
5,30,14,30.0,70.0,1.2,0.02,0.15,0.3,164,1.3141,242.8272,124.2612,-31.8340,0.0000,18219
5,30,14,30.0,70.0,1.2,0.03,0.05,0.3,832,1.0240,112.4147,57.5256,-25.4994,0.0000,18219
5,30,14,30.0,70.0,1.2,0.03,0.1,0.3,467,0.8151,88.6476,45.3634,-35.1296,0.0000,18219
5,30,14,30.0,70.0,1.2,0.03,0.15,0.3,358,1.6008,181.2667,92.7591,-23.6958,0.0000,18219
5,30,14,30.0,70.0,1.2,0.05,0.05,0.3,585,1.3942,130.2458,66.6503,-22.3277,0.0000,18219
5,30,14,30.0,70.0,1.2,0.05,0.1,0.3,278,0.7660,60.6901,31.0568,-31.9721,0.0000,18219
5,30,14,30.0,70.0,1.2,0.05,0.15,0.3,237,1.5889,179.4213,91.8147,-24.7937,0.0000,18219
5,30,14,30.0,70.0,1.5,0.02,0.05,0.3,81,1.1058,434.4653,222.3277,-52.7317,0.0000,18219
5,30,14,30.0,70.0,1.5,0.02,0.1,0.3,188,1.5392,158.0818,80.8948,-23.8578,0.0000,18219
5,30,14,30.0,70.0,1.5,0.02,0.15,0.3,142,1.2970,141.8803,72.6040,-27.1692,0.0000,18219
5,30,14,30.0,70.0,1.5,0.03,0.05,0.3,374,0.3438,567.2992,290.3023,-97.5109,0.0000,18219
5,30,14,30.0,70.0,1.5,0.03,0.1,0.3,218,1.2139,210.1231,107.5257,-37.5427,0.0000,18219
5,30,14,30.0,70.0,1.5,0.03,0.15,0.3,291,1.5248,108.8911,55.7225,-16.1953,0.0000,18219
5,30,14,30.0,70.0,1.5,0.05,0.05,0.3,498,0.7057,70.8033,36.2320,-36.0944,0.0000,18219
5,30,14,30.0,70.0,1.5,0.05,0.1,0.3,251,0.7156,47.8455,24.4838,-28.8722,0.0000,18219
5,30,14,30.0,70.0,1.5,0.05,0.15,0.3,194,1.5003,124.8454,63.8868,-21.2056,0.0000,18219
5,30,14,30.0,75.0,1.0,0.02,0.05,0.3,1169,1.0349,117.8500,60.3070,-33.4148,0.0000,18219
5,30,14,30.0,75.0,1.0,0.02,0.1,0.3,688,1.3541,150.0163,76.7674,-37.1138,0.0000,18219
5,30,14,30.0,75.0,1.0,0.02,0.15,0.3,537,1.2549,139.1981,71.2314,-31.5709,0.0000,18219
5,30,14,30.0,75.0,1.0,0.03,0.05,0.3,905,1.0846,134.8405,69.0015,-28.1459,0.0000,18219
5,30,14,30.0,75.0,1.0,0.03,0.1,0.3,509,0.7269,87.1813,44.6130,-41.4794,0.0000,18219
5,30,14,30.0,75.0,1.0,0.03,0.15,0.3,415,1.3564,194.3249,99.4413,-33.2837,0.0000,18219
5,30,14,30.0,75.0,1.0,0.05,0.05,0.3,634,1.2061,125.5510,64.2478,-32.4672,0.0000,18219
5,30,14,30.0,75.0,1.0,0.05,0.1,0.3,307,0.6913,58.6445,30.0100,-34.7267,0.0000,18219
5,30,14,30.0,75.0,1.0,0.05,0.15,0.3,266,1.4185,192.4957,98.5053,-30.4607,0.0000,18219
5,30,14,30.0,75.0,1.2,0.02,0.05,0.3,370,1.0186,241.4498,123.5564,-41.7235,0.0000,18219
5,30,14,30.0,75.0,1.2,0.02,0.1,0.3,227,1.2558,234.8310,120.1694,-32.9125,0.0000,18219
5,30,14,30.0,75.0,1.2,0.02,0.15,0.3,164,1.3141,242.8272,124.2612,-31.8340,0.0000,18219
5,30,14,30.0,75.0,1.2,0.03,0.05,0.3,832,1.0240,112.4147,57.5256,-25.4994,0.0000,18219
5,30,14,30.0,75.0,1.2,0.03,0.1,0.3,467,0.8151,88.6476,45.3634,-35.1296,0.0000,18219
5,30,14,30.0,75.0,1.2,0.03,0.15,0.3,358,1.6008,181.2667,92.7591,-23.6958,0.0000,18219
5,30,14,30.0,75.0,1.2,0.05,0.05,0.3,585,1.3942,130.2458,66.6503,-22.3277,0.0000,18219
5,30,14,30.0,75.0,1.2,0.05,0.1,0.3,278,0.7660,60.6901,31.0568,-31.9721,0.0000,18219
5,30,14,30.0,75.0,1.2,0.05,0.15,0.3,237,1.5889,179.4213,91.8147,-24.7937,0.0000,18219
5,30,14,30.0,75.0,1.5,0.02,0.05,0.3,81,1.1058,434.4653,222.3277,-52.7317,0.0000,18219
5,30,14,30.0,75.0,1.5,0.02,0.1,0.3,188,1.5392,158.0818,80.8948,-23.8578,0.0000,18219
5,30,14,30.0,75.0,1.5,0.02,0.15,0.3,142,1.2970,141.8803,72.6040,-27.1692,0.0000,18219
5,30,14,30.0,75.0,1.5,0.03,0.05,0.3,374,0.3438,567.2992,290.3023,-97.5109,0.0000,18219
5,30,14,30.0,75.0,1.5,0.03,0.1,0.3,218,1.2139,210.1231,107.5257,-37.5427,0.0000,18219
5,30,14,30.0,75.0,1.5,0.03,0.15,0.3,291,1.5248,108.8911,55.7225,-16.1953,0.0000,18219
5,30,14,30.0,75.0,1.5,0.05,0.05,0.3,498,0.7057,70.8033,36.2320,-36.0944,0.0000,18219
5,30,14,30.0,75.0,1.5,0.05,0.1,0.3,251,0.7156,47.8455,24.4838,-28.8722,0.0000,18219
5,30,14,30.0,75.0,1.5,0.05,0.15,0.3,194,1.5003,124.8454,63.8868,-21.2056,0.0000,18219
5,30,14,35.0,65.0,1.0,0.02,0.05,0.3,1169,1.0349,117.8500,60.3070,-33.4148,0.0000,18219
5,30,14,35.0,65.0,1.0,0.02,0.1,0.3,688,1.3541,150.0163,76.7674,-37.1138,0.0000,18219
5,30,14,35.0,65.0,1.0,0.02,0.15,0.3,537,1.2549,139.1981,71.2314,-31.5709,0.0000,18219
5,30,14,35.0,65.0,1.0,0.03,0.05,0.3,905,1.0846,134.8405,69.0015,-28.1459,0.0000,18219
5,30,14,35.0,65.0,1.0,0.03,0.1,0.3,509,0.7269,87.1813,44.6130,-41.4794,0.0000,18219
5,30,14,35.0,65.0,1.0,0.03,0.15,0.3,415,1.3564,194.3249,99.4413,-33.2837,0.0000,18219
5,30,14,35.0,65.0,1.0,0.05,0.05,0.3,634,1.2061,125.5510,64.2478,-32.4672,0.0000,18219
5,30,14,35.0,65.0,1.0,0.05,0.1,0.3,307,0.6913,58.6445,30.0100,-34.7267,0.0000,18219
5,30,14,35.0,65.0,1.0,0.05,0.15,0.3,266,1.4185,192.4957,98.5053,-30.4607,0.0000,18219
5,30,14,35.0,65.0,1.2,0.02,0.05,0.3,370,1.0186,241.4498,123.5564,-41.7235,0.0000,18219
5,30,14,35.0,65.0,1.2,0.02,0.1,0.3,227,1.2558,234.8310,120.1694,-32.9125,0.0000,18219
5,30,14,35.0,65.0,1.2,0.02,0.15,0.3,164,1.3141,242.8272,124.2612,-31.8340,0.0000,18219
5,30,14,35.0,65.0,1.2,0.03,0.05,0.3,832,1.0240,112.4147,57.5256,-25.4994,0.0000,18219
5,30,14,35.0,65.0,1.2,0.03,0.1,0.3,467,0.8151,88.6476,45.3634,-35.1296,0.0000,18219
5,30,14,35.0,65.0,1.2,0.03,0.15,0.3,358,1.6008,181.2667,92.7591,-23.6958,0.0000,18219
5,30,14,35.0,65.0,1.2,0.05,0.05,0.3,585,1.3942,130.2458,66.6503,-22.3277,0.0000,18219
5,30,14,35.0,65.0,1.2,0.05,0.1,0.3,278,0.7660,60.6901,31.0568,-31.9721,0.0000,18219
5,30,14,35.0,65.0,1.2,0.05,0.15,0.3,237,1.5889,179.4213,91.8147,-24.7937,0.0000,18219
5,30,14,35.0,65.0,1.5,0.02,0.05,0.3,81,1.1058,434.4653,222.3277,-52.7317,0.0000,18219
5,30,14,35.0,65.0,1.5,0.02,0.1,0.3,188,1.5392,158.0818,80.8948,-23.8578,0.0000,18219
5,30,14,35.0,65.0,1.5,0.02,0.15,0.3,142,1.2970,141.8803,72.6040,-27.1692,0.0000,18219
5,30,14,35.0,65.0,1.5,0.03,0.05,0.3,374,0.3438,567.2992,290.3023,-97.5109,0.0000,18219
5,30,14,35.0,65.0,1.5,0.03,0.1,0.3,218,1.2139,210.1231,107.5257,-37.5427,0.0000,18219
5,30,14,35.0,65.0,1.5,0.03,0.15,0.3,291,1.5248,108.8911,55.7225,-16.1953,0.0000,18219
5,30,14,35.0,65.0,1.5,0.05,0.05,0.3,498,0.7057,70.8033,36.2320,-36.0944,0.0000,18219
5,30,14,35.0,65.0,1.5,0.05,0.1,0.3,251,0.7156,47.8455,24.4838,-28.8722,0.0000,18219
5,30,14,35.0,65.0,1.5,0.05,0.15,0.3,194,1.5003,124.8454,63.8868,-21.2056,0.0000,18219
5,30,14,35.0,70.0,1.0,0.02,0.05,0.3,1169,1.0349,117.8500,60.3070,-33.4148,0.0000,18219
5,30,14,35.0,70.0,1.0,0.02,0.1,0.3,688,1.3541,150.0163,76.7674,-37.1138,0.0000,18219
5,30,14,35.0,70.0,1.0,0.02,0.15,0.3,537,1.2549,139.1981,71.2314,-31.5709,0.0000,18219
5,30,14,35.0,70.0,1.0,0.03,0.05,0.3,905,1.0846,134.8405,69.0015,-28.1459,0.0000,18219
5,30,14,35.0,70.0,1.0,0.03,0.1,0.3,509,0.7269,87.1813,44.6130,-41.4794,0.0000,18219
5,30,14,35.0,70.0,1.0,0.03,0.15,0.3,415,1.3564,194.3249,99.4413,-33.2837,0.0000,18219
5,30,14,35.0,70.0,1.0,0.05,0.05,0.3,634,1.2061,125.5510,64.2478,-32.4672,0.0000,18219
5,30,14,35.0,70.0,1.0,0.05,0.1,0.3,307,0.6913,58.6445,30.0100,-34.7267,0.0000,18219
5,30,14,35.0,70.0,1.0,0.05,0.15,0.3,266,1.4185,192.4957,98.5053,-30.4607,0.0000,18219
5,30,14,35.0,70.0,1.2,0.02,0.05,0.3,370,1.0186,241.4498,123.5564,-41.7235,0.0000,18219
5,30,14,35.0,70.0,1.2,0.02,0.1,0.3,227,1.2558,234.8310,120.1694,-32.9125,0.0000,18219
5,30,14,35.0,70.0,1.2,0.02,0.15,0.3,164,1.3141,242.8272,124.2612,-31.8340,0.0000,18219
5,30,14,35.0,70.0,1.2,0.03,0.05,0.3,832,1.0240,112.4147,57.5256,-25.4994,0.0000,18219
5,30,14,35.0,70.0,1.2,0.03,0.1,0.3,467,0.8151,88.6476,45.3634,-35.1296,0.0000,18219
5,30,14,35.0,70.0,1.2,0.03,0.15,0.3,358,1.6008,181.2667,92.7591,-23.6958,0.0000,18219
5,30,14,35.0,70.0,1.2,0.05,0.05,0.3,585,1.3942,130.2458,66.6503,-22.3277,0.0000,18219
5,30,14,35.0,70.0,1.2,0.05,0.1,0.3,278,0.7660,60.6901,31.0568,-31.9721,0.0000,18219
5,30,14,35.0,70.0,1.2,0.05,0.15,0.3,237,1.5889,179.4213,91.8147,-24.7937,0.0000,18219
5,30,14,35.0,70.0,1.5,0.02,0.05,0.3,81,1.1058,434.4653,222.3277,-52.7317,0.0000,18219
5,30,14,35.0,70.0,1.5,0.02,0.1,0.3,188,1.5392,158.0818,80.8948,-23.8578,0.0000,18219
5,30,14,35.0,70.0,1.5,0.02,0.15,0.3,142,1.2970,141.8803,72.6040,-27.1692,0.0000,18219
5,30,14,35.0,70.0,1.5,0.03,0.05,0.3,374,0.3438,567.2992,290.3023,-97.5109,0.0000,18219
5,30,14,35.0,70.0,1.5,0.03,0.1,0.3,218,1.2139,210.1231,107.5257,-37.5427,0.0000,18219
5,30,14,35.0,70.0,1.5,0.03,0.15,0.3,291,1.5248,108.8911,55.7225,-16.1953,0.0000,18219
5,30,14,35.0,70.0,1.5,0.05,0.05,0.3,498,0.7057,70.8033,36.2320,-36.0944,0.0000,18219
5,30,14,35.0,70.0,1.5,0.05,0.1,0.3,251,0.7156,47.8455,24.4838,-28.8722,0.0000,18219
5,30,14,35.0,70.0,1.5,0.05,0.15,0.3,194,1.5003,124.8454,63.8868,-21.2056,0.0000,18219
5,30,14,35.0,75.0,1.0,0.02,0.05,0.3,1169,1.0349,117.8500,60.3070,-33.4148,0.0000,18219
5,30,14,35.0,75.0,1.0,0.02,0.1,0.3,688,1.3541,150.0163,76.7674,-37.1138,0.0000,18219
5,30,14,35.0,75.0,1.0,0.02,0.15,0.3,537,1.2549,139.1981,71.2314,-31.5709,0.0000,18219
5,30,14,35.0,75.0,1.0,0.03,0.05,0.3,905,1.0846,134.8405,69.0015,-28.1459,0.0000,18219
5,30,14,35.0,75.0,1.0,0.03,0.1,0.3,509,0.7269,87.1813,44.6130,-41.4794,0.0000,18219
5,30,14,35.0,75.0,1.0,0.03,0.15,0.3,415,1.3564,194.3249,99.4413,-33.2837,0.0000,18219
5,30,14,35.0,75.0,1.0,0.05,0.05,0.3,634,1.2061,125.5510,64.2478,-32.4672,0.0000,18219
5,30,14,35.0,75.0,1.0,0.05,0.1,0.3,307,0.6913,58.6445,30.0100,-34.7267,0.0000,18219
5,30,14,35.0,75.0,1.0,0.05,0.15,0.3,266,1.4185,192.4957,98.5053,-30.4607,0.0000,18219
5,30,14,35.0,75.0,1.2,0.02,0.05,0.3,370,1.0186,241.4498,123.5564,-41.7235,0.0000,18219
5,30,14,35.0,75.0,1.2,0.02,0.1,0.3,227,1.2558,234.8310,120.1694,-32.9125,0.0000,18219
5,30,14,35.0,75.0,1.2,0.02,0.15,0.3,164,1.3141,242.8272,124.2612,-31.8340,0.0000,18219
5,30,14,35.0,75.0,1.2,0.03,0.05,0.3,832,1.0240,112.4147,57.5256,-25.4994,0.0000,18219
5,30,14,35.0,75.0,1.2,0.03,0.1,0.3,467,0.8151,88.6476,45.3634,-35.1296,0.0000,18219
5,30,14,35.0,75.0,1.2,0.03,0.15,0.3,358,1.6008,181.2667,92.7591,-23.6958,0.0000,18219
5,30,14,35.0,75.0,1.2,0.05,0.05,0.3,585,1.3942,130.2458,66.6503,-22.3277,0.0000,18219
5,30,14,35.0,75.0,1.2,0.05,0.1,0.3,278,0.7660,60.6901,31.0568,-31.9721,0.0000,18219
5,30,14,35.0,75.0,1.2,0.05,0.15,0.3,237,1.5889,179.4213,91.8147,-24.7937,0.0000,18219
5,30,14,35.0,75.0,1.5,0.02,0.05,0.3,81,1.1058,434.4653,222.3277,-52.7317,0.0000,18219
5,30,14,35.0,75.0,1.5,0.02,0.1,0.3,188,1.5392,158.0818,80.8948,-23.8578,0.0000,18219
5,30,14,35.0,75.0,1.5,0.02,0.15,0.3,142,1.2970,141.8803,72.6040,-27.1692,0.0000,18219
5,30,14,35.0,75.0,1.5,0.03,0.05,0.3,374,0.3438,567.2992,290.3023,-97.5109,0.0000,18219
5,30,14,35.0,75.0,1.5,0.03,0.1,0.3,218,1.2139,210.1231,107.5257,-37.5427,0.0000,18219
5,30,14,35.0,75.0,1.5,0.03,0.15,0.3,291,1.5248,108.8911,55.7225,-16.1953,0.0000,18219
5,30,14,35.0,75.0,1.5,0.05,0.05,0.3,498,0.7057,70.8033,36.2320,-36.0944,0.0000,18219
5,30,14,35.0,75.0,1.5,0.05,0.1,0.3,251,0.7156,47.8455,24.4838,-28.8722,0.0000,18219
5,30,14,35.0,75.0,1.5,0.05,0.15,0.3,194,1.5003,124.8454,63.8868,-21.2056,0.0000,18219
5,50,9,25.0,65.0,1.0,0.02,0.05,0.3,1525,0.7795,246.5706,126.1769,-55.8522,0.0000,18219
5,50,9,25.0,65.0,1.0,0.02,0.1,0.3,1258,0.9151,213.9722,109.4954,-51.1562,0.0000,18219
5,50,9,25.0,65.0,1.0,0.02,0.15,0.3,1117,0.8816,200.8939,102.8028,-53.6640,0.0000,18219
5,50,9,25.0,65.0,1.0,0.03,0.05,0.3,368,0.8150,1015.3090,519.5611,-79.4097,0.0000,18219
5,50,9,25.0,65.0,1.0,0.03,0.1,0.3,300,0.7785,738.1918,377.7527,-77.5353,0.0000,18219
5,50,9,25.0,65.0,1.0,0.03,0.15,0.3,820,1.1906,373.9967,191.3843,-54.0217,0.0000,18219
5,50,9,25.0,65.0,1.0,0.05,0.05,0.3,1014,1.0005,289.5834,148.1876,-52.1175,0.0000,18219
5,50,9,25.0,65.0,1.0,0.05,0.1,0.3,675,0.5483,206.0713,105.4523,-73.1706,0.0000,18219
5,50,9,25.0,65.0,1.0,0.05,0.15,0.3,598,0.9808,365.9835,187.2837,-64.1060,0.0000,18219
5,50,9,25.0,65.0,1.2,0.02,0.05,0.3,211,0.9750,1214.3144,621.3976,-68.7104,0.0000,18219
5,50,9,25.0,65.0,1.2,0.02,0.1,0.3,201,1.0070,1181.1330,604.4177,-67.7430,0.0000,18219
5,50,9,25.0,65.0,1.2,0.02,0.15,0.3,178,1.0498,1191.8854,609.9200,-66.8753,0.0000,18219
5,50,9,25.0,65.0,1.2,0.03,0.05,0.3,176,0.9886,624.9279,319.7925,-59.3043,0.0000,18219
5,50,9,25.0,65.0,1.2,0.03,0.1,0.3,175,1.1581,668.2277,341.9502,-54.4938,0.0000,18219
5,50,9,25.0,65.0,1.2,0.03,0.15,0.3,150,1.1871,678.1972,347.0519,-53.4948,0.0000,18219
5,50,9,25.0,65.0,1.2,0.05,0.05,0.3,878,1.0159,268.9664,137.6374,-55.6192,0.0000,18219
5,50,9,25.0,65.0,1.2,0.05,0.1,0.3,551,0.5352,146.5951,75.0167,-64.2198,0.0000,18219
5,50,9,25.0,65.0,1.2,0.05,0.15,0.3,513,1.0600,317.0703,162.2535,-56.8637,0.0000,18219
5,50,9,25.0,65.0,1.5,0.02,0.05,0.3,99,1.0887,413.4198,211.5581,-51.4633,0.0000,18219
5,50,9,25.0,65.0,1.5,0.02,0.1,0.3,147,1.0295,843.9342,431.8640,-64.0769,0.0000,18219
5,50,9,25.0,65.0,1.5,0.02,0.15,0.3,131,1.0408,846.7170,433.2880,-63.7917,0.0000,18219
5,50,9,25.0,65.0,1.5,0.03,0.05,0.3,134,1.0379,507.1746,259.5350,-55.5698,0.0000,18219
5,50,9,25.0,65.0,1.5,0.03,0.1,0.3,125,1.1737,536.2916,274.4349,-51.9621,0.0000,18219
5,50,9,25.0,65.0,1.5,0.03,0.15,0.3,109,1.1688,539.1525,275.8990,-51.6327,0.0000,18219
5,50,9,25.0,65.0,1.5,0.05,0.05,0.3,644,1.1086,208.4767,106.6832,-36.0764,0.0000,18219
5,50,9,25.0,65.0,1.5,0.05,0.1,0.3,391,0.9335,173.5112,88.7904,-47.3308,0.0000,18219
5,50,9,25.0,65.0,1.5,0.05,0.15,0.3,362,1.1701,245.0765,125.4123,-47.8764,0.0000,18219
5,50,9,25.0,70.0,1.0,0.02,0.05,0.3,1525,0.7795,246.5706,126.1769,-55.8522,0.0000,18219
5,50,9,25.0,70.0,1.0,0.02,0.1,0.3,1258,0.9151,213.9722,109.4954,-51.1562,0.0000,18219
5,50,9,25.0,70.0,1.0,0.02,0.15,0.3,1117,0.8816,200.8939,102.8028,-53.6640,0.0000,18219
5,50,9,25.0,70.0,1.0,0.03,0.05,0.3,368,0.8150,1015.3090,519.5611,-79.4097,0.0000,18219
5,50,9,25.0,70.0,1.0,0.03,0.1,0.3,300,0.7785,738.1918,377.7527,-77.5353,0.0000,18219
5,50,9,25.0,70.0,1.0,0.03,0.15,0.3,820,1.1906,373.9967,191.3843,-54.0217,0.0000,18219
5,50,9,25.0,70.0,1.0,0.05,0.05,0.3,1014,1.0005,289.5834,148.1876,-52.1175,0.0000,18219
5,50,9,25.0,70.0,1.0,0.05,0.1,0.3,675,0.5483,206.0713,105.4523,-73.1706,0.0000,18219
5,50,9,25.0,70.0,1.0,0.05,0.15,0.3,598,0.9808,365.9835,187.2837,-64.1060,0.0000,18219
5,50,9,25.0,70.0,1.2,0.02,0.05,0.3,211,0.9750,1214.3144,621.3976,-68.7104,0.0000,18219
5,50,9,25.0,70.0,1.2,0.02,0.1,0.3,201,1.0070,1181.1330,604.4177,-67.7430,0.0000,18219
5,50,9,25.0,70.0,1.2,0.02,0.15,0.3,178,1.0498,1191.8854,609.9200,-66.8753,0.0000,18219
5,50,9,25.0,70.0,1.2,0.03,0.05,0.3,176,0.9886,624.9279,319.7925,-59.3043,0.0000,18219
5,50,9,25.0,70.0,1.2,0.03,0.1,0.3,175,1.1581,668.2277,341.9502,-54.4938,0.0000,18219
5,50,9,25.0,70.0,1.2,0.03,0.15,0.3,150,1.1871,678.1972,347.0519,-53.4948,0.0000,18219
5,50,9,25.0,70.0,1.2,0.05,0.05,0.3,878,1.0159,268.9664,137.6374,-55.6192,0.0000,18219
5,50,9,25.0,70.0,1.2,0.05,0.1,0.3,551,0.5352,146.5951,75.0167,-64.2198,0.0000,18219
5,50,9,25.0,70.0,1.2,0.05,0.15,0.3,513,1.0600,317.0703,162.2535,-56.8637,0.0000,18219
5,50,9,25.0,70.0,1.5,0.02,0.05,0.3,99,1.0887,413.4198,211.5581,-51.4633,0.0000,18219
5,50,9,25.0,70.0,1.5,0.02,0.1,0.3,147,1.0295,843.9342,431.8640,-64.0769,0.0000,18219
5,50,9,25.0,70.0,1.5,0.02,0.15,0.3,131,1.0408,846.7170,433.2880,-63.7917,0.0000,18219
5,50,9,25.0,70.0,1.5,0.03,0.05,0.3,134,1.0379,507.1746,259.5350,-55.5698,0.0000,18219
5,50,9,25.0,70.0,1.5,0.03,0.1,0.3,125,1.1737,536.2916,274.4349,-51.9621,0.0000,18219
5,50,9,25.0,70.0,1.5,0.03,0.15,0.3,109,1.1688,539.1525,275.8990,-51.6327,0.0000,18219
5,50,9,25.0,70.0,1.5,0.05,0.05,0.3,644,1.1086,208.4767,106.6832,-36.0764,0.0000,18219
5,50,9,25.0,70.0,1.5,0.05,0.1,0.3,391,0.9335,173.5112,88.7904,-47.3308,0.0000,18219
5,50,9,25.0,70.0,1.5,0.05,0.15,0.3,362,1.1701,245.0765,125.4123,-47.8764,0.0000,18219
5,50,9,25.0,75.0,1.0,0.02,0.05,0.3,1525,0.7795,246.5706,126.1769,-55.8522,0.0000,18219
5,50,9,25.0,75.0,1.0,0.02,0.1,0.3,1258,0.9151,213.9722,109.4954,-51.1562,0.0000,18219
5,50,9,25.0,75.0,1.0,0.02,0.15,0.3,1117,0.8816,200.8939,102.8028,-53.6640,0.0000,18219
5,50,9,25.0,75.0,1.0,0.03,0.05,0.3,368,0.8150,1015.3090,519.5611,-79.4097,0.0000,18219
5,50,9,25.0,75.0,1.0,0.03,0.1,0.3,300,0.7785,738.1918,377.7527,-77.5353,0.0000,18219
5,50,9,25.0,75.0,1.0,0.03,0.15,0.3,820,1.1906,373.9967,191.3843,-54.0217,0.0000,18219
5,50,9,25.0,75.0,1.0,0.05,0.05,0.3,1014,1.0005,289.5834,148.1876,-52.1175,0.0000,18219
5,50,9,25.0,75.0,1.0,0.05,0.1,0.3,675,0.5483,206.0713,105.4523,-73.1706,0.0000,18219
5,50,9,25.0,75.0,1.0,0.05,0.15,0.3,598,0.9808,365.9835,187.2837,-64.1060,0.0000,18219
5,50,9,25.0,75.0,1.2,0.02,0.05,0.3,211,0.9750,1214.3144,621.3976,-68.7104,0.0000,18219
5,50,9,25.0,75.0,1.2,0.02,0.1,0.3,201,1.0070,1181.1330,604.4177,-67.7430,0.0000,18219
5,50,9,25.0,75.0,1.2,0.02,0.15,0.3,178,1.0498,1191.8854,609.9200,-66.8753,0.0000,18219
5,50,9,25.0,75.0,1.2,0.03,0.05,0.3,176,0.9886,624.9279,319.7925,-59.3043,0.0000,18219
5,50,9,25.0,75.0,1.2,0.03,0.1,0.3,175,1.1581,668.2277,341.9502,-54.4938,0.0000,18219
5,50,9,25.0,75.0,1.2,0.03,0.15,0.3,150,1.1871,678.1972,347.0519,-53.4948,0.0000,18219
5,50,9,25.0,75.0,1.2,0.05,0.05,0.3,878,1.0159,268.9664,137.6374,-55.6192,0.0000,18219
5,50,9,25.0,75.0,1.2,0.05,0.1,0.3,551,0.5352,146.5951,75.0167,-64.2198,0.0000,18219
5,50,9,25.0,75.0,1.2,0.05,0.15,0.3,513,1.0600,317.0703,162.2535,-56.8637,0.0000,18219
5,50,9,25.0,75.0,1.5,0.02,0.05,0.3,99,1.0887,413.4198,211.5581,-51.4633,0.0000,18219
5,50,9,25.0,75.0,1.5,0.02,0.1,0.3,147,1.0295,843.9342,431.8640,-64.0769,0.0000,18219
5,50,9,25.0,75.0,1.5,0.02,0.15,0.3,131,1.0408,846.7170,433.2880,-63.7917,0.0000,18219
5,50,9,25.0,75.0,1.5,0.03,0.05,0.3,134,1.0379,507.1746,259.5350,-55.5698,0.0000,18219
5,50,9,25.0,75.0,1.5,0.03,0.1,0.3,125,1.1737,536.2916,274.4349,-51.9621,0.0000,18219
5,50,9,25.0,75.0,1.5,0.03,0.15,0.3,109,1.1688,539.1525,275.8990,-51.6327,0.0000,18219
5,50,9,25.0,75.0,1.5,0.05,0.05,0.3,644,1.1086,208.4767,106.6832,-36.0764,0.0000,18219
5,50,9,25.0,75.0,1.5,0.05,0.1,0.3,391,0.9335,173.5112,88.7904,-47.3308,0.0000,18219
5,50,9,25.0,75.0,1.5,0.05,0.15,0.3,362,1.1701,245.0765,125.4123,-47.8764,0.0000,18219
5,50,9,30.0,65.0,1.0,0.02,0.05,0.3,1525,0.7795,246.5706,126.1769,-55.8522,0.0000,18219
5,50,9,30.0,65.0,1.0,0.02,0.1,0.3,1258,0.9151,213.9722,109.4954,-51.1562,0.0000,18219
5,50,9,30.0,65.0,1.0,0.02,0.15,0.3,1117,0.8816,200.8939,102.8028,-53.6640,0.0000,18219
5,50,9,30.0,65.0,1.0,0.03,0.05,0.3,368,0.8150,1015.3090,519.5611,-79.4097,0.0000,18219
5,50,9,30.0,65.0,1.0,0.03,0.1,0.3,300,0.7785,738.1918,377.7527,-77.5353,0.0000,18219
5,50,9,30.0,65.0,1.0,0.03,0.15,0.3,820,1.1906,373.9967,191.3843,-54.0217,0.0000,18219
5,50,9,30.0,65.0,1.0,0.05,0.05,0.3,1014,1.0005,289.5834,148.1876,-52.1175,0.0000,18219
5,50,9,30.0,65.0,1.0,0.05,0.1,0.3,675,0.5483,206.0713,105.4523,-73.1706,0.0000,18219
5,50,9,30.0,65.0,1.0,0.05,0.15,0.3,598,0.9808,365.9835,187.2837,-64.1060,0.0000,18219
5,50,9,30.0,65.0,1.2,0.02,0.05,0.3,211,0.9750,1214.3144,621.3976,-68.7104,0.0000,18219
5,50,9,30.0,65.0,1.2,0.02,0.1,0.3,201,1.0070,1181.1330,604.4177,-67.7430,0.0000,18219
5,50,9,30.0,65.0,1.2,0.02,0.15,0.3,178,1.0498,1191.8854,609.9200,-66.8753,0.0000,18219
5,50,9,30.0,65.0,1.2,0.03,0.05,0.3,176,0.9886,624.9279,319.7925,-59.3043,0.0000,18219
5,50,9,30.0,65.0,1.2,0.03,0.1,0.3,175,1.1581,668.2277,341.9502,-54.4938,0.0000,18219
5,50,9,30.0,65.0,1.2,0.03,0.15,0.3,150,1.1871,678.1972,347.0519,-53.4948,0.0000,18219
5,50,9,30.0,65.0,1.2,0.05,0.05,0.3,878,1.0159,268.9664,137.6374,-55.6192,0.0000,18219
5,50,9,30.0,65.0,1.2,0.05,0.1,0.3,551,0.5352,146.5951,75.0167,-64.2198,0.0000,18219
5,50,9,30.0,65.0,1.2,0.05,0.15,0.3,513,1.0600,317.0703,162.2535,-56.8637,0.0000,18219
5,50,9,30.0,65.0,1.5,0.02,0.05,0.3,99,1.0887,413.4198,211.5581,-51.4633,0.0000,18219
5,50,9,30.0,65.0,1.5,0.02,0.1,0.3,147,1.0295,843.9342,431.8640,-64.0769,0.0000,18219
5,50,9,30.0,65.0,1.5,0.02,0.15,0.3,131,1.0408,846.7170,433.2880,-63.7917,0.0000,18219
5,50,9,30.0,65.0,1.5,0.03,0.05,0.3,134,1.0379,507.1746,259.5350,-55.5698,0.0000,18219
5,50,9,30.0,65.0,1.5,0.03,0.1,0.3,125,1.1737,536.2916,274.4349,-51.9621,0.0000,18219
5,50,9,30.0,65.0,1.5,0.03,0.15,0.3,109,1.1688,539.1525,275.8990,-51.6327,0.0000,18219
5,50,9,30.0,65.0,1.5,0.05,0.05,0.3,644,1.1086,208.4767,106.6832,-36.0764,0.0000,18219
5,50,9,30.0,65.0,1.5,0.05,0.1,0.3,391,0.9335,173.5112,88.7904,-47.3308,0.0000,18219
5,50,9,30.0,65.0,1.5,0.05,0.15,0.3,362,1.1701,245.0765,125.4123,-47.8764,0.0000,18219
5,50,9,30.0,70.0,1.0,0.02,0.05,0.3,1525,0.7795,246.5706,126.1769,-55.8522,0.0000,18219
5,50,9,30.0,70.0,1.0,0.02,0.1,0.3,1258,0.9151,213.9722,109.4954,-51.1562,0.0000,18219
5,50,9,30.0,70.0,1.0,0.02,0.15,0.3,1117,0.8816,200.8939,102.8028,-53.6640,0.0000,18219
5,50,9,30.0,70.0,1.0,0.03,0.05,0.3,368,0.8150,1015.3090,519.5611,-79.4097,0.0000,18219
5,50,9,30.0,70.0,1.0,0.03,0.1,0.3,300,0.7785,738.1918,377.7527,-77.5353,0.0000,18219
5,50,9,30.0,70.0,1.0,0.03,0.15,0.3,820,1.1906,373.9967,191.3843,-54.0217,0.0000,18219
5,50,9,30.0,70.0,1.0,0.05,0.05,0.3,1014,1.0005,289.5834,148.1876,-52.1175,0.0000,18219
5,50,9,30.0,70.0,1.0,0.05,0.1,0.3,675,0.5483,206.0713,105.4523,-73.1706,0.0000,18219
5,50,9,30.0,70.0,1.0,0.05,0.15,0.3,598,0.9808,365.9835,187.2837,-64.1060,0.0000,18219
5,50,9,30.0,70.0,1.2,0.02,0.05,0.3,211,0.9750,1214.3144,621.3976,-68.7104,0.0000,18219
5,50,9,30.0,70.0,1.2,0.02,0.1,0.3,201,1.0070,1181.1330,604.4177,-67.7430,0.0000,18219
5,50,9,30.0,70.0,1.2,0.02,0.15,0.3,178,1.0498,1191.8854,609.9200,-66.8753,0.0000,18219
5,50,9,30.0,70.0,1.2,0.03,0.05,0.3,176,0.9886,624.9279,319.7925,-59.3043,0.0000,18219
5,50,9,30.0,70.0,1.2,0.03,0.1,0.3,175,1.1581,668.2277,341.9502,-54.4938,0.0000,18219
5,50,9,30.0,70.0,1.2,0.03,0.15,0.3,150,1.1871,678.1972,347.0519,-53.4948,0.0000,18219
5,50,9,30.0,70.0,1.2,0.05,0.05,0.3,878,1.0159,268.9664,137.6374,-55.6192,0.0000,18219
5,50,9,30.0,70.0,1.2,0.05,0.1,0.3,551,0.5352,146.5951,75.0167,-64.2198,0.0000,18219
5,50,9,30.0,70.0,1.2,0.05,0.15,0.3,513,1.0600,317.0703,162.2535,-56.8637,0.0000,18219
5,50,9,30.0,70.0,1.5,0.02,0.05,0.3,99,1.0887,413.4198,211.5581,-51.4633,0.0000,18219
5,50,9,30.0,70.0,1.5,0.02,0.1,0.3,147,1.0295,843.9342,431.8640,-64.0769,0.0000,18219
5,50,9,30.0,70.0,1.5,0.02,0.15,0.3,131,1.0408,846.7170,433.2880,-63.7917,0.0000,18219
5,50,9,30.0,70.0,1.5,0.03,0.05,0.3,134,1.0379,507.1746,259.5350,-55.5698,0.0000,18219
5,50,9,30.0,70.0,1.5,0.03,0.1,0.3,125,1.1737,536.2916,274.4349,-51.9621,0.0000,18219
5,50,9,30.0,70.0,1.5,0.03,0.15,0.3,109,1.1688,539.1525,275.8990,-51.6327,0.0000,18219
5,50,9,30.0,70.0,1.5,0.05,0.05,0.3,644,1.1086,208.4767,106.6832,-36.0764,0.0000,18219
5,50,9,30.0,70.0,1.5,0.05,0.1,0.3,391,0.9335,173.5112,88.7904,-47.3308,0.0000,18219
5,50,9,30.0,70.0,1.5,0.05,0.15,0.3,362,1.1701,245.0765,125.4123,-47.8764,0.0000,18219
5,50,9,30.0,75.0,1.0,0.02,0.05,0.3,1525,0.7795,246.5706,126.1769,-55.8522,0.0000,18219
5,50,9,30.0,75.0,1.0,0.02,0.1,0.3,1258,0.9151,213.9722,109.4954,-51.1562,0.0000,18219
5,50,9,30.0,75.0,1.0,0.02,0.15,0.3,1117,0.8816,200.8939,102.8028,-53.6640,0.0000,18219
5,50,9,30.0,75.0,1.0,0.03,0.05,0.3,368,0.8150,1015.3090,519.5611,-79.4097,0.0000,18219
5,50,9,30.0,75.0,1.0,0.03,0.1,0.3,300,0.7785,738.1918,377.7527,-77.5353,0.0000,18219
5,50,9,30.0,75.0,1.0,0.03,0.15,0.3,820,1.1906,373.9967,191.3843,-54.0217,0.0000,18219
5,50,9,30.0,75.0,1.0,0.05,0.05,0.3,1014,1.0005,289.5834,148.1876,-52.1175,0.0000,18219
5,50,9,30.0,75.0,1.0,0.05,0.1,0.3,675,0.5483,206.0713,105.4523,-73.1706,0.0000,18219
5,50,9,30.0,75.0,1.0,0.05,0.15,0.3,598,0.9808,365.9835,187.2837,-64.1060,0.0000,18219
5,50,9,30.0,75.0,1.2,0.02,0.05,0.3,211,0.9750,1214.3144,621.3976,-68.7104,0.0000,18219
5,50,9,30.0,75.0,1.2,0.02,0.1,0.3,201,1.0070,1181.1330,604.4177,-67.7430,0.0000,18219
5,50,9,30.0,75.0,1.2,0.02,0.15,0.3,178,1.0498,1191.8854,609.9200,-66.8753,0.0000,18219
5,50,9,30.0,75.0,1.2,0.03,0.05,0.3,176,0.9886,624.9279,319.7925,-59.3043,0.0000,18219
5,50,9,30.0,75.0,1.2,0.03,0.1,0.3,175,1.1581,668.2277,341.9502,-54.4938,0.0000,18219
5,50,9,30.0,75.0,1.2,0.03,0.15,0.3,150,1.1871,678.1972,347.0519,-53.4948,0.0000,18219
5,50,9,30.0,75.0,1.2,0.05,0.05,0.3,878,1.0159,268.9664,137.6374,-55.6192,0.0000,18219
5,50,9,30.0,75.0,1.2,0.05,0.1,0.3,551,0.5352,146.5951,75.0167,-64.2198,0.0000,18219
5,50,9,30.0,75.0,1.2,0.05,0.15,0.3,513,1.0600,317.0703,162.2535,-56.8637,0.0000,18219
5,50,9,30.0,75.0,1.5,0.02,0.05,0.3,99,1.0887,413.4198,211.5581,-51.4633,0.0000,18219
5,50,9,30.0,75.0,1.5,0.02,0.1,0.3,147,1.0295,843.9342,431.8640,-64.0769,0.0000,18219
5,50,9,30.0,75.0,1.5,0.02,0.15,0.3,131,1.0408,846.7170,433.2880,-63.7917,0.0000,18219
5,50,9,30.0,75.0,1.5,0.03,0.05,0.3,134,1.0379,507.1746,259.5350,-55.5698,0.0000,18219
5,50,9,30.0,75.0,1.5,0.03,0.1,0.3,125,1.1737,536.2916,274.4349,-51.9621,0.0000,18219
5,50,9,30.0,75.0,1.5,0.03,0.15,0.3,109,1.1688,539.1525,275.8990,-51.6327,0.0000,18219
5,50,9,30.0,75.0,1.5,0.05,0.05,0.3,644,1.1086,208.4767,106.6832,-36.0764,0.0000,18219
5,50,9,30.0,75.0,1.5,0.05,0.1,0.3,391,0.9335,173.5112,88.7904,-47.3308,0.0000,18219
5,50,9,30.0,75.0,1.5,0.05,0.15,0.3,362,1.1701,245.0765,125.4123,-47.8764,0.0000,18219
5,50,9,35.0,65.0,1.0,0.02,0.05,0.3,1525,0.7795,246.5706,126.1769,-55.8522,0.0000,18219
5,50,9,35.0,65.0,1.0,0.02,0.1,0.3,1258,0.9151,213.9722,109.4954,-51.1562,0.0000,18219
5,50,9,35.0,65.0,1.0,0.02,0.15,0.3,1117,0.8816,200.8939,102.8028,-53.6640,0.0000,18219
5,50,9,35.0,65.0,1.0,0.03,0.05,0.3,368,0.8150,1015.3090,519.5611,-79.4097,0.0000,18219
5,50,9,35.0,65.0,1.0,0.03,0.1,0.3,300,0.7785,738.1918,377.7527,-77.5353,0.0000,18219
5,50,9,35.0,65.0,1.0,0.03,0.15,0.3,820,1.1906,373.9967,191.3843,-54.0217,0.0000,18219
5,50,9,35.0,65.0,1.0,0.05,0.05,0.3,1014,1.0005,289.5834,148.1876,-52.1175,0.0000,18219
5,50,9,35.0,65.0,1.0,0.05,0.1,0.3,675,0.5483,206.0713,105.4523,-73.1706,0.0000,18219
5,50,9,35.0,65.0,1.0,0.05,0.15,0.3,598,0.9808,365.9835,187.2837,-64.1060,0.0000,18219
5,50,9,35.0,65.0,1.2,0.02,0.05,0.3,211,0.9750,1214.3144,621.3976,-68.7104,0.0000,18219
5,50,9,35.0,65.0,1.2,0.02,0.1,0.3,201,1.0070,1181.1330,604.4177,-67.7430,0.0000,18219
5,50,9,35.0,65.0,1.2,0.02,0.15,0.3,178,1.0498,1191.8854,609.9200,-66.8753,0.0000,18219
5,50,9,35.0,65.0,1.2,0.03,0.05,0.3,176,0.9886,624.9279,319.7925,-59.3043,0.0000,18219
5,50,9,35.0,65.0,1.2,0.03,0.1,0.3,175,1.1581,668.2277,341.9502,-54.4938,0.0000,18219
5,50,9,35.0,65.0,1.2,0.03,0.15,0.3,150,1.1871,678.1972,347.0519,-53.4948,0.0000,18219
5,50,9,35.0,65.0,1.2,0.05,0.05,0.3,878,1.0159,268.9664,137.6374,-55.6192,0.0000,18219
5,50,9,35.0,65.0,1.2,0.05,0.1,0.3,551,0.5352,146.5951,75.0167,-64.2198,0.0000,18219
5,50,9,35.0,65.0,1.2,0.05,0.15,0.3,513,1.0600,317.0703,162.2535,-56.8637,0.0000,18219
5,50,9,35.0,65.0,1.5,0.02,0.05,0.3,99,1.0887,413.4198,211.5581,-51.4633,0.0000,18219
5,50,9,35.0,65.0,1.5,0.02,0.1,0.3,147,1.0295,843.9342,431.8640,-64.0769,0.0000,18219
5,50,9,35.0,65.0,1.5,0.02,0.15,0.3,131,1.0408,846.7170,433.2880,-63.7917,0.0000,18219
5,50,9,35.0,65.0,1.5,0.03,0.05,0.3,134,1.0379,507.1746,259.5350,-55.5698,0.0000,18219
5,50,9,35.0,65.0,1.5,0.03,0.1,0.3,125,1.1737,536.2916,274.4349,-51.9621,0.0000,18219
5,50,9,35.0,65.0,1.5,0.03,0.15,0.3,109,1.1688,539.1525,275.8990,-51.6327,0.0000,18219
5,50,9,35.0,65.0,1.5,0.05,0.05,0.3,644,1.1086,208.4767,106.6832,-36.0764,0.0000,18219
5,50,9,35.0,65.0,1.5,0.05,0.1,0.3,391,0.9335,173.5112,88.7904,-47.3308,0.0000,18219
5,50,9,35.0,65.0,1.5,0.05,0.15,0.3,362,1.1701,245.0765,125.4123,-47.8764,0.0000,18219
5,50,9,35.0,70.0,1.0,0.02,0.05,0.3,1525,0.7795,246.5706,126.1769,-55.8522,0.0000,18219
5,50,9,35.0,70.0,1.0,0.02,0.1,0.3,1258,0.9151,213.9722,109.4954,-51.1562,0.0000,18219
5,50,9,35.0,70.0,1.0,0.02,0.15,0.3,1117,0.8816,200.8939,102.8028,-53.6640,0.0000,18219
5,50,9,35.0,70.0,1.0,0.03,0.05,0.3,368,0.8150,1015.3090,519.5611,-79.4097,0.0000,18219
5,50,9,35.0,70.0,1.0,0.03,0.1,0.3,300,0.7785,738.1918,377.7527,-77.5353,0.0000,18219
5,50,9,35.0,70.0,1.0,0.03,0.15,0.3,820,1.1906,373.9967,191.3843,-54.0217,0.0000,18219
5,50,9,35.0,70.0,1.0,0.05,0.05,0.3,1014,1.0005,289.5834,148.1876,-52.1175,0.0000,18219
5,50,9,35.0,70.0,1.0,0.05,0.1,0.3,675,0.5483,206.0713,105.4523,-73.1706,0.0000,18219
5,50,9,35.0,70.0,1.0,0.05,0.15,0.3,598,0.9808,365.9835,187.2837,-64.1060,0.0000,18219
5,50,9,35.0,70.0,1.2,0.02,0.05,0.3,211,0.9750,1214.3144,621.3976,-68.7104,0.0000,18219
5,50,9,35.0,70.0,1.2,0.02,0.1,0.3,201,1.0070,1181.1330,604.4177,-67.7430,0.0000,18219
5,50,9,35.0,70.0,1.2,0.02,0.15,0.3,178,1.0498,1191.8854,609.9200,-66.8753,0.0000,18219
5,50,9,35.0,70.0,1.2,0.03,0.05,0.3,176,0.9886,624.9279,319.7925,-59.3043,0.0000,18219
5,50,9,35.0,70.0,1.2,0.03,0.1,0.3,175,1.1581,668.2277,341.9502,-54.4938,0.0000,18219
5,50,9,35.0,70.0,1.2,0.03,0.15,0.3,150,1.1871,678.1972,347.0519,-53.4948,0.0000,18219
5,50,9,35.0,70.0,1.2,0.05,0.05,0.3,878,1.0159,268.9664,137.6374,-55.6192,0.0000,18219
5,50,9,35.0,70.0,1.2,0.05,0.1,0.3,551,0.5352,146.5951,75.0167,-64.2198,0.0000,18219
5,50,9,35.0,70.0,1.2,0.05,0.15,0.3,513,1.0600,317.0703,162.2535,-56.8637,0.0000,18219
5,50,9,35.0,70.0,1.5,0.02,0.05,0.3,99,1.0887,413.4198,211.5581,-51.4633,0.0000,18219
5,50,9,35.0,70.0,1.5,0.02,0.1,0.3,147,1.0295,843.9342,431.8640,-64.0769,0.0000,18219
5,50,9,35.0,70.0,1.5,0.02,0.15,0.3,131,1.0408,846.7170,433.2880,-63.7917,0.0000,18219
5,50,9,35.0,70.0,1.5,0.03,0.05,0.3,134,1.0379,507.1746,259.5350,-55.5698,0.0000,18219
5,50,9,35.0,70.0,1.5,0.03,0.1,0.3,125,1.1737,536.2916,274.4349,-51.9621,0.0000,18219
5,50,9,35.0,70.0,1.5,0.03,0.15,0.3,109,1.1688,539.1525,275.8990,-51.6327,0.0000,18219
5,50,9,35.0,70.0,1.5,0.05,0.05,0.3,644,1.1086,208.4767,106.6832,-36.0764,0.0000,18219
5,50,9,35.0,70.0,1.5,0.05,0.1,0.3,391,0.9335,173.5112,88.7904,-47.3308,0.0000,18219
5,50,9,35.0,70.0,1.5,0.05,0.15,0.3,362,1.1701,245.0765,125.4123,-47.8764,0.0000,18219
5,50,9,35.0,75.0,1.0,0.02,0.05,0.3,1525,0.7795,246.5706,126.1769,-55.8522,0.0000,18219
5,50,9,35.0,75.0,1.0,0.02,0.1,0.3,1258,0.9151,213.9722,109.4954,-51.1562,0.0000,18219
5,50,9,35.0,75.0,1.0,0.02,0.15,0.3,1117,0.8816,200.8939,102.8028,-53.6640,0.0000,18219
5,50,9,35.0,75.0,1.0,0.03,0.05,0.3,368,0.8150,1015.3090,519.5611,-79.4097,0.0000,18219
5,50,9,35.0,75.0,1.0,0.03,0.1,0.3,300,0.7785,738.1918,377.7527,-77.5353,0.0000,18219
5,50,9,35.0,75.0,1.0,0.03,0.15,0.3,820,1.1906,373.9967,191.3843,-54.0217,0.0000,18219
5,50,9,35.0,75.0,1.0,0.05,0.05,0.3,1014,1.0005,289.5834,148.1876,-52.1175,0.0000,18219
5,50,9,35.0,75.0,1.0,0.05,0.1,0.3,675,0.5483,206.0713,105.4523,-73.1706,0.0000,18219
5,50,9,35.0,75.0,1.0,0.05,0.15,0.3,598,0.9808,365.9835,187.2837,-64.1060,0.0000,18219
5,50,9,35.0,75.0,1.2,0.02,0.05,0.3,211,0.9750,1214.3144,621.3976,-68.7104,0.0000,18219
5,50,9,35.0,75.0,1.2,0.02,0.1,0.3,201,1.0070,1181.1330,604.4177,-67.7430,0.0000,18219
5,50,9,35.0,75.0,1.2,0.02,0.15,0.3,178,1.0498,1191.8854,609.9200,-66.8753,0.0000,18219
5,50,9,35.0,75.0,1.2,0.03,0.05,0.3,176,0.9886,624.9279,319.7925,-59.3043,0.0000,18219
5,50,9,35.0,75.0,1.2,0.03,0.1,0.3,175,1.1581,668.2277,341.9502,-54.4938,0.0000,18219
5,50,9,35.0,75.0,1.2,0.03,0.15,0.3,150,1.1871,678.1972,347.0519,-53.4948,0.0000,18219
5,50,9,35.0,75.0,1.2,0.05,0.05,0.3,878,1.0159,268.9664,137.6374,-55.6192,0.0000,18219
5,50,9,35.0,75.0,1.2,0.05,0.1,0.3,551,0.5352,146.5951,75.0167,-64.2198,0.0000,18219
5,50,9,35.0,75.0,1.2,0.05,0.15,0.3,513,1.0600,317.0703,162.2535,-56.8637,0.0000,18219
5,50,9,35.0,75.0,1.5,0.02,0.05,0.3,99,1.0887,413.4198,211.5581,-51.4633,0.0000,18219
5,50,9,35.0,75.0,1.5,0.02,0.1,0.3,147,1.0295,843.9342,431.8640,-64.0769,0.0000,18219
5,50,9,35.0,75.0,1.5,0.02,0.15,0.3,131,1.0408,846.7170,433.2880,-63.7917,0.0000,18219
5,50,9,35.0,75.0,1.5,0.03,0.05,0.3,134,1.0379,507.1746,259.5350,-55.5698,0.0000,18219
5,50,9,35.0,75.0,1.5,0.03,0.1,0.3,125,1.1737,536.2916,274.4349,-51.9621,0.0000,18219
5,50,9,35.0,75.0,1.5,0.03,0.15,0.3,109,1.1688,539.1525,275.8990,-51.6327,0.0000,18219
5,50,9,35.0,75.0,1.5,0.05,0.05,0.3,644,1.1086,208.4767,106.6832,-36.0764,0.0000,18219
5,50,9,35.0,75.0,1.5,0.05,0.1,0.3,391,0.9335,173.5112,88.7904,-47.3308,0.0000,18219
5,50,9,35.0,75.0,1.5,0.05,0.15,0.3,362,1.1701,245.0765,125.4123,-47.8764,0.0000,18219
5,50,14,25.0,65.0,1.0,0.02,0.05,0.3,1525,0.7795,246.5706,126.1769,-55.8522,0.0000,18219
5,50,14,25.0,65.0,1.0,0.02,0.1,0.3,1258,0.9151,213.9722,109.4954,-51.1562,0.0000,18219
5,50,14,25.0,65.0,1.0,0.02,0.15,0.3,1117,0.8816,200.8939,102.8028,-53.6640,0.0000,18219
5,50,14,25.0,65.0,1.0,0.03,0.05,0.3,368,0.8150,1015.3090,519.5611,-79.4097,0.0000,18219
5,50,14,25.0,65.0,1.0,0.03,0.1,0.3,300,0.7785,738.1918,377.7527,-77.5353,0.0000,18219
5,50,14,25.0,65.0,1.0,0.03,0.15,0.3,820,1.1906,373.9967,191.3843,-54.0217,0.0000,18219
5,50,14,25.0,65.0,1.0,0.05,0.05,0.3,1014,1.0005,289.5834,148.1876,-52.1175,0.0000,18219
5,50,14,25.0,65.0,1.0,0.05,0.1,0.3,675,0.5483,206.0713,105.4523,-73.1706,0.0000,18219
5,50,14,25.0,65.0,1.0,0.05,0.15,0.3,598,0.9808,365.9835,187.2837,-64.1060,0.0000,18219
5,50,14,25.0,65.0,1.2,0.02,0.05,0.3,211,0.9750,1214.3144,621.3976,-68.7104,0.0000,18219
5,50,14,25.0,65.0,1.2,0.02,0.1,0.3,201,1.0070,1181.1330,604.4177,-67.7430,0.0000,18219
5,50,14,25.0,65.0,1.2,0.02,0.15,0.3,178,1.0498,1191.8854,609.9200,-66.8753,0.0000,18219
5,50,14,25.0,65.0,1.2,0.03,0.05,0.3,176,0.9886,624.9279,319.7925,-59.3043,0.0000,18219
5,50,14,25.0,65.0,1.2,0.03,0.1,0.3,175,1.1581,668.2277,341.9502,-54.4938,0.0000,18219
5,50,14,25.0,65.0,1.2,0.03,0.15,0.3,150,1.1871,678.1972,347.0519,-53.4948,0.0000,18219
5,50,14,25.0,65.0,1.2,0.05,0.05,0.3,878,1.0159,268.9664,137.6374,-55.6192,0.0000,18219
5,50,14,25.0,65.0,1.2,0.05,0.1,0.3,551,0.5352,146.5951,75.0167,-64.2198,0.0000,18219
5,50,14,25.0,65.0,1.2,0.05,0.15,0.3,513,1.0600,317.0703,162.2535,-56.8637,0.0000,18219
5,50,14,25.0,65.0,1.5,0.02,0.05,0.3,99,1.0887,413.4198,211.5581,-51.4633,0.0000,18219
5,50,14,25.0,65.0,1.5,0.02,0.1,0.3,147,1.0295,843.9342,431.8640,-64.0769,0.0000,18219
5,50,14,25.0,65.0,1.5,0.02,0.15,0.3,131,1.0408,846.7170,433.2880,-63.7917,0.0000,18219
5,50,14,25.0,65.0,1.5,0.03,0.05,0.3,134,1.0379,507.1746,259.5350,-55.5698,0.0000,18219
5,50,14,25.0,65.0,1.5,0.03,0.1,0.3,125,1.1737,536.2916,274.4349,-51.9621,0.0000,18219
5,50,14,25.0,65.0,1.5,0.03,0.15,0.3,109,1.1688,539.1525,275.8990,-51.6327,0.0000,18219
5,50,14,25.0,65.0,1.5,0.05,0.05,0.3,644,1.1086,208.4767,106.6832,-36.0764,0.0000,18219
5,50,14,25.0,65.0,1.5,0.05,0.1,0.3,391,0.9335,173.5112,88.7904,-47.3308,0.0000,18219
5,50,14,25.0,65.0,1.5,0.05,0.15,0.3,362,1.1701,245.0765,125.4123,-47.8764,0.0000,18219
5,50,14,25.0,70.0,1.0,0.02,0.05,0.3,1525,0.7795,246.5706,126.1769,-55.8522,0.0000,18219
5,50,14,25.0,70.0,1.0,0.02,0.1,0.3,1258,0.9151,213.9722,109.4954,-51.1562,0.0000,18219
5,50,14,25.0,70.0,1.0,0.02,0.15,0.3,1117,0.8816,200.8939,102.8028,-53.6640,0.0000,18219
5,50,14,25.0,70.0,1.0,0.03,0.05,0.3,368,0.8150,1015.3090,519.5611,-79.4097,0.0000,18219
5,50,14,25.0,70.0,1.0,0.03,0.1,0.3,300,0.7785,738.1918,377.7527,-77.5353,0.0000,18219
5,50,14,25.0,70.0,1.0,0.03,0.15,0.3,820,1.1906,373.9967,191.3843,-54.0217,0.0000,18219
5,50,14,25.0,70.0,1.0,0.05,0.05,0.3,1014,1.0005,289.5834,148.1876,-52.1175,0.0000,18219
5,50,14,25.0,70.0,1.0,0.05,0.1,0.3,675,0.5483,206.0713,105.4523,-73.1706,0.0000,18219
5,50,14,25.0,70.0,1.0,0.05,0.15,0.3,598,0.9808,365.9835,187.2837,-64.1060,0.0000,18219
5,50,14,25.0,70.0,1.2,0.02,0.05,0.3,211,0.9750,1214.3144,621.3976,-68.7104,0.0000,18219
5,50,14,25.0,70.0,1.2,0.02,0.1,0.3,201,1.0070,1181.1330,604.4177,-67.7430,0.0000,18219
5,50,14,25.0,70.0,1.2,0.02,0.15,0.3,178,1.0498,1191.8854,609.9200,-66.8753,0.0000,18219
5,50,14,25.0,70.0,1.2,0.03,0.05,0.3,176,0.9886,624.9279,319.7925,-59.3043,0.0000,18219
5,50,14,25.0,70.0,1.2,0.03,0.1,0.3,175,1.1581,668.2277,341.9502,-54.4938,0.0000,18219
5,50,14,25.0,70.0,1.2,0.03,0.15,0.3,150,1.1871,678.1972,347.0519,-53.4948,0.0000,18219
5,50,14,25.0,70.0,1.2,0.05,0.05,0.3,878,1.0159,268.9664,137.6374,-55.6192,0.0000,18219
5,50,14,25.0,70.0,1.2,0.05,0.1,0.3,551,0.5352,146.5951,75.0167,-64.2198,0.0000,18219
5,50,14,25.0,70.0,1.2,0.05,0.15,0.3,513,1.0600,317.0703,162.2535,-56.8637,0.0000,18219
5,50,14,25.0,70.0,1.5,0.02,0.05,0.3,99,1.0887,413.4198,211.5581,-51.4633,0.0000,18219
5,50,14,25.0,70.0,1.5,0.02,0.1,0.3,147,1.0295,843.9342,431.8640,-64.0769,0.0000,18219
5,50,14,25.0,70.0,1.5,0.02,0.15,0.3,131,1.0408,846.7170,433.2880,-63.7917,0.0000,18219
5,50,14,25.0,70.0,1.5,0.03,0.05,0.3,134,1.0379,507.1746,259.5350,-55.5698,0.0000,18219
5,50,14,25.0,70.0,1.5,0.03,0.1,0.3,125,1.1737,536.2916,274.4349,-51.9621,0.0000,18219
5,50,14,25.0,70.0,1.5,0.03,0.15,0.3,109,1.1688,539.1525,275.8990,-51.6327,0.0000,18219
5,50,14,25.0,70.0,1.5,0.05,0.05,0.3,644,1.1086,208.4767,106.6832,-36.0764,0.0000,18219
5,50,14,25.0,70.0,1.5,0.05,0.1,0.3,391,0.9335,173.5112,88.7904,-47.3308,0.0000,18219
5,50,14,25.0,70.0,1.5,0.05,0.15,0.3,362,1.1701,245.0765,125.4123,-47.8764,0.0000,18219
5,50,14,25.0,75.0,1.0,0.02,0.05,0.3,1525,0.7795,246.5706,126.1769,-55.8522,0.0000,18219
5,50,14,25.0,75.0,1.0,0.02,0.1,0.3,1258,0.9151,213.9722,109.4954,-51.1562,0.0000,18219
5,50,14,25.0,75.0,1.0,0.02,0.15,0.3,1117,0.8816,200.8939,102.8028,-53.6640,0.0000,18219
5,50,14,25.0,75.0,1.0,0.03,0.05,0.3,368,0.8150,1015.3090,519.5611,-79.4097,0.0000,18219
5,50,14,25.0,75.0,1.0,0.03,0.1,0.3,300,0.7785,738.1918,377.7527,-77.5353,0.0000,18219
5,50,14,25.0,75.0,1.0,0.03,0.15,0.3,820,1.1906,373.9967,191.3843,-54.0217,0.0000,18219
5,50,14,25.0,75.0,1.0,0.05,0.05,0.3,1014,1.0005,289.5834,148.1876,-52.1175,0.0000,18219
5,50,14,25.0,75.0,1.0,0.05,0.1,0.3,675,0.5483,206.0713,105.4523,-73.1706,0.0000,18219
5,50,14,25.0,75.0,1.0,0.05,0.15,0.3,598,0.9808,365.9835,187.2837,-64.1060,0.0000,18219
5,50,14,25.0,75.0,1.2,0.02,0.05,0.3,211,0.9750,1214.3144,621.3976,-68.7104,0.0000,18219
5,50,14,25.0,75.0,1.2,0.02,0.1,0.3,201,1.0070,1181.1330,604.4177,-67.7430,0.0000,18219
5,50,14,25.0,75.0,1.2,0.02,0.15,0.3,178,1.0498,1191.8854,609.9200,-66.8753,0.0000,18219
5,50,14,25.0,75.0,1.2,0.03,0.05,0.3,176,0.9886,624.9279,319.7925,-59.3043,0.0000,18219
5,50,14,25.0,75.0,1.2,0.03,0.1,0.3,175,1.1581,668.2277,341.9502,-54.4938,0.0000,18219
5,50,14,25.0,75.0,1.2,0.03,0.15,0.3,150,1.1871,678.1972,347.0519,-53.4948,0.0000,18219
5,50,14,25.0,75.0,1.2,0.05,0.05,0.3,878,1.0159,268.9664,137.6374,-55.6192,0.0000,18219
5,50,14,25.0,75.0,1.2,0.05,0.1,0.3,551,0.5352,146.5951,75.0167,-64.2198,0.0000,18219
5,50,14,25.0,75.0,1.2,0.05,0.15,0.3,513,1.0600,317.0703,162.2535,-56.8637,0.0000,18219
5,50,14,25.0,75.0,1.5,0.02,0.05,0.3,99,1.0887,413.4198,211.5581,-51.4633,0.0000,18219
5,50,14,25.0,75.0,1.5,0.02,0.1,0.3,147,1.0295,843.9342,431.8640,-64.0769,0.0000,18219
5,50,14,25.0,75.0,1.5,0.02,0.15,0.3,131,1.0408,846.7170,433.2880,-63.7917,0.0000,18219
5,50,14,25.0,75.0,1.5,0.03,0.05,0.3,134,1.0379,507.1746,259.5350,-55.5698,0.0000,18219
5,50,14,25.0,75.0,1.5,0.03,0.1,0.3,125,1.1737,536.2916,274.4349,-51.9621,0.0000,18219
5,50,14,25.0,75.0,1.5,0.03,0.15,0.3,109,1.1688,539.1525,275.8990,-51.6327,0.0000,18219
5,50,14,25.0,75.0,1.5,0.05,0.05,0.3,644,1.1086,208.4767,106.6832,-36.0764,0.0000,18219
5,50,14,25.0,75.0,1.5,0.05,0.1,0.3,391,0.9335,173.5112,88.7904,-47.3308,0.0000,18219
5,50,14,25.0,75.0,1.5,0.05,0.15,0.3,362,1.1701,245.0765,125.4123,-47.8764,0.0000,18219
5,50,14,30.0,65.0,1.0,0.02,0.05,0.3,1525,0.7795,246.5706,126.1769,-55.8522,0.0000,18219
5,50,14,30.0,65.0,1.0,0.02,0.1,0.3,1258,0.9151,213.9722,109.4954,-51.1562,0.0000,18219
5,50,14,30.0,65.0,1.0,0.02,0.15,0.3,1117,0.8816,200.8939,102.8028,-53.6640,0.0000,18219
5,50,14,30.0,65.0,1.0,0.03,0.05,0.3,368,0.8150,1015.3090,519.5611,-79.4097,0.0000,18219
5,50,14,30.0,65.0,1.0,0.03,0.1,0.3,300,0.7785,738.1918,377.7527,-77.5353,0.0000,18219
5,50,14,30.0,65.0,1.0,0.03,0.15,0.3,820,1.1906,373.9967,191.3843,-54.0217,0.0000,18219
5,50,14,30.0,65.0,1.0,0.05,0.05,0.3,1014,1.0005,289.5834,148.1876,-52.1175,0.0000,18219
5,50,14,30.0,65.0,1.0,0.05,0.1,0.3,675,0.5483,206.0713,105.4523,-73.1706,0.0000,18219
5,50,14,30.0,65.0,1.0,0.05,0.15,0.3,598,0.9808,365.9835,187.2837,-64.1060,0.0000,18219
5,50,14,30.0,65.0,1.2,0.02,0.05,0.3,211,0.9750,1214.3144,621.3976,-68.7104,0.0000,18219
5,50,14,30.0,65.0,1.2,0.02,0.1,0.3,201,1.0070,1181.1330,604.4177,-67.7430,0.0000,18219
5,50,14,30.0,65.0,1.2,0.02,0.15,0.3,178,1.0498,1191.8854,609.9200,-66.8753,0.0000,18219
5,50,14,30.0,65.0,1.2,0.03,0.05,0.3,176,0.9886,624.9279,319.7925,-59.3043,0.0000,18219
5,50,14,30.0,65.0,1.2,0.03,0.1,0.3,175,1.1581,668.2277,341.9502,-54.4938,0.0000,18219
5,50,14,30.0,65.0,1.2,0.03,0.15,0.3,150,1.1871,678.1972,347.0519,-53.4948,0.0000,18219
5,50,14,30.0,65.0,1.2,0.05,0.05,0.3,878,1.0159,268.9664,137.6374,-55.6192,0.0000,18219
5,50,14,30.0,65.0,1.2,0.05,0.1,0.3,551,0.5352,146.5951,75.0167,-64.2198,0.0000,18219
5,50,14,30.0,65.0,1.2,0.05,0.15,0.3,513,1.0600,317.0703,162.2535,-56.8637,0.0000,18219
5,50,14,30.0,65.0,1.5,0.02,0.05,0.3,99,1.0887,413.4198,211.5581,-51.4633,0.0000,18219
5,50,14,30.0,65.0,1.5,0.02,0.1,0.3,147,1.0295,843.9342,431.8640,-64.0769,0.0000,18219
5,50,14,30.0,65.0,1.5,0.02,0.15,0.3,131,1.0408,846.7170,433.2880,-63.7917,0.0000,18219
5,50,14,30.0,65.0,1.5,0.03,0.05,0.3,134,1.0379,507.1746,259.5350,-55.5698,0.0000,18219
5,50,14,30.0,65.0,1.5,0.03,0.1,0.3,125,1.1737,536.2916,274.4349,-51.9621,0.0000,18219
5,50,14,30.0,65.0,1.5,0.03,0.15,0.3,109,1.1688,539.1525,275.8990,-51.6327,0.0000,18219
5,50,14,30.0,65.0,1.5,0.05,0.05,0.3,644,1.1086,208.4767,106.6832,-36.0764,0.0000,18219
5,50,14,30.0,65.0,1.5,0.05,0.1,0.3,391,0.9335,173.5112,88.7904,-47.3308,0.0000,18219
5,50,14,30.0,65.0,1.5,0.05,0.15,0.3,362,1.1701,245.0765,125.4123,-47.8764,0.0000,18219
5,50,14,30.0,70.0,1.0,0.02,0.05,0.3,1525,0.7795,246.5706,126.1769,-55.8522,0.0000,18219
5,50,14,30.0,70.0,1.0,0.02,0.1,0.3,1258,0.9151,213.9722,109.4954,-51.1562,0.0000,18219
5,50,14,30.0,70.0,1.0,0.02,0.15,0.3,1117,0.8816,200.8939,102.8028,-53.6640,0.0000,18219
5,50,14,30.0,70.0,1.0,0.03,0.05,0.3,368,0.8150,1015.3090,519.5611,-79.4097,0.0000,18219
5,50,14,30.0,70.0,1.0,0.03,0.1,0.3,300,0.7785,738.1918,377.7527,-77.5353,0.0000,18219
5,50,14,30.0,70.0,1.0,0.03,0.15,0.3,820,1.1906,373.9967,191.3843,-54.0217,0.0000,18219
5,50,14,30.0,70.0,1.0,0.05,0.05,0.3,1014,1.0005,289.5834,148.1876,-52.1175,0.0000,18219
5,50,14,30.0,70.0,1.0,0.05,0.1,0.3,675,0.5483,206.0713,105.4523,-73.1706,0.0000,18219
5,50,14,30.0,70.0,1.0,0.05,0.15,0.3,598,0.9808,365.9835,187.2837,-64.1060,0.0000,18219
5,50,14,30.0,70.0,1.2,0.02,0.05,0.3,211,0.9750,1214.3144,621.3976,-68.7104,0.0000,18219
5,50,14,30.0,70.0,1.2,0.02,0.1,0.3,201,1.0070,1181.1330,604.4177,-67.7430,0.0000,18219
5,50,14,30.0,70.0,1.2,0.02,0.15,0.3,178,1.0498,1191.8854,609.9200,-66.8753,0.0000,18219
5,50,14,30.0,70.0,1.2,0.03,0.05,0.3,176,0.9886,624.9279,319.7925,-59.3043,0.0000,18219
5,50,14,30.0,70.0,1.2,0.03,0.1,0.3,175,1.1581,668.2277,341.9502,-54.4938,0.0000,18219
5,50,14,30.0,70.0,1.2,0.03,0.15,0.3,150,1.1871,678.1972,347.0519,-53.4948,0.0000,18219
5,50,14,30.0,70.0,1.2,0.05,0.05,0.3,878,1.0159,268.9664,137.6374,-55.6192,0.0000,18219
5,50,14,30.0,70.0,1.2,0.05,0.1,0.3,551,0.5352,146.5951,75.0167,-64.2198,0.0000,18219
5,50,14,30.0,70.0,1.2,0.05,0.15,0.3,513,1.0600,317.0703,162.2535,-56.8637,0.0000,18219
5,50,14,30.0,70.0,1.5,0.02,0.05,0.3,99,1.0887,413.4198,211.5581,-51.4633,0.0000,18219
5,50,14,30.0,70.0,1.5,0.02,0.1,0.3,147,1.0295,843.9342,431.8640,-64.0769,0.0000,18219
5,50,14,30.0,70.0,1.5,0.02,0.15,0.3,131,1.0408,846.7170,433.2880,-63.7917,0.0000,18219
5,50,14,30.0,70.0,1.5,0.03,0.05,0.3,134,1.0379,507.1746,259.5350,-55.5698,0.0000,18219
5,50,14,30.0,70.0,1.5,0.03,0.1,0.3,125,1.1737,536.2916,274.4349,-51.9621,0.0000,18219
5,50,14,30.0,70.0,1.5,0.03,0.15,0.3,109,1.1688,539.1525,275.8990,-51.6327,0.0000,18219
5,50,14,30.0,70.0,1.5,0.05,0.05,0.3,644,1.1086,208.4767,106.6832,-36.0764,0.0000,18219
5,50,14,30.0,70.0,1.5,0.05,0.1,0.3,391,0.9335,173.5112,88.7904,-47.3308,0.0000,18219
5,50,14,30.0,70.0,1.5,0.05,0.15,0.3,362,1.1701,245.0765,125.4123,-47.8764,0.0000,18219
5,50,14,30.0,75.0,1.0,0.02,0.05,0.3,1525,0.7795,246.5706,126.1769,-55.8522,0.0000,18219
5,50,14,30.0,75.0,1.0,0.02,0.1,0.3,1258,0.9151,213.9722,109.4954,-51.1562,0.0000,18219
5,50,14,30.0,75.0,1.0,0.02,0.15,0.3,1117,0.8816,200.8939,102.8028,-53.6640,0.0000,18219
5,50,14,30.0,75.0,1.0,0.03,0.05,0.3,368,0.8150,1015.3090,519.5611,-79.4097,0.0000,18219
5,50,14,30.0,75.0,1.0,0.03,0.1,0.3,300,0.7785,738.1918,377.7527,-77.5353,0.0000,18219
5,50,14,30.0,75.0,1.0,0.03,0.15,0.3,820,1.1906,373.9967,191.3843,-54.0217,0.0000,18219
5,50,14,30.0,75.0,1.0,0.05,0.05,0.3,1014,1.0005,289.5834,148.1876,-52.1175,0.0000,18219
5,50,14,30.0,75.0,1.0,0.05,0.1,0.3,675,0.5483,206.0713,105.4523,-73.1706,0.0000,18219
5,50,14,30.0,75.0,1.0,0.05,0.15,0.3,598,0.9808,365.9835,187.2837,-64.1060,0.0000,18219
5,50,14,30.0,75.0,1.2,0.02,0.05,0.3,211,0.9750,1214.3144,621.3976,-68.7104,0.0000,18219
5,50,14,30.0,75.0,1.2,0.02,0.1,0.3,201,1.0070,1181.1330,604.4177,-67.7430,0.0000,18219
5,50,14,30.0,75.0,1.2,0.02,0.15,0.3,178,1.0498,1191.8854,609.9200,-66.8753,0.0000,18219
5,50,14,30.0,75.0,1.2,0.03,0.05,0.3,176,0.9886,624.9279,319.7925,-59.3043,0.0000,18219
5,50,14,30.0,75.0,1.2,0.03,0.1,0.3,175,1.1581,668.2277,341.9502,-54.4938,0.0000,18219
5,50,14,30.0,75.0,1.2,0.03,0.15,0.3,150,1.1871,678.1972,347.0519,-53.4948,0.0000,18219
5,50,14,30.0,75.0,1.2,0.05,0.05,0.3,878,1.0159,268.9664,137.6374,-55.6192,0.0000,18219
5,50,14,30.0,75.0,1.2,0.05,0.1,0.3,551,0.5352,146.5951,75.0167,-64.2198,0.0000,18219
5,50,14,30.0,75.0,1.2,0.05,0.15,0.3,513,1.0600,317.0703,162.2535,-56.8637,0.0000,18219
5,50,14,30.0,75.0,1.5,0.02,0.05,0.3,99,1.0887,413.4198,211.5581,-51.4633,0.0000,18219
5,50,14,30.0,75.0,1.5,0.02,0.1,0.3,147,1.0295,843.9342,431.8640,-64.0769,0.0000,18219
5,50,14,30.0,75.0,1.5,0.02,0.15,0.3,131,1.0408,846.7170,433.2880,-63.7917,0.0000,18219
5,50,14,30.0,75.0,1.5,0.03,0.05,0.3,134,1.0379,507.1746,259.5350,-55.5698,0.0000,18219
5,50,14,30.0,75.0,1.5,0.03,0.1,0.3,125,1.1737,536.2916,274.4349,-51.9621,0.0000,18219
5,50,14,30.0,75.0,1.5,0.03,0.15,0.3,109,1.1688,539.1525,275.8990,-51.6327,0.0000,18219
5,50,14,30.0,75.0,1.5,0.05,0.05,0.3,644,1.1086,208.4767,106.6832,-36.0764,0.0000,18219
5,50,14,30.0,75.0,1.5,0.05,0.1,0.3,391,0.9335,173.5112,88.7904,-47.3308,0.0000,18219
5,50,14,30.0,75.0,1.5,0.05,0.15,0.3,362,1.1701,245.0765,125.4123,-47.8764,0.0000,18219
5,50,14,35.0,65.0,1.0,0.02,0.05,0.3,1525,0.7795,246.5706,126.1769,-55.8522,0.0000,18219
5,50,14,35.0,65.0,1.0,0.02,0.1,0.3,1258,0.9151,213.9722,109.4954,-51.1562,0.0000,18219
5,50,14,35.0,65.0,1.0,0.02,0.15,0.3,1117,0.8816,200.8939,102.8028,-53.6640,0.0000,18219
5,50,14,35.0,65.0,1.0,0.03,0.05,0.3,368,0.8150,1015.3090,519.5611,-79.4097,0.0000,18219
5,50,14,35.0,65.0,1.0,0.03,0.1,0.3,300,0.7785,738.1918,377.7527,-77.5353,0.0000,18219
5,50,14,35.0,65.0,1.0,0.03,0.15,0.3,820,1.1906,373.9967,191.3843,-54.0217,0.0000,18219
5,50,14,35.0,65.0,1.0,0.05,0.05,0.3,1014,1.0005,289.5834,148.1876,-52.1175,0.0000,18219
5,50,14,35.0,65.0,1.0,0.05,0.1,0.3,675,0.5483,206.0713,105.4523,-73.1706,0.0000,18219
5,50,14,35.0,65.0,1.0,0.05,0.15,0.3,598,0.9808,365.9835,187.2837,-64.1060,0.0000,18219
5,50,14,35.0,65.0,1.2,0.02,0.05,0.3,211,0.9750,1214.3144,621.3976,-68.7104,0.0000,18219
5,50,14,35.0,65.0,1.2,0.02,0.1,0.3,201,1.0070,1181.1330,604.4177,-67.7430,0.0000,18219
5,50,14,35.0,65.0,1.2,0.02,0.15,0.3,178,1.0498,1191.8854,609.9200,-66.8753,0.0000,18219
5,50,14,35.0,65.0,1.2,0.03,0.05,0.3,176,0.9886,624.9279,319.7925,-59.3043,0.0000,18219
5,50,14,35.0,65.0,1.2,0.03,0.1,0.3,175,1.1581,668.2277,341.9502,-54.4938,0.0000,18219
5,50,14,35.0,65.0,1.2,0.03,0.15,0.3,150,1.1871,678.1972,347.0519,-53.4948,0.0000,18219
5,50,14,35.0,65.0,1.2,0.05,0.05,0.3,878,1.0159,268.9664,137.6374,-55.6192,0.0000,18219
5,50,14,35.0,65.0,1.2,0.05,0.1,0.3,551,0.5352,146.5951,75.0167,-64.2198,0.0000,18219
5,50,14,35.0,65.0,1.2,0.05,0.15,0.3,513,1.0600,317.0703,162.2535,-56.8637,0.0000,18219
5,50,14,35.0,65.0,1.5,0.02,0.05,0.3,99,1.0887,413.4198,211.5581,-51.4633,0.0000,18219
5,50,14,35.0,65.0,1.5,0.02,0.1,0.3,147,1.0295,843.9342,431.8640,-64.0769,0.0000,18219
5,50,14,35.0,65.0,1.5,0.02,0.15,0.3,131,1.0408,846.7170,433.2880,-63.7917,0.0000,18219
5,50,14,35.0,65.0,1.5,0.03,0.05,0.3,134,1.0379,507.1746,259.5350,-55.5698,0.0000,18219
5,50,14,35.0,65.0,1.5,0.03,0.1,0.3,125,1.1737,536.2916,274.4349,-51.9621,0.0000,18219
5,50,14,35.0,65.0,1.5,0.03,0.15,0.3,109,1.1688,539.1525,275.8990,-51.6327,0.0000,18219
5,50,14,35.0,65.0,1.5,0.05,0.05,0.3,644,1.1086,208.4767,106.6832,-36.0764,0.0000,18219
5,50,14,35.0,65.0,1.5,0.05,0.1,0.3,391,0.9335,173.5112,88.7904,-47.3308,0.0000,18219
5,50,14,35.0,65.0,1.5,0.05,0.15,0.3,362,1.1701,245.0765,125.4123,-47.8764,0.0000,18219
5,50,14,35.0,70.0,1.0,0.02,0.05,0.3,1525,0.7795,246.5706,126.1769,-55.8522,0.0000,18219
5,50,14,35.0,70.0,1.0,0.02,0.1,0.3,1258,0.9151,213.9722,109.4954,-51.1562,0.0000,18219
5,50,14,35.0,70.0,1.0,0.02,0.15,0.3,1117,0.8816,200.8939,102.8028,-53.6640,0.0000,18219
5,50,14,35.0,70.0,1.0,0.03,0.05,0.3,368,0.8150,1015.3090,519.5611,-79.4097,0.0000,18219
5,50,14,35.0,70.0,1.0,0.03,0.1,0.3,300,0.7785,738.1918,377.7527,-77.5353,0.0000,18219
5,50,14,35.0,70.0,1.0,0.03,0.15,0.3,820,1.1906,373.9967,191.3843,-54.0217,0.0000,18219
5,50,14,35.0,70.0,1.0,0.05,0.05,0.3,1014,1.0005,289.5834,148.1876,-52.1175,0.0000,18219
5,50,14,35.0,70.0,1.0,0.05,0.1,0.3,675,0.5483,206.0713,105.4523,-73.1706,0.0000,18219
5,50,14,35.0,70.0,1.0,0.05,0.15,0.3,598,0.9808,365.9835,187.2837,-64.1060,0.0000,18219
5,50,14,35.0,70.0,1.2,0.02,0.05,0.3,211,0.9750,1214.3144,621.3976,-68.7104,0.0000,18219
5,50,14,35.0,70.0,1.2,0.02,0.1,0.3,201,1.0070,1181.1330,604.4177,-67.7430,0.0000,18219
5,50,14,35.0,70.0,1.2,0.02,0.15,0.3,178,1.0498,1191.8854,609.9200,-66.8753,0.0000,18219
5,50,14,35.0,70.0,1.2,0.03,0.05,0.3,176,0.9886,624.9279,319.7925,-59.3043,0.0000,18219
5,50,14,35.0,70.0,1.2,0.03,0.1,0.3,175,1.1581,668.2277,341.9502,-54.4938,0.0000,18219
5,50,14,35.0,70.0,1.2,0.03,0.15,0.3,150,1.1871,678.1972,347.0519,-53.4948,0.0000,18219
5,50,14,35.0,70.0,1.2,0.05,0.05,0.3,878,1.0159,268.9664,137.6374,-55.6192,0.0000,18219
5,50,14,35.0,70.0,1.2,0.05,0.1,0.3,551,0.5352,146.5951,75.0167,-64.2198,0.0000,18219
5,50,14,35.0,70.0,1.2,0.05,0.15,0.3,513,1.0600,317.0703,162.2535,-56.8637,0.0000,18219
5,50,14,35.0,70.0,1.5,0.02,0.05,0.3,99,1.0887,413.4198,211.5581,-51.4633,0.0000,18219
5,50,14,35.0,70.0,1.5,0.02,0.1,0.3,147,1.0295,843.9342,431.8640,-64.0769,0.0000,18219
5,50,14,35.0,70.0,1.5,0.02,0.15,0.3,131,1.0408,846.7170,433.2880,-63.7917,0.0000,18219
5,50,14,35.0,70.0,1.5,0.03,0.05,0.3,134,1.0379,507.1746,259.5350,-55.5698,0.0000,18219
5,50,14,35.0,70.0,1.5,0.03,0.1,0.3,125,1.1737,536.2916,274.4349,-51.9621,0.0000,18219
5,50,14,35.0,70.0,1.5,0.03,0.15,0.3,109,1.1688,539.1525,275.8990,-51.6327,0.0000,18219
5,50,14,35.0,70.0,1.5,0.05,0.05,0.3,644,1.1086,208.4767,106.6832,-36.0764,0.0000,18219
5,50,14,35.0,70.0,1.5,0.05,0.1,0.3,391,0.9335,173.5112,88.7904,-47.3308,0.0000,18219
5,50,14,35.0,70.0,1.5,0.05,0.15,0.3,362,1.1701,245.0765,125.4123,-47.8764,0.0000,18219
5,50,14,35.0,75.0,1.0,0.02,0.05,0.3,1525,0.7795,246.5706,126.1769,-55.8522,0.0000,18219
5,50,14,35.0,75.0,1.0,0.02,0.1,0.3,1258,0.9151,213.9722,109.4954,-51.1562,0.0000,18219
5,50,14,35.0,75.0,1.0,0.02,0.15,0.3,1117,0.8816,200.8939,102.8028,-53.6640,0.0000,18219
5,50,14,35.0,75.0,1.0,0.03,0.05,0.3,368,0.8150,1015.3090,519.5611,-79.4097,0.0000,18219
5,50,14,35.0,75.0,1.0,0.03,0.1,0.3,300,0.7785,738.1918,377.7527,-77.5353,0.0000,18219
5,50,14,35.0,75.0,1.0,0.03,0.15,0.3,820,1.1906,373.9967,191.3843,-54.0217,0.0000,18219
5,50,14,35.0,75.0,1.0,0.05,0.05,0.3,1014,1.0005,289.5834,148.1876,-52.1175,0.0000,18219
5,50,14,35.0,75.0,1.0,0.05,0.1,0.3,675,0.5483,206.0713,105.4523,-73.1706,0.0000,18219
5,50,14,35.0,75.0,1.0,0.05,0.15,0.3,598,0.9808,365.9835,187.2837,-64.1060,0.0000,18219
5,50,14,35.0,75.0,1.2,0.02,0.05,0.3,211,0.9750,1214.3144,621.3976,-68.7104,0.0000,18219
5,50,14,35.0,75.0,1.2,0.02,0.1,0.3,201,1.0070,1181.1330,604.4177,-67.7430,0.0000,18219
5,50,14,35.0,75.0,1.2,0.02,0.15,0.3,178,1.0498,1191.8854,609.9200,-66.8753,0.0000,18219
5,50,14,35.0,75.0,1.2,0.03,0.05,0.3,176,0.9886,624.9279,319.7925,-59.3043,0.0000,18219
5,50,14,35.0,75.0,1.2,0.03,0.1,0.3,175,1.1581,668.2277,341.9502,-54.4938,0.0000,18219
5,50,14,35.0,75.0,1.2,0.03,0.15,0.3,150,1.1871,678.1972,347.0519,-53.4948,0.0000,18219
5,50,14,35.0,75.0,1.2,0.05,0.05,0.3,878,1.0159,268.9664,137.6374,-55.6192,0.0000,18219
5,50,14,35.0,75.0,1.2,0.05,0.1,0.3,551,0.5352,146.5951,75.0167,-64.2198,0.0000,18219
5,50,14,35.0,75.0,1.2,0.05,0.15,0.3,513,1.0600,317.0703,162.2535,-56.8637,0.0000,18219
5,50,14,35.0,75.0,1.5,0.02,0.05,0.3,99,1.0887,413.4198,211.5581,-51.4633,0.0000,18219
5,50,14,35.0,75.0,1.5,0.02,0.1,0.3,147,1.0295,843.9342,431.8640,-64.0769,0.0000,18219
5,50,14,35.0,75.0,1.5,0.02,0.15,0.3,131,1.0408,846.7170,433.2880,-63.7917,0.0000,18219
5,50,14,35.0,75.0,1.5,0.03,0.05,0.3,134,1.0379,507.1746,259.5350,-55.5698,0.0000,18219
5,50,14,35.0,75.0,1.5,0.03,0.1,0.3,125,1.1737,536.2916,274.4349,-51.9621,0.0000,18219
5,50,14,35.0,75.0,1.5,0.03,0.15,0.3,109,1.1688,539.1525,275.8990,-51.6327,0.0000,18219
5,50,14,35.0,75.0,1.5,0.05,0.05,0.3,644,1.1086,208.4767,106.6832,-36.0764,0.0000,18219
5,50,14,35.0,75.0,1.5,0.05,0.1,0.3,391,0.9335,173.5112,88.7904,-47.3308,0.0000,18219
5,50,14,35.0,75.0,1.5,0.05,0.15,0.3,362,1.1701,245.0765,125.4123,-47.8764,0.0000,18219
8,13,9,25.0,65.0,1.0,0.02,0.05,0.3,529,1.2703,559.0154,286.0633,-49.5933,0.0000,18219
8,13,9,25.0,65.0,1.0,0.02,0.1,0.3,652,1.4574,273.4321,139.9226,-35.7646,0.0000,18219
8,13,9,25.0,65.0,1.0,0.02,0.15,0.3,509,1.2810,140.2047,71.7466,-22.4359,0.0000,18219
8,13,9,25.0,65.0,1.0,0.03,0.05,0.3,731,1.5913,269.0938,137.7026,-36.5535,0.0000,18219
8,13,9,25.0,65.0,1.0,0.03,0.1,0.3,467,1.5623,273.4647,139.9393,-32.7321,0.0000,18219
8,13,9,25.0,65.0,1.0,0.03,0.15,0.3,327,2.2267,236.7970,121.1754,-19.8099,0.0000,18219
8,13,9,25.0,65.0,1.0,0.05,0.05,0.3,535,2.1993,393.6775,201.4555,-20.6337,0.0000,18219
8,13,9,25.0,65.0,1.0,0.05,0.1,0.3,329,1.4569,284.2049,145.4354,-38.3541,0.0000,18219
8,13,9,25.0,65.0,1.0,0.05,0.15,0.3,279,1.0750,120.5244,61.6756,-33.9653,0.0000,18219
8,13,9,25.0,65.0,1.2,0.02,0.05,0.3,719,1.8329,379.4278,194.1635,-25.1508,0.0000,18219
8,13,9,25.0,65.0,1.2,0.02,0.1,0.3,538,1.7180,249.2462,127.5460,-25.8802,0.0000,18219
8,13,9,25.0,65.0,1.2,0.02,0.15,0.3,474,1.3316,130.4606,66.7602,-18.8852,0.0000,18219
8,13,9,25.0,65.0,1.2,0.03,0.05,0.3,664,1.5655,236.6911,121.1213,-35.4664,0.0000,18219
8,13,9,25.0,65.0,1.2,0.03,0.1,0.3,432,1.5198,229.6509,117.5186,-30.6620,0.0000,18219
8,13,9,25.0,65.0,1.2,0.03,0.15,0.3,321,2.1347,213.1555,109.0774,-18.3204,0.0000,18219
8,13,9,25.0,65.0,1.2,0.05,0.05,0.3,476,1.6910,283.9778,145.3191,-29.3492,0.0000,18219
8,13,9,25.0,65.0,1.2,0.05,0.1,0.3,303,1.6340,271.7602,139.0671,-29.7381,0.0000,18219
8,13,9,25.0,65.0,1.2,0.05,0.15,0.3,257,1.0257,106.9849,54.7471,-34.1493,0.0000,18219
8,13,9,25.0,65.0,1.5,0.02,0.05,0.3,634,2.1028,368.6619,188.6543,-20.9190,0.0000,18219
8,13,9,25.0,65.0,1.5,0.02,0.1,0.3,493,2.0704,304.1515,155.6425,-22.0017,0.0000,18219
8,13,9,25.0,65.0,1.5,0.02,0.15,0.3,414,1.5921,130.1226,66.5873,-17.1150,0.0000,18219
8,13,9,25.0,65.0,1.5,0.03,0.05,0.3,561,2.1234,262.5209,134.3390,-20.4657,0.0000,18219
8,13,9,25.0,65.0,1.5,0.03,0.1,0.3,379,2.0057,293.9880,150.4416,-21.5785,0.0000,18219
8,13,9,25.0,65.0,1.5,0.03,0.15,0.3,309,1.9568,170.0804,87.0347,-18.7147,0.0000,18219
8,13,9,25.0,65.0,1.5,0.05,0.05,0.3,530,1.6170,139.5281,71.4003,-17.0373,0.0000,18219
8,13,9,25.0,65.0,1.5,0.05,0.1,0.3,318,0.7766,65.3017,33.4167,-36.5283,0.0000,18219
8,13,9,25.0,65.0,1.5,0.05,0.15,0.3,245,0.5265,56.9633,29.1497,-41.5592,0.0000,18219
8,13,9,25.0,70.0,1.0,0.02,0.05,0.3,529,1.2703,559.0154,286.0633,-49.5933,0.0000,18219
8,13,9,25.0,70.0,1.0,0.02,0.1,0.3,652,1.4574,273.4321,139.9226,-35.7646,0.0000,18219
8,13,9,25.0,70.0,1.0,0.02,0.15,0.3,509,1.2810,140.2047,71.7466,-22.4359,0.0000,18219
8,13,9,25.0,70.0,1.0,0.03,0.05,0.3,731,1.5913,269.0938,137.7026,-36.5535,0.0000,18219
8,13,9,25.0,70.0,1.0,0.03,0.1,0.3,467,1.5623,273.4647,139.9393,-32.7321,0.0000,18219
8,13,9,25.0,70.0,1.0,0.03,0.15,0.3,327,2.2267,236.7970,121.1754,-19.8099,0.0000,18219
8,13,9,25.0,70.0,1.0,0.05,0.05,0.3,535,2.1993,393.6775,201.4555,-20.6337,0.0000,18219
8,13,9,25.0,70.0,1.0,0.05,0.1,0.3,329,1.4569,284.2049,145.4354,-38.3541,0.0000,18219
8,13,9,25.0,70.0,1.0,0.05,0.15,0.3,279,1.0750,120.5244,61.6756,-33.9653,0.0000,18219
8,13,9,25.0,70.0,1.2,0.02,0.05,0.3,719,1.8329,379.4278,194.1635,-25.1508,0.0000,18219
8,13,9,25.0,70.0,1.2,0.02,0.1,0.3,538,1.7180,249.2462,127.5460,-25.8802,0.0000,18219
8,13,9,25.0,70.0,1.2,0.02,0.15,0.3,474,1.3316,130.4606,66.7602,-18.8852,0.0000,18219
8,13,9,25.0,70.0,1.2,0.03,0.05,0.3,664,1.5655,236.6911,121.1213,-35.4664,0.0000,18219
8,13,9,25.0,70.0,1.2,0.03,0.1,0.3,432,1.5198,229.6509,117.5186,-30.6620,0.0000,18219
8,13,9,25.0,70.0,1.2,0.03,0.15,0.3,321,2.1347,213.1555,109.0774,-18.3204,0.0000,18219
8,13,9,25.0,70.0,1.2,0.05,0.05,0.3,476,1.6910,283.9778,145.3191,-29.3492,0.0000,18219
8,13,9,25.0,70.0,1.2,0.05,0.1,0.3,303,1.6340,271.7602,139.0671,-29.7381,0.0000,18219
8,13,9,25.0,70.0,1.2,0.05,0.15,0.3,257,1.0257,106.9849,54.7471,-34.1493,0.0000,18219
8,13,9,25.0,70.0,1.5,0.02,0.05,0.3,634,2.1028,368.6619,188.6543,-20.9190,0.0000,18219
8,13,9,25.0,70.0,1.5,0.02,0.1,0.3,493,2.0704,304.1515,155.6425,-22.0017,0.0000,18219
8,13,9,25.0,70.0,1.5,0.02,0.15,0.3,414,1.5921,130.1226,66.5873,-17.1150,0.0000,18219
8,13,9,25.0,70.0,1.5,0.03,0.05,0.3,561,2.1234,262.5209,134.3390,-20.4657,0.0000,18219
8,13,9,25.0,70.0,1.5,0.03,0.1,0.3,379,2.0057,293.9880,150.4416,-21.5785,0.0000,18219
8,13,9,25.0,70.0,1.5,0.03,0.15,0.3,309,1.9568,170.0804,87.0347,-18.7147,0.0000,18219
8,13,9,25.0,70.0,1.5,0.05,0.05,0.3,530,1.6170,139.5281,71.4003,-17.0373,0.0000,18219
8,13,9,25.0,70.0,1.5,0.05,0.1,0.3,318,0.7766,65.3017,33.4167,-36.5283,0.0000,18219
8,13,9,25.0,70.0,1.5,0.05,0.15,0.3,245,0.5265,56.9633,29.1497,-41.5592,0.0000,18219
8,13,9,25.0,75.0,1.0,0.02,0.05,0.3,529,1.2703,559.0154,286.0633,-49.5933,0.0000,18219
8,13,9,25.0,75.0,1.0,0.02,0.1,0.3,652,1.4574,273.4321,139.9226,-35.7646,0.0000,18219
8,13,9,25.0,75.0,1.0,0.02,0.15,0.3,509,1.2810,140.2047,71.7466,-22.4359,0.0000,18219
8,13,9,25.0,75.0,1.0,0.03,0.05,0.3,731,1.5913,269.0938,137.7026,-36.5535,0.0000,18219
8,13,9,25.0,75.0,1.0,0.03,0.1,0.3,467,1.5623,273.4647,139.9393,-32.7321,0.0000,18219
8,13,9,25.0,75.0,1.0,0.03,0.15,0.3,327,2.2267,236.7970,121.1754,-19.8099,0.0000,18219
8,13,9,25.0,75.0,1.0,0.05,0.05,0.3,535,2.1993,393.6775,201.4555,-20.6337,0.0000,18219
8,13,9,25.0,75.0,1.0,0.05,0.1,0.3,329,1.4569,284.2049,145.4354,-38.3541,0.0000,18219
8,13,9,25.0,75.0,1.0,0.05,0.15,0.3,279,1.0750,120.5244,61.6756,-33.9653,0.0000,18219
8,13,9,25.0,75.0,1.2,0.02,0.05,0.3,719,1.8329,379.4278,194.1635,-25.1508,0.0000,18219
8,13,9,25.0,75.0,1.2,0.02,0.1,0.3,538,1.7180,249.2462,127.5460,-25.8802,0.0000,18219
8,13,9,25.0,75.0,1.2,0.02,0.15,0.3,474,1.3316,130.4606,66.7602,-18.8852,0.0000,18219
8,13,9,25.0,75.0,1.2,0.03,0.05,0.3,664,1.5655,236.6911,121.1213,-35.4664,0.0000,18219
8,13,9,25.0,75.0,1.2,0.03,0.1,0.3,432,1.5198,229.6509,117.5186,-30.6620,0.0000,18219
8,13,9,25.0,75.0,1.2,0.03,0.15,0.3,321,2.1347,213.1555,109.0774,-18.3204,0.0000,18219
8,13,9,25.0,75.0,1.2,0.05,0.05,0.3,476,1.6910,283.9778,145.3191,-29.3492,0.0000,18219
8,13,9,25.0,75.0,1.2,0.05,0.1,0.3,303,1.6340,271.7602,139.0671,-29.7381,0.0000,18219
8,13,9,25.0,75.0,1.2,0.05,0.15,0.3,257,1.0257,106.9849,54.7471,-34.1493,0.0000,18219
8,13,9,25.0,75.0,1.5,0.02,0.05,0.3,634,2.1028,368.6619,188.6543,-20.9190,0.0000,18219
8,13,9,25.0,75.0,1.5,0.02,0.1,0.3,493,2.0704,304.1515,155.6425,-22.0017,0.0000,18219
8,13,9,25.0,75.0,1.5,0.02,0.15,0.3,414,1.5921,130.1226,66.5873,-17.1150,0.0000,18219
8,13,9,25.0,75.0,1.5,0.03,0.05,0.3,561,2.1234,262.5209,134.3390,-20.4657,0.0000,18219
8,13,9,25.0,75.0,1.5,0.03,0.1,0.3,379,2.0057,293.9880,150.4416,-21.5785,0.0000,18219
8,13,9,25.0,75.0,1.5,0.03,0.15,0.3,309,1.9568,170.0804,87.0347,-18.7147,0.0000,18219
8,13,9,25.0,75.0,1.5,0.05,0.05,0.3,530,1.6170,139.5281,71.4003,-17.0373,0.0000,18219
8,13,9,25.0,75.0,1.5,0.05,0.1,0.3,318,0.7766,65.3017,33.4167,-36.5283,0.0000,18219
8,13,9,25.0,75.0,1.5,0.05,0.15,0.3,245,0.5265,56.9633,29.1497,-41.5592,0.0000,18219
8,13,9,30.0,65.0,1.0,0.02,0.05,0.3,529,1.2703,559.0154,286.0633,-49.5933,0.0000,18219
8,13,9,30.0,65.0,1.0,0.02,0.1,0.3,652,1.4574,273.4321,139.9226,-35.7646,0.0000,18219
8,13,9,30.0,65.0,1.0,0.02,0.15,0.3,509,1.2810,140.2047,71.7466,-22.4359,0.0000,18219
8,13,9,30.0,65.0,1.0,0.03,0.05,0.3,731,1.5913,269.0938,137.7026,-36.5535,0.0000,18219
8,13,9,30.0,65.0,1.0,0.03,0.1,0.3,467,1.5623,273.4647,139.9393,-32.7321,0.0000,18219
8,13,9,30.0,65.0,1.0,0.03,0.15,0.3,327,2.2267,236.7970,121.1754,-19.8099,0.0000,18219
8,13,9,30.0,65.0,1.0,0.05,0.05,0.3,535,2.1993,393.6775,201.4555,-20.6337,0.0000,18219
8,13,9,30.0,65.0,1.0,0.05,0.1,0.3,329,1.4569,284.2049,145.4354,-38.3541,0.0000,18219
8,13,9,30.0,65.0,1.0,0.05,0.15,0.3,279,1.0750,120.5244,61.6756,-33.9653,0.0000,18219
8,13,9,30.0,65.0,1.2,0.02,0.05,0.3,719,1.8329,379.4278,194.1635,-25.1508,0.0000,18219
8,13,9,30.0,65.0,1.2,0.02,0.1,0.3,538,1.7180,249.2462,127.5460,-25.8802,0.0000,18219
8,13,9,30.0,65.0,1.2,0.02,0.15,0.3,474,1.3316,130.4606,66.7602,-18.8852,0.0000,18219
8,13,9,30.0,65.0,1.2,0.03,0.05,0.3,664,1.5655,236.6911,121.1213,-35.4664,0.0000,18219
8,13,9,30.0,65.0,1.2,0.03,0.1,0.3,432,1.5198,229.6509,117.5186,-30.6620,0.0000,18219
8,13,9,30.0,65.0,1.2,0.03,0.15,0.3,321,2.1347,213.1555,109.0774,-18.3204,0.0000,18219
8,13,9,30.0,65.0,1.2,0.05,0.05,0.3,476,1.6910,283.9778,145.3191,-29.3492,0.0000,18219
8,13,9,30.0,65.0,1.2,0.05,0.1,0.3,303,1.6340,271.7602,139.0671,-29.7381,0.0000,18219
8,13,9,30.0,65.0,1.2,0.05,0.15,0.3,257,1.0257,106.9849,54.7471,-34.1493,0.0000,18219
8,13,9,30.0,65.0,1.5,0.02,0.05,0.3,634,2.1028,368.6619,188.6543,-20.9190,0.0000,18219
8,13,9,30.0,65.0,1.5,0.02,0.1,0.3,493,2.0704,304.1515,155.6425,-22.0017,0.0000,18219
8,13,9,30.0,65.0,1.5,0.02,0.15,0.3,414,1.5921,130.1226,66.5873,-17.1150,0.0000,18219
8,13,9,30.0,65.0,1.5,0.03,0.05,0.3,561,2.1234,262.5209,134.3390,-20.4657,0.0000,18219
8,13,9,30.0,65.0,1.5,0.03,0.1,0.3,379,2.0057,293.9880,150.4416,-21.5785,0.0000,18219
8,13,9,30.0,65.0,1.5,0.03,0.15,0.3,309,1.9568,170.0804,87.0347,-18.7147,0.0000,18219
8,13,9,30.0,65.0,1.5,0.05,0.05,0.3,530,1.6170,139.5281,71.4003,-17.0373,0.0000,18219
8,13,9,30.0,65.0,1.5,0.05,0.1,0.3,318,0.7766,65.3017,33.4167,-36.5283,0.0000,18219
8,13,9,30.0,65.0,1.5,0.05,0.15,0.3,245,0.5265,56.9633,29.1497,-41.5592,0.0000,18219
8,13,9,30.0,70.0,1.0,0.02,0.05,0.3,529,1.2703,559.0154,286.0633,-49.5933,0.0000,18219
8,13,9,30.0,70.0,1.0,0.02,0.1,0.3,652,1.4574,273.4321,139.9226,-35.7646,0.0000,18219
8,13,9,30.0,70.0,1.0,0.02,0.15,0.3,509,1.2810,140.2047,71.7466,-22.4359,0.0000,18219
8,13,9,30.0,70.0,1.0,0.03,0.05,0.3,731,1.5913,269.0938,137.7026,-36.5535,0.0000,18219
8,13,9,30.0,70.0,1.0,0.03,0.1,0.3,467,1.5623,273.4647,139.9393,-32.7321,0.0000,18219
8,13,9,30.0,70.0,1.0,0.03,0.15,0.3,327,2.2267,236.7970,121.1754,-19.8099,0.0000,18219
8,13,9,30.0,70.0,1.0,0.05,0.05,0.3,535,2.1993,393.6775,201.4555,-20.6337,0.0000,18219
8,13,9,30.0,70.0,1.0,0.05,0.1,0.3,329,1.4569,284.2049,145.4354,-38.3541,0.0000,18219
8,13,9,30.0,70.0,1.0,0.05,0.15,0.3,279,1.0750,120.5244,61.6756,-33.9653,0.0000,18219
8,13,9,30.0,70.0,1.2,0.02,0.05,0.3,719,1.8329,379.4278,194.1635,-25.1508,0.0000,18219
8,13,9,30.0,70.0,1.2,0.02,0.1,0.3,538,1.7180,249.2462,127.5460,-25.8802,0.0000,18219
8,13,9,30.0,70.0,1.2,0.02,0.15,0.3,474,1.3316,130.4606,66.7602,-18.8852,0.0000,18219
8,13,9,30.0,70.0,1.2,0.03,0.05,0.3,664,1.5655,236.6911,121.1213,-35.4664,0.0000,18219
8,13,9,30.0,70.0,1.2,0.03,0.1,0.3,432,1.5198,229.6509,117.5186,-30.6620,0.0000,18219
8,13,9,30.0,70.0,1.2,0.03,0.15,0.3,321,2.1347,213.1555,109.0774,-18.3204,0.0000,18219
8,13,9,30.0,70.0,1.2,0.05,0.05,0.3,476,1.6910,283.9778,145.3191,-29.3492,0.0000,18219
8,13,9,30.0,70.0,1.2,0.05,0.1,0.3,303,1.6340,271.7602,139.0671,-29.7381,0.0000,18219
8,13,9,30.0,70.0,1.2,0.05,0.15,0.3,257,1.0257,106.9849,54.7471,-34.1493,0.0000,18219
8,13,9,30.0,70.0,1.5,0.02,0.05,0.3,634,2.1028,368.6619,188.6543,-20.9190,0.0000,18219
8,13,9,30.0,70.0,1.5,0.02,0.1,0.3,493,2.0704,304.1515,155.6425,-22.0017,0.0000,18219
8,13,9,30.0,70.0,1.5,0.02,0.15,0.3,414,1.5921,130.1226,66.5873,-17.1150,0.0000,18219
8,13,9,30.0,70.0,1.5,0.03,0.05,0.3,561,2.1234,262.5209,134.3390,-20.4657,0.0000,18219
8,13,9,30.0,70.0,1.5,0.03,0.1,0.3,379,2.0057,293.9880,150.4416,-21.5785,0.0000,18219
8,13,9,30.0,70.0,1.5,0.03,0.15,0.3,309,1.9568,170.0804,87.0347,-18.7147,0.0000,18219
8,13,9,30.0,70.0,1.5,0.05,0.05,0.3,530,1.6170,139.5281,71.4003,-17.0373,0.0000,18219
8,13,9,30.0,70.0,1.5,0.05,0.1,0.3,318,0.7766,65.3017,33.4167,-36.5283,0.0000,18219
8,13,9,30.0,70.0,1.5,0.05,0.15,0.3,245,0.5265,56.9633,29.1497,-41.5592,0.0000,18219
8,13,9,30.0,75.0,1.0,0.02,0.05,0.3,529,1.2703,559.0154,286.0633,-49.5933,0.0000,18219
8,13,9,30.0,75.0,1.0,0.02,0.1,0.3,652,1.4574,273.4321,139.9226,-35.7646,0.0000,18219
8,13,9,30.0,75.0,1.0,0.02,0.15,0.3,509,1.2810,140.2047,71.7466,-22.4359,0.0000,18219
8,13,9,30.0,75.0,1.0,0.03,0.05,0.3,731,1.5913,269.0938,137.7026,-36.5535,0.0000,18219
8,13,9,30.0,75.0,1.0,0.03,0.1,0.3,467,1.5623,273.4647,139.9393,-32.7321,0.0000,18219
8,13,9,30.0,75.0,1.0,0.03,0.15,0.3,327,2.2267,236.7970,121.1754,-19.8099,0.0000,18219
8,13,9,30.0,75.0,1.0,0.05,0.05,0.3,535,2.1993,393.6775,201.4555,-20.6337,0.0000,18219
8,13,9,30.0,75.0,1.0,0.05,0.1,0.3,329,1.4569,284.2049,145.4354,-38.3541,0.0000,18219
8,13,9,30.0,75.0,1.0,0.05,0.15,0.3,279,1.0750,120.5244,61.6756,-33.9653,0.0000,18219
8,13,9,30.0,75.0,1.2,0.02,0.05,0.3,719,1.8329,379.4278,194.1635,-25.1508,0.0000,18219
8,13,9,30.0,75.0,1.2,0.02,0.1,0.3,538,1.7180,249.2462,127.5460,-25.8802,0.0000,18219
8,13,9,30.0,75.0,1.2,0.02,0.15,0.3,474,1.3316,130.4606,66.7602,-18.8852,0.0000,18219
8,13,9,30.0,75.0,1.2,0.03,0.05,0.3,664,1.5655,236.6911,121.1213,-35.4664,0.0000,18219
8,13,9,30.0,75.0,1.2,0.03,0.1,0.3,432,1.5198,229.6509,117.5186,-30.6620,0.0000,18219
8,13,9,30.0,75.0,1.2,0.03,0.15,0.3,321,2.1347,213.1555,109.0774,-18.3204,0.0000,18219
8,13,9,30.0,75.0,1.2,0.05,0.05,0.3,476,1.6910,283.9778,145.3191,-29.3492,0.0000,18219
8,13,9,30.0,75.0,1.2,0.05,0.1,0.3,303,1.6340,271.7602,139.0671,-29.7381,0.0000,18219
8,13,9,30.0,75.0,1.2,0.05,0.15,0.3,257,1.0257,106.9849,54.7471,-34.1493,0.0000,18219
8,13,9,30.0,75.0,1.5,0.02,0.05,0.3,634,2.1028,368.6619,188.6543,-20.9190,0.0000,18219
8,13,9,30.0,75.0,1.5,0.02,0.1,0.3,493,2.0704,304.1515,155.6425,-22.0017,0.0000,18219
8,13,9,30.0,75.0,1.5,0.02,0.15,0.3,414,1.5921,130.1226,66.5873,-17.1150,0.0000,18219
8,13,9,30.0,75.0,1.5,0.03,0.05,0.3,561,2.1234,262.5209,134.3390,-20.4657,0.0000,18219
8,13,9,30.0,75.0,1.5,0.03,0.1,0.3,379,2.0057,293.9880,150.4416,-21.5785,0.0000,18219
8,13,9,30.0,75.0,1.5,0.03,0.15,0.3,309,1.9568,170.0804,87.0347,-18.7147,0.0000,18219
8,13,9,30.0,75.0,1.5,0.05,0.05,0.3,530,1.6170,139.5281,71.4003,-17.0373,0.0000,18219
8,13,9,30.0,75.0,1.5,0.05,0.1,0.3,318,0.7766,65.3017,33.4167,-36.5283,0.0000,18219
8,13,9,30.0,75.0,1.5,0.05,0.15,0.3,245,0.5265,56.9633,29.1497,-41.5592,0.0000,18219
8,13,9,35.0,65.0,1.0,0.02,0.05,0.3,529,1.2703,559.0154,286.0633,-49.5933,0.0000,18219
8,13,9,35.0,65.0,1.0,0.02,0.1,0.3,652,1.4574,273.4321,139.9226,-35.7646,0.0000,18219
8,13,9,35.0,65.0,1.0,0.02,0.15,0.3,509,1.2810,140.2047,71.7466,-22.4359,0.0000,18219
8,13,9,35.0,65.0,1.0,0.03,0.05,0.3,731,1.5913,269.0938,137.7026,-36.5535,0.0000,18219
8,13,9,35.0,65.0,1.0,0.03,0.1,0.3,467,1.5623,273.4647,139.9393,-32.7321,0.0000,18219
8,13,9,35.0,65.0,1.0,0.03,0.15,0.3,327,2.2267,236.7970,121.1754,-19.8099,0.0000,18219
8,13,9,35.0,65.0,1.0,0.05,0.05,0.3,535,2.1993,393.6775,201.4555,-20.6337,0.0000,18219
8,13,9,35.0,65.0,1.0,0.05,0.1,0.3,329,1.4569,284.2049,145.4354,-38.3541,0.0000,18219
8,13,9,35.0,65.0,1.0,0.05,0.15,0.3,279,1.0750,120.5244,61.6756,-33.9653,0.0000,18219
8,13,9,35.0,65.0,1.2,0.02,0.05,0.3,719,1.8329,379.4278,194.1635,-25.1508,0.0000,18219
8,13,9,35.0,65.0,1.2,0.02,0.1,0.3,538,1.7180,249.2462,127.5460,-25.8802,0.0000,18219
8,13,9,35.0,65.0,1.2,0.02,0.15,0.3,474,1.3316,130.4606,66.7602,-18.8852,0.0000,18219
8,13,9,35.0,65.0,1.2,0.03,0.05,0.3,664,1.5655,236.6911,121.1213,-35.4664,0.0000,18219
8,13,9,35.0,65.0,1.2,0.03,0.1,0.3,432,1.5198,229.6509,117.5186,-30.6620,0.0000,18219
8,13,9,35.0,65.0,1.2,0.03,0.15,0.3,321,2.1347,213.1555,109.0774,-18.3204,0.0000,18219
8,13,9,35.0,65.0,1.2,0.05,0.05,0.3,476,1.6910,283.9778,145.3191,-29.3492,0.0000,18219
8,13,9,35.0,65.0,1.2,0.05,0.1,0.3,303,1.6340,271.7602,139.0671,-29.7381,0.0000,18219
8,13,9,35.0,65.0,1.2,0.05,0.15,0.3,257,1.0257,106.9849,54.7471,-34.1493,0.0000,18219
8,13,9,35.0,65.0,1.5,0.02,0.05,0.3,634,2.1028,368.6619,188.6543,-20.9190,0.0000,18219
8,13,9,35.0,65.0,1.5,0.02,0.1,0.3,493,2.0704,304.1515,155.6425,-22.0017,0.0000,18219
8,13,9,35.0,65.0,1.5,0.02,0.15,0.3,414,1.5921,130.1226,66.5873,-17.1150,0.0000,18219
8,13,9,35.0,65.0,1.5,0.03,0.05,0.3,561,2.1234,262.5209,134.3390,-20.4657,0.0000,18219
8,13,9,35.0,65.0,1.5,0.03,0.1,0.3,379,2.0057,293.9880,150.4416,-21.5785,0.0000,18219
8,13,9,35.0,65.0,1.5,0.03,0.15,0.3,309,1.9568,170.0804,87.0347,-18.7147,0.0000,18219
8,13,9,35.0,65.0,1.5,0.05,0.05,0.3,530,1.6170,139.5281,71.4003,-17.0373,0.0000,18219
8,13,9,35.0,65.0,1.5,0.05,0.1,0.3,318,0.7766,65.3017,33.4167,-36.5283,0.0000,18219
8,13,9,35.0,65.0,1.5,0.05,0.15,0.3,245,0.5265,56.9633,29.1497,-41.5592,0.0000,18219
8,13,9,35.0,70.0,1.0,0.02,0.05,0.3,529,1.2703,559.0154,286.0633,-49.5933,0.0000,18219
8,13,9,35.0,70.0,1.0,0.02,0.1,0.3,652,1.4574,273.4321,139.9226,-35.7646,0.0000,18219
8,13,9,35.0,70.0,1.0,0.02,0.15,0.3,509,1.2810,140.2047,71.7466,-22.4359,0.0000,18219
8,13,9,35.0,70.0,1.0,0.03,0.05,0.3,731,1.5913,269.0938,137.7026,-36.5535,0.0000,18219
8,13,9,35.0,70.0,1.0,0.03,0.1,0.3,467,1.5623,273.4647,139.9393,-32.7321,0.0000,18219
8,13,9,35.0,70.0,1.0,0.03,0.15,0.3,327,2.2267,236.7970,121.1754,-19.8099,0.0000,18219
8,13,9,35.0,70.0,1.0,0.05,0.05,0.3,535,2.1993,393.6775,201.4555,-20.6337,0.0000,18219
8,13,9,35.0,70.0,1.0,0.05,0.1,0.3,329,1.4569,284.2049,145.4354,-38.3541,0.0000,18219
8,13,9,35.0,70.0,1.0,0.05,0.15,0.3,279,1.0750,120.5244,61.6756,-33.9653,0.0000,18219
8,13,9,35.0,70.0,1.2,0.02,0.05,0.3,719,1.8329,379.4278,194.1635,-25.1508,0.0000,18219
8,13,9,35.0,70.0,1.2,0.02,0.1,0.3,538,1.7180,249.2462,127.5460,-25.8802,0.0000,18219
8,13,9,35.0,70.0,1.2,0.02,0.15,0.3,474,1.3316,130.4606,66.7602,-18.8852,0.0000,18219
8,13,9,35.0,70.0,1.2,0.03,0.05,0.3,664,1.5655,236.6911,121.1213,-35.4664,0.0000,18219
8,13,9,35.0,70.0,1.2,0.03,0.1,0.3,432,1.5198,229.6509,117.5186,-30.6620,0.0000,18219
8,13,9,35.0,70.0,1.2,0.03,0.15,0.3,321,2.1347,213.1555,109.0774,-18.3204,0.0000,18219
8,13,9,35.0,70.0,1.2,0.05,0.05,0.3,476,1.6910,283.9778,145.3191,-29.3492,0.0000,18219
8,13,9,35.0,70.0,1.2,0.05,0.1,0.3,303,1.6340,271.7602,139.0671,-29.7381,0.0000,18219
8,13,9,35.0,70.0,1.2,0.05,0.15,0.3,257,1.0257,106.9849,54.7471,-34.1493,0.0000,18219
8,13,9,35.0,70.0,1.5,0.02,0.05,0.3,634,2.1028,368.6619,188.6543,-20.9190,0.0000,18219
8,13,9,35.0,70.0,1.5,0.02,0.1,0.3,493,2.0704,304.1515,155.6425,-22.0017,0.0000,18219
8,13,9,35.0,70.0,1.5,0.02,0.15,0.3,414,1.5921,130.1226,66.5873,-17.1150,0.0000,18219
8,13,9,35.0,70.0,1.5,0.03,0.05,0.3,561,2.1234,262.5209,134.3390,-20.4657,0.0000,18219
8,13,9,35.0,70.0,1.5,0.03,0.1,0.3,379,2.0057,293.9880,150.4416,-21.5785,0.0000,18219
8,13,9,35.0,70.0,1.5,0.03,0.15,0.3,309,1.9568,170.0804,87.0347,-18.7147,0.0000,18219
8,13,9,35.0,70.0,1.5,0.05,0.05,0.3,530,1.6170,139.5281,71.4003,-17.0373,0.0000,18219
8,13,9,35.0,70.0,1.5,0.05,0.1,0.3,318,0.7766,65.3017,33.4167,-36.5283,0.0000,18219
8,13,9,35.0,70.0,1.5,0.05,0.15,0.3,245,0.5265,56.9633,29.1497,-41.5592,0.0000,18219
8,13,9,35.0,75.0,1.0,0.02,0.05,0.3,529,1.2703,559.0154,286.0633,-49.5933,0.0000,18219
8,13,9,35.0,75.0,1.0,0.02,0.1,0.3,652,1.4574,273.4321,139.9226,-35.7646,0.0000,18219
8,13,9,35.0,75.0,1.0,0.02,0.15,0.3,509,1.2810,140.2047,71.7466,-22.4359,0.0000,18219
8,13,9,35.0,75.0,1.0,0.03,0.05,0.3,731,1.5913,269.0938,137.7026,-36.5535,0.0000,18219
8,13,9,35.0,75.0,1.0,0.03,0.1,0.3,467,1.5623,273.4647,139.9393,-32.7321,0.0000,18219
8,13,9,35.0,75.0,1.0,0.03,0.15,0.3,327,2.2267,236.7970,121.1754,-19.8099,0.0000,18219
8,13,9,35.0,75.0,1.0,0.05,0.05,0.3,535,2.1993,393.6775,201.4555,-20.6337,0.0000,18219
8,13,9,35.0,75.0,1.0,0.05,0.1,0.3,329,1.4569,284.2049,145.4354,-38.3541,0.0000,18219
8,13,9,35.0,75.0,1.0,0.05,0.15,0.3,279,1.0750,120.5244,61.6756,-33.9653,0.0000,18219
8,13,9,35.0,75.0,1.2,0.02,0.05,0.3,719,1.8329,379.4278,194.1635,-25.1508,0.0000,18219
8,13,9,35.0,75.0,1.2,0.02,0.1,0.3,538,1.7180,249.2462,127.5460,-25.8802,0.0000,18219
8,13,9,35.0,75.0,1.2,0.02,0.15,0.3,474,1.3316,130.4606,66.7602,-18.8852,0.0000,18219
8,13,9,35.0,75.0,1.2,0.03,0.05,0.3,664,1.5655,236.6911,121.1213,-35.4664,0.0000,18219
8,13,9,35.0,75.0,1.2,0.03,0.1,0.3,432,1.5198,229.6509,117.5186,-30.6620,0.0000,18219
8,13,9,35.0,75.0,1.2,0.03,0.15,0.3,321,2.1347,213.1555,109.0774,-18.3204,0.0000,18219
8,13,9,35.0,75.0,1.2,0.05,0.05,0.3,476,1.6910,283.9778,145.3191,-29.3492,0.0000,18219
8,13,9,35.0,75.0,1.2,0.05,0.1,0.3,303,1.6340,271.7602,139.0671,-29.7381,0.0000,18219
8,13,9,35.0,75.0,1.2,0.05,0.15,0.3,257,1.0257,106.9849,54.7471,-34.1493,0.0000,18219
8,13,9,35.0,75.0,1.5,0.02,0.05,0.3,634,2.1028,368.6619,188.6543,-20.9190,0.0000,18219
8,13,9,35.0,75.0,1.5,0.02,0.1,0.3,493,2.0704,304.1515,155.6425,-22.0017,0.0000,18219
8,13,9,35.0,75.0,1.5,0.02,0.15,0.3,414,1.5921,130.1226,66.5873,-17.1150,0.0000,18219
8,13,9,35.0,75.0,1.5,0.03,0.05,0.3,561,2.1234,262.5209,134.3390,-20.4657,0.0000,18219
8,13,9,35.0,75.0,1.5,0.03,0.1,0.3,379,2.0057,293.9880,150.4416,-21.5785,0.0000,18219
8,13,9,35.0,75.0,1.5,0.03,0.15,0.3,309,1.9568,170.0804,87.0347,-18.7147,0.0000,18219
8,13,9,35.0,75.0,1.5,0.05,0.05,0.3,530,1.6170,139.5281,71.4003,-17.0373,0.0000,18219
8,13,9,35.0,75.0,1.5,0.05,0.1,0.3,318,0.7766,65.3017,33.4167,-36.5283,0.0000,18219
8,13,9,35.0,75.0,1.5,0.05,0.15,0.3,245,0.5265,56.9633,29.1497,-41.5592,0.0000,18219
8,13,14,25.0,65.0,1.0,0.02,0.05,0.3,529,1.2703,559.0154,286.0633,-49.5933,0.0000,18219
8,13,14,25.0,65.0,1.0,0.02,0.1,0.3,652,1.4574,273.4321,139.9226,-35.7646,0.0000,18219
8,13,14,25.0,65.0,1.0,0.02,0.15,0.3,509,1.2810,140.2047,71.7466,-22.4359,0.0000,18219
8,13,14,25.0,65.0,1.0,0.03,0.05,0.3,731,1.5913,269.0938,137.7026,-36.5535,0.0000,18219
8,13,14,25.0,65.0,1.0,0.03,0.1,0.3,467,1.5623,273.4647,139.9393,-32.7321,0.0000,18219
8,13,14,25.0,65.0,1.0,0.03,0.15,0.3,327,2.2267,236.7970,121.1754,-19.8099,0.0000,18219
8,13,14,25.0,65.0,1.0,0.05,0.05,0.3,535,2.1993,393.6775,201.4555,-20.6337,0.0000,18219
8,13,14,25.0,65.0,1.0,0.05,0.1,0.3,329,1.4569,284.2049,145.4354,-38.3541,0.0000,18219
8,13,14,25.0,65.0,1.0,0.05,0.15,0.3,279,1.0750,120.5244,61.6756,-33.9653,0.0000,18219
8,13,14,25.0,65.0,1.2,0.02,0.05,0.3,719,1.8329,379.4278,194.1635,-25.1508,0.0000,18219
8,13,14,25.0,65.0,1.2,0.02,0.1,0.3,538,1.7180,249.2462,127.5460,-25.8802,0.0000,18219
8,13,14,25.0,65.0,1.2,0.02,0.15,0.3,474,1.3316,130.4606,66.7602,-18.8852,0.0000,18219
8,13,14,25.0,65.0,1.2,0.03,0.05,0.3,664,1.5655,236.6911,121.1213,-35.4664,0.0000,18219
8,13,14,25.0,65.0,1.2,0.03,0.1,0.3,432,1.5198,229.6509,117.5186,-30.6620,0.0000,18219
8,13,14,25.0,65.0,1.2,0.03,0.15,0.3,321,2.1347,213.1555,109.0774,-18.3204,0.0000,18219
8,13,14,25.0,65.0,1.2,0.05,0.05,0.3,476,1.6910,283.9778,145.3191,-29.3492,0.0000,18219
8,13,14,25.0,65.0,1.2,0.05,0.1,0.3,303,1.6340,271.7602,139.0671,-29.7381,0.0000,18219
8,13,14,25.0,65.0,1.2,0.05,0.15,0.3,257,1.0257,106.9849,54.7471,-34.1493,0.0000,18219
8,13,14,25.0,65.0,1.5,0.02,0.05,0.3,634,2.1028,368.6619,188.6543,-20.9190,0.0000,18219
8,13,14,25.0,65.0,1.5,0.02,0.1,0.3,493,2.0704,304.1515,155.6425,-22.0017,0.0000,18219
8,13,14,25.0,65.0,1.5,0.02,0.15,0.3,414,1.5921,130.1226,66.5873,-17.1150,0.0000,18219
8,13,14,25.0,65.0,1.5,0.03,0.05,0.3,561,2.1234,262.5209,134.3390,-20.4657,0.0000,18219
8,13,14,25.0,65.0,1.5,0.03,0.1,0.3,379,2.0057,293.9880,150.4416,-21.5785,0.0000,18219
8,13,14,25.0,65.0,1.5,0.03,0.15,0.3,309,1.9568,170.0804,87.0347,-18.7147,0.0000,18219
8,13,14,25.0,65.0,1.5,0.05,0.05,0.3,530,1.6170,139.5281,71.4003,-17.0373,0.0000,18219
8,13,14,25.0,65.0,1.5,0.05,0.1,0.3,318,0.7766,65.3017,33.4167,-36.5283,0.0000,18219
8,13,14,25.0,65.0,1.5,0.05,0.15,0.3,245,0.5265,56.9633,29.1497,-41.5592,0.0000,18219
8,13,14,25.0,70.0,1.0,0.02,0.05,0.3,529,1.2703,559.0154,286.0633,-49.5933,0.0000,18219
8,13,14,25.0,70.0,1.0,0.02,0.1,0.3,652,1.4574,273.4321,139.9226,-35.7646,0.0000,18219
8,13,14,25.0,70.0,1.0,0.02,0.15,0.3,509,1.2810,140.2047,71.7466,-22.4359,0.0000,18219
8,13,14,25.0,70.0,1.0,0.03,0.05,0.3,731,1.5913,269.0938,137.7026,-36.5535,0.0000,18219
8,13,14,25.0,70.0,1.0,0.03,0.1,0.3,467,1.5623,273.4647,139.9393,-32.7321,0.0000,18219
8,13,14,25.0,70.0,1.0,0.03,0.15,0.3,327,2.2267,236.7970,121.1754,-19.8099,0.0000,18219
8,13,14,25.0,70.0,1.0,0.05,0.05,0.3,535,2.1993,393.6775,201.4555,-20.6337,0.0000,18219
8,13,14,25.0,70.0,1.0,0.05,0.1,0.3,329,1.4569,284.2049,145.4354,-38.3541,0.0000,18219
8,13,14,25.0,70.0,1.0,0.05,0.15,0.3,279,1.0750,120.5244,61.6756,-33.9653,0.0000,18219
8,13,14,25.0,70.0,1.2,0.02,0.05,0.3,719,1.8329,379.4278,194.1635,-25.1508,0.0000,18219
8,13,14,25.0,70.0,1.2,0.02,0.1,0.3,538,1.7180,249.2462,127.5460,-25.8802,0.0000,18219
8,13,14,25.0,70.0,1.2,0.02,0.15,0.3,474,1.3316,130.4606,66.7602,-18.8852,0.0000,18219
8,13,14,25.0,70.0,1.2,0.03,0.05,0.3,664,1.5655,236.6911,121.1213,-35.4664,0.0000,18219
8,13,14,25.0,70.0,1.2,0.03,0.1,0.3,432,1.5198,229.6509,117.5186,-30.6620,0.0000,18219
8,13,14,25.0,70.0,1.2,0.03,0.15,0.3,321,2.1347,213.1555,109.0774,-18.3204,0.0000,18219
8,13,14,25.0,70.0,1.2,0.05,0.05,0.3,476,1.6910,283.9778,145.3191,-29.3492,0.0000,18219
8,13,14,25.0,70.0,1.2,0.05,0.1,0.3,303,1.6340,271.7602,139.0671,-29.7381,0.0000,18219
8,13,14,25.0,70.0,1.2,0.05,0.15,0.3,257,1.0257,106.9849,54.7471,-34.1493,0.0000,18219
8,13,14,25.0,70.0,1.5,0.02,0.05,0.3,634,2.1028,368.6619,188.6543,-20.9190,0.0000,18219
8,13,14,25.0,70.0,1.5,0.02,0.1,0.3,493,2.0704,304.1515,155.6425,-22.0017,0.0000,18219
8,13,14,25.0,70.0,1.5,0.02,0.15,0.3,414,1.5921,130.1226,66.5873,-17.1150,0.0000,18219
8,13,14,25.0,70.0,1.5,0.03,0.05,0.3,561,2.1234,262.5209,134.3390,-20.4657,0.0000,18219
8,13,14,25.0,70.0,1.5,0.03,0.1,0.3,379,2.0057,293.9880,150.4416,-21.5785,0.0000,18219
8,13,14,25.0,70.0,1.5,0.03,0.15,0.3,309,1.9568,170.0804,87.0347,-18.7147,0.0000,18219
8,13,14,25.0,70.0,1.5,0.05,0.05,0.3,530,1.6170,139.5281,71.4003,-17.0373,0.0000,18219
8,13,14,25.0,70.0,1.5,0.05,0.1,0.3,318,0.7766,65.3017,33.4167,-36.5283,0.0000,18219
8,13,14,25.0,70.0,1.5,0.05,0.15,0.3,245,0.5265,56.9633,29.1497,-41.5592,0.0000,18219
8,13,14,25.0,75.0,1.0,0.02,0.05,0.3,529,1.2703,559.0154,286.0633,-49.5933,0.0000,18219
8,13,14,25.0,75.0,1.0,0.02,0.1,0.3,652,1.4574,273.4321,139.9226,-35.7646,0.0000,18219
8,13,14,25.0,75.0,1.0,0.02,0.15,0.3,509,1.2810,140.2047,71.7466,-22.4359,0.0000,18219
8,13,14,25.0,75.0,1.0,0.03,0.05,0.3,731,1.5913,269.0938,137.7026,-36.5535,0.0000,18219
8,13,14,25.0,75.0,1.0,0.03,0.1,0.3,467,1.5623,273.4647,139.9393,-32.7321,0.0000,18219
8,13,14,25.0,75.0,1.0,0.03,0.15,0.3,327,2.2267,236.7970,121.1754,-19.8099,0.0000,18219
8,13,14,25.0,75.0,1.0,0.05,0.05,0.3,535,2.1993,393.6775,201.4555,-20.6337,0.0000,18219
8,13,14,25.0,75.0,1.0,0.05,0.1,0.3,329,1.4569,284.2049,145.4354,-38.3541,0.0000,18219
8,13,14,25.0,75.0,1.0,0.05,0.15,0.3,279,1.0750,120.5244,61.6756,-33.9653,0.0000,18219
8,13,14,25.0,75.0,1.2,0.02,0.05,0.3,719,1.8329,379.4278,194.1635,-25.1508,0.0000,18219
8,13,14,25.0,75.0,1.2,0.02,0.1,0.3,538,1.7180,249.2462,127.5460,-25.8802,0.0000,18219
8,13,14,25.0,75.0,1.2,0.02,0.15,0.3,474,1.3316,130.4606,66.7602,-18.8852,0.0000,18219
8,13,14,25.0,75.0,1.2,0.03,0.05,0.3,664,1.5655,236.6911,121.1213,-35.4664,0.0000,18219
8,13,14,25.0,75.0,1.2,0.03,0.1,0.3,432,1.5198,229.6509,117.5186,-30.6620,0.0000,18219
8,13,14,25.0,75.0,1.2,0.03,0.15,0.3,321,2.1347,213.1555,109.0774,-18.3204,0.0000,18219
8,13,14,25.0,75.0,1.2,0.05,0.05,0.3,476,1.6910,283.9778,145.3191,-29.3492,0.0000,18219
8,13,14,25.0,75.0,1.2,0.05,0.1,0.3,303,1.6340,271.7602,139.0671,-29.7381,0.0000,18219
8,13,14,25.0,75.0,1.2,0.05,0.15,0.3,257,1.0257,106.9849,54.7471,-34.1493,0.0000,18219
8,13,14,25.0,75.0,1.5,0.02,0.05,0.3,634,2.1028,368.6619,188.6543,-20.9190,0.0000,18219
8,13,14,25.0,75.0,1.5,0.02,0.1,0.3,493,2.0704,304.1515,155.6425,-22.0017,0.0000,18219
8,13,14,25.0,75.0,1.5,0.02,0.15,0.3,414,1.5921,130.1226,66.5873,-17.1150,0.0000,18219
8,13,14,25.0,75.0,1.5,0.03,0.05,0.3,561,2.1234,262.5209,134.3390,-20.4657,0.0000,18219
8,13,14,25.0,75.0,1.5,0.03,0.1,0.3,379,2.0057,293.9880,150.4416,-21.5785,0.0000,18219
8,13,14,25.0,75.0,1.5,0.03,0.15,0.3,309,1.9568,170.0804,87.0347,-18.7147,0.0000,18219
8,13,14,25.0,75.0,1.5,0.05,0.05,0.3,530,1.6170,139.5281,71.4003,-17.0373,0.0000,18219
8,13,14,25.0,75.0,1.5,0.05,0.1,0.3,318,0.7766,65.3017,33.4167,-36.5283,0.0000,18219
8,13,14,25.0,75.0,1.5,0.05,0.15,0.3,245,0.5265,56.9633,29.1497,-41.5592,0.0000,18219
8,13,14,30.0,65.0,1.0,0.02,0.05,0.3,529,1.2703,559.0154,286.0633,-49.5933,0.0000,18219
8,13,14,30.0,65.0,1.0,0.02,0.1,0.3,652,1.4574,273.4321,139.9226,-35.7646,0.0000,18219
8,13,14,30.0,65.0,1.0,0.02,0.15,0.3,509,1.2810,140.2047,71.7466,-22.4359,0.0000,18219
8,13,14,30.0,65.0,1.0,0.03,0.05,0.3,731,1.5913,269.0938,137.7026,-36.5535,0.0000,18219
8,13,14,30.0,65.0,1.0,0.03,0.1,0.3,467,1.5623,273.4647,139.9393,-32.7321,0.0000,18219
8,13,14,30.0,65.0,1.0,0.03,0.15,0.3,327,2.2267,236.7970,121.1754,-19.8099,0.0000,18219
8,13,14,30.0,65.0,1.0,0.05,0.05,0.3,535,2.1993,393.6775,201.4555,-20.6337,0.0000,18219
8,13,14,30.0,65.0,1.0,0.05,0.1,0.3,329,1.4569,284.2049,145.4354,-38.3541,0.0000,18219
8,13,14,30.0,65.0,1.0,0.05,0.15,0.3,279,1.0750,120.5244,61.6756,-33.9653,0.0000,18219
8,13,14,30.0,65.0,1.2,0.02,0.05,0.3,719,1.8329,379.4278,194.1635,-25.1508,0.0000,18219
8,13,14,30.0,65.0,1.2,0.02,0.1,0.3,538,1.7180,249.2462,127.5460,-25.8802,0.0000,18219
8,13,14,30.0,65.0,1.2,0.02,0.15,0.3,474,1.3316,130.4606,66.7602,-18.8852,0.0000,18219
8,13,14,30.0,65.0,1.2,0.03,0.05,0.3,664,1.5655,236.6911,121.1213,-35.4664,0.0000,18219
8,13,14,30.0,65.0,1.2,0.03,0.1,0.3,432,1.5198,229.6509,117.5186,-30.6620,0.0000,18219
8,13,14,30.0,65.0,1.2,0.03,0.15,0.3,321,2.1347,213.1555,109.0774,-18.3204,0.0000,18219
8,13,14,30.0,65.0,1.2,0.05,0.05,0.3,476,1.6910,283.9778,145.3191,-29.3492,0.0000,18219
8,13,14,30.0,65.0,1.2,0.05,0.1,0.3,303,1.6340,271.7602,139.0671,-29.7381,0.0000,18219
8,13,14,30.0,65.0,1.2,0.05,0.15,0.3,257,1.0257,106.9849,54.7471,-34.1493,0.0000,18219
8,13,14,30.0,65.0,1.5,0.02,0.05,0.3,634,2.1028,368.6619,188.6543,-20.9190,0.0000,18219
8,13,14,30.0,65.0,1.5,0.02,0.1,0.3,493,2.0704,304.1515,155.6425,-22.0017,0.0000,18219
8,13,14,30.0,65.0,1.5,0.02,0.15,0.3,414,1.5921,130.1226,66.5873,-17.1150,0.0000,18219
8,13,14,30.0,65.0,1.5,0.03,0.05,0.3,561,2.1234,262.5209,134.3390,-20.4657,0.0000,18219
8,13,14,30.0,65.0,1.5,0.03,0.1,0.3,379,2.0057,293.9880,150.4416,-21.5785,0.0000,18219
8,13,14,30.0,65.0,1.5,0.03,0.15,0.3,309,1.9568,170.0804,87.0347,-18.7147,0.0000,18219
8,13,14,30.0,65.0,1.5,0.05,0.05,0.3,530,1.6170,139.5281,71.4003,-17.0373,0.0000,18219
8,13,14,30.0,65.0,1.5,0.05,0.1,0.3,318,0.7766,65.3017,33.4167,-36.5283,0.0000,18219
8,13,14,30.0,65.0,1.5,0.05,0.15,0.3,245,0.5265,56.9633,29.1497,-41.5592,0.0000,18219
8,13,14,30.0,70.0,1.0,0.02,0.05,0.3,529,1.2703,559.0154,286.0633,-49.5933,0.0000,18219
8,13,14,30.0,70.0,1.0,0.02,0.1,0.3,652,1.4574,273.4321,139.9226,-35.7646,0.0000,18219
8,13,14,30.0,70.0,1.0,0.02,0.15,0.3,509,1.2810,140.2047,71.7466,-22.4359,0.0000,18219
8,13,14,30.0,70.0,1.0,0.03,0.05,0.3,731,1.5913,269.0938,137.7026,-36.5535,0.0000,18219
8,13,14,30.0,70.0,1.0,0.03,0.1,0.3,467,1.5623,273.4647,139.9393,-32.7321,0.0000,18219
8,13,14,30.0,70.0,1.0,0.03,0.15,0.3,327,2.2267,236.7970,121.1754,-19.8099,0.0000,18219
8,13,14,30.0,70.0,1.0,0.05,0.05,0.3,535,2.1993,393.6775,201.4555,-20.6337,0.0000,18219
8,13,14,30.0,70.0,1.0,0.05,0.1,0.3,329,1.4569,284.2049,145.4354,-38.3541,0.0000,18219
8,13,14,30.0,70.0,1.0,0.05,0.15,0.3,279,1.0750,120.5244,61.6756,-33.9653,0.0000,18219
8,13,14,30.0,70.0,1.2,0.02,0.05,0.3,719,1.8329,379.4278,194.1635,-25.1508,0.0000,18219
8,13,14,30.0,70.0,1.2,0.02,0.1,0.3,538,1.7180,249.2462,127.5460,-25.8802,0.0000,18219
8,13,14,30.0,70.0,1.2,0.02,0.15,0.3,474,1.3316,130.4606,66.7602,-18.8852,0.0000,18219
8,13,14,30.0,70.0,1.2,0.03,0.05,0.3,664,1.5655,236.6911,121.1213,-35.4664,0.0000,18219
8,13,14,30.0,70.0,1.2,0.03,0.1,0.3,432,1.5198,229.6509,117.5186,-30.6620,0.0000,18219
8,13,14,30.0,70.0,1.2,0.03,0.15,0.3,321,2.1347,213.1555,109.0774,-18.3204,0.0000,18219
8,13,14,30.0,70.0,1.2,0.05,0.05,0.3,476,1.6910,283.9778,145.3191,-29.3492,0.0000,18219
8,13,14,30.0,70.0,1.2,0.05,0.1,0.3,303,1.6340,271.7602,139.0671,-29.7381,0.0000,18219
8,13,14,30.0,70.0,1.2,0.05,0.15,0.3,257,1.0257,106.9849,54.7471,-34.1493,0.0000,18219
8,13,14,30.0,70.0,1.5,0.02,0.05,0.3,634,2.1028,368.6619,188.6543,-20.9190,0.0000,18219
8,13,14,30.0,70.0,1.5,0.02,0.1,0.3,493,2.0704,304.1515,155.6425,-22.0017,0.0000,18219
8,13,14,30.0,70.0,1.5,0.02,0.15,0.3,414,1.5921,130.1226,66.5873,-17.1150,0.0000,18219
8,13,14,30.0,70.0,1.5,0.03,0.05,0.3,561,2.1234,262.5209,134.3390,-20.4657,0.0000,18219
8,13,14,30.0,70.0,1.5,0.03,0.1,0.3,379,2.0057,293.9880,150.4416,-21.5785,0.0000,18219
8,13,14,30.0,70.0,1.5,0.03,0.15,0.3,309,1.9568,170.0804,87.0347,-18.7147,0.0000,18219
8,13,14,30.0,70.0,1.5,0.05,0.05,0.3,530,1.6170,139.5281,71.4003,-17.0373,0.0000,18219
8,13,14,30.0,70.0,1.5,0.05,0.1,0.3,318,0.7766,65.3017,33.4167,-36.5283,0.0000,18219
8,13,14,30.0,70.0,1.5,0.05,0.15,0.3,245,0.5265,56.9633,29.1497,-41.5592,0.0000,18219
8,13,14,30.0,75.0,1.0,0.02,0.05,0.3,529,1.2703,559.0154,286.0633,-49.5933,0.0000,18219
8,13,14,30.0,75.0,1.0,0.02,0.1,0.3,652,1.4574,273.4321,139.9226,-35.7646,0.0000,18219
8,13,14,30.0,75.0,1.0,0.02,0.15,0.3,509,1.2810,140.2047,71.7466,-22.4359,0.0000,18219
8,13,14,30.0,75.0,1.0,0.03,0.05,0.3,731,1.5913,269.0938,137.7026,-36.5535,0.0000,18219
8,13,14,30.0,75.0,1.0,0.03,0.1,0.3,467,1.5623,273.4647,139.9393,-32.7321,0.0000,18219
8,13,14,30.0,75.0,1.0,0.03,0.15,0.3,327,2.2267,236.7970,121.1754,-19.8099,0.0000,18219
8,13,14,30.0,75.0,1.0,0.05,0.05,0.3,535,2.1993,393.6775,201.4555,-20.6337,0.0000,18219
8,13,14,30.0,75.0,1.0,0.05,0.1,0.3,329,1.4569,284.2049,145.4354,-38.3541,0.0000,18219
8,13,14,30.0,75.0,1.0,0.05,0.15,0.3,279,1.0750,120.5244,61.6756,-33.9653,0.0000,18219
8,13,14,30.0,75.0,1.2,0.02,0.05,0.3,719,1.8329,379.4278,194.1635,-25.1508,0.0000,18219
8,13,14,30.0,75.0,1.2,0.02,0.1,0.3,538,1.7180,249.2462,127.5460,-25.8802,0.0000,18219
8,13,14,30.0,75.0,1.2,0.02,0.15,0.3,474,1.3316,130.4606,66.7602,-18.8852,0.0000,18219
8,13,14,30.0,75.0,1.2,0.03,0.05,0.3,664,1.5655,236.6911,121.1213,-35.4664,0.0000,18219
8,13,14,30.0,75.0,1.2,0.03,0.1,0.3,432,1.5198,229.6509,117.5186,-30.6620,0.0000,18219
8,13,14,30.0,75.0,1.2,0.03,0.15,0.3,321,2.1347,213.1555,109.0774,-18.3204,0.0000,18219
8,13,14,30.0,75.0,1.2,0.05,0.05,0.3,476,1.6910,283.9778,145.3191,-29.3492,0.0000,18219
8,13,14,30.0,75.0,1.2,0.05,0.1,0.3,303,1.6340,271.7602,139.0671,-29.7381,0.0000,18219
8,13,14,30.0,75.0,1.2,0.05,0.15,0.3,257,1.0257,106.9849,54.7471,-34.1493,0.0000,18219
8,13,14,30.0,75.0,1.5,0.02,0.05,0.3,634,2.1028,368.6619,188.6543,-20.9190,0.0000,18219
8,13,14,30.0,75.0,1.5,0.02,0.1,0.3,493,2.0704,304.1515,155.6425,-22.0017,0.0000,18219
8,13,14,30.0,75.0,1.5,0.02,0.15,0.3,414,1.5921,130.1226,66.5873,-17.1150,0.0000,18219
8,13,14,30.0,75.0,1.5,0.03,0.05,0.3,561,2.1234,262.5209,134.3390,-20.4657,0.0000,18219
8,13,14,30.0,75.0,1.5,0.03,0.1,0.3,379,2.0057,293.9880,150.4416,-21.5785,0.0000,18219
8,13,14,30.0,75.0,1.5,0.03,0.15,0.3,309,1.9568,170.0804,87.0347,-18.7147,0.0000,18219
8,13,14,30.0,75.0,1.5,0.05,0.05,0.3,530,1.6170,139.5281,71.4003,-17.0373,0.0000,18219
8,13,14,30.0,75.0,1.5,0.05,0.1,0.3,318,0.7766,65.3017,33.4167,-36.5283,0.0000,18219
8,13,14,30.0,75.0,1.5,0.05,0.15,0.3,245,0.5265,56.9633,29.1497,-41.5592,0.0000,18219
8,13,14,35.0,65.0,1.0,0.02,0.05,0.3,529,1.2703,559.0154,286.0633,-49.5933,0.0000,18219
8,13,14,35.0,65.0,1.0,0.02,0.1,0.3,652,1.4574,273.4321,139.9226,-35.7646,0.0000,18219
8,13,14,35.0,65.0,1.0,0.02,0.15,0.3,509,1.2810,140.2047,71.7466,-22.4359,0.0000,18219
8,13,14,35.0,65.0,1.0,0.03,0.05,0.3,731,1.5913,269.0938,137.7026,-36.5535,0.0000,18219
8,13,14,35.0,65.0,1.0,0.03,0.1,0.3,467,1.5623,273.4647,139.9393,-32.7321,0.0000,18219
8,13,14,35.0,65.0,1.0,0.03,0.15,0.3,327,2.2267,236.7970,121.1754,-19.8099,0.0000,18219
8,13,14,35.0,65.0,1.0,0.05,0.05,0.3,535,2.1993,393.6775,201.4555,-20.6337,0.0000,18219
8,13,14,35.0,65.0,1.0,0.05,0.1,0.3,329,1.4569,284.2049,145.4354,-38.3541,0.0000,18219
8,13,14,35.0,65.0,1.0,0.05,0.15,0.3,279,1.0750,120.5244,61.6756,-33.9653,0.0000,18219
8,13,14,35.0,65.0,1.2,0.02,0.05,0.3,719,1.8329,379.4278,194.1635,-25.1508,0.0000,18219
8,13,14,35.0,65.0,1.2,0.02,0.1,0.3,538,1.7180,249.2462,127.5460,-25.8802,0.0000,18219
8,13,14,35.0,65.0,1.2,0.02,0.15,0.3,474,1.3316,130.4606,66.7602,-18.8852,0.0000,18219
8,13,14,35.0,65.0,1.2,0.03,0.05,0.3,664,1.5655,236.6911,121.1213,-35.4664,0.0000,18219
8,13,14,35.0,65.0,1.2,0.03,0.1,0.3,432,1.5198,229.6509,117.5186,-30.6620,0.0000,18219
8,13,14,35.0,65.0,1.2,0.03,0.15,0.3,321,2.1347,213.1555,109.0774,-18.3204,0.0000,18219
8,13,14,35.0,65.0,1.2,0.05,0.05,0.3,476,1.6910,283.9778,145.3191,-29.3492,0.0000,18219
8,13,14,35.0,65.0,1.2,0.05,0.1,0.3,303,1.6340,271.7602,139.0671,-29.7381,0.0000,18219
8,13,14,35.0,65.0,1.2,0.05,0.15,0.3,257,1.0257,106.9849,54.7471,-34.1493,0.0000,18219
8,13,14,35.0,65.0,1.5,0.02,0.05,0.3,634,2.1028,368.6619,188.6543,-20.9190,0.0000,18219
8,13,14,35.0,65.0,1.5,0.02,0.1,0.3,493,2.0704,304.1515,155.6425,-22.0017,0.0000,18219
8,13,14,35.0,65.0,1.5,0.02,0.15,0.3,414,1.5921,130.1226,66.5873,-17.1150,0.0000,18219
8,13,14,35.0,65.0,1.5,0.03,0.05,0.3,561,2.1234,262.5209,134.3390,-20.4657,0.0000,18219
8,13,14,35.0,65.0,1.5,0.03,0.1,0.3,379,2.0057,293.9880,150.4416,-21.5785,0.0000,18219
8,13,14,35.0,65.0,1.5,0.03,0.15,0.3,309,1.9568,170.0804,87.0347,-18.7147,0.0000,18219
8,13,14,35.0,65.0,1.5,0.05,0.05,0.3,530,1.6170,139.5281,71.4003,-17.0373,0.0000,18219
8,13,14,35.0,65.0,1.5,0.05,0.1,0.3,318,0.7766,65.3017,33.4167,-36.5283,0.0000,18219
8,13,14,35.0,65.0,1.5,0.05,0.15,0.3,245,0.5265,56.9633,29.1497,-41.5592,0.0000,18219
8,13,14,35.0,70.0,1.0,0.02,0.05,0.3,529,1.2703,559.0154,286.0633,-49.5933,0.0000,18219
8,13,14,35.0,70.0,1.0,0.02,0.1,0.3,652,1.4574,273.4321,139.9226,-35.7646,0.0000,18219
8,13,14,35.0,70.0,1.0,0.02,0.15,0.3,509,1.2810,140.2047,71.7466,-22.4359,0.0000,18219
8,13,14,35.0,70.0,1.0,0.03,0.05,0.3,731,1.5913,269.0938,137.7026,-36.5535,0.0000,18219
8,13,14,35.0,70.0,1.0,0.03,0.1,0.3,467,1.5623,273.4647,139.9393,-32.7321,0.0000,18219
8,13,14,35.0,70.0,1.0,0.03,0.15,0.3,327,2.2267,236.7970,121.1754,-19.8099,0.0000,18219
8,13,14,35.0,70.0,1.0,0.05,0.05,0.3,535,2.1993,393.6775,201.4555,-20.6337,0.0000,18219
8,13,14,35.0,70.0,1.0,0.05,0.1,0.3,329,1.4569,284.2049,145.4354,-38.3541,0.0000,18219
8,13,14,35.0,70.0,1.0,0.05,0.15,0.3,279,1.0750,120.5244,61.6756,-33.9653,0.0000,18219
8,13,14,35.0,70.0,1.2,0.02,0.05,0.3,719,1.8329,379.4278,194.1635,-25.1508,0.0000,18219
8,13,14,35.0,70.0,1.2,0.02,0.1,0.3,538,1.7180,249.2462,127.5460,-25.8802,0.0000,18219
8,13,14,35.0,70.0,1.2,0.02,0.15,0.3,474,1.3316,130.4606,66.7602,-18.8852,0.0000,18219
8,13,14,35.0,70.0,1.2,0.03,0.05,0.3,664,1.5655,236.6911,121.1213,-35.4664,0.0000,18219
8,13,14,35.0,70.0,1.2,0.03,0.1,0.3,432,1.5198,229.6509,117.5186,-30.6620,0.0000,18219
8,13,14,35.0,70.0,1.2,0.03,0.15,0.3,321,2.1347,213.1555,109.0774,-18.3204,0.0000,18219
8,13,14,35.0,70.0,1.2,0.05,0.05,0.3,476,1.6910,283.9778,145.3191,-29.3492,0.0000,18219
8,13,14,35.0,70.0,1.2,0.05,0.1,0.3,303,1.6340,271.7602,139.0671,-29.7381,0.0000,18219
8,13,14,35.0,70.0,1.2,0.05,0.15,0.3,257,1.0257,106.9849,54.7471,-34.1493,0.0000,18219
8,13,14,35.0,70.0,1.5,0.02,0.05,0.3,634,2.1028,368.6619,188.6543,-20.9190,0.0000,18219
8,13,14,35.0,70.0,1.5,0.02,0.1,0.3,493,2.0704,304.1515,155.6425,-22.0017,0.0000,18219
8,13,14,35.0,70.0,1.5,0.02,0.15,0.3,414,1.5921,130.1226,66.5873,-17.1150,0.0000,18219
8,13,14,35.0,70.0,1.5,0.03,0.05,0.3,561,2.1234,262.5209,134.3390,-20.4657,0.0000,18219
8,13,14,35.0,70.0,1.5,0.03,0.1,0.3,379,2.0057,293.9880,150.4416,-21.5785,0.0000,18219
8,13,14,35.0,70.0,1.5,0.03,0.15,0.3,309,1.9568,170.0804,87.0347,-18.7147,0.0000,18219
8,13,14,35.0,70.0,1.5,0.05,0.05,0.3,530,1.6170,139.5281,71.4003,-17.0373,0.0000,18219
8,13,14,35.0,70.0,1.5,0.05,0.1,0.3,318,0.7766,65.3017,33.4167,-36.5283,0.0000,18219
8,13,14,35.0,70.0,1.5,0.05,0.15,0.3,245,0.5265,56.9633,29.1497,-41.5592,0.0000,18219
8,13,14,35.0,75.0,1.0,0.02,0.05,0.3,529,1.2703,559.0154,286.0633,-49.5933,0.0000,18219
8,13,14,35.0,75.0,1.0,0.02,0.1,0.3,652,1.4574,273.4321,139.9226,-35.7646,0.0000,18219
8,13,14,35.0,75.0,1.0,0.02,0.15,0.3,509,1.2810,140.2047,71.7466,-22.4359,0.0000,18219
8,13,14,35.0,75.0,1.0,0.03,0.05,0.3,731,1.5913,269.0938,137.7026,-36.5535,0.0000,18219
8,13,14,35.0,75.0,1.0,0.03,0.1,0.3,467,1.5623,273.4647,139.9393,-32.7321,0.0000,18219
8,13,14,35.0,75.0,1.0,0.03,0.15,0.3,327,2.2267,236.7970,121.1754,-19.8099,0.0000,18219
8,13,14,35.0,75.0,1.0,0.05,0.05,0.3,535,2.1993,393.6775,201.4555,-20.6337,0.0000,18219
8,13,14,35.0,75.0,1.0,0.05,0.1,0.3,329,1.4569,284.2049,145.4354,-38.3541,0.0000,18219
8,13,14,35.0,75.0,1.0,0.05,0.15,0.3,279,1.0750,120.5244,61.6756,-33.9653,0.0000,18219
8,13,14,35.0,75.0,1.2,0.02,0.05,0.3,719,1.8329,379.4278,194.1635,-25.1508,0.0000,18219
8,13,14,35.0,75.0,1.2,0.02,0.1,0.3,538,1.7180,249.2462,127.5460,-25.8802,0.0000,18219
8,13,14,35.0,75.0,1.2,0.02,0.15,0.3,474,1.3316,130.4606,66.7602,-18.8852,0.0000,18219
8,13,14,35.0,75.0,1.2,0.03,0.05,0.3,664,1.5655,236.6911,121.1213,-35.4664,0.0000,18219
8,13,14,35.0,75.0,1.2,0.03,0.1,0.3,432,1.5198,229.6509,117.5186,-30.6620,0.0000,18219
8,13,14,35.0,75.0,1.2,0.03,0.15,0.3,321,2.1347,213.1555,109.0774,-18.3204,0.0000,18219
8,13,14,35.0,75.0,1.2,0.05,0.05,0.3,476,1.6910,283.9778,145.3191,-29.3492,0.0000,18219
8,13,14,35.0,75.0,1.2,0.05,0.1,0.3,303,1.6340,271.7602,139.0671,-29.7381,0.0000,18219
8,13,14,35.0,75.0,1.2,0.05,0.15,0.3,257,1.0257,106.9849,54.7471,-34.1493,0.0000,18219
8,13,14,35.0,75.0,1.5,0.02,0.05,0.3,634,2.1028,368.6619,188.6543,-20.9190,0.0000,18219
8,13,14,35.0,75.0,1.5,0.02,0.1,0.3,493,2.0704,304.1515,155.6425,-22.0017,0.0000,18219
8,13,14,35.0,75.0,1.5,0.02,0.15,0.3,414,1.5921,130.1226,66.5873,-17.1150,0.0000,18219
8,13,14,35.0,75.0,1.5,0.03,0.05,0.3,561,2.1234,262.5209,134.3390,-20.4657,0.0000,18219
8,13,14,35.0,75.0,1.5,0.03,0.1,0.3,379,2.0057,293.9880,150.4416,-21.5785,0.0000,18219
8,13,14,35.0,75.0,1.5,0.03,0.15,0.3,309,1.9568,170.0804,87.0347,-18.7147,0.0000,18219
8,13,14,35.0,75.0,1.5,0.05,0.05,0.3,530,1.6170,139.5281,71.4003,-17.0373,0.0000,18219
8,13,14,35.0,75.0,1.5,0.05,0.1,0.3,318,0.7766,65.3017,33.4167,-36.5283,0.0000,18219
8,13,14,35.0,75.0,1.5,0.05,0.15,0.3,245,0.5265,56.9633,29.1497,-41.5592,0.0000,18219
8,20,9,25.0,65.0,1.0,0.02,0.05,0.3,489,1.1965,492.0972,251.8195,-50.8774,0.0000,18219
8,20,9,25.0,65.0,1.0,0.02,0.1,0.3,617,1.1645,213.0638,109.0305,-40.3266,0.0000,18219
8,20,9,25.0,65.0,1.0,0.02,0.15,0.3,480,1.1533,118.2168,60.4947,-22.3200,0.0000,18219
8,20,9,25.0,65.0,1.0,0.03,0.05,0.3,822,1.3990,149.6859,76.5983,-29.0710,0.0000,18219
8,20,9,25.0,65.0,1.0,0.03,0.1,0.3,544,1.1414,122.4498,62.6609,-28.2731,0.0000,18219
8,20,9,25.0,65.0,1.0,0.03,0.15,0.3,319,2.2576,237.6959,121.6354,-19.0631,0.0000,18219
8,20,9,25.0,65.0,1.0,0.05,0.05,0.3,647,2.0697,255.9039,130.9530,-18.3875,0.0000,18219
8,20,9,25.0,65.0,1.0,0.05,0.1,0.3,367,0.9345,101.5452,51.9634,-31.8309,0.0000,18219
8,20,9,25.0,65.0,1.0,0.05,0.15,0.3,257,1.0799,121.6560,62.2547,-33.7220,0.0000,18219
8,20,9,25.0,65.0,1.2,0.02,0.05,0.3,662,1.4788,285.0058,145.8452,-31.7925,0.0000,18219
8,20,9,25.0,65.0,1.2,0.02,0.1,0.3,554,0.7800,123.8065,63.3552,-45.2466,0.0000,18219
8,20,9,25.0,65.0,1.2,0.02,0.15,0.3,454,1.1954,116.2361,59.4812,-23.7471,0.0000,18219
8,20,9,25.0,65.0,1.2,0.03,0.05,0.3,754,1.3359,123.1205,63.0041,-27.9244,0.0000,18219
8,20,9,25.0,65.0,1.2,0.03,0.1,0.3,499,1.2463,119.9164,61.3645,-24.0354,0.0000,18219
8,20,9,25.0,65.0,1.2,0.03,0.15,0.3,298,2.3223,233.8190,119.6515,-15.9415,0.0000,18219
8,20,9,25.0,65.0,1.2,0.05,0.05,0.3,547,1.1514,117.1244,59.9357,-25.7798,0.0000,18219
8,20,9,25.0,65.0,1.2,0.05,0.1,0.3,340,0.9907,102.6537,52.5307,-29.0820,0.0000,18219
8,20,9,25.0,65.0,1.2,0.05,0.15,0.3,241,1.1361,112.9290,57.7888,-31.9935,0.0000,18219
8,20,9,25.0,65.0,1.5,0.02,0.05,0.3,562,1.8154,251.3977,128.6470,-20.1262,0.0000,18219
8,20,9,25.0,65.0,1.5,0.02,0.1,0.3,466,1.2639,147.9702,75.7203,-26.5749,0.0000,18219
8,20,9,25.0,65.0,1.5,0.02,0.15,0.3,392,1.5716,124.0430,63.4761,-18.6007,0.0000,18219
8,20,9,25.0,65.0,1.5,0.03,0.05,0.3,635,1.8199,123.0393,62.9625,-18.2380,0.0000,18219
8,20,9,25.0,65.0,1.5,0.03,0.1,0.3,412,1.7451,123.5702,63.2342,-18.9441,0.0000,18219
8,20,9,25.0,65.0,1.5,0.03,0.15,0.3,284,2.2687,187.0016,95.6938,-14.4703,0.0000,18219
8,20,9,25.0,65.0,1.5,0.05,0.05,0.3,469,1.2718,91.2038,46.6714,-19.5721,0.0000,18219
8,20,9,25.0,65.0,1.5,0.05,0.1,0.3,310,0.5249,41.1200,21.0422,-34.6586,0.0000,18219
8,20,9,25.0,65.0,1.5,0.05,0.15,0.3,217,0.8048,72.1060,36.8986,-34.8410,0.0000,18219
8,20,9,25.0,70.0,1.0,0.02,0.05,0.3,489,1.1965,492.0972,251.8195,-50.8774,0.0000,18219
8,20,9,25.0,70.0,1.0,0.02,0.1,0.3,617,1.1645,213.0638,109.0305,-40.3266,0.0000,18219
8,20,9,25.0,70.0,1.0,0.02,0.15,0.3,480,1.1533,118.2168,60.4947,-22.3200,0.0000,18219
8,20,9,25.0,70.0,1.0,0.03,0.05,0.3,822,1.3990,149.6859,76.5983,-29.0710,0.0000,18219
8,20,9,25.0,70.0,1.0,0.03,0.1,0.3,544,1.1414,122.4498,62.6609,-28.2731,0.0000,18219
8,20,9,25.0,70.0,1.0,0.03,0.15,0.3,319,2.2576,237.6959,121.6354,-19.0631,0.0000,18219
8,20,9,25.0,70.0,1.0,0.05,0.05,0.3,647,2.0697,255.9039,130.9530,-18.3875,0.0000,18219
8,20,9,25.0,70.0,1.0,0.05,0.1,0.3,367,0.9345,101.5452,51.9634,-31.8309,0.0000,18219
8,20,9,25.0,70.0,1.0,0.05,0.15,0.3,257,1.0799,121.6560,62.2547,-33.7220,0.0000,18219
8,20,9,25.0,70.0,1.2,0.02,0.05,0.3,662,1.4788,285.0058,145.8452,-31.7925,0.0000,18219
8,20,9,25.0,70.0,1.2,0.02,0.1,0.3,554,0.7800,123.8065,63.3552,-45.2466,0.0000,18219
8,20,9,25.0,70.0,1.2,0.02,0.15,0.3,454,1.1954,116.2361,59.4812,-23.7471,0.0000,18219
8,20,9,25.0,70.0,1.2,0.03,0.05,0.3,754,1.3359,123.1205,63.0041,-27.9244,0.0000,18219
8,20,9,25.0,70.0,1.2,0.03,0.1,0.3,499,1.2463,119.9164,61.3645,-24.0354,0.0000,18219
8,20,9,25.0,70.0,1.2,0.03,0.15,0.3,298,2.3223,233.8190,119.6515,-15.9415,0.0000,18219
8,20,9,25.0,70.0,1.2,0.05,0.05,0.3,547,1.1514,117.1244,59.9357,-25.7798,0.0000,18219
8,20,9,25.0,70.0,1.2,0.05,0.1,0.3,340,0.9907,102.6537,52.5307,-29.0820,0.0000,18219
8,20,9,25.0,70.0,1.2,0.05,0.15,0.3,241,1.1361,112.9290,57.7888,-31.9935,0.0000,18219
8,20,9,25.0,70.0,1.5,0.02,0.05,0.3,562,1.8154,251.3977,128.6470,-20.1262,0.0000,18219
8,20,9,25.0,70.0,1.5,0.02,0.1,0.3,466,1.2639,147.9702,75.7203,-26.5749,0.0000,18219
8,20,9,25.0,70.0,1.5,0.02,0.15,0.3,392,1.5716,124.0430,63.4761,-18.6007,0.0000,18219
8,20,9,25.0,70.0,1.5,0.03,0.05,0.3,635,1.8199,123.0393,62.9625,-18.2380,0.0000,18219
8,20,9,25.0,70.0,1.5,0.03,0.1,0.3,412,1.7451,123.5702,63.2342,-18.9441,0.0000,18219
8,20,9,25.0,70.0,1.5,0.03,0.15,0.3,284,2.2687,187.0016,95.6938,-14.4703,0.0000,18219
8,20,9,25.0,70.0,1.5,0.05,0.05,0.3,469,1.2718,91.2038,46.6714,-19.5721,0.0000,18219
8,20,9,25.0,70.0,1.5,0.05,0.1,0.3,310,0.5249,41.1200,21.0422,-34.6586,0.0000,18219
8,20,9,25.0,70.0,1.5,0.05,0.15,0.3,217,0.8048,72.1060,36.8986,-34.8410,0.0000,18219
8,20,9,25.0,75.0,1.0,0.02,0.05,0.3,489,1.1965,492.0972,251.8195,-50.8774,0.0000,18219
8,20,9,25.0,75.0,1.0,0.02,0.1,0.3,617,1.1645,213.0638,109.0305,-40.3266,0.0000,18219
8,20,9,25.0,75.0,1.0,0.02,0.15,0.3,480,1.1533,118.2168,60.4947,-22.3200,0.0000,18219
8,20,9,25.0,75.0,1.0,0.03,0.05,0.3,822,1.3990,149.6859,76.5983,-29.0710,0.0000,18219
8,20,9,25.0,75.0,1.0,0.03,0.1,0.3,544,1.1414,122.4498,62.6609,-28.2731,0.0000,18219
8,20,9,25.0,75.0,1.0,0.03,0.15,0.3,319,2.2576,237.6959,121.6354,-19.0631,0.0000,18219
8,20,9,25.0,75.0,1.0,0.05,0.05,0.3,647,2.0697,255.9039,130.9530,-18.3875,0.0000,18219
8,20,9,25.0,75.0,1.0,0.05,0.1,0.3,367,0.9345,101.5452,51.9634,-31.8309,0.0000,18219
8,20,9,25.0,75.0,1.0,0.05,0.15,0.3,257,1.0799,121.6560,62.2547,-33.7220,0.0000,18219
8,20,9,25.0,75.0,1.2,0.02,0.05,0.3,662,1.4788,285.0058,145.8452,-31.7925,0.0000,18219
8,20,9,25.0,75.0,1.2,0.02,0.1,0.3,554,0.7800,123.8065,63.3552,-45.2466,0.0000,18219
8,20,9,25.0,75.0,1.2,0.02,0.15,0.3,454,1.1954,116.2361,59.4812,-23.7471,0.0000,18219
8,20,9,25.0,75.0,1.2,0.03,0.05,0.3,754,1.3359,123.1205,63.0041,-27.9244,0.0000,18219
8,20,9,25.0,75.0,1.2,0.03,0.1,0.3,499,1.2463,119.9164,61.3645,-24.0354,0.0000,18219
8,20,9,25.0,75.0,1.2,0.03,0.15,0.3,298,2.3223,233.8190,119.6515,-15.9415,0.0000,18219
8,20,9,25.0,75.0,1.2,0.05,0.05,0.3,547,1.1514,117.1244,59.9357,-25.7798,0.0000,18219
8,20,9,25.0,75.0,1.2,0.05,0.1,0.3,340,0.9907,102.6537,52.5307,-29.0820,0.0000,18219
8,20,9,25.0,75.0,1.2,0.05,0.15,0.3,241,1.1361,112.9290,57.7888,-31.9935,0.0000,18219
8,20,9,25.0,75.0,1.5,0.02,0.05,0.3,562,1.8154,251.3977,128.6470,-20.1262,0.0000,18219
8,20,9,25.0,75.0,1.5,0.02,0.1,0.3,466,1.2639,147.9702,75.7203,-26.5749,0.0000,18219
8,20,9,25.0,75.0,1.5,0.02,0.15,0.3,392,1.5716,124.0430,63.4761,-18.6007,0.0000,18219
8,20,9,25.0,75.0,1.5,0.03,0.05,0.3,635,1.8199,123.0393,62.9625,-18.2380,0.0000,18219
8,20,9,25.0,75.0,1.5,0.03,0.1,0.3,412,1.7451,123.5702,63.2342,-18.9441,0.0000,18219
8,20,9,25.0,75.0,1.5,0.03,0.15,0.3,284,2.2687,187.0016,95.6938,-14.4703,0.0000,18219
8,20,9,25.0,75.0,1.5,0.05,0.05,0.3,469,1.2718,91.2038,46.6714,-19.5721,0.0000,18219
8,20,9,25.0,75.0,1.5,0.05,0.1,0.3,310,0.5249,41.1200,21.0422,-34.6586,0.0000,18219
8,20,9,25.0,75.0,1.5,0.05,0.15,0.3,217,0.8048,72.1060,36.8986,-34.8410,0.0000,18219
8,20,9,30.0,65.0,1.0,0.02,0.05,0.3,489,1.1965,492.0972,251.8195,-50.8774,0.0000,18219
8,20,9,30.0,65.0,1.0,0.02,0.1,0.3,617,1.1645,213.0638,109.0305,-40.3266,0.0000,18219
8,20,9,30.0,65.0,1.0,0.02,0.15,0.3,480,1.1533,118.2168,60.4947,-22.3200,0.0000,18219
8,20,9,30.0,65.0,1.0,0.03,0.05,0.3,822,1.3990,149.6859,76.5983,-29.0710,0.0000,18219
8,20,9,30.0,65.0,1.0,0.03,0.1,0.3,544,1.1414,122.4498,62.6609,-28.2731,0.0000,18219
8,20,9,30.0,65.0,1.0,0.03,0.15,0.3,319,2.2576,237.6959,121.6354,-19.0631,0.0000,18219
8,20,9,30.0,65.0,1.0,0.05,0.05,0.3,647,2.0697,255.9039,130.9530,-18.3875,0.0000,18219
8,20,9,30.0,65.0,1.0,0.05,0.1,0.3,367,0.9345,101.5452,51.9634,-31.8309,0.0000,18219
8,20,9,30.0,65.0,1.0,0.05,0.15,0.3,257,1.0799,121.6560,62.2547,-33.7220,0.0000,18219
8,20,9,30.0,65.0,1.2,0.02,0.05,0.3,662,1.4788,285.0058,145.8452,-31.7925,0.0000,18219
8,20,9,30.0,65.0,1.2,0.02,0.1,0.3,554,0.7800,123.8065,63.3552,-45.2466,0.0000,18219
8,20,9,30.0,65.0,1.2,0.02,0.15,0.3,454,1.1954,116.2361,59.4812,-23.7471,0.0000,18219
8,20,9,30.0,65.0,1.2,0.03,0.05,0.3,754,1.3359,123.1205,63.0041,-27.9244,0.0000,18219
8,20,9,30.0,65.0,1.2,0.03,0.1,0.3,499,1.2463,119.9164,61.3645,-24.0354,0.0000,18219
8,20,9,30.0,65.0,1.2,0.03,0.15,0.3,298,2.3223,233.8190,119.6515,-15.9415,0.0000,18219
8,20,9,30.0,65.0,1.2,0.05,0.05,0.3,547,1.1514,117.1244,59.9357,-25.7798,0.0000,18219
8,20,9,30.0,65.0,1.2,0.05,0.1,0.3,340,0.9907,102.6537,52.5307,-29.0820,0.0000,18219
8,20,9,30.0,65.0,1.2,0.05,0.15,0.3,241,1.1361,112.9290,57.7888,-31.9935,0.0000,18219
8,20,9,30.0,65.0,1.5,0.02,0.05,0.3,562,1.8154,251.3977,128.6470,-20.1262,0.0000,18219
8,20,9,30.0,65.0,1.5,0.02,0.1,0.3,466,1.2639,147.9702,75.7203,-26.5749,0.0000,18219
8,20,9,30.0,65.0,1.5,0.02,0.15,0.3,392,1.5716,124.0430,63.4761,-18.6007,0.0000,18219
8,20,9,30.0,65.0,1.5,0.03,0.05,0.3,635,1.8199,123.0393,62.9625,-18.2380,0.0000,18219
8,20,9,30.0,65.0,1.5,0.03,0.1,0.3,412,1.7451,123.5702,63.2342,-18.9441,0.0000,18219
8,20,9,30.0,65.0,1.5,0.03,0.15,0.3,284,2.2687,187.0016,95.6938,-14.4703,0.0000,18219
8,20,9,30.0,65.0,1.5,0.05,0.05,0.3,469,1.2718,91.2038,46.6714,-19.5721,0.0000,18219
8,20,9,30.0,65.0,1.5,0.05,0.1,0.3,310,0.5249,41.1200,21.0422,-34.6586,0.0000,18219
8,20,9,30.0,65.0,1.5,0.05,0.15,0.3,217,0.8048,72.1060,36.8986,-34.8410,0.0000,18219
8,20,9,30.0,70.0,1.0,0.02,0.05,0.3,489,1.1965,492.0972,251.8195,-50.8774,0.0000,18219
8,20,9,30.0,70.0,1.0,0.02,0.1,0.3,617,1.1645,213.0638,109.0305,-40.3266,0.0000,18219
8,20,9,30.0,70.0,1.0,0.02,0.15,0.3,480,1.1533,118.2168,60.4947,-22.3200,0.0000,18219
8,20,9,30.0,70.0,1.0,0.03,0.05,0.3,822,1.3990,149.6859,76.5983,-29.0710,0.0000,18219
8,20,9,30.0,70.0,1.0,0.03,0.1,0.3,544,1.1414,122.4498,62.6609,-28.2731,0.0000,18219
8,20,9,30.0,70.0,1.0,0.03,0.15,0.3,319,2.2576,237.6959,121.6354,-19.0631,0.0000,18219
8,20,9,30.0,70.0,1.0,0.05,0.05,0.3,647,2.0697,255.9039,130.9530,-18.3875,0.0000,18219
8,20,9,30.0,70.0,1.0,0.05,0.1,0.3,367,0.9345,101.5452,51.9634,-31.8309,0.0000,18219
8,20,9,30.0,70.0,1.0,0.05,0.15,0.3,257,1.0799,121.6560,62.2547,-33.7220,0.0000,18219
8,20,9,30.0,70.0,1.2,0.02,0.05,0.3,662,1.4788,285.0058,145.8452,-31.7925,0.0000,18219
8,20,9,30.0,70.0,1.2,0.02,0.1,0.3,554,0.7800,123.8065,63.3552,-45.2466,0.0000,18219
8,20,9,30.0,70.0,1.2,0.02,0.15,0.3,454,1.1954,116.2361,59.4812,-23.7471,0.0000,18219
8,20,9,30.0,70.0,1.2,0.03,0.05,0.3,754,1.3359,123.1205,63.0041,-27.9244,0.0000,18219
8,20,9,30.0,70.0,1.2,0.03,0.1,0.3,499,1.2463,119.9164,61.3645,-24.0354,0.0000,18219
8,20,9,30.0,70.0,1.2,0.03,0.15,0.3,298,2.3223,233.8190,119.6515,-15.9415,0.0000,18219
8,20,9,30.0,70.0,1.2,0.05,0.05,0.3,547,1.1514,117.1244,59.9357,-25.7798,0.0000,18219
8,20,9,30.0,70.0,1.2,0.05,0.1,0.3,340,0.9907,102.6537,52.5307,-29.0820,0.0000,18219
8,20,9,30.0,70.0,1.2,0.05,0.15,0.3,241,1.1361,112.9290,57.7888,-31.9935,0.0000,18219
8,20,9,30.0,70.0,1.5,0.02,0.05,0.3,562,1.8154,251.3977,128.6470,-20.1262,0.0000,18219
8,20,9,30.0,70.0,1.5,0.02,0.1,0.3,466,1.2639,147.9702,75.7203,-26.5749,0.0000,18219
8,20,9,30.0,70.0,1.5,0.02,0.15,0.3,392,1.5716,124.0430,63.4761,-18.6007,0.0000,18219
8,20,9,30.0,70.0,1.5,0.03,0.05,0.3,635,1.8199,123.0393,62.9625,-18.2380,0.0000,18219
8,20,9,30.0,70.0,1.5,0.03,0.1,0.3,412,1.7451,123.5702,63.2342,-18.9441,0.0000,18219
8,20,9,30.0,70.0,1.5,0.03,0.15,0.3,284,2.2687,187.0016,95.6938,-14.4703,0.0000,18219
8,20,9,30.0,70.0,1.5,0.05,0.05,0.3,469,1.2718,91.2038,46.6714,-19.5721,0.0000,18219
8,20,9,30.0,70.0,1.5,0.05,0.1,0.3,310,0.5249,41.1200,21.0422,-34.6586,0.0000,18219
8,20,9,30.0,70.0,1.5,0.05,0.15,0.3,217,0.8048,72.1060,36.8986,-34.8410,0.0000,18219
8,20,9,30.0,75.0,1.0,0.02,0.05,0.3,489,1.1965,492.0972,251.8195,-50.8774,0.0000,18219
8,20,9,30.0,75.0,1.0,0.02,0.1,0.3,617,1.1645,213.0638,109.0305,-40.3266,0.0000,18219
8,20,9,30.0,75.0,1.0,0.02,0.15,0.3,480,1.1533,118.2168,60.4947,-22.3200,0.0000,18219
8,20,9,30.0,75.0,1.0,0.03,0.05,0.3,822,1.3990,149.6859,76.5983,-29.0710,0.0000,18219
8,20,9,30.0,75.0,1.0,0.03,0.1,0.3,544,1.1414,122.4498,62.6609,-28.2731,0.0000,18219
8,20,9,30.0,75.0,1.0,0.03,0.15,0.3,319,2.2576,237.6959,121.6354,-19.0631,0.0000,18219
8,20,9,30.0,75.0,1.0,0.05,0.05,0.3,647,2.0697,255.9039,130.9530,-18.3875,0.0000,18219
8,20,9,30.0,75.0,1.0,0.05,0.1,0.3,367,0.9345,101.5452,51.9634,-31.8309,0.0000,18219
8,20,9,30.0,75.0,1.0,0.05,0.15,0.3,257,1.0799,121.6560,62.2547,-33.7220,0.0000,18219
8,20,9,30.0,75.0,1.2,0.02,0.05,0.3,662,1.4788,285.0058,145.8452,-31.7925,0.0000,18219
8,20,9,30.0,75.0,1.2,0.02,0.1,0.3,554,0.7800,123.8065,63.3552,-45.2466,0.0000,18219
8,20,9,30.0,75.0,1.2,0.02,0.15,0.3,454,1.1954,116.2361,59.4812,-23.7471,0.0000,18219
8,20,9,30.0,75.0,1.2,0.03,0.05,0.3,754,1.3359,123.1205,63.0041,-27.9244,0.0000,18219
8,20,9,30.0,75.0,1.2,0.03,0.1,0.3,499,1.2463,119.9164,61.3645,-24.0354,0.0000,18219
8,20,9,30.0,75.0,1.2,0.03,0.15,0.3,298,2.3223,233.8190,119.6515,-15.9415,0.0000,18219
8,20,9,30.0,75.0,1.2,0.05,0.05,0.3,547,1.1514,117.1244,59.9357,-25.7798,0.0000,18219
8,20,9,30.0,75.0,1.2,0.05,0.1,0.3,340,0.9907,102.6537,52.5307,-29.0820,0.0000,18219
8,20,9,30.0,75.0,1.2,0.05,0.15,0.3,241,1.1361,112.9290,57.7888,-31.9935,0.0000,18219
8,20,9,30.0,75.0,1.5,0.02,0.05,0.3,562,1.8154,251.3977,128.6470,-20.1262,0.0000,18219
8,20,9,30.0,75.0,1.5,0.02,0.1,0.3,466,1.2639,147.9702,75.7203,-26.5749,0.0000,18219
8,20,9,30.0,75.0,1.5,0.02,0.15,0.3,392,1.5716,124.0430,63.4761,-18.6007,0.0000,18219
8,20,9,30.0,75.0,1.5,0.03,0.05,0.3,635,1.8199,123.0393,62.9625,-18.2380,0.0000,18219
8,20,9,30.0,75.0,1.5,0.03,0.1,0.3,412,1.7451,123.5702,63.2342,-18.9441,0.0000,18219
8,20,9,30.0,75.0,1.5,0.03,0.15,0.3,284,2.2687,187.0016,95.6938,-14.4703,0.0000,18219
8,20,9,30.0,75.0,1.5,0.05,0.05,0.3,469,1.2718,91.2038,46.6714,-19.5721,0.0000,18219
8,20,9,30.0,75.0,1.5,0.05,0.1,0.3,310,0.5249,41.1200,21.0422,-34.6586,0.0000,18219
8,20,9,30.0,75.0,1.5,0.05,0.15,0.3,217,0.8048,72.1060,36.8986,-34.8410,0.0000,18219
8,20,9,35.0,65.0,1.0,0.02,0.05,0.3,489,1.1965,492.0972,251.8195,-50.8774,0.0000,18219
8,20,9,35.0,65.0,1.0,0.02,0.1,0.3,617,1.1645,213.0638,109.0305,-40.3266,0.0000,18219
8,20,9,35.0,65.0,1.0,0.02,0.15,0.3,480,1.1533,118.2168,60.4947,-22.3200,0.0000,18219
8,20,9,35.0,65.0,1.0,0.03,0.05,0.3,822,1.3990,149.6859,76.5983,-29.0710,0.0000,18219
8,20,9,35.0,65.0,1.0,0.03,0.1,0.3,544,1.1414,122.4498,62.6609,-28.2731,0.0000,18219
8,20,9,35.0,65.0,1.0,0.03,0.15,0.3,319,2.2576,237.6959,121.6354,-19.0631,0.0000,18219
8,20,9,35.0,65.0,1.0,0.05,0.05,0.3,647,2.0697,255.9039,130.9530,-18.3875,0.0000,18219
8,20,9,35.0,65.0,1.0,0.05,0.1,0.3,367,0.9345,101.5452,51.9634,-31.8309,0.0000,18219
8,20,9,35.0,65.0,1.0,0.05,0.15,0.3,257,1.0799,121.6560,62.2547,-33.7220,0.0000,18219
8,20,9,35.0,65.0,1.2,0.02,0.05,0.3,662,1.4788,285.0058,145.8452,-31.7925,0.0000,18219
8,20,9,35.0,65.0,1.2,0.02,0.1,0.3,554,0.7800,123.8065,63.3552,-45.2466,0.0000,18219
8,20,9,35.0,65.0,1.2,0.02,0.15,0.3,454,1.1954,116.2361,59.4812,-23.7471,0.0000,18219
8,20,9,35.0,65.0,1.2,0.03,0.05,0.3,754,1.3359,123.1205,63.0041,-27.9244,0.0000,18219
8,20,9,35.0,65.0,1.2,0.03,0.1,0.3,499,1.2463,119.9164,61.3645,-24.0354,0.0000,18219
8,20,9,35.0,65.0,1.2,0.03,0.15,0.3,298,2.3223,233.8190,119.6515,-15.9415,0.0000,18219
8,20,9,35.0,65.0,1.2,0.05,0.05,0.3,547,1.1514,117.1244,59.9357,-25.7798,0.0000,18219
8,20,9,35.0,65.0,1.2,0.05,0.1,0.3,340,0.9907,102.6537,52.5307,-29.0820,0.0000,18219
8,20,9,35.0,65.0,1.2,0.05,0.15,0.3,241,1.1361,112.9290,57.7888,-31.9935,0.0000,18219
8,20,9,35.0,65.0,1.5,0.02,0.05,0.3,562,1.8154,251.3977,128.6470,-20.1262,0.0000,18219
8,20,9,35.0,65.0,1.5,0.02,0.1,0.3,466,1.2639,147.9702,75.7203,-26.5749,0.0000,18219
8,20,9,35.0,65.0,1.5,0.02,0.15,0.3,392,1.5716,124.0430,63.4761,-18.6007,0.0000,18219
8,20,9,35.0,65.0,1.5,0.03,0.05,0.3,635,1.8199,123.0393,62.9625,-18.2380,0.0000,18219
8,20,9,35.0,65.0,1.5,0.03,0.1,0.3,412,1.7451,123.5702,63.2342,-18.9441,0.0000,18219
8,20,9,35.0,65.0,1.5,0.03,0.15,0.3,284,2.2687,187.0016,95.6938,-14.4703,0.0000,18219
8,20,9,35.0,65.0,1.5,0.05,0.05,0.3,469,1.2718,91.2038,46.6714,-19.5721,0.0000,18219
8,20,9,35.0,65.0,1.5,0.05,0.1,0.3,310,0.5249,41.1200,21.0422,-34.6586,0.0000,18219
8,20,9,35.0,65.0,1.5,0.05,0.15,0.3,217,0.8048,72.1060,36.8986,-34.8410,0.0000,18219
8,20,9,35.0,70.0,1.0,0.02,0.05,0.3,489,1.1965,492.0972,251.8195,-50.8774,0.0000,18219
8,20,9,35.0,70.0,1.0,0.02,0.1,0.3,617,1.1645,213.0638,109.0305,-40.3266,0.0000,18219
8,20,9,35.0,70.0,1.0,0.02,0.15,0.3,480,1.1533,118.2168,60.4947,-22.3200,0.0000,18219
8,20,9,35.0,70.0,1.0,0.03,0.05,0.3,822,1.3990,149.6859,76.5983,-29.0710,0.0000,18219
8,20,9,35.0,70.0,1.0,0.03,0.1,0.3,544,1.1414,122.4498,62.6609,-28.2731,0.0000,18219
8,20,9,35.0,70.0,1.0,0.03,0.15,0.3,319,2.2576,237.6959,121.6354,-19.0631,0.0000,18219
8,20,9,35.0,70.0,1.0,0.05,0.05,0.3,647,2.0697,255.9039,130.9530,-18.3875,0.0000,18219
8,20,9,35.0,70.0,1.0,0.05,0.1,0.3,367,0.9345,101.5452,51.9634,-31.8309,0.0000,18219
8,20,9,35.0,70.0,1.0,0.05,0.15,0.3,257,1.0799,121.6560,62.2547,-33.7220,0.0000,18219
8,20,9,35.0,70.0,1.2,0.02,0.05,0.3,662,1.4788,285.0058,145.8452,-31.7925,0.0000,18219
8,20,9,35.0,70.0,1.2,0.02,0.1,0.3,554,0.7800,123.8065,63.3552,-45.2466,0.0000,18219
8,20,9,35.0,70.0,1.2,0.02,0.15,0.3,454,1.1954,116.2361,59.4812,-23.7471,0.0000,18219
8,20,9,35.0,70.0,1.2,0.03,0.05,0.3,754,1.3359,123.1205,63.0041,-27.9244,0.0000,18219
8,20,9,35.0,70.0,1.2,0.03,0.1,0.3,499,1.2463,119.9164,61.3645,-24.0354,0.0000,18219
8,20,9,35.0,70.0,1.2,0.03,0.15,0.3,298,2.3223,233.8190,119.6515,-15.9415,0.0000,18219
8,20,9,35.0,70.0,1.2,0.05,0.05,0.3,547,1.1514,117.1244,59.9357,-25.7798,0.0000,18219
8,20,9,35.0,70.0,1.2,0.05,0.1,0.3,340,0.9907,102.6537,52.5307,-29.0820,0.0000,18219
8,20,9,35.0,70.0,1.2,0.05,0.15,0.3,241,1.1361,112.9290,57.7888,-31.9935,0.0000,18219
8,20,9,35.0,70.0,1.5,0.02,0.05,0.3,562,1.8154,251.3977,128.6470,-20.1262,0.0000,18219
8,20,9,35.0,70.0,1.5,0.02,0.1,0.3,466,1.2639,147.9702,75.7203,-26.5749,0.0000,18219
8,20,9,35.0,70.0,1.5,0.02,0.15,0.3,392,1.5716,124.0430,63.4761,-18.6007,0.0000,18219
8,20,9,35.0,70.0,1.5,0.03,0.05,0.3,635,1.8199,123.0393,62.9625,-18.2380,0.0000,18219
8,20,9,35.0,70.0,1.5,0.03,0.1,0.3,412,1.7451,123.5702,63.2342,-18.9441,0.0000,18219
8,20,9,35.0,70.0,1.5,0.03,0.15,0.3,284,2.2687,187.0016,95.6938,-14.4703,0.0000,18219
8,20,9,35.0,70.0,1.5,0.05,0.05,0.3,469,1.2718,91.2038,46.6714,-19.5721,0.0000,18219
8,20,9,35.0,70.0,1.5,0.05,0.1,0.3,310,0.5249,41.1200,21.0422,-34.6586,0.0000,18219
8,20,9,35.0,70.0,1.5,0.05,0.15,0.3,217,0.8048,72.1060,36.8986,-34.8410,0.0000,18219
8,20,9,35.0,75.0,1.0,0.02,0.05,0.3,489,1.1965,492.0972,251.8195,-50.8774,0.0000,18219
8,20,9,35.0,75.0,1.0,0.02,0.1,0.3,617,1.1645,213.0638,109.0305,-40.3266,0.0000,18219
8,20,9,35.0,75.0,1.0,0.02,0.15,0.3,480,1.1533,118.2168,60.4947,-22.3200,0.0000,18219
8,20,9,35.0,75.0,1.0,0.03,0.05,0.3,822,1.3990,149.6859,76.5983,-29.0710,0.0000,18219
8,20,9,35.0,75.0,1.0,0.03,0.1,0.3,544,1.1414,122.4498,62.6609,-28.2731,0.0000,18219
8,20,9,35.0,75.0,1.0,0.03,0.15,0.3,319,2.2576,237.6959,121.6354,-19.0631,0.0000,18219
8,20,9,35.0,75.0,1.0,0.05,0.05,0.3,647,2.0697,255.9039,130.9530,-18.3875,0.0000,18219
8,20,9,35.0,75.0,1.0,0.05,0.1,0.3,367,0.9345,101.5452,51.9634,-31.8309,0.0000,18219
8,20,9,35.0,75.0,1.0,0.05,0.15,0.3,257,1.0799,121.6560,62.2547,-33.7220,0.0000,18219
8,20,9,35.0,75.0,1.2,0.02,0.05,0.3,662,1.4788,285.0058,145.8452,-31.7925,0.0000,18219
8,20,9,35.0,75.0,1.2,0.02,0.1,0.3,554,0.7800,123.8065,63.3552,-45.2466,0.0000,18219
8,20,9,35.0,75.0,1.2,0.02,0.15,0.3,454,1.1954,116.2361,59.4812,-23.7471,0.0000,18219
8,20,9,35.0,75.0,1.2,0.03,0.05,0.3,754,1.3359,123.1205,63.0041,-27.9244,0.0000,18219
8,20,9,35.0,75.0,1.2,0.03,0.1,0.3,499,1.2463,119.9164,61.3645,-24.0354,0.0000,18219
8,20,9,35.0,75.0,1.2,0.03,0.15,0.3,298,2.3223,233.8190,119.6515,-15.9415,0.0000,18219
8,20,9,35.0,75.0,1.2,0.05,0.05,0.3,547,1.1514,117.1244,59.9357,-25.7798,0.0000,18219
8,20,9,35.0,75.0,1.2,0.05,0.1,0.3,340,0.9907,102.6537,52.5307,-29.0820,0.0000,18219
8,20,9,35.0,75.0,1.2,0.05,0.15,0.3,241,1.1361,112.9290,57.7888,-31.9935,0.0000,18219
8,20,9,35.0,75.0,1.5,0.02,0.05,0.3,562,1.8154,251.3977,128.6470,-20.1262,0.0000,18219
8,20,9,35.0,75.0,1.5,0.02,0.1,0.3,466,1.2639,147.9702,75.7203,-26.5749,0.0000,18219
8,20,9,35.0,75.0,1.5,0.02,0.15,0.3,392,1.5716,124.0430,63.4761,-18.6007,0.0000,18219
8,20,9,35.0,75.0,1.5,0.03,0.05,0.3,635,1.8199,123.0393,62.9625,-18.2380,0.0000,18219
8,20,9,35.0,75.0,1.5,0.03,0.1,0.3,412,1.7451,123.5702,63.2342,-18.9441,0.0000,18219
8,20,9,35.0,75.0,1.5,0.03,0.15,0.3,284,2.2687,187.0016,95.6938,-14.4703,0.0000,18219
8,20,9,35.0,75.0,1.5,0.05,0.05,0.3,469,1.2718,91.2038,46.6714,-19.5721,0.0000,18219
8,20,9,35.0,75.0,1.5,0.05,0.1,0.3,310,0.5249,41.1200,21.0422,-34.6586,0.0000,18219
8,20,9,35.0,75.0,1.5,0.05,0.15,0.3,217,0.8048,72.1060,36.8986,-34.8410,0.0000,18219
8,20,14,25.0,65.0,1.0,0.02,0.05,0.3,489,1.1965,492.0972,251.8195,-50.8774,0.0000,18219
8,20,14,25.0,65.0,1.0,0.02,0.1,0.3,617,1.1645,213.0638,109.0305,-40.3266,0.0000,18219
8,20,14,25.0,65.0,1.0,0.02,0.15,0.3,480,1.1533,118.2168,60.4947,-22.3200,0.0000,18219
8,20,14,25.0,65.0,1.0,0.03,0.05,0.3,822,1.3990,149.6859,76.5983,-29.0710,0.0000,18219
8,20,14,25.0,65.0,1.0,0.03,0.1,0.3,544,1.1414,122.4498,62.6609,-28.2731,0.0000,18219
8,20,14,25.0,65.0,1.0,0.03,0.15,0.3,319,2.2576,237.6959,121.6354,-19.0631,0.0000,18219
8,20,14,25.0,65.0,1.0,0.05,0.05,0.3,647,2.0697,255.9039,130.9530,-18.3875,0.0000,18219
8,20,14,25.0,65.0,1.0,0.05,0.1,0.3,367,0.9345,101.5452,51.9634,-31.8309,0.0000,18219
8,20,14,25.0,65.0,1.0,0.05,0.15,0.3,257,1.0799,121.6560,62.2547,-33.7220,0.0000,18219
8,20,14,25.0,65.0,1.2,0.02,0.05,0.3,662,1.4788,285.0058,145.8452,-31.7925,0.0000,18219
8,20,14,25.0,65.0,1.2,0.02,0.1,0.3,554,0.7800,123.8065,63.3552,-45.2466,0.0000,18219
8,20,14,25.0,65.0,1.2,0.02,0.15,0.3,454,1.1954,116.2361,59.4812,-23.7471,0.0000,18219
8,20,14,25.0,65.0,1.2,0.03,0.05,0.3,754,1.3359,123.1205,63.0041,-27.9244,0.0000,18219
8,20,14,25.0,65.0,1.2,0.03,0.1,0.3,499,1.2463,119.9164,61.3645,-24.0354,0.0000,18219
8,20,14,25.0,65.0,1.2,0.03,0.15,0.3,298,2.3223,233.8190,119.6515,-15.9415,0.0000,18219
8,20,14,25.0,65.0,1.2,0.05,0.05,0.3,547,1.1514,117.1244,59.9357,-25.7798,0.0000,18219
8,20,14,25.0,65.0,1.2,0.05,0.1,0.3,340,0.9907,102.6537,52.5307,-29.0820,0.0000,18219
8,20,14,25.0,65.0,1.2,0.05,0.15,0.3,241,1.1361,112.9290,57.7888,-31.9935,0.0000,18219
8,20,14,25.0,65.0,1.5,0.02,0.05,0.3,562,1.8154,251.3977,128.6470,-20.1262,0.0000,18219
8,20,14,25.0,65.0,1.5,0.02,0.1,0.3,466,1.2639,147.9702,75.7203,-26.5749,0.0000,18219
8,20,14,25.0,65.0,1.5,0.02,0.15,0.3,392,1.5716,124.0430,63.4761,-18.6007,0.0000,18219
8,20,14,25.0,65.0,1.5,0.03,0.05,0.3,635,1.8199,123.0393,62.9625,-18.2380,0.0000,18219
8,20,14,25.0,65.0,1.5,0.03,0.1,0.3,412,1.7451,123.5702,63.2342,-18.9441,0.0000,18219
8,20,14,25.0,65.0,1.5,0.03,0.15,0.3,284,2.2687,187.0016,95.6938,-14.4703,0.0000,18219
8,20,14,25.0,65.0,1.5,0.05,0.05,0.3,469,1.2718,91.2038,46.6714,-19.5721,0.0000,18219
8,20,14,25.0,65.0,1.5,0.05,0.1,0.3,310,0.5249,41.1200,21.0422,-34.6586,0.0000,18219
8,20,14,25.0,65.0,1.5,0.05,0.15,0.3,217,0.8048,72.1060,36.8986,-34.8410,0.0000,18219
8,20,14,25.0,70.0,1.0,0.02,0.05,0.3,489,1.1965,492.0972,251.8195,-50.8774,0.0000,18219
8,20,14,25.0,70.0,1.0,0.02,0.1,0.3,617,1.1645,213.0638,109.0305,-40.3266,0.0000,18219
8,20,14,25.0,70.0,1.0,0.02,0.15,0.3,480,1.1533,118.2168,60.4947,-22.3200,0.0000,18219
8,20,14,25.0,70.0,1.0,0.03,0.05,0.3,822,1.3990,149.6859,76.5983,-29.0710,0.0000,18219
8,20,14,25.0,70.0,1.0,0.03,0.1,0.3,544,1.1414,122.4498,62.6609,-28.2731,0.0000,18219
8,20,14,25.0,70.0,1.0,0.03,0.15,0.3,319,2.2576,237.6959,121.6354,-19.0631,0.0000,18219
8,20,14,25.0,70.0,1.0,0.05,0.05,0.3,647,2.0697,255.9039,130.9530,-18.3875,0.0000,18219
8,20,14,25.0,70.0,1.0,0.05,0.1,0.3,367,0.9345,101.5452,51.9634,-31.8309,0.0000,18219
8,20,14,25.0,70.0,1.0,0.05,0.15,0.3,257,1.0799,121.6560,62.2547,-33.7220,0.0000,18219
8,20,14,25.0,70.0,1.2,0.02,0.05,0.3,662,1.4788,285.0058,145.8452,-31.7925,0.0000,18219
8,20,14,25.0,70.0,1.2,0.02,0.1,0.3,554,0.7800,123.8065,63.3552,-45.2466,0.0000,18219
8,20,14,25.0,70.0,1.2,0.02,0.15,0.3,454,1.1954,116.2361,59.4812,-23.7471,0.0000,18219
8,20,14,25.0,70.0,1.2,0.03,0.05,0.3,754,1.3359,123.1205,63.0041,-27.9244,0.0000,18219
8,20,14,25.0,70.0,1.2,0.03,0.1,0.3,499,1.2463,119.9164,61.3645,-24.0354,0.0000,18219
8,20,14,25.0,70.0,1.2,0.03,0.15,0.3,298,2.3223,233.8190,119.6515,-15.9415,0.0000,18219
8,20,14,25.0,70.0,1.2,0.05,0.05,0.3,547,1.1514,117.1244,59.9357,-25.7798,0.0000,18219
8,20,14,25.0,70.0,1.2,0.05,0.1,0.3,340,0.9907,102.6537,52.5307,-29.0820,0.0000,18219
8,20,14,25.0,70.0,1.2,0.05,0.15,0.3,241,1.1361,112.9290,57.7888,-31.9935,0.0000,18219
8,20,14,25.0,70.0,1.5,0.02,0.05,0.3,562,1.8154,251.3977,128.6470,-20.1262,0.0000,18219
8,20,14,25.0,70.0,1.5,0.02,0.1,0.3,466,1.2639,147.9702,75.7203,-26.5749,0.0000,18219
8,20,14,25.0,70.0,1.5,0.02,0.15,0.3,392,1.5716,124.0430,63.4761,-18.6007,0.0000,18219
8,20,14,25.0,70.0,1.5,0.03,0.05,0.3,635,1.8199,123.0393,62.9625,-18.2380,0.0000,18219
8,20,14,25.0,70.0,1.5,0.03,0.1,0.3,412,1.7451,123.5702,63.2342,-18.9441,0.0000,18219
8,20,14,25.0,70.0,1.5,0.03,0.15,0.3,284,2.2687,187.0016,95.6938,-14.4703,0.0000,18219
8,20,14,25.0,70.0,1.5,0.05,0.05,0.3,469,1.2718,91.2038,46.6714,-19.5721,0.0000,18219
8,20,14,25.0,70.0,1.5,0.05,0.1,0.3,310,0.5249,41.1200,21.0422,-34.6586,0.0000,18219
8,20,14,25.0,70.0,1.5,0.05,0.15,0.3,217,0.8048,72.1060,36.8986,-34.8410,0.0000,18219
8,20,14,25.0,75.0,1.0,0.02,0.05,0.3,489,1.1965,492.0972,251.8195,-50.8774,0.0000,18219
8,20,14,25.0,75.0,1.0,0.02,0.1,0.3,617,1.1645,213.0638,109.0305,-40.3266,0.0000,18219
8,20,14,25.0,75.0,1.0,0.02,0.15,0.3,480,1.1533,118.2168,60.4947,-22.3200,0.0000,18219
8,20,14,25.0,75.0,1.0,0.03,0.05,0.3,822,1.3990,149.6859,76.5983,-29.0710,0.0000,18219
8,20,14,25.0,75.0,1.0,0.03,0.1,0.3,544,1.1414,122.4498,62.6609,-28.2731,0.0000,18219
8,20,14,25.0,75.0,1.0,0.03,0.15,0.3,319,2.2576,237.6959,121.6354,-19.0631,0.0000,18219
8,20,14,25.0,75.0,1.0,0.05,0.05,0.3,647,2.0697,255.9039,130.9530,-18.3875,0.0000,18219
8,20,14,25.0,75.0,1.0,0.05,0.1,0.3,367,0.9345,101.5452,51.9634,-31.8309,0.0000,18219
8,20,14,25.0,75.0,1.0,0.05,0.15,0.3,257,1.0799,121.6560,62.2547,-33.7220,0.0000,18219
8,20,14,25.0,75.0,1.2,0.02,0.05,0.3,662,1.4788,285.0058,145.8452,-31.7925,0.0000,18219
8,20,14,25.0,75.0,1.2,0.02,0.1,0.3,554,0.7800,123.8065,63.3552,-45.2466,0.0000,18219
8,20,14,25.0,75.0,1.2,0.02,0.15,0.3,454,1.1954,116.2361,59.4812,-23.7471,0.0000,18219
8,20,14,25.0,75.0,1.2,0.03,0.05,0.3,754,1.3359,123.1205,63.0041,-27.9244,0.0000,18219
8,20,14,25.0,75.0,1.2,0.03,0.1,0.3,499,1.2463,119.9164,61.3645,-24.0354,0.0000,18219
8,20,14,25.0,75.0,1.2,0.03,0.15,0.3,298,2.3223,233.8190,119.6515,-15.9415,0.0000,18219
8,20,14,25.0,75.0,1.2,0.05,0.05,0.3,547,1.1514,117.1244,59.9357,-25.7798,0.0000,18219
8,20,14,25.0,75.0,1.2,0.05,0.1,0.3,340,0.9907,102.6537,52.5307,-29.0820,0.0000,18219
8,20,14,25.0,75.0,1.2,0.05,0.15,0.3,241,1.1361,112.9290,57.7888,-31.9935,0.0000,18219
8,20,14,25.0,75.0,1.5,0.02,0.05,0.3,562,1.8154,251.3977,128.6470,-20.1262,0.0000,18219
8,20,14,25.0,75.0,1.5,0.02,0.1,0.3,466,1.2639,147.9702,75.7203,-26.5749,0.0000,18219
8,20,14,25.0,75.0,1.5,0.02,0.15,0.3,392,1.5716,124.0430,63.4761,-18.6007,0.0000,18219
8,20,14,25.0,75.0,1.5,0.03,0.05,0.3,635,1.8199,123.0393,62.9625,-18.2380,0.0000,18219
8,20,14,25.0,75.0,1.5,0.03,0.1,0.3,412,1.7451,123.5702,63.2342,-18.9441,0.0000,18219
8,20,14,25.0,75.0,1.5,0.03,0.15,0.3,284,2.2687,187.0016,95.6938,-14.4703,0.0000,18219
8,20,14,25.0,75.0,1.5,0.05,0.05,0.3,469,1.2718,91.2038,46.6714,-19.5721,0.0000,18219
8,20,14,25.0,75.0,1.5,0.05,0.1,0.3,310,0.5249,41.1200,21.0422,-34.6586,0.0000,18219
8,20,14,25.0,75.0,1.5,0.05,0.15,0.3,217,0.8048,72.1060,36.8986,-34.8410,0.0000,18219
8,20,14,30.0,65.0,1.0,0.02,0.05,0.3,489,1.1965,492.0972,251.8195,-50.8774,0.0000,18219
8,20,14,30.0,65.0,1.0,0.02,0.1,0.3,617,1.1645,213.0638,109.0305,-40.3266,0.0000,18219
8,20,14,30.0,65.0,1.0,0.02,0.15,0.3,480,1.1533,118.2168,60.4947,-22.3200,0.0000,18219
8,20,14,30.0,65.0,1.0,0.03,0.05,0.3,822,1.3990,149.6859,76.5983,-29.0710,0.0000,18219
8,20,14,30.0,65.0,1.0,0.03,0.1,0.3,544,1.1414,122.4498,62.6609,-28.2731,0.0000,18219
8,20,14,30.0,65.0,1.0,0.03,0.15,0.3,319,2.2576,237.6959,121.6354,-19.0631,0.0000,18219
8,20,14,30.0,65.0,1.0,0.05,0.05,0.3,647,2.0697,255.9039,130.9530,-18.3875,0.0000,18219
8,20,14,30.0,65.0,1.0,0.05,0.1,0.3,367,0.9345,101.5452,51.9634,-31.8309,0.0000,18219
8,20,14,30.0,65.0,1.0,0.05,0.15,0.3,257,1.0799,121.6560,62.2547,-33.7220,0.0000,18219
8,20,14,30.0,65.0,1.2,0.02,0.05,0.3,662,1.4788,285.0058,145.8452,-31.7925,0.0000,18219
8,20,14,30.0,65.0,1.2,0.02,0.1,0.3,554,0.7800,123.8065,63.3552,-45.2466,0.0000,18219
8,20,14,30.0,65.0,1.2,0.02,0.15,0.3,454,1.1954,116.2361,59.4812,-23.7471,0.0000,18219
8,20,14,30.0,65.0,1.2,0.03,0.05,0.3,754,1.3359,123.1205,63.0041,-27.9244,0.0000,18219
8,20,14,30.0,65.0,1.2,0.03,0.1,0.3,499,1.2463,119.9164,61.3645,-24.0354,0.0000,18219
8,20,14,30.0,65.0,1.2,0.03,0.15,0.3,298,2.3223,233.8190,119.6515,-15.9415,0.0000,18219
8,20,14,30.0,65.0,1.2,0.05,0.05,0.3,547,1.1514,117.1244,59.9357,-25.7798,0.0000,18219
8,20,14,30.0,65.0,1.2,0.05,0.1,0.3,340,0.9907,102.6537,52.5307,-29.0820,0.0000,18219
8,20,14,30.0,65.0,1.2,0.05,0.15,0.3,241,1.1361,112.9290,57.7888,-31.9935,0.0000,18219
8,20,14,30.0,65.0,1.5,0.02,0.05,0.3,562,1.8154,251.3977,128.6470,-20.1262,0.0000,18219
8,20,14,30.0,65.0,1.5,0.02,0.1,0.3,466,1.2639,147.9702,75.7203,-26.5749,0.0000,18219
8,20,14,30.0,65.0,1.5,0.02,0.15,0.3,392,1.5716,124.0430,63.4761,-18.6007,0.0000,18219
8,20,14,30.0,65.0,1.5,0.03,0.05,0.3,635,1.8199,123.0393,62.9625,-18.2380,0.0000,18219
8,20,14,30.0,65.0,1.5,0.03,0.1,0.3,412,1.7451,123.5702,63.2342,-18.9441,0.0000,18219
8,20,14,30.0,65.0,1.5,0.03,0.15,0.3,284,2.2687,187.0016,95.6938,-14.4703,0.0000,18219
8,20,14,30.0,65.0,1.5,0.05,0.05,0.3,469,1.2718,91.2038,46.6714,-19.5721,0.0000,18219
8,20,14,30.0,65.0,1.5,0.05,0.1,0.3,310,0.5249,41.1200,21.0422,-34.6586,0.0000,18219
8,20,14,30.0,65.0,1.5,0.05,0.15,0.3,217,0.8048,72.1060,36.8986,-34.8410,0.0000,18219
8,20,14,30.0,70.0,1.0,0.02,0.05,0.3,489,1.1965,492.0972,251.8195,-50.8774,0.0000,18219
8,20,14,30.0,70.0,1.0,0.02,0.1,0.3,617,1.1645,213.0638,109.0305,-40.3266,0.0000,18219
8,20,14,30.0,70.0,1.0,0.02,0.15,0.3,480,1.1533,118.2168,60.4947,-22.3200,0.0000,18219
8,20,14,30.0,70.0,1.0,0.03,0.05,0.3,822,1.3990,149.6859,76.5983,-29.0710,0.0000,18219
8,20,14,30.0,70.0,1.0,0.03,0.1,0.3,544,1.1414,122.4498,62.6609,-28.2731,0.0000,18219
8,20,14,30.0,70.0,1.0,0.03,0.15,0.3,319,2.2576,237.6959,121.6354,-19.0631,0.0000,18219
8,20,14,30.0,70.0,1.0,0.05,0.05,0.3,647,2.0697,255.9039,130.9530,-18.3875,0.0000,18219
8,20,14,30.0,70.0,1.0,0.05,0.1,0.3,367,0.9345,101.5452,51.9634,-31.8309,0.0000,18219
8,20,14,30.0,70.0,1.0,0.05,0.15,0.3,257,1.0799,121.6560,62.2547,-33.7220,0.0000,18219
8,20,14,30.0,70.0,1.2,0.02,0.05,0.3,662,1.4788,285.0058,145.8452,-31.7925,0.0000,18219
8,20,14,30.0,70.0,1.2,0.02,0.1,0.3,554,0.7800,123.8065,63.3552,-45.2466,0.0000,18219
8,20,14,30.0,70.0,1.2,0.02,0.15,0.3,454,1.1954,116.2361,59.4812,-23.7471,0.0000,18219
8,20,14,30.0,70.0,1.2,0.03,0.05,0.3,754,1.3359,123.1205,63.0041,-27.9244,0.0000,18219
8,20,14,30.0,70.0,1.2,0.03,0.1,0.3,499,1.2463,119.9164,61.3645,-24.0354,0.0000,18219
8,20,14,30.0,70.0,1.2,0.03,0.15,0.3,298,2.3223,233.8190,119.6515,-15.9415,0.0000,18219
8,20,14,30.0,70.0,1.2,0.05,0.05,0.3,547,1.1514,117.1244,59.9357,-25.7798,0.0000,18219
8,20,14,30.0,70.0,1.2,0.05,0.1,0.3,340,0.9907,102.6537,52.5307,-29.0820,0.0000,18219
8,20,14,30.0,70.0,1.2,0.05,0.15,0.3,241,1.1361,112.9290,57.7888,-31.9935,0.0000,18219
8,20,14,30.0,70.0,1.5,0.02,0.05,0.3,562,1.8154,251.3977,128.6470,-20.1262,0.0000,18219
8,20,14,30.0,70.0,1.5,0.02,0.1,0.3,466,1.2639,147.9702,75.7203,-26.5749,0.0000,18219
8,20,14,30.0,70.0,1.5,0.02,0.15,0.3,392,1.5716,124.0430,63.4761,-18.6007,0.0000,18219
8,20,14,30.0,70.0,1.5,0.03,0.05,0.3,635,1.8199,123.0393,62.9625,-18.2380,0.0000,18219
8,20,14,30.0,70.0,1.5,0.03,0.1,0.3,412,1.7451,123.5702,63.2342,-18.9441,0.0000,18219
8,20,14,30.0,70.0,1.5,0.03,0.15,0.3,284,2.2687,187.0016,95.6938,-14.4703,0.0000,18219
8,20,14,30.0,70.0,1.5,0.05,0.05,0.3,469,1.2718,91.2038,46.6714,-19.5721,0.0000,18219
8,20,14,30.0,70.0,1.5,0.05,0.1,0.3,310,0.5249,41.1200,21.0422,-34.6586,0.0000,18219
8,20,14,30.0,70.0,1.5,0.05,0.15,0.3,217,0.8048,72.1060,36.8986,-34.8410,0.0000,18219
8,20,14,30.0,75.0,1.0,0.02,0.05,0.3,489,1.1965,492.0972,251.8195,-50.8774,0.0000,18219
8,20,14,30.0,75.0,1.0,0.02,0.1,0.3,617,1.1645,213.0638,109.0305,-40.3266,0.0000,18219
8,20,14,30.0,75.0,1.0,0.02,0.15,0.3,480,1.1533,118.2168,60.4947,-22.3200,0.0000,18219
8,20,14,30.0,75.0,1.0,0.03,0.05,0.3,822,1.3990,149.6859,76.5983,-29.0710,0.0000,18219
8,20,14,30.0,75.0,1.0,0.03,0.1,0.3,544,1.1414,122.4498,62.6609,-28.2731,0.0000,18219
8,20,14,30.0,75.0,1.0,0.03,0.15,0.3,319,2.2576,237.6959,121.6354,-19.0631,0.0000,18219
8,20,14,30.0,75.0,1.0,0.05,0.05,0.3,647,2.0697,255.9039,130.9530,-18.3875,0.0000,18219
8,20,14,30.0,75.0,1.0,0.05,0.1,0.3,367,0.9345,101.5452,51.9634,-31.8309,0.0000,18219
8,20,14,30.0,75.0,1.0,0.05,0.15,0.3,257,1.0799,121.6560,62.2547,-33.7220,0.0000,18219
8,20,14,30.0,75.0,1.2,0.02,0.05,0.3,662,1.4788,285.0058,145.8452,-31.7925,0.0000,18219
8,20,14,30.0,75.0,1.2,0.02,0.1,0.3,554,0.7800,123.8065,63.3552,-45.2466,0.0000,18219
8,20,14,30.0,75.0,1.2,0.02,0.15,0.3,454,1.1954,116.2361,59.4812,-23.7471,0.0000,18219
8,20,14,30.0,75.0,1.2,0.03,0.05,0.3,754,1.3359,123.1205,63.0041,-27.9244,0.0000,18219
8,20,14,30.0,75.0,1.2,0.03,0.1,0.3,499,1.2463,119.9164,61.3645,-24.0354,0.0000,18219
8,20,14,30.0,75.0,1.2,0.03,0.15,0.3,298,2.3223,233.8190,119.6515,-15.9415,0.0000,18219
8,20,14,30.0,75.0,1.2,0.05,0.05,0.3,547,1.1514,117.1244,59.9357,-25.7798,0.0000,18219
8,20,14,30.0,75.0,1.2,0.05,0.1,0.3,340,0.9907,102.6537,52.5307,-29.0820,0.0000,18219
8,20,14,30.0,75.0,1.2,0.05,0.15,0.3,241,1.1361,112.9290,57.7888,-31.9935,0.0000,18219
8,20,14,30.0,75.0,1.5,0.02,0.05,0.3,562,1.8154,251.3977,128.6470,-20.1262,0.0000,18219
8,20,14,30.0,75.0,1.5,0.02,0.1,0.3,466,1.2639,147.9702,75.7203,-26.5749,0.0000,18219
8,20,14,30.0,75.0,1.5,0.02,0.15,0.3,392,1.5716,124.0430,63.4761,-18.6007,0.0000,18219
8,20,14,30.0,75.0,1.5,0.03,0.05,0.3,635,1.8199,123.0393,62.9625,-18.2380,0.0000,18219
8,20,14,30.0,75.0,1.5,0.03,0.1,0.3,412,1.7451,123.5702,63.2342,-18.9441,0.0000,18219
8,20,14,30.0,75.0,1.5,0.03,0.15,0.3,284,2.2687,187.0016,95.6938,-14.4703,0.0000,18219
8,20,14,30.0,75.0,1.5,0.05,0.05,0.3,469,1.2718,91.2038,46.6714,-19.5721,0.0000,18219
8,20,14,30.0,75.0,1.5,0.05,0.1,0.3,310,0.5249,41.1200,21.0422,-34.6586,0.0000,18219
8,20,14,30.0,75.0,1.5,0.05,0.15,0.3,217,0.8048,72.1060,36.8986,-34.8410,0.0000,18219
8,20,14,35.0,65.0,1.0,0.02,0.05,0.3,489,1.1965,492.0972,251.8195,-50.8774,0.0000,18219
8,20,14,35.0,65.0,1.0,0.02,0.1,0.3,617,1.1645,213.0638,109.0305,-40.3266,0.0000,18219
8,20,14,35.0,65.0,1.0,0.02,0.15,0.3,480,1.1533,118.2168,60.4947,-22.3200,0.0000,18219
8,20,14,35.0,65.0,1.0,0.03,0.05,0.3,822,1.3990,149.6859,76.5983,-29.0710,0.0000,18219
8,20,14,35.0,65.0,1.0,0.03,0.1,0.3,544,1.1414,122.4498,62.6609,-28.2731,0.0000,18219
8,20,14,35.0,65.0,1.0,0.03,0.15,0.3,319,2.2576,237.6959,121.6354,-19.0631,0.0000,18219
8,20,14,35.0,65.0,1.0,0.05,0.05,0.3,647,2.0697,255.9039,130.9530,-18.3875,0.0000,18219
8,20,14,35.0,65.0,1.0,0.05,0.1,0.3,367,0.9345,101.5452,51.9634,-31.8309,0.0000,18219
8,20,14,35.0,65.0,1.0,0.05,0.15,0.3,257,1.0799,121.6560,62.2547,-33.7220,0.0000,18219
8,20,14,35.0,65.0,1.2,0.02,0.05,0.3,662,1.4788,285.0058,145.8452,-31.7925,0.0000,18219
8,20,14,35.0,65.0,1.2,0.02,0.1,0.3,554,0.7800,123.8065,63.3552,-45.2466,0.0000,18219
8,20,14,35.0,65.0,1.2,0.02,0.15,0.3,454,1.1954,116.2361,59.4812,-23.7471,0.0000,18219
8,20,14,35.0,65.0,1.2,0.03,0.05,0.3,754,1.3359,123.1205,63.0041,-27.9244,0.0000,18219
8,20,14,35.0,65.0,1.2,0.03,0.1,0.3,499,1.2463,119.9164,61.3645,-24.0354,0.0000,18219
8,20,14,35.0,65.0,1.2,0.03,0.15,0.3,298,2.3223,233.8190,119.6515,-15.9415,0.0000,18219
8,20,14,35.0,65.0,1.2,0.05,0.05,0.3,547,1.1514,117.1244,59.9357,-25.7798,0.0000,18219
8,20,14,35.0,65.0,1.2,0.05,0.1,0.3,340,0.9907,102.6537,52.5307,-29.0820,0.0000,18219
8,20,14,35.0,65.0,1.2,0.05,0.15,0.3,241,1.1361,112.9290,57.7888,-31.9935,0.0000,18219
8,20,14,35.0,65.0,1.5,0.02,0.05,0.3,562,1.8154,251.3977,128.6470,-20.1262,0.0000,18219
8,20,14,35.0,65.0,1.5,0.02,0.1,0.3,466,1.2639,147.9702,75.7203,-26.5749,0.0000,18219
8,20,14,35.0,65.0,1.5,0.02,0.15,0.3,392,1.5716,124.0430,63.4761,-18.6007,0.0000,18219
8,20,14,35.0,65.0,1.5,0.03,0.05,0.3,635,1.8199,123.0393,62.9625,-18.2380,0.0000,18219
8,20,14,35.0,65.0,1.5,0.03,0.1,0.3,412,1.7451,123.5702,63.2342,-18.9441,0.0000,18219
8,20,14,35.0,65.0,1.5,0.03,0.15,0.3,284,2.2687,187.0016,95.6938,-14.4703,0.0000,18219
8,20,14,35.0,65.0,1.5,0.05,0.05,0.3,469,1.2718,91.2038,46.6714,-19.5721,0.0000,18219
8,20,14,35.0,65.0,1.5,0.05,0.1,0.3,310,0.5249,41.1200,21.0422,-34.6586,0.0000,18219
8,20,14,35.0,65.0,1.5,0.05,0.15,0.3,217,0.8048,72.1060,36.8986,-34.8410,0.0000,18219
8,20,14,35.0,70.0,1.0,0.02,0.05,0.3,489,1.1965,492.0972,251.8195,-50.8774,0.0000,18219
8,20,14,35.0,70.0,1.0,0.02,0.1,0.3,617,1.1645,213.0638,109.0305,-40.3266,0.0000,18219
8,20,14,35.0,70.0,1.0,0.02,0.15,0.3,480,1.1533,118.2168,60.4947,-22.3200,0.0000,18219
8,20,14,35.0,70.0,1.0,0.03,0.05,0.3,822,1.3990,149.6859,76.5983,-29.0710,0.0000,18219
8,20,14,35.0,70.0,1.0,0.03,0.1,0.3,544,1.1414,122.4498,62.6609,-28.2731,0.0000,18219
8,20,14,35.0,70.0,1.0,0.03,0.15,0.3,319,2.2576,237.6959,121.6354,-19.0631,0.0000,18219
8,20,14,35.0,70.0,1.0,0.05,0.05,0.3,647,2.0697,255.9039,130.9530,-18.3875,0.0000,18219
8,20,14,35.0,70.0,1.0,0.05,0.1,0.3,367,0.9345,101.5452,51.9634,-31.8309,0.0000,18219
8,20,14,35.0,70.0,1.0,0.05,0.15,0.3,257,1.0799,121.6560,62.2547,-33.7220,0.0000,18219
8,20,14,35.0,70.0,1.2,0.02,0.05,0.3,662,1.4788,285.0058,145.8452,-31.7925,0.0000,18219
8,20,14,35.0,70.0,1.2,0.02,0.1,0.3,554,0.7800,123.8065,63.3552,-45.2466,0.0000,18219
8,20,14,35.0,70.0,1.2,0.02,0.15,0.3,454,1.1954,116.2361,59.4812,-23.7471,0.0000,18219
8,20,14,35.0,70.0,1.2,0.03,0.05,0.3,754,1.3359,123.1205,63.0041,-27.9244,0.0000,18219
8,20,14,35.0,70.0,1.2,0.03,0.1,0.3,499,1.2463,119.9164,61.3645,-24.0354,0.0000,18219
8,20,14,35.0,70.0,1.2,0.03,0.15,0.3,298,2.3223,233.8190,119.6515,-15.9415,0.0000,18219
8,20,14,35.0,70.0,1.2,0.05,0.05,0.3,547,1.1514,117.1244,59.9357,-25.7798,0.0000,18219
8,20,14,35.0,70.0,1.2,0.05,0.1,0.3,340,0.9907,102.6537,52.5307,-29.0820,0.0000,18219
8,20,14,35.0,70.0,1.2,0.05,0.15,0.3,241,1.1361,112.9290,57.7888,-31.9935,0.0000,18219
8,20,14,35.0,70.0,1.5,0.02,0.05,0.3,562,1.8154,251.3977,128.6470,-20.1262,0.0000,18219
8,20,14,35.0,70.0,1.5,0.02,0.1,0.3,466,1.2639,147.9702,75.7203,-26.5749,0.0000,18219
8,20,14,35.0,70.0,1.5,0.02,0.15,0.3,392,1.5716,124.0430,63.4761,-18.6007,0.0000,18219
8,20,14,35.0,70.0,1.5,0.03,0.05,0.3,635,1.8199,123.0393,62.9625,-18.2380,0.0000,18219
8,20,14,35.0,70.0,1.5,0.03,0.1,0.3,412,1.7451,123.5702,63.2342,-18.9441,0.0000,18219
8,20,14,35.0,70.0,1.5,0.03,0.15,0.3,284,2.2687,187.0016,95.6938,-14.4703,0.0000,18219
8,20,14,35.0,70.0,1.5,0.05,0.05,0.3,469,1.2718,91.2038,46.6714,-19.5721,0.0000,18219
8,20,14,35.0,70.0,1.5,0.05,0.1,0.3,310,0.5249,41.1200,21.0422,-34.6586,0.0000,18219
8,20,14,35.0,70.0,1.5,0.05,0.15,0.3,217,0.8048,72.1060,36.8986,-34.8410,0.0000,18219
8,20,14,35.0,75.0,1.0,0.02,0.05,0.3,489,1.1965,492.0972,251.8195,-50.8774,0.0000,18219
8,20,14,35.0,75.0,1.0,0.02,0.1,0.3,617,1.1645,213.0638,109.0305,-40.3266,0.0000,18219
8,20,14,35.0,75.0,1.0,0.02,0.15,0.3,480,1.1533,118.2168,60.4947,-22.3200,0.0000,18219
8,20,14,35.0,75.0,1.0,0.03,0.05,0.3,822,1.3990,149.6859,76.5983,-29.0710,0.0000,18219
8,20,14,35.0,75.0,1.0,0.03,0.1,0.3,544,1.1414,122.4498,62.6609,-28.2731,0.0000,18219
8,20,14,35.0,75.0,1.0,0.03,0.15,0.3,319,2.2576,237.6959,121.6354,-19.0631,0.0000,18219
8,20,14,35.0,75.0,1.0,0.05,0.05,0.3,647,2.0697,255.9039,130.9530,-18.3875,0.0000,18219
8,20,14,35.0,75.0,1.0,0.05,0.1,0.3,367,0.9345,101.5452,51.9634,-31.8309,0.0000,18219
8,20,14,35.0,75.0,1.0,0.05,0.15,0.3,257,1.0799,121.6560,62.2547,-33.7220,0.0000,18219
8,20,14,35.0,75.0,1.2,0.02,0.05,0.3,662,1.4788,285.0058,145.8452,-31.7925,0.0000,18219
8,20,14,35.0,75.0,1.2,0.02,0.1,0.3,554,0.7800,123.8065,63.3552,-45.2466,0.0000,18219
8,20,14,35.0,75.0,1.2,0.02,0.15,0.3,454,1.1954,116.2361,59.4812,-23.7471,0.0000,18219
8,20,14,35.0,75.0,1.2,0.03,0.05,0.3,754,1.3359,123.1205,63.0041,-27.9244,0.0000,18219
8,20,14,35.0,75.0,1.2,0.03,0.1,0.3,499,1.2463,119.9164,61.3645,-24.0354,0.0000,18219
8,20,14,35.0,75.0,1.2,0.03,0.15,0.3,298,2.3223,233.8190,119.6515,-15.9415,0.0000,18219
8,20,14,35.0,75.0,1.2,0.05,0.05,0.3,547,1.1514,117.1244,59.9357,-25.7798,0.0000,18219
8,20,14,35.0,75.0,1.2,0.05,0.1,0.3,340,0.9907,102.6537,52.5307,-29.0820,0.0000,18219
8,20,14,35.0,75.0,1.2,0.05,0.15,0.3,241,1.1361,112.9290,57.7888,-31.9935,0.0000,18219
8,20,14,35.0,75.0,1.5,0.02,0.05,0.3,562,1.8154,251.3977,128.6470,-20.1262,0.0000,18219
8,20,14,35.0,75.0,1.5,0.02,0.1,0.3,466,1.2639,147.9702,75.7203,-26.5749,0.0000,18219
8,20,14,35.0,75.0,1.5,0.02,0.15,0.3,392,1.5716,124.0430,63.4761,-18.6007,0.0000,18219
8,20,14,35.0,75.0,1.5,0.03,0.05,0.3,635,1.8199,123.0393,62.9625,-18.2380,0.0000,18219
8,20,14,35.0,75.0,1.5,0.03,0.1,0.3,412,1.7451,123.5702,63.2342,-18.9441,0.0000,18219
8,20,14,35.0,75.0,1.5,0.03,0.15,0.3,284,2.2687,187.0016,95.6938,-14.4703,0.0000,18219
8,20,14,35.0,75.0,1.5,0.05,0.05,0.3,469,1.2718,91.2038,46.6714,-19.5721,0.0000,18219
8,20,14,35.0,75.0,1.5,0.05,0.1,0.3,310,0.5249,41.1200,21.0422,-34.6586,0.0000,18219
8,20,14,35.0,75.0,1.5,0.05,0.15,0.3,217,0.8048,72.1060,36.8986,-34.8410,0.0000,18219
8,30,9,25.0,65.0,1.0,0.02,0.05,0.3,1163,1.0313,115.2105,58.9563,-33.1596,0.0000,18219
8,30,9,25.0,65.0,1.0,0.02,0.1,0.3,686,1.2406,138.2762,70.7597,-39.3955,0.0000,18219
8,30,9,25.0,65.0,1.0,0.02,0.15,0.3,540,1.2394,137.4271,70.3251,-32.3097,0.0000,18219
8,30,9,25.0,65.0,1.0,0.03,0.05,0.3,904,1.2391,145.1220,74.2629,-27.6288,0.0000,18219
8,30,9,25.0,65.0,1.0,0.03,0.1,0.3,513,0.7395,88.1007,45.0835,-41.2209,0.0000,18219
8,30,9,25.0,65.0,1.0,0.03,0.15,0.3,418,1.4098,199.8562,102.2718,-32.2724,0.0000,18219
8,30,9,25.0,65.0,1.0,0.05,0.05,0.3,635,1.1182,117.9971,60.3823,-33.5751,0.0000,18219
8,30,9,25.0,65.0,1.0,0.05,0.1,0.3,308,0.7552,65.0972,33.3120,-33.5220,0.0000,18219
8,30,9,25.0,65.0,1.0,0.05,0.15,0.3,266,1.4185,192.4957,98.5053,-30.4607,0.0000,18219
8,30,9,25.0,65.0,1.2,0.02,0.05,0.3,366,1.0485,244.8782,125.3108,-41.1066,0.0000,18219
8,30,9,25.0,65.0,1.2,0.02,0.1,0.3,224,1.2256,231.5335,118.4820,-33.3789,0.0000,18219
8,30,9,25.0,65.0,1.2,0.02,0.15,0.3,164,1.3141,242.8272,124.2612,-31.8340,0.0000,18219
8,30,9,25.0,65.0,1.2,0.03,0.05,0.3,827,1.2456,128.1137,65.5593,-23.9720,0.0000,18219
8,30,9,25.0,65.0,1.2,0.03,0.1,0.3,468,0.8799,95.4531,48.8459,-33.7323,0.0000,18219
8,30,9,25.0,65.0,1.2,0.03,0.15,0.3,355,1.6769,189.7607,97.1057,-21.5196,0.0000,18219
8,30,9,25.0,65.0,1.2,0.05,0.05,0.3,590,1.3637,128.7266,65.8729,-22.4900,0.0000,18219
8,30,9,25.0,65.0,1.2,0.05,0.1,0.3,282,0.8951,72.8581,37.2835,-29.9115,0.0000,18219
8,30,9,25.0,65.0,1.2,0.05,0.15,0.3,241,1.6493,185.8520,95.1055,-24.0344,0.0000,18219
8,30,9,25.0,65.0,1.5,0.02,0.05,0.3,79,1.1274,438.0476,224.1608,-52.2328,0.0000,18219
8,30,9,25.0,65.0,1.5,0.02,0.1,0.3,182,1.4852,150.3708,76.9488,-24.8365,0.0000,18219
8,30,9,25.0,65.0,1.5,0.02,0.15,0.3,144,1.3326,141.7235,72.5238,-27.9398,0.0000,18219
8,30,9,25.0,65.0,1.5,0.03,0.05,0.3,701,1.4728,116.9417,59.8422,-16.8858,0.0000,18219
8,30,9,25.0,65.0,1.5,0.03,0.1,0.3,224,1.2748,217.0167,111.0533,-36.1663,0.0000,18219
8,30,9,25.0,65.0,1.5,0.03,0.15,0.3,294,1.8072,148.2908,75.8844,-14.9256,0.0000,18219
8,30,9,25.0,65.0,1.5,0.05,0.05,0.3,502,0.7048,69.1319,35.3767,-35.3111,0.0000,18219
8,30,9,25.0,65.0,1.5,0.05,0.1,0.3,256,0.8210,55.5100,28.4060,-28.3064,0.0000,18219
8,30,9,25.0,65.0,1.5,0.05,0.15,0.3,200,1.6010,137.4569,70.3404,-18.7366,0.0000,18219
8,30,9,25.0,70.0,1.0,0.02,0.05,0.3,1163,1.0313,115.2105,58.9563,-33.1596,0.0000,18219
8,30,9,25.0,70.0,1.0,0.02,0.1,0.3,686,1.2406,138.2762,70.7597,-39.3955,0.0000,18219
8,30,9,25.0,70.0,1.0,0.02,0.15,0.3,540,1.2394,137.4271,70.3251,-32.3097,0.0000,18219
8,30,9,25.0,70.0,1.0,0.03,0.05,0.3,904,1.2391,145.1220,74.2629,-27.6288,0.0000,18219
8,30,9,25.0,70.0,1.0,0.03,0.1,0.3,513,0.7395,88.1007,45.0835,-41.2209,0.0000,18219
8,30,9,25.0,70.0,1.0,0.03,0.15,0.3,418,1.4098,199.8562,102.2718,-32.2724,0.0000,18219
8,30,9,25.0,70.0,1.0,0.05,0.05,0.3,635,1.1182,117.9971,60.3823,-33.5751,0.0000,18219
8,30,9,25.0,70.0,1.0,0.05,0.1,0.3,308,0.7552,65.0972,33.3120,-33.5220,0.0000,18219
8,30,9,25.0,70.0,1.0,0.05,0.15,0.3,266,1.4185,192.4957,98.5053,-30.4607,0.0000,18219
8,30,9,25.0,70.0,1.2,0.02,0.05,0.3,366,1.0485,244.8782,125.3108,-41.1066,0.0000,18219
8,30,9,25.0,70.0,1.2,0.02,0.1,0.3,224,1.2256,231.5335,118.4820,-33.3789,0.0000,18219
8,30,9,25.0,70.0,1.2,0.02,0.15,0.3,164,1.3141,242.8272,124.2612,-31.8340,0.0000,18219
8,30,9,25.0,70.0,1.2,0.03,0.05,0.3,827,1.2456,128.1137,65.5593,-23.9720,0.0000,18219
8,30,9,25.0,70.0,1.2,0.03,0.1,0.3,468,0.8799,95.4531,48.8459,-33.7323,0.0000,18219
8,30,9,25.0,70.0,1.2,0.03,0.15,0.3,355,1.6769,189.7607,97.1057,-21.5196,0.0000,18219
8,30,9,25.0,70.0,1.2,0.05,0.05,0.3,590,1.3637,128.7266,65.8729,-22.4900,0.0000,18219
8,30,9,25.0,70.0,1.2,0.05,0.1,0.3,282,0.8951,72.8581,37.2835,-29.9115,0.0000,18219
8,30,9,25.0,70.0,1.2,0.05,0.15,0.3,241,1.6493,185.8520,95.1055,-24.0344,0.0000,18219
8,30,9,25.0,70.0,1.5,0.02,0.05,0.3,79,1.1274,438.0476,224.1608,-52.2328,0.0000,18219
8,30,9,25.0,70.0,1.5,0.02,0.1,0.3,182,1.4852,150.3708,76.9488,-24.8365,0.0000,18219
8,30,9,25.0,70.0,1.5,0.02,0.15,0.3,144,1.3326,141.7235,72.5238,-27.9398,0.0000,18219
8,30,9,25.0,70.0,1.5,0.03,0.05,0.3,701,1.4728,116.9417,59.8422,-16.8858,0.0000,18219
8,30,9,25.0,70.0,1.5,0.03,0.1,0.3,224,1.2748,217.0167,111.0533,-36.1663,0.0000,18219
8,30,9,25.0,70.0,1.5,0.03,0.15,0.3,294,1.8072,148.2908,75.8844,-14.9256,0.0000,18219
8,30,9,25.0,70.0,1.5,0.05,0.05,0.3,502,0.7048,69.1319,35.3767,-35.3111,0.0000,18219
8,30,9,25.0,70.0,1.5,0.05,0.1,0.3,256,0.8210,55.5100,28.4060,-28.3064,0.0000,18219
8,30,9,25.0,70.0,1.5,0.05,0.15,0.3,200,1.6010,137.4569,70.3404,-18.7366,0.0000,18219
8,30,9,25.0,75.0,1.0,0.02,0.05,0.3,1163,1.0313,115.2105,58.9563,-33.1596,0.0000,18219
8,30,9,25.0,75.0,1.0,0.02,0.1,0.3,686,1.2406,138.2762,70.7597,-39.3955,0.0000,18219
8,30,9,25.0,75.0,1.0,0.02,0.15,0.3,540,1.2394,137.4271,70.3251,-32.3097,0.0000,18219
8,30,9,25.0,75.0,1.0,0.03,0.05,0.3,904,1.2391,145.1220,74.2629,-27.6288,0.0000,18219
8,30,9,25.0,75.0,1.0,0.03,0.1,0.3,513,0.7395,88.1007,45.0835,-41.2209,0.0000,18219
8,30,9,25.0,75.0,1.0,0.03,0.15,0.3,418,1.4098,199.8562,102.2718,-32.2724,0.0000,18219
8,30,9,25.0,75.0,1.0,0.05,0.05,0.3,635,1.1182,117.9971,60.3823,-33.5751,0.0000,18219
8,30,9,25.0,75.0,1.0,0.05,0.1,0.3,308,0.7552,65.0972,33.3120,-33.5220,0.0000,18219
8,30,9,25.0,75.0,1.0,0.05,0.15,0.3,266,1.4185,192.4957,98.5053,-30.4607,0.0000,18219
8,30,9,25.0,75.0,1.2,0.02,0.05,0.3,366,1.0485,244.8782,125.3108,-41.1066,0.0000,18219
8,30,9,25.0,75.0,1.2,0.02,0.1,0.3,224,1.2256,231.5335,118.4820,-33.3789,0.0000,18219
8,30,9,25.0,75.0,1.2,0.02,0.15,0.3,164,1.3141,242.8272,124.2612,-31.8340,0.0000,18219
8,30,9,25.0,75.0,1.2,0.03,0.05,0.3,827,1.2456,128.1137,65.5593,-23.9720,0.0000,18219
8,30,9,25.0,75.0,1.2,0.03,0.1,0.3,468,0.8799,95.4531,48.8459,-33.7323,0.0000,18219
8,30,9,25.0,75.0,1.2,0.03,0.15,0.3,355,1.6769,189.7607,97.1057,-21.5196,0.0000,18219
8,30,9,25.0,75.0,1.2,0.05,0.05,0.3,590,1.3637,128.7266,65.8729,-22.4900,0.0000,18219
8,30,9,25.0,75.0,1.2,0.05,0.1,0.3,282,0.8951,72.8581,37.2835,-29.9115,0.0000,18219
8,30,9,25.0,75.0,1.2,0.05,0.15,0.3,241,1.6493,185.8520,95.1055,-24.0344,0.0000,18219
8,30,9,25.0,75.0,1.5,0.02,0.05,0.3,79,1.1274,438.0476,224.1608,-52.2328,0.0000,18219
8,30,9,25.0,75.0,1.5,0.02,0.1,0.3,182,1.4852,150.3708,76.9488,-24.8365,0.0000,18219
8,30,9,25.0,75.0,1.5,0.02,0.15,0.3,144,1.3326,141.7235,72.5238,-27.9398,0.0000,18219
8,30,9,25.0,75.0,1.5,0.03,0.05,0.3,701,1.4728,116.9417,59.8422,-16.8858,0.0000,18219
8,30,9,25.0,75.0,1.5,0.03,0.1,0.3,224,1.2748,217.0167,111.0533,-36.1663,0.0000,18219
8,30,9,25.0,75.0,1.5,0.03,0.15,0.3,294,1.8072,148.2908,75.8844,-14.9256,0.0000,18219
8,30,9,25.0,75.0,1.5,0.05,0.05,0.3,502,0.7048,69.1319,35.3767,-35.3111,0.0000,18219
8,30,9,25.0,75.0,1.5,0.05,0.1,0.3,256,0.8210,55.5100,28.4060,-28.3064,0.0000,18219
8,30,9,25.0,75.0,1.5,0.05,0.15,0.3,200,1.6010,137.4569,70.3404,-18.7366,0.0000,18219
8,30,9,30.0,65.0,1.0,0.02,0.05,0.3,1163,1.0313,115.2105,58.9563,-33.1596,0.0000,18219
8,30,9,30.0,65.0,1.0,0.02,0.1,0.3,686,1.2406,138.2762,70.7597,-39.3955,0.0000,18219
8,30,9,30.0,65.0,1.0,0.02,0.15,0.3,540,1.2394,137.4271,70.3251,-32.3097,0.0000,18219
8,30,9,30.0,65.0,1.0,0.03,0.05,0.3,904,1.2391,145.1220,74.2629,-27.6288,0.0000,18219
8,30,9,30.0,65.0,1.0,0.03,0.1,0.3,513,0.7395,88.1007,45.0835,-41.2209,0.0000,18219
8,30,9,30.0,65.0,1.0,0.03,0.15,0.3,418,1.4098,199.8562,102.2718,-32.2724,0.0000,18219
8,30,9,30.0,65.0,1.0,0.05,0.05,0.3,635,1.1182,117.9971,60.3823,-33.5751,0.0000,18219
8,30,9,30.0,65.0,1.0,0.05,0.1,0.3,308,0.7552,65.0972,33.3120,-33.5220,0.0000,18219
8,30,9,30.0,65.0,1.0,0.05,0.15,0.3,266,1.4185,192.4957,98.5053,-30.4607,0.0000,18219
8,30,9,30.0,65.0,1.2,0.02,0.05,0.3,366,1.0485,244.8782,125.3108,-41.1066,0.0000,18219
8,30,9,30.0,65.0,1.2,0.02,0.1,0.3,224,1.2256,231.5335,118.4820,-33.3789,0.0000,18219
8,30,9,30.0,65.0,1.2,0.02,0.15,0.3,164,1.3141,242.8272,124.2612,-31.8340,0.0000,18219
8,30,9,30.0,65.0,1.2,0.03,0.05,0.3,827,1.2456,128.1137,65.5593,-23.9720,0.0000,18219
8,30,9,30.0,65.0,1.2,0.03,0.1,0.3,468,0.8799,95.4531,48.8459,-33.7323,0.0000,18219
8,30,9,30.0,65.0,1.2,0.03,0.15,0.3,355,1.6769,189.7607,97.1057,-21.5196,0.0000,18219
8,30,9,30.0,65.0,1.2,0.05,0.05,0.3,590,1.3637,128.7266,65.8729,-22.4900,0.0000,18219
8,30,9,30.0,65.0,1.2,0.05,0.1,0.3,282,0.8951,72.8581,37.2835,-29.9115,0.0000,18219
8,30,9,30.0,65.0,1.2,0.05,0.15,0.3,241,1.6493,185.8520,95.1055,-24.0344,0.0000,18219
8,30,9,30.0,65.0,1.5,0.02,0.05,0.3,79,1.1274,438.0476,224.1608,-52.2328,0.0000,18219
8,30,9,30.0,65.0,1.5,0.02,0.1,0.3,182,1.4852,150.3708,76.9488,-24.8365,0.0000,18219
8,30,9,30.0,65.0,1.5,0.02,0.15,0.3,144,1.3326,141.7235,72.5238,-27.9398,0.0000,18219
8,30,9,30.0,65.0,1.5,0.03,0.05,0.3,701,1.4728,116.9417,59.8422,-16.8858,0.0000,18219
8,30,9,30.0,65.0,1.5,0.03,0.1,0.3,224,1.2748,217.0167,111.0533,-36.1663,0.0000,18219
8,30,9,30.0,65.0,1.5,0.03,0.15,0.3,294,1.8072,148.2908,75.8844,-14.9256,0.0000,18219
8,30,9,30.0,65.0,1.5,0.05,0.05,0.3,502,0.7048,69.1319,35.3767,-35.3111,0.0000,18219
8,30,9,30.0,65.0,1.5,0.05,0.1,0.3,256,0.8210,55.5100,28.4060,-28.3064,0.0000,18219
8,30,9,30.0,65.0,1.5,0.05,0.15,0.3,200,1.6010,137.4569,70.3404,-18.7366,0.0000,18219
8,30,9,30.0,70.0,1.0,0.02,0.05,0.3,1163,1.0313,115.2105,58.9563,-33.1596,0.0000,18219
8,30,9,30.0,70.0,1.0,0.02,0.1,0.3,686,1.2406,138.2762,70.7597,-39.3955,0.0000,18219
8,30,9,30.0,70.0,1.0,0.02,0.15,0.3,540,1.2394,137.4271,70.3251,-32.3097,0.0000,18219
8,30,9,30.0,70.0,1.0,0.03,0.05,0.3,904,1.2391,145.1220,74.2629,-27.6288,0.0000,18219
8,30,9,30.0,70.0,1.0,0.03,0.1,0.3,513,0.7395,88.1007,45.0835,-41.2209,0.0000,18219
8,30,9,30.0,70.0,1.0,0.03,0.15,0.3,418,1.4098,199.8562,102.2718,-32.2724,0.0000,18219
8,30,9,30.0,70.0,1.0,0.05,0.05,0.3,635,1.1182,117.9971,60.3823,-33.5751,0.0000,18219
8,30,9,30.0,70.0,1.0,0.05,0.1,0.3,308,0.7552,65.0972,33.3120,-33.5220,0.0000,18219
8,30,9,30.0,70.0,1.0,0.05,0.15,0.3,266,1.4185,192.4957,98.5053,-30.4607,0.0000,18219
8,30,9,30.0,70.0,1.2,0.02,0.05,0.3,366,1.0485,244.8782,125.3108,-41.1066,0.0000,18219
8,30,9,30.0,70.0,1.2,0.02,0.1,0.3,224,1.2256,231.5335,118.4820,-33.3789,0.0000,18219
8,30,9,30.0,70.0,1.2,0.02,0.15,0.3,164,1.3141,242.8272,124.2612,-31.8340,0.0000,18219
8,30,9,30.0,70.0,1.2,0.03,0.05,0.3,827,1.2456,128.1137,65.5593,-23.9720,0.0000,18219
8,30,9,30.0,70.0,1.2,0.03,0.1,0.3,468,0.8799,95.4531,48.8459,-33.7323,0.0000,18219
8,30,9,30.0,70.0,1.2,0.03,0.15,0.3,355,1.6769,189.7607,97.1057,-21.5196,0.0000,18219
8,30,9,30.0,70.0,1.2,0.05,0.05,0.3,590,1.3637,128.7266,65.8729,-22.4900,0.0000,18219
8,30,9,30.0,70.0,1.2,0.05,0.1,0.3,282,0.8951,72.8581,37.2835,-29.9115,0.0000,18219
8,30,9,30.0,70.0,1.2,0.05,0.15,0.3,241,1.6493,185.8520,95.1055,-24.0344,0.0000,18219
8,30,9,30.0,70.0,1.5,0.02,0.05,0.3,79,1.1274,438.0476,224.1608,-52.2328,0.0000,18219
8,30,9,30.0,70.0,1.5,0.02,0.1,0.3,182,1.4852,150.3708,76.9488,-24.8365,0.0000,18219
8,30,9,30.0,70.0,1.5,0.02,0.15,0.3,144,1.3326,141.7235,72.5238,-27.9398,0.0000,18219
8,30,9,30.0,70.0,1.5,0.03,0.05,0.3,701,1.4728,116.9417,59.8422,-16.8858,0.0000,18219
8,30,9,30.0,70.0,1.5,0.03,0.1,0.3,224,1.2748,217.0167,111.0533,-36.1663,0.0000,18219
8,30,9,30.0,70.0,1.5,0.03,0.15,0.3,294,1.8072,148.2908,75.8844,-14.9256,0.0000,18219
8,30,9,30.0,70.0,1.5,0.05,0.05,0.3,502,0.7048,69.1319,35.3767,-35.3111,0.0000,18219
8,30,9,30.0,70.0,1.5,0.05,0.1,0.3,256,0.8210,55.5100,28.4060,-28.3064,0.0000,18219
8,30,9,30.0,70.0,1.5,0.05,0.15,0.3,200,1.6010,137.4569,70.3404,-18.7366,0.0000,18219
8,30,9,30.0,75.0,1.0,0.02,0.05,0.3,1163,1.0313,115.2105,58.9563,-33.1596,0.0000,18219
8,30,9,30.0,75.0,1.0,0.02,0.1,0.3,686,1.2406,138.2762,70.7597,-39.3955,0.0000,18219
8,30,9,30.0,75.0,1.0,0.02,0.15,0.3,540,1.2394,137.4271,70.3251,-32.3097,0.0000,18219
8,30,9,30.0,75.0,1.0,0.03,0.05,0.3,904,1.2391,145.1220,74.2629,-27.6288,0.0000,18219
8,30,9,30.0,75.0,1.0,0.03,0.1,0.3,513,0.7395,88.1007,45.0835,-41.2209,0.0000,18219
8,30,9,30.0,75.0,1.0,0.03,0.15,0.3,418,1.4098,199.8562,102.2718,-32.2724,0.0000,18219
8,30,9,30.0,75.0,1.0,0.05,0.05,0.3,635,1.1182,117.9971,60.3823,-33.5751,0.0000,18219
8,30,9,30.0,75.0,1.0,0.05,0.1,0.3,308,0.7552,65.0972,33.3120,-33.5220,0.0000,18219
8,30,9,30.0,75.0,1.0,0.05,0.15,0.3,266,1.4185,192.4957,98.5053,-30.4607,0.0000,18219
8,30,9,30.0,75.0,1.2,0.02,0.05,0.3,366,1.0485,244.8782,125.3108,-41.1066,0.0000,18219
8,30,9,30.0,75.0,1.2,0.02,0.1,0.3,224,1.2256,231.5335,118.4820,-33.3789,0.0000,18219
8,30,9,30.0,75.0,1.2,0.02,0.15,0.3,164,1.3141,242.8272,124.2612,-31.8340,0.0000,18219
8,30,9,30.0,75.0,1.2,0.03,0.05,0.3,827,1.2456,128.1137,65.5593,-23.9720,0.0000,18219
8,30,9,30.0,75.0,1.2,0.03,0.1,0.3,468,0.8799,95.4531,48.8459,-33.7323,0.0000,18219
8,30,9,30.0,75.0,1.2,0.03,0.15,0.3,355,1.6769,189.7607,97.1057,-21.5196,0.0000,18219
8,30,9,30.0,75.0,1.2,0.05,0.05,0.3,590,1.3637,128.7266,65.8729,-22.4900,0.0000,18219
8,30,9,30.0,75.0,1.2,0.05,0.1,0.3,282,0.8951,72.8581,37.2835,-29.9115,0.0000,18219
8,30,9,30.0,75.0,1.2,0.05,0.15,0.3,241,1.6493,185.8520,95.1055,-24.0344,0.0000,18219
8,30,9,30.0,75.0,1.5,0.02,0.05,0.3,79,1.1274,438.0476,224.1608,-52.2328,0.0000,18219
8,30,9,30.0,75.0,1.5,0.02,0.1,0.3,182,1.4852,150.3708,76.9488,-24.8365,0.0000,18219
8,30,9,30.0,75.0,1.5,0.02,0.15,0.3,144,1.3326,141.7235,72.5238,-27.9398,0.0000,18219
8,30,9,30.0,75.0,1.5,0.03,0.05,0.3,701,1.4728,116.9417,59.8422,-16.8858,0.0000,18219
8,30,9,30.0,75.0,1.5,0.03,0.1,0.3,224,1.2748,217.0167,111.0533,-36.1663,0.0000,18219
8,30,9,30.0,75.0,1.5,0.03,0.15,0.3,294,1.8072,148.2908,75.8844,-14.9256,0.0000,18219
8,30,9,30.0,75.0,1.5,0.05,0.05,0.3,502,0.7048,69.1319,35.3767,-35.3111,0.0000,18219
8,30,9,30.0,75.0,1.5,0.05,0.1,0.3,256,0.8210,55.5100,28.4060,-28.3064,0.0000,18219
8,30,9,30.0,75.0,1.5,0.05,0.15,0.3,200,1.6010,137.4569,70.3404,-18.7366,0.0000,18219
8,30,9,35.0,65.0,1.0,0.02,0.05,0.3,1163,1.0313,115.2105,58.9563,-33.1596,0.0000,18219
8,30,9,35.0,65.0,1.0,0.02,0.1,0.3,686,1.2406,138.2762,70.7597,-39.3955,0.0000,18219
8,30,9,35.0,65.0,1.0,0.02,0.15,0.3,540,1.2394,137.4271,70.3251,-32.3097,0.0000,18219
8,30,9,35.0,65.0,1.0,0.03,0.05,0.3,904,1.2391,145.1220,74.2629,-27.6288,0.0000,18219
8,30,9,35.0,65.0,1.0,0.03,0.1,0.3,513,0.7395,88.1007,45.0835,-41.2209,0.0000,18219
8,30,9,35.0,65.0,1.0,0.03,0.15,0.3,418,1.4098,199.8562,102.2718,-32.2724,0.0000,18219
8,30,9,35.0,65.0,1.0,0.05,0.05,0.3,635,1.1182,117.9971,60.3823,-33.5751,0.0000,18219
8,30,9,35.0,65.0,1.0,0.05,0.1,0.3,308,0.7552,65.0972,33.3120,-33.5220,0.0000,18219
8,30,9,35.0,65.0,1.0,0.05,0.15,0.3,266,1.4185,192.4957,98.5053,-30.4607,0.0000,18219
8,30,9,35.0,65.0,1.2,0.02,0.05,0.3,366,1.0485,244.8782,125.3108,-41.1066,0.0000,18219
8,30,9,35.0,65.0,1.2,0.02,0.1,0.3,224,1.2256,231.5335,118.4820,-33.3789,0.0000,18219
8,30,9,35.0,65.0,1.2,0.02,0.15,0.3,164,1.3141,242.8272,124.2612,-31.8340,0.0000,18219
8,30,9,35.0,65.0,1.2,0.03,0.05,0.3,827,1.2456,128.1137,65.5593,-23.9720,0.0000,18219
8,30,9,35.0,65.0,1.2,0.03,0.1,0.3,468,0.8799,95.4531,48.8459,-33.7323,0.0000,18219
8,30,9,35.0,65.0,1.2,0.03,0.15,0.3,355,1.6769,189.7607,97.1057,-21.5196,0.0000,18219
8,30,9,35.0,65.0,1.2,0.05,0.05,0.3,590,1.3637,128.7266,65.8729,-22.4900,0.0000,18219
8,30,9,35.0,65.0,1.2,0.05,0.1,0.3,282,0.8951,72.8581,37.2835,-29.9115,0.0000,18219
8,30,9,35.0,65.0,1.2,0.05,0.15,0.3,241,1.6493,185.8520,95.1055,-24.0344,0.0000,18219
8,30,9,35.0,65.0,1.5,0.02,0.05,0.3,79,1.1274,438.0476,224.1608,-52.2328,0.0000,18219
8,30,9,35.0,65.0,1.5,0.02,0.1,0.3,182,1.4852,150.3708,76.9488,-24.8365,0.0000,18219
8,30,9,35.0,65.0,1.5,0.02,0.15,0.3,144,1.3326,141.7235,72.5238,-27.9398,0.0000,18219
8,30,9,35.0,65.0,1.5,0.03,0.05,0.3,701,1.4728,116.9417,59.8422,-16.8858,0.0000,18219
8,30,9,35.0,65.0,1.5,0.03,0.1,0.3,224,1.2748,217.0167,111.0533,-36.1663,0.0000,18219
8,30,9,35.0,65.0,1.5,0.03,0.15,0.3,294,1.8072,148.2908,75.8844,-14.9256,0.0000,18219
8,30,9,35.0,65.0,1.5,0.05,0.05,0.3,502,0.7048,69.1319,35.3767,-35.3111,0.0000,18219
8,30,9,35.0,65.0,1.5,0.05,0.1,0.3,256,0.8210,55.5100,28.4060,-28.3064,0.0000,18219
8,30,9,35.0,65.0,1.5,0.05,0.15,0.3,200,1.6010,137.4569,70.3404,-18.7366,0.0000,18219
8,30,9,35.0,70.0,1.0,0.02,0.05,0.3,1163,1.0313,115.2105,58.9563,-33.1596,0.0000,18219
8,30,9,35.0,70.0,1.0,0.02,0.1,0.3,686,1.2406,138.2762,70.7597,-39.3955,0.0000,18219
8,30,9,35.0,70.0,1.0,0.02,0.15,0.3,540,1.2394,137.4271,70.3251,-32.3097,0.0000,18219
8,30,9,35.0,70.0,1.0,0.03,0.05,0.3,904,1.2391,145.1220,74.2629,-27.6288,0.0000,18219
8,30,9,35.0,70.0,1.0,0.03,0.1,0.3,513,0.7395,88.1007,45.0835,-41.2209,0.0000,18219
8,30,9,35.0,70.0,1.0,0.03,0.15,0.3,418,1.4098,199.8562,102.2718,-32.2724,0.0000,18219
8,30,9,35.0,70.0,1.0,0.05,0.05,0.3,635,1.1182,117.9971,60.3823,-33.5751,0.0000,18219
8,30,9,35.0,70.0,1.0,0.05,0.1,0.3,308,0.7552,65.0972,33.3120,-33.5220,0.0000,18219
8,30,9,35.0,70.0,1.0,0.05,0.15,0.3,266,1.4185,192.4957,98.5053,-30.4607,0.0000,18219
8,30,9,35.0,70.0,1.2,0.02,0.05,0.3,366,1.0485,244.8782,125.3108,-41.1066,0.0000,18219
8,30,9,35.0,70.0,1.2,0.02,0.1,0.3,224,1.2256,231.5335,118.4820,-33.3789,0.0000,18219
8,30,9,35.0,70.0,1.2,0.02,0.15,0.3,164,1.3141,242.8272,124.2612,-31.8340,0.0000,18219
8,30,9,35.0,70.0,1.2,0.03,0.05,0.3,827,1.2456,128.1137,65.5593,-23.9720,0.0000,18219
8,30,9,35.0,70.0,1.2,0.03,0.1,0.3,468,0.8799,95.4531,48.8459,-33.7323,0.0000,18219
8,30,9,35.0,70.0,1.2,0.03,0.15,0.3,355,1.6769,189.7607,97.1057,-21.5196,0.0000,18219
8,30,9,35.0,70.0,1.2,0.05,0.05,0.3,590,1.3637,128.7266,65.8729,-22.4900,0.0000,18219
8,30,9,35.0,70.0,1.2,0.05,0.1,0.3,282,0.8951,72.8581,37.2835,-29.9115,0.0000,18219
8,30,9,35.0,70.0,1.2,0.05,0.15,0.3,241,1.6493,185.8520,95.1055,-24.0344,0.0000,18219
8,30,9,35.0,70.0,1.5,0.02,0.05,0.3,79,1.1274,438.0476,224.1608,-52.2328,0.0000,18219
8,30,9,35.0,70.0,1.5,0.02,0.1,0.3,182,1.4852,150.3708,76.9488,-24.8365,0.0000,18219
8,30,9,35.0,70.0,1.5,0.02,0.15,0.3,144,1.3326,141.7235,72.5238,-27.9398,0.0000,18219
8,30,9,35.0,70.0,1.5,0.03,0.05,0.3,701,1.4728,116.9417,59.8422,-16.8858,0.0000,18219
8,30,9,35.0,70.0,1.5,0.03,0.1,0.3,224,1.2748,217.0167,111.0533,-36.1663,0.0000,18219
8,30,9,35.0,70.0,1.5,0.03,0.15,0.3,294,1.8072,148.2908,75.8844,-14.9256,0.0000,18219
8,30,9,35.0,70.0,1.5,0.05,0.05,0.3,502,0.7048,69.1319,35.3767,-35.3111,0.0000,18219
8,30,9,35.0,70.0,1.5,0.05,0.1,0.3,256,0.8210,55.5100,28.4060,-28.3064,0.0000,18219
8,30,9,35.0,70.0,1.5,0.05,0.15,0.3,200,1.6010,137.4569,70.3404,-18.7366,0.0000,18219
8,30,9,35.0,75.0,1.0,0.02,0.05,0.3,1163,1.0313,115.2105,58.9563,-33.1596,0.0000,18219
8,30,9,35.0,75.0,1.0,0.02,0.1,0.3,686,1.2406,138.2762,70.7597,-39.3955,0.0000,18219
8,30,9,35.0,75.0,1.0,0.02,0.15,0.3,540,1.2394,137.4271,70.3251,-32.3097,0.0000,18219
8,30,9,35.0,75.0,1.0,0.03,0.05,0.3,904,1.2391,145.1220,74.2629,-27.6288,0.0000,18219
8,30,9,35.0,75.0,1.0,0.03,0.1,0.3,513,0.7395,88.1007,45.0835,-41.2209,0.0000,18219
8,30,9,35.0,75.0,1.0,0.03,0.15,0.3,418,1.4098,199.8562,102.2718,-32.2724,0.0000,18219
8,30,9,35.0,75.0,1.0,0.05,0.05,0.3,635,1.1182,117.9971,60.3823,-33.5751,0.0000,18219
8,30,9,35.0,75.0,1.0,0.05,0.1,0.3,308,0.7552,65.0972,33.3120,-33.5220,0.0000,18219
8,30,9,35.0,75.0,1.0,0.05,0.15,0.3,266,1.4185,192.4957,98.5053,-30.4607,0.0000,18219
8,30,9,35.0,75.0,1.2,0.02,0.05,0.3,366,1.0485,244.8782,125.3108,-41.1066,0.0000,18219
8,30,9,35.0,75.0,1.2,0.02,0.1,0.3,224,1.2256,231.5335,118.4820,-33.3789,0.0000,18219
8,30,9,35.0,75.0,1.2,0.02,0.15,0.3,164,1.3141,242.8272,124.2612,-31.8340,0.0000,18219
8,30,9,35.0,75.0,1.2,0.03,0.05,0.3,827,1.2456,128.1137,65.5593,-23.9720,0.0000,18219
8,30,9,35.0,75.0,1.2,0.03,0.1,0.3,468,0.8799,95.4531,48.8459,-33.7323,0.0000,18219
8,30,9,35.0,75.0,1.2,0.03,0.15,0.3,355,1.6769,189.7607,97.1057,-21.5196,0.0000,18219
8,30,9,35.0,75.0,1.2,0.05,0.05,0.3,590,1.3637,128.7266,65.8729,-22.4900,0.0000,18219
8,30,9,35.0,75.0,1.2,0.05,0.1,0.3,282,0.8951,72.8581,37.2835,-29.9115,0.0000,18219
8,30,9,35.0,75.0,1.2,0.05,0.15,0.3,241,1.6493,185.8520,95.1055,-24.0344,0.0000,18219
8,30,9,35.0,75.0,1.5,0.02,0.05,0.3,79,1.1274,438.0476,224.1608,-52.2328,0.0000,18219
8,30,9,35.0,75.0,1.5,0.02,0.1,0.3,182,1.4852,150.3708,76.9488,-24.8365,0.0000,18219
8,30,9,35.0,75.0,1.5,0.02,0.15,0.3,144,1.3326,141.7235,72.5238,-27.9398,0.0000,18219
8,30,9,35.0,75.0,1.5,0.03,0.05,0.3,701,1.4728,116.9417,59.8422,-16.8858,0.0000,18219
8,30,9,35.0,75.0,1.5,0.03,0.1,0.3,224,1.2748,217.0167,111.0533,-36.1663,0.0000,18219
8,30,9,35.0,75.0,1.5,0.03,0.15,0.3,294,1.8072,148.2908,75.8844,-14.9256,0.0000,18219
8,30,9,35.0,75.0,1.5,0.05,0.05,0.3,502,0.7048,69.1319,35.3767,-35.3111,0.0000,18219
8,30,9,35.0,75.0,1.5,0.05,0.1,0.3,256,0.8210,55.5100,28.4060,-28.3064,0.0000,18219
8,30,9,35.0,75.0,1.5,0.05,0.15,0.3,200,1.6010,137.4569,70.3404,-18.7366,0.0000,18219
8,30,14,25.0,65.0,1.0,0.02,0.05,0.3,1163,1.0313,115.2105,58.9563,-33.1596,0.0000,18219
8,30,14,25.0,65.0,1.0,0.02,0.1,0.3,686,1.2406,138.2762,70.7597,-39.3955,0.0000,18219
8,30,14,25.0,65.0,1.0,0.02,0.15,0.3,540,1.2394,137.4271,70.3251,-32.3097,0.0000,18219
8,30,14,25.0,65.0,1.0,0.03,0.05,0.3,904,1.2391,145.1220,74.2629,-27.6288,0.0000,18219
8,30,14,25.0,65.0,1.0,0.03,0.1,0.3,513,0.7395,88.1007,45.0835,-41.2209,0.0000,18219
8,30,14,25.0,65.0,1.0,0.03,0.15,0.3,418,1.4098,199.8562,102.2718,-32.2724,0.0000,18219
8,30,14,25.0,65.0,1.0,0.05,0.05,0.3,635,1.1182,117.9971,60.3823,-33.5751,0.0000,18219
8,30,14,25.0,65.0,1.0,0.05,0.1,0.3,308,0.7552,65.0972,33.3120,-33.5220,0.0000,18219
8,30,14,25.0,65.0,1.0,0.05,0.15,0.3,266,1.4185,192.4957,98.5053,-30.4607,0.0000,18219
8,30,14,25.0,65.0,1.2,0.02,0.05,0.3,366,1.0485,244.8782,125.3108,-41.1066,0.0000,18219
8,30,14,25.0,65.0,1.2,0.02,0.1,0.3,224,1.2256,231.5335,118.4820,-33.3789,0.0000,18219
8,30,14,25.0,65.0,1.2,0.02,0.15,0.3,164,1.3141,242.8272,124.2612,-31.8340,0.0000,18219
8,30,14,25.0,65.0,1.2,0.03,0.05,0.3,827,1.2456,128.1137,65.5593,-23.9720,0.0000,18219
8,30,14,25.0,65.0,1.2,0.03,0.1,0.3,468,0.8799,95.4531,48.8459,-33.7323,0.0000,18219
8,30,14,25.0,65.0,1.2,0.03,0.15,0.3,355,1.6769,189.7607,97.1057,-21.5196,0.0000,18219
8,30,14,25.0,65.0,1.2,0.05,0.05,0.3,590,1.3637,128.7266,65.8729,-22.4900,0.0000,18219
8,30,14,25.0,65.0,1.2,0.05,0.1,0.3,282,0.8951,72.8581,37.2835,-29.9115,0.0000,18219
8,30,14,25.0,65.0,1.2,0.05,0.15,0.3,241,1.6493,185.8520,95.1055,-24.0344,0.0000,18219
8,30,14,25.0,65.0,1.5,0.02,0.05,0.3,79,1.1274,438.0476,224.1608,-52.2328,0.0000,18219
8,30,14,25.0,65.0,1.5,0.02,0.1,0.3,182,1.4852,150.3708,76.9488,-24.8365,0.0000,18219
8,30,14,25.0,65.0,1.5,0.02,0.15,0.3,144,1.3326,141.7235,72.5238,-27.9398,0.0000,18219
8,30,14,25.0,65.0,1.5,0.03,0.05,0.3,701,1.4728,116.9417,59.8422,-16.8858,0.0000,18219
8,30,14,25.0,65.0,1.5,0.03,0.1,0.3,224,1.2748,217.0167,111.0533,-36.1663,0.0000,18219
8,30,14,25.0,65.0,1.5,0.03,0.15,0.3,294,1.8072,148.2908,75.8844,-14.9256,0.0000,18219
8,30,14,25.0,65.0,1.5,0.05,0.05,0.3,502,0.7048,69.1319,35.3767,-35.3111,0.0000,18219
8,30,14,25.0,65.0,1.5,0.05,0.1,0.3,256,0.8210,55.5100,28.4060,-28.3064,0.0000,18219
8,30,14,25.0,65.0,1.5,0.05,0.15,0.3,200,1.6010,137.4569,70.3404,-18.7366,0.0000,18219
8,30,14,25.0,70.0,1.0,0.02,0.05,0.3,1163,1.0313,115.2105,58.9563,-33.1596,0.0000,18219
8,30,14,25.0,70.0,1.0,0.02,0.1,0.3,686,1.2406,138.2762,70.7597,-39.3955,0.0000,18219
8,30,14,25.0,70.0,1.0,0.02,0.15,0.3,540,1.2394,137.4271,70.3251,-32.3097,0.0000,18219
8,30,14,25.0,70.0,1.0,0.03,0.05,0.3,904,1.2391,145.1220,74.2629,-27.6288,0.0000,18219
8,30,14,25.0,70.0,1.0,0.03,0.1,0.3,513,0.7395,88.1007,45.0835,-41.2209,0.0000,18219
8,30,14,25.0,70.0,1.0,0.03,0.15,0.3,418,1.4098,199.8562,102.2718,-32.2724,0.0000,18219
8,30,14,25.0,70.0,1.0,0.05,0.05,0.3,635,1.1182,117.9971,60.3823,-33.5751,0.0000,18219
8,30,14,25.0,70.0,1.0,0.05,0.1,0.3,308,0.7552,65.0972,33.3120,-33.5220,0.0000,18219
8,30,14,25.0,70.0,1.0,0.05,0.15,0.3,266,1.4185,192.4957,98.5053,-30.4607,0.0000,18219
8,30,14,25.0,70.0,1.2,0.02,0.05,0.3,366,1.0485,244.8782,125.3108,-41.1066,0.0000,18219
8,30,14,25.0,70.0,1.2,0.02,0.1,0.3,224,1.2256,231.5335,118.4820,-33.3789,0.0000,18219
8,30,14,25.0,70.0,1.2,0.02,0.15,0.3,164,1.3141,242.8272,124.2612,-31.8340,0.0000,18219
8,30,14,25.0,70.0,1.2,0.03,0.05,0.3,827,1.2456,128.1137,65.5593,-23.9720,0.0000,18219
8,30,14,25.0,70.0,1.2,0.03,0.1,0.3,468,0.8799,95.4531,48.8459,-33.7323,0.0000,18219
8,30,14,25.0,70.0,1.2,0.03,0.15,0.3,355,1.6769,189.7607,97.1057,-21.5196,0.0000,18219
8,30,14,25.0,70.0,1.2,0.05,0.05,0.3,590,1.3637,128.7266,65.8729,-22.4900,0.0000,18219
8,30,14,25.0,70.0,1.2,0.05,0.1,0.3,282,0.8951,72.8581,37.2835,-29.9115,0.0000,18219
8,30,14,25.0,70.0,1.2,0.05,0.15,0.3,241,1.6493,185.8520,95.1055,-24.0344,0.0000,18219
8,30,14,25.0,70.0,1.5,0.02,0.05,0.3,79,1.1274,438.0476,224.1608,-52.2328,0.0000,18219
8,30,14,25.0,70.0,1.5,0.02,0.1,0.3,182,1.4852,150.3708,76.9488,-24.8365,0.0000,18219
8,30,14,25.0,70.0,1.5,0.02,0.15,0.3,144,1.3326,141.7235,72.5238,-27.9398,0.0000,18219
8,30,14,25.0,70.0,1.5,0.03,0.05,0.3,701,1.4728,116.9417,59.8422,-16.8858,0.0000,18219
8,30,14,25.0,70.0,1.5,0.03,0.1,0.3,224,1.2748,217.0167,111.0533,-36.1663,0.0000,18219
8,30,14,25.0,70.0,1.5,0.03,0.15,0.3,294,1.8072,148.2908,75.8844,-14.9256,0.0000,18219
8,30,14,25.0,70.0,1.5,0.05,0.05,0.3,502,0.7048,69.1319,35.3767,-35.3111,0.0000,18219
8,30,14,25.0,70.0,1.5,0.05,0.1,0.3,256,0.8210,55.5100,28.4060,-28.3064,0.0000,18219
8,30,14,25.0,70.0,1.5,0.05,0.15,0.3,200,1.6010,137.4569,70.3404,-18.7366,0.0000,18219
8,30,14,25.0,75.0,1.0,0.02,0.05,0.3,1163,1.0313,115.2105,58.9563,-33.1596,0.0000,18219
8,30,14,25.0,75.0,1.0,0.02,0.1,0.3,686,1.2406,138.2762,70.7597,-39.3955,0.0000,18219
8,30,14,25.0,75.0,1.0,0.02,0.15,0.3,540,1.2394,137.4271,70.3251,-32.3097,0.0000,18219
8,30,14,25.0,75.0,1.0,0.03,0.05,0.3,904,1.2391,145.1220,74.2629,-27.6288,0.0000,18219
8,30,14,25.0,75.0,1.0,0.03,0.1,0.3,513,0.7395,88.1007,45.0835,-41.2209,0.0000,18219
8,30,14,25.0,75.0,1.0,0.03,0.15,0.3,418,1.4098,199.8562,102.2718,-32.2724,0.0000,18219
8,30,14,25.0,75.0,1.0,0.05,0.05,0.3,635,1.1182,117.9971,60.3823,-33.5751,0.0000,18219
8,30,14,25.0,75.0,1.0,0.05,0.1,0.3,308,0.7552,65.0972,33.3120,-33.5220,0.0000,18219
8,30,14,25.0,75.0,1.0,0.05,0.15,0.3,266,1.4185,192.4957,98.5053,-30.4607,0.0000,18219
8,30,14,25.0,75.0,1.2,0.02,0.05,0.3,366,1.0485,244.8782,125.3108,-41.1066,0.0000,18219
8,30,14,25.0,75.0,1.2,0.02,0.1,0.3,224,1.2256,231.5335,118.4820,-33.3789,0.0000,18219
8,30,14,25.0,75.0,1.2,0.02,0.15,0.3,164,1.3141,242.8272,124.2612,-31.8340,0.0000,18219
8,30,14,25.0,75.0,1.2,0.03,0.05,0.3,827,1.2456,128.1137,65.5593,-23.9720,0.0000,18219
8,30,14,25.0,75.0,1.2,0.03,0.1,0.3,468,0.8799,95.4531,48.8459,-33.7323,0.0000,18219
8,30,14,25.0,75.0,1.2,0.03,0.15,0.3,355,1.6769,189.7607,97.1057,-21.5196,0.0000,18219
8,30,14,25.0,75.0,1.2,0.05,0.05,0.3,590,1.3637,128.7266,65.8729,-22.4900,0.0000,18219
8,30,14,25.0,75.0,1.2,0.05,0.1,0.3,282,0.8951,72.8581,37.2835,-29.9115,0.0000,18219
8,30,14,25.0,75.0,1.2,0.05,0.15,0.3,241,1.6493,185.8520,95.1055,-24.0344,0.0000,18219
8,30,14,25.0,75.0,1.5,0.02,0.05,0.3,79,1.1274,438.0476,224.1608,-52.2328,0.0000,18219
8,30,14,25.0,75.0,1.5,0.02,0.1,0.3,182,1.4852,150.3708,76.9488,-24.8365,0.0000,18219
8,30,14,25.0,75.0,1.5,0.02,0.15,0.3,144,1.3326,141.7235,72.5238,-27.9398,0.0000,18219
8,30,14,25.0,75.0,1.5,0.03,0.05,0.3,701,1.4728,116.9417,59.8422,-16.8858,0.0000,18219
8,30,14,25.0,75.0,1.5,0.03,0.1,0.3,224,1.2748,217.0167,111.0533,-36.1663,0.0000,18219
8,30,14,25.0,75.0,1.5,0.03,0.15,0.3,294,1.8072,148.2908,75.8844,-14.9256,0.0000,18219
8,30,14,25.0,75.0,1.5,0.05,0.05,0.3,502,0.7048,69.1319,35.3767,-35.3111,0.0000,18219
8,30,14,25.0,75.0,1.5,0.05,0.1,0.3,256,0.8210,55.5100,28.4060,-28.3064,0.0000,18219
8,30,14,25.0,75.0,1.5,0.05,0.15,0.3,200,1.6010,137.4569,70.3404,-18.7366,0.0000,18219
8,30,14,30.0,65.0,1.0,0.02,0.05,0.3,1163,1.0313,115.2105,58.9563,-33.1596,0.0000,18219
8,30,14,30.0,65.0,1.0,0.02,0.1,0.3,686,1.2406,138.2762,70.7597,-39.3955,0.0000,18219
8,30,14,30.0,65.0,1.0,0.02,0.15,0.3,540,1.2394,137.4271,70.3251,-32.3097,0.0000,18219
8,30,14,30.0,65.0,1.0,0.03,0.05,0.3,904,1.2391,145.1220,74.2629,-27.6288,0.0000,18219
8,30,14,30.0,65.0,1.0,0.03,0.1,0.3,513,0.7395,88.1007,45.0835,-41.2209,0.0000,18219
8,30,14,30.0,65.0,1.0,0.03,0.15,0.3,418,1.4098,199.8562,102.2718,-32.2724,0.0000,18219
8,30,14,30.0,65.0,1.0,0.05,0.05,0.3,635,1.1182,117.9971,60.3823,-33.5751,0.0000,18219
8,30,14,30.0,65.0,1.0,0.05,0.1,0.3,308,0.7552,65.0972,33.3120,-33.5220,0.0000,18219
8,30,14,30.0,65.0,1.0,0.05,0.15,0.3,266,1.4185,192.4957,98.5053,-30.4607,0.0000,18219
8,30,14,30.0,65.0,1.2,0.02,0.05,0.3,366,1.0485,244.8782,125.3108,-41.1066,0.0000,18219
8,30,14,30.0,65.0,1.2,0.02,0.1,0.3,224,1.2256,231.5335,118.4820,-33.3789,0.0000,18219
8,30,14,30.0,65.0,1.2,0.02,0.15,0.3,164,1.3141,242.8272,124.2612,-31.8340,0.0000,18219
8,30,14,30.0,65.0,1.2,0.03,0.05,0.3,827,1.2456,128.1137,65.5593,-23.9720,0.0000,18219
8,30,14,30.0,65.0,1.2,0.03,0.1,0.3,468,0.8799,95.4531,48.8459,-33.7323,0.0000,18219
8,30,14,30.0,65.0,1.2,0.03,0.15,0.3,355,1.6769,189.7607,97.1057,-21.5196,0.0000,18219
8,30,14,30.0,65.0,1.2,0.05,0.05,0.3,590,1.3637,128.7266,65.8729,-22.4900,0.0000,18219
8,30,14,30.0,65.0,1.2,0.05,0.1,0.3,282,0.8951,72.8581,37.2835,-29.9115,0.0000,18219
8,30,14,30.0,65.0,1.2,0.05,0.15,0.3,241,1.6493,185.8520,95.1055,-24.0344,0.0000,18219
8,30,14,30.0,65.0,1.5,0.02,0.05,0.3,79,1.1274,438.0476,224.1608,-52.2328,0.0000,18219
8,30,14,30.0,65.0,1.5,0.02,0.1,0.3,182,1.4852,150.3708,76.9488,-24.8365,0.0000,18219
8,30,14,30.0,65.0,1.5,0.02,0.15,0.3,144,1.3326,141.7235,72.5238,-27.9398,0.0000,18219
8,30,14,30.0,65.0,1.5,0.03,0.05,0.3,701,1.4728,116.9417,59.8422,-16.8858,0.0000,18219
8,30,14,30.0,65.0,1.5,0.03,0.1,0.3,224,1.2748,217.0167,111.0533,-36.1663,0.0000,18219
8,30,14,30.0,65.0,1.5,0.03,0.15,0.3,294,1.8072,148.2908,75.8844,-14.9256,0.0000,18219
8,30,14,30.0,65.0,1.5,0.05,0.05,0.3,502,0.7048,69.1319,35.3767,-35.3111,0.0000,18219
8,30,14,30.0,65.0,1.5,0.05,0.1,0.3,256,0.8210,55.5100,28.4060,-28.3064,0.0000,18219
8,30,14,30.0,65.0,1.5,0.05,0.15,0.3,200,1.6010,137.4569,70.3404,-18.7366,0.0000,18219
8,30,14,30.0,70.0,1.0,0.02,0.05,0.3,1163,1.0313,115.2105,58.9563,-33.1596,0.0000,18219
8,30,14,30.0,70.0,1.0,0.02,0.1,0.3,686,1.2406,138.2762,70.7597,-39.3955,0.0000,18219
8,30,14,30.0,70.0,1.0,0.02,0.15,0.3,540,1.2394,137.4271,70.3251,-32.3097,0.0000,18219
8,30,14,30.0,70.0,1.0,0.03,0.05,0.3,904,1.2391,145.1220,74.2629,-27.6288,0.0000,18219
8,30,14,30.0,70.0,1.0,0.03,0.1,0.3,513,0.7395,88.1007,45.0835,-41.2209,0.0000,18219
8,30,14,30.0,70.0,1.0,0.03,0.15,0.3,418,1.4098,199.8562,102.2718,-32.2724,0.0000,18219
8,30,14,30.0,70.0,1.0,0.05,0.05,0.3,635,1.1182,117.9971,60.3823,-33.5751,0.0000,18219
8,30,14,30.0,70.0,1.0,0.05,0.1,0.3,308,0.7552,65.0972,33.3120,-33.5220,0.0000,18219
8,30,14,30.0,70.0,1.0,0.05,0.15,0.3,266,1.4185,192.4957,98.5053,-30.4607,0.0000,18219
8,30,14,30.0,70.0,1.2,0.02,0.05,0.3,366,1.0485,244.8782,125.3108,-41.1066,0.0000,18219
8,30,14,30.0,70.0,1.2,0.02,0.1,0.3,224,1.2256,231.5335,118.4820,-33.3789,0.0000,18219
8,30,14,30.0,70.0,1.2,0.02,0.15,0.3,164,1.3141,242.8272,124.2612,-31.8340,0.0000,18219
8,30,14,30.0,70.0,1.2,0.03,0.05,0.3,827,1.2456,128.1137,65.5593,-23.9720,0.0000,18219
8,30,14,30.0,70.0,1.2,0.03,0.1,0.3,468,0.8799,95.4531,48.8459,-33.7323,0.0000,18219
8,30,14,30.0,70.0,1.2,0.03,0.15,0.3,355,1.6769,189.7607,97.1057,-21.5196,0.0000,18219
8,30,14,30.0,70.0,1.2,0.05,0.05,0.3,590,1.3637,128.7266,65.8729,-22.4900,0.0000,18219
8,30,14,30.0,70.0,1.2,0.05,0.1,0.3,282,0.8951,72.8581,37.2835,-29.9115,0.0000,18219
8,30,14,30.0,70.0,1.2,0.05,0.15,0.3,241,1.6493,185.8520,95.1055,-24.0344,0.0000,18219
8,30,14,30.0,70.0,1.5,0.02,0.05,0.3,79,1.1274,438.0476,224.1608,-52.2328,0.0000,18219
8,30,14,30.0,70.0,1.5,0.02,0.1,0.3,182,1.4852,150.3708,76.9488,-24.8365,0.0000,18219
8,30,14,30.0,70.0,1.5,0.02,0.15,0.3,144,1.3326,141.7235,72.5238,-27.9398,0.0000,18219
8,30,14,30.0,70.0,1.5,0.03,0.05,0.3,701,1.4728,116.9417,59.8422,-16.8858,0.0000,18219
8,30,14,30.0,70.0,1.5,0.03,0.1,0.3,224,1.2748,217.0167,111.0533,-36.1663,0.0000,18219
8,30,14,30.0,70.0,1.5,0.03,0.15,0.3,294,1.8072,148.2908,75.8844,-14.9256,0.0000,18219
8,30,14,30.0,70.0,1.5,0.05,0.05,0.3,502,0.7048,69.1319,35.3767,-35.3111,0.0000,18219
8,30,14,30.0,70.0,1.5,0.05,0.1,0.3,256,0.8210,55.5100,28.4060,-28.3064,0.0000,18219
8,30,14,30.0,70.0,1.5,0.05,0.15,0.3,200,1.6010,137.4569,70.3404,-18.7366,0.0000,18219
8,30,14,30.0,75.0,1.0,0.02,0.05,0.3,1163,1.0313,115.2105,58.9563,-33.1596,0.0000,18219
8,30,14,30.0,75.0,1.0,0.02,0.1,0.3,686,1.2406,138.2762,70.7597,-39.3955,0.0000,18219
8,30,14,30.0,75.0,1.0,0.02,0.15,0.3,540,1.2394,137.4271,70.3251,-32.3097,0.0000,18219
8,30,14,30.0,75.0,1.0,0.03,0.05,0.3,904,1.2391,145.1220,74.2629,-27.6288,0.0000,18219
8,30,14,30.0,75.0,1.0,0.03,0.1,0.3,513,0.7395,88.1007,45.0835,-41.2209,0.0000,18219
8,30,14,30.0,75.0,1.0,0.03,0.15,0.3,418,1.4098,199.8562,102.2718,-32.2724,0.0000,18219
8,30,14,30.0,75.0,1.0,0.05,0.05,0.3,635,1.1182,117.9971,60.3823,-33.5751,0.0000,18219
8,30,14,30.0,75.0,1.0,0.05,0.1,0.3,308,0.7552,65.0972,33.3120,-33.5220,0.0000,18219
8,30,14,30.0,75.0,1.0,0.05,0.15,0.3,266,1.4185,192.4957,98.5053,-30.4607,0.0000,18219
8,30,14,30.0,75.0,1.2,0.02,0.05,0.3,366,1.0485,244.8782,125.3108,-41.1066,0.0000,18219
8,30,14,30.0,75.0,1.2,0.02,0.1,0.3,224,1.2256,231.5335,118.4820,-33.3789,0.0000,18219
8,30,14,30.0,75.0,1.2,0.02,0.15,0.3,164,1.3141,242.8272,124.2612,-31.8340,0.0000,18219
8,30,14,30.0,75.0,1.2,0.03,0.05,0.3,827,1.2456,128.1137,65.5593,-23.9720,0.0000,18219
8,30,14,30.0,75.0,1.2,0.03,0.1,0.3,468,0.8799,95.4531,48.8459,-33.7323,0.0000,18219
8,30,14,30.0,75.0,1.2,0.03,0.15,0.3,355,1.6769,189.7607,97.1057,-21.5196,0.0000,18219
8,30,14,30.0,75.0,1.2,0.05,0.05,0.3,590,1.3637,128.7266,65.8729,-22.4900,0.0000,18219
8,30,14,30.0,75.0,1.2,0.05,0.1,0.3,282,0.8951,72.8581,37.2835,-29.9115,0.0000,18219
8,30,14,30.0,75.0,1.2,0.05,0.15,0.3,241,1.6493,185.8520,95.1055,-24.0344,0.0000,18219
8,30,14,30.0,75.0,1.5,0.02,0.05,0.3,79,1.1274,438.0476,224.1608,-52.2328,0.0000,18219
8,30,14,30.0,75.0,1.5,0.02,0.1,0.3,182,1.4852,150.3708,76.9488,-24.8365,0.0000,18219
8,30,14,30.0,75.0,1.5,0.02,0.15,0.3,144,1.3326,141.7235,72.5238,-27.9398,0.0000,18219
8,30,14,30.0,75.0,1.5,0.03,0.05,0.3,701,1.4728,116.9417,59.8422,-16.8858,0.0000,18219
8,30,14,30.0,75.0,1.5,0.03,0.1,0.3,224,1.2748,217.0167,111.0533,-36.1663,0.0000,18219
8,30,14,30.0,75.0,1.5,0.03,0.15,0.3,294,1.8072,148.2908,75.8844,-14.9256,0.0000,18219
8,30,14,30.0,75.0,1.5,0.05,0.05,0.3,502,0.7048,69.1319,35.3767,-35.3111,0.0000,18219
8,30,14,30.0,75.0,1.5,0.05,0.1,0.3,256,0.8210,55.5100,28.4060,-28.3064,0.0000,18219
8,30,14,30.0,75.0,1.5,0.05,0.15,0.3,200,1.6010,137.4569,70.3404,-18.7366,0.0000,18219
8,30,14,35.0,65.0,1.0,0.02,0.05,0.3,1163,1.0313,115.2105,58.9563,-33.1596,0.0000,18219
8,30,14,35.0,65.0,1.0,0.02,0.1,0.3,686,1.2406,138.2762,70.7597,-39.3955,0.0000,18219
8,30,14,35.0,65.0,1.0,0.02,0.15,0.3,540,1.2394,137.4271,70.3251,-32.3097,0.0000,18219
8,30,14,35.0,65.0,1.0,0.03,0.05,0.3,904,1.2391,145.1220,74.2629,-27.6288,0.0000,18219
8,30,14,35.0,65.0,1.0,0.03,0.1,0.3,513,0.7395,88.1007,45.0835,-41.2209,0.0000,18219
8,30,14,35.0,65.0,1.0,0.03,0.15,0.3,418,1.4098,199.8562,102.2718,-32.2724,0.0000,18219
8,30,14,35.0,65.0,1.0,0.05,0.05,0.3,635,1.1182,117.9971,60.3823,-33.5751,0.0000,18219
8,30,14,35.0,65.0,1.0,0.05,0.1,0.3,308,0.7552,65.0972,33.3120,-33.5220,0.0000,18219
8,30,14,35.0,65.0,1.0,0.05,0.15,0.3,266,1.4185,192.4957,98.5053,-30.4607,0.0000,18219
8,30,14,35.0,65.0,1.2,0.02,0.05,0.3,366,1.0485,244.8782,125.3108,-41.1066,0.0000,18219
8,30,14,35.0,65.0,1.2,0.02,0.1,0.3,224,1.2256,231.5335,118.4820,-33.3789,0.0000,18219
8,30,14,35.0,65.0,1.2,0.02,0.15,0.3,164,1.3141,242.8272,124.2612,-31.8340,0.0000,18219
8,30,14,35.0,65.0,1.2,0.03,0.05,0.3,827,1.2456,128.1137,65.5593,-23.9720,0.0000,18219
8,30,14,35.0,65.0,1.2,0.03,0.1,0.3,468,0.8799,95.4531,48.8459,-33.7323,0.0000,18219
8,30,14,35.0,65.0,1.2,0.03,0.15,0.3,355,1.6769,189.7607,97.1057,-21.5196,0.0000,18219
8,30,14,35.0,65.0,1.2,0.05,0.05,0.3,590,1.3637,128.7266,65.8729,-22.4900,0.0000,18219
8,30,14,35.0,65.0,1.2,0.05,0.1,0.3,282,0.8951,72.8581,37.2835,-29.9115,0.0000,18219
8,30,14,35.0,65.0,1.2,0.05,0.15,0.3,241,1.6493,185.8520,95.1055,-24.0344,0.0000,18219
8,30,14,35.0,65.0,1.5,0.02,0.05,0.3,79,1.1274,438.0476,224.1608,-52.2328,0.0000,18219
8,30,14,35.0,65.0,1.5,0.02,0.1,0.3,182,1.4852,150.3708,76.9488,-24.8365,0.0000,18219
8,30,14,35.0,65.0,1.5,0.02,0.15,0.3,144,1.3326,141.7235,72.5238,-27.9398,0.0000,18219
8,30,14,35.0,65.0,1.5,0.03,0.05,0.3,701,1.4728,116.9417,59.8422,-16.8858,0.0000,18219
8,30,14,35.0,65.0,1.5,0.03,0.1,0.3,224,1.2748,217.0167,111.0533,-36.1663,0.0000,18219
8,30,14,35.0,65.0,1.5,0.03,0.15,0.3,294,1.8072,148.2908,75.8844,-14.9256,0.0000,18219
8,30,14,35.0,65.0,1.5,0.05,0.05,0.3,502,0.7048,69.1319,35.3767,-35.3111,0.0000,18219
8,30,14,35.0,65.0,1.5,0.05,0.1,0.3,256,0.8210,55.5100,28.4060,-28.3064,0.0000,18219
8,30,14,35.0,65.0,1.5,0.05,0.15,0.3,200,1.6010,137.4569,70.3404,-18.7366,0.0000,18219
8,30,14,35.0,70.0,1.0,0.02,0.05,0.3,1163,1.0313,115.2105,58.9563,-33.1596,0.0000,18219
8,30,14,35.0,70.0,1.0,0.02,0.1,0.3,686,1.2406,138.2762,70.7597,-39.3955,0.0000,18219
8,30,14,35.0,70.0,1.0,0.02,0.15,0.3,540,1.2394,137.4271,70.3251,-32.3097,0.0000,18219
8,30,14,35.0,70.0,1.0,0.03,0.05,0.3,904,1.2391,145.1220,74.2629,-27.6288,0.0000,18219
8,30,14,35.0,70.0,1.0,0.03,0.1,0.3,513,0.7395,88.1007,45.0835,-41.2209,0.0000,18219
8,30,14,35.0,70.0,1.0,0.03,0.15,0.3,418,1.4098,199.8562,102.2718,-32.2724,0.0000,18219
8,30,14,35.0,70.0,1.0,0.05,0.05,0.3,635,1.1182,117.9971,60.3823,-33.5751,0.0000,18219
8,30,14,35.0,70.0,1.0,0.05,0.1,0.3,308,0.7552,65.0972,33.3120,-33.5220,0.0000,18219
8,30,14,35.0,70.0,1.0,0.05,0.15,0.3,266,1.4185,192.4957,98.5053,-30.4607,0.0000,18219
8,30,14,35.0,70.0,1.2,0.02,0.05,0.3,366,1.0485,244.8782,125.3108,-41.1066,0.0000,18219
8,30,14,35.0,70.0,1.2,0.02,0.1,0.3,224,1.2256,231.5335,118.4820,-33.3789,0.0000,18219
8,30,14,35.0,70.0,1.2,0.02,0.15,0.3,164,1.3141,242.8272,124.2612,-31.8340,0.0000,18219
8,30,14,35.0,70.0,1.2,0.03,0.05,0.3,827,1.2456,128.1137,65.5593,-23.9720,0.0000,18219
8,30,14,35.0,70.0,1.2,0.03,0.1,0.3,468,0.8799,95.4531,48.8459,-33.7323,0.0000,18219
8,30,14,35.0,70.0,1.2,0.03,0.15,0.3,355,1.6769,189.7607,97.1057,-21.5196,0.0000,18219
8,30,14,35.0,70.0,1.2,0.05,0.05,0.3,590,1.3637,128.7266,65.8729,-22.4900,0.0000,18219
8,30,14,35.0,70.0,1.2,0.05,0.1,0.3,282,0.8951,72.8581,37.2835,-29.9115,0.0000,18219
8,30,14,35.0,70.0,1.2,0.05,0.15,0.3,241,1.6493,185.8520,95.1055,-24.0344,0.0000,18219
8,30,14,35.0,70.0,1.5,0.02,0.05,0.3,79,1.1274,438.0476,224.1608,-52.2328,0.0000,18219
8,30,14,35.0,70.0,1.5,0.02,0.1,0.3,182,1.4852,150.3708,76.9488,-24.8365,0.0000,18219
8,30,14,35.0,70.0,1.5,0.02,0.15,0.3,144,1.3326,141.7235,72.5238,-27.9398,0.0000,18219
8,30,14,35.0,70.0,1.5,0.03,0.05,0.3,701,1.4728,116.9417,59.8422,-16.8858,0.0000,18219
8,30,14,35.0,70.0,1.5,0.03,0.1,0.3,224,1.2748,217.0167,111.0533,-36.1663,0.0000,18219
8,30,14,35.0,70.0,1.5,0.03,0.15,0.3,294,1.8072,148.2908,75.8844,-14.9256,0.0000,18219
8,30,14,35.0,70.0,1.5,0.05,0.05,0.3,502,0.7048,69.1319,35.3767,-35.3111,0.0000,18219
8,30,14,35.0,70.0,1.5,0.05,0.1,0.3,256,0.8210,55.5100,28.4060,-28.3064,0.0000,18219
8,30,14,35.0,70.0,1.5,0.05,0.15,0.3,200,1.6010,137.4569,70.3404,-18.7366,0.0000,18219
8,30,14,35.0,75.0,1.0,0.02,0.05,0.3,1163,1.0313,115.2105,58.9563,-33.1596,0.0000,18219
8,30,14,35.0,75.0,1.0,0.02,0.1,0.3,686,1.2406,138.2762,70.7597,-39.3955,0.0000,18219
8,30,14,35.0,75.0,1.0,0.02,0.15,0.3,540,1.2394,137.4271,70.3251,-32.3097,0.0000,18219
8,30,14,35.0,75.0,1.0,0.03,0.05,0.3,904,1.2391,145.1220,74.2629,-27.6288,0.0000,18219
8,30,14,35.0,75.0,1.0,0.03,0.1,0.3,513,0.7395,88.1007,45.0835,-41.2209,0.0000,18219
8,30,14,35.0,75.0,1.0,0.03,0.15,0.3,418,1.4098,199.8562,102.2718,-32.2724,0.0000,18219
8,30,14,35.0,75.0,1.0,0.05,0.05,0.3,635,1.1182,117.9971,60.3823,-33.5751,0.0000,18219
8,30,14,35.0,75.0,1.0,0.05,0.1,0.3,308,0.7552,65.0972,33.3120,-33.5220,0.0000,18219
8,30,14,35.0,75.0,1.0,0.05,0.15,0.3,266,1.4185,192.4957,98.5053,-30.4607,0.0000,18219
8,30,14,35.0,75.0,1.2,0.02,0.05,0.3,366,1.0485,244.8782,125.3108,-41.1066,0.0000,18219
8,30,14,35.0,75.0,1.2,0.02,0.1,0.3,224,1.2256,231.5335,118.4820,-33.3789,0.0000,18219
8,30,14,35.0,75.0,1.2,0.02,0.15,0.3,164,1.3141,242.8272,124.2612,-31.8340,0.0000,18219
8,30,14,35.0,75.0,1.2,0.03,0.05,0.3,827,1.2456,128.1137,65.5593,-23.9720,0.0000,18219
8,30,14,35.0,75.0,1.2,0.03,0.1,0.3,468,0.8799,95.4531,48.8459,-33.7323,0.0000,18219
8,30,14,35.0,75.0,1.2,0.03,0.15,0.3,355,1.6769,189.7607,97.1057,-21.5196,0.0000,18219
8,30,14,35.0,75.0,1.2,0.05,0.05,0.3,590,1.3637,128.7266,65.8729,-22.4900,0.0000,18219
8,30,14,35.0,75.0,1.2,0.05,0.1,0.3,282,0.8951,72.8581,37.2835,-29.9115,0.0000,18219
8,30,14,35.0,75.0,1.2,0.05,0.15,0.3,241,1.6493,185.8520,95.1055,-24.0344,0.0000,18219
8,30,14,35.0,75.0,1.5,0.02,0.05,0.3,79,1.1274,438.0476,224.1608,-52.2328,0.0000,18219
8,30,14,35.0,75.0,1.5,0.02,0.1,0.3,182,1.4852,150.3708,76.9488,-24.8365,0.0000,18219
8,30,14,35.0,75.0,1.5,0.02,0.15,0.3,144,1.3326,141.7235,72.5238,-27.9398,0.0000,18219
8,30,14,35.0,75.0,1.5,0.03,0.05,0.3,701,1.4728,116.9417,59.8422,-16.8858,0.0000,18219
8,30,14,35.0,75.0,1.5,0.03,0.1,0.3,224,1.2748,217.0167,111.0533,-36.1663,0.0000,18219
8,30,14,35.0,75.0,1.5,0.03,0.15,0.3,294,1.8072,148.2908,75.8844,-14.9256,0.0000,18219
8,30,14,35.0,75.0,1.5,0.05,0.05,0.3,502,0.7048,69.1319,35.3767,-35.3111,0.0000,18219
8,30,14,35.0,75.0,1.5,0.05,0.1,0.3,256,0.8210,55.5100,28.4060,-28.3064,0.0000,18219
8,30,14,35.0,75.0,1.5,0.05,0.15,0.3,200,1.6010,137.4569,70.3404,-18.7366,0.0000,18219
8,50,9,25.0,65.0,1.0,0.02,0.05,0.3,1528,0.7816,247.7119,126.7609,-55.8522,0.0000,18219
8,50,9,25.0,65.0,1.0,0.02,0.1,0.3,1265,0.9083,212.1387,108.5571,-51.1562,0.0000,18219
8,50,9,25.0,65.0,1.0,0.02,0.15,0.3,1123,0.8779,200.1282,102.4110,-53.6640,0.0000,18219
8,50,9,25.0,65.0,1.0,0.03,0.05,0.3,370,0.8259,1018.5831,521.2366,-78.8968,0.0000,18219
8,50,9,25.0,65.0,1.0,0.03,0.1,0.3,303,0.7907,742.1583,379.7825,-76.9437,0.0000,18219
8,50,9,25.0,65.0,1.0,0.03,0.15,0.3,822,1.1954,377.7233,193.2912,-54.0217,0.0000,18219
8,50,9,25.0,65.0,1.0,0.05,0.05,0.3,1056,1.0796,353.9909,181.1467,-52.3255,0.0000,18219
8,50,9,25.0,65.0,1.0,0.05,0.1,0.3,681,0.5381,202.9338,103.8467,-73.7907,0.0000,18219
8,50,9,25.0,65.0,1.0,0.05,0.15,0.3,597,0.9848,370.1641,189.4230,-64.1060,0.0000,18219
8,50,9,25.0,65.0,1.2,0.02,0.05,0.3,213,0.9741,1214.1713,621.3243,-68.7220,0.0000,18219
8,50,9,25.0,65.0,1.2,0.02,0.1,0.3,202,1.0081,1181.5220,604.6168,-67.7112,0.0000,18219
8,50,9,25.0,65.0,1.2,0.02,0.15,0.3,179,1.0509,1192.2744,610.1191,-66.8444,0.0000,18219
8,50,9,25.0,65.0,1.2,0.03,0.05,0.3,177,0.9959,627.2575,320.9846,-59.0240,0.0000,18219
8,50,9,25.0,65.0,1.2,0.03,0.1,0.3,176,1.1695,672.1928,343.9793,-54.0920,0.0000,18219
8,50,9,25.0,65.0,1.2,0.03,0.15,0.3,151,1.1973,682.1834,349.0917,-53.1055,0.0000,18219
8,50,9,25.0,65.0,1.2,0.05,0.05,0.3,891,1.1069,298.1938,152.5938,-53.3449,0.0000,18219
8,50,9,25.0,65.0,1.2,0.05,0.1,0.3,553,0.5467,149.4826,76.4943,-62.9002,0.0000,18219
8,50,9,25.0,65.0,1.2,0.05,0.15,0.3,515,1.1051,339.6815,173.8242,-56.8637,0.0000,18219
8,50,9,25.0,65.0,1.5,0.02,0.05,0.3,99,1.0885,413.3809,211.5382,-51.4688,0.0000,18219
8,50,9,25.0,65.0,1.5,0.02,0.1,0.3,147,1.0272,843.3823,431.5816,-64.1337,0.0000,18219
8,50,9,25.0,65.0,1.5,0.02,0.15,0.3,132,1.0677,852.8167,436.4094,-63.1754,0.0000,18219
8,50,9,25.0,65.0,1.5,0.03,0.05,0.3,134,1.0479,509.7378,260.8466,-55.2322,0.0000,18219
8,50,9,25.0,65.0,1.5,0.03,0.1,0.3,126,1.1860,539.7403,276.1997,-51.5656,0.0000,18219
8,50,9,25.0,65.0,1.5,0.03,0.15,0.3,111,1.2172,549.2738,281.0783,-50.5003,0.0000,18219
8,50,9,25.0,65.0,1.5,0.05,0.05,0.3,660,1.1299,222.1413,113.6757,-36.5610,0.0000,18219
8,50,9,25.0,65.0,1.5,0.05,0.1,0.3,395,0.9112,170.3750,87.1855,-47.3343,0.0000,18219
8,50,9,25.0,65.0,1.5,0.05,0.15,0.3,368,1.2890,274.4289,140.4327,-46.0240,0.0000,18219
8,50,9,25.0,70.0,1.0,0.02,0.05,0.3,1528,0.7816,247.7119,126.7609,-55.8522,0.0000,18219
8,50,9,25.0,70.0,1.0,0.02,0.1,0.3,1265,0.9083,212.1387,108.5571,-51.1562,0.0000,18219
8,50,9,25.0,70.0,1.0,0.02,0.15,0.3,1123,0.8779,200.1282,102.4110,-53.6640,0.0000,18219
8,50,9,25.0,70.0,1.0,0.03,0.05,0.3,370,0.8259,1018.5831,521.2366,-78.8968,0.0000,18219
8,50,9,25.0,70.0,1.0,0.03,0.1,0.3,303,0.7907,742.1583,379.7825,-76.9437,0.0000,18219
8,50,9,25.0,70.0,1.0,0.03,0.15,0.3,822,1.1954,377.7233,193.2912,-54.0217,0.0000,18219
8,50,9,25.0,70.0,1.0,0.05,0.05,0.3,1056,1.0796,353.9909,181.1467,-52.3255,0.0000,18219
8,50,9,25.0,70.0,1.0,0.05,0.1,0.3,681,0.5381,202.9338,103.8467,-73.7907,0.0000,18219
8,50,9,25.0,70.0,1.0,0.05,0.15,0.3,597,0.9848,370.1641,189.4230,-64.1060,0.0000,18219
8,50,9,25.0,70.0,1.2,0.02,0.05,0.3,213,0.9741,1214.1713,621.3243,-68.7220,0.0000,18219
8,50,9,25.0,70.0,1.2,0.02,0.1,0.3,202,1.0081,1181.5220,604.6168,-67.7112,0.0000,18219
8,50,9,25.0,70.0,1.2,0.02,0.15,0.3,179,1.0509,1192.2744,610.1191,-66.8444,0.0000,18219
8,50,9,25.0,70.0,1.2,0.03,0.05,0.3,177,0.9959,627.2575,320.9846,-59.0240,0.0000,18219
8,50,9,25.0,70.0,1.2,0.03,0.1,0.3,176,1.1695,672.1928,343.9793,-54.0920,0.0000,18219
8,50,9,25.0,70.0,1.2,0.03,0.15,0.3,151,1.1973,682.1834,349.0917,-53.1055,0.0000,18219
8,50,9,25.0,70.0,1.2,0.05,0.05,0.3,891,1.1069,298.1938,152.5938,-53.3449,0.0000,18219
8,50,9,25.0,70.0,1.2,0.05,0.1,0.3,553,0.5467,149.4826,76.4943,-62.9002,0.0000,18219
8,50,9,25.0,70.0,1.2,0.05,0.15,0.3,515,1.1051,339.6815,173.8242,-56.8637,0.0000,18219
8,50,9,25.0,70.0,1.5,0.02,0.05,0.3,99,1.0885,413.3809,211.5382,-51.4688,0.0000,18219
8,50,9,25.0,70.0,1.5,0.02,0.1,0.3,147,1.0272,843.3823,431.5816,-64.1337,0.0000,18219
8,50,9,25.0,70.0,1.5,0.02,0.15,0.3,132,1.0677,852.8167,436.4094,-63.1754,0.0000,18219
8,50,9,25.0,70.0,1.5,0.03,0.05,0.3,134,1.0479,509.7378,260.8466,-55.2322,0.0000,18219
8,50,9,25.0,70.0,1.5,0.03,0.1,0.3,126,1.1860,539.7403,276.1997,-51.5656,0.0000,18219
8,50,9,25.0,70.0,1.5,0.03,0.15,0.3,111,1.2172,549.2738,281.0783,-50.5003,0.0000,18219
8,50,9,25.0,70.0,1.5,0.05,0.05,0.3,660,1.1299,222.1413,113.6757,-36.5610,0.0000,18219
8,50,9,25.0,70.0,1.5,0.05,0.1,0.3,395,0.9112,170.3750,87.1855,-47.3343,0.0000,18219
8,50,9,25.0,70.0,1.5,0.05,0.15,0.3,368,1.2890,274.4289,140.4327,-46.0240,0.0000,18219
8,50,9,25.0,75.0,1.0,0.02,0.05,0.3,1528,0.7816,247.7119,126.7609,-55.8522,0.0000,18219
8,50,9,25.0,75.0,1.0,0.02,0.1,0.3,1265,0.9083,212.1387,108.5571,-51.1562,0.0000,18219
8,50,9,25.0,75.0,1.0,0.02,0.15,0.3,1123,0.8779,200.1282,102.4110,-53.6640,0.0000,18219
8,50,9,25.0,75.0,1.0,0.03,0.05,0.3,370,0.8259,1018.5831,521.2366,-78.8968,0.0000,18219
8,50,9,25.0,75.0,1.0,0.03,0.1,0.3,303,0.7907,742.1583,379.7825,-76.9437,0.0000,18219
8,50,9,25.0,75.0,1.0,0.03,0.15,0.3,822,1.1954,377.7233,193.2912,-54.0217,0.0000,18219
8,50,9,25.0,75.0,1.0,0.05,0.05,0.3,1056,1.0796,353.9909,181.1467,-52.3255,0.0000,18219
8,50,9,25.0,75.0,1.0,0.05,0.1,0.3,681,0.5381,202.9338,103.8467,-73.7907,0.0000,18219
8,50,9,25.0,75.0,1.0,0.05,0.15,0.3,597,0.9848,370.1641,189.4230,-64.1060,0.0000,18219
8,50,9,25.0,75.0,1.2,0.02,0.05,0.3,213,0.9741,1214.1713,621.3243,-68.7220,0.0000,18219
8,50,9,25.0,75.0,1.2,0.02,0.1,0.3,202,1.0081,1181.5220,604.6168,-67.7112,0.0000,18219
8,50,9,25.0,75.0,1.2,0.02,0.15,0.3,179,1.0509,1192.2744,610.1191,-66.8444,0.0000,18219
8,50,9,25.0,75.0,1.2,0.03,0.05,0.3,177,0.9959,627.2575,320.9846,-59.0240,0.0000,18219
8,50,9,25.0,75.0,1.2,0.03,0.1,0.3,176,1.1695,672.1928,343.9793,-54.0920,0.0000,18219
8,50,9,25.0,75.0,1.2,0.03,0.15,0.3,151,1.1973,682.1834,349.0917,-53.1055,0.0000,18219
8,50,9,25.0,75.0,1.2,0.05,0.05,0.3,891,1.1069,298.1938,152.5938,-53.3449,0.0000,18219
8,50,9,25.0,75.0,1.2,0.05,0.1,0.3,553,0.5467,149.4826,76.4943,-62.9002,0.0000,18219
8,50,9,25.0,75.0,1.2,0.05,0.15,0.3,515,1.1051,339.6815,173.8242,-56.8637,0.0000,18219
8,50,9,25.0,75.0,1.5,0.02,0.05,0.3,99,1.0885,413.3809,211.5382,-51.4688,0.0000,18219
8,50,9,25.0,75.0,1.5,0.02,0.1,0.3,147,1.0272,843.3823,431.5816,-64.1337,0.0000,18219
8,50,9,25.0,75.0,1.5,0.02,0.15,0.3,132,1.0677,852.8167,436.4094,-63.1754,0.0000,18219
8,50,9,25.0,75.0,1.5,0.03,0.05,0.3,134,1.0479,509.7378,260.8466,-55.2322,0.0000,18219
8,50,9,25.0,75.0,1.5,0.03,0.1,0.3,126,1.1860,539.7403,276.1997,-51.5656,0.0000,18219
8,50,9,25.0,75.0,1.5,0.03,0.15,0.3,111,1.2172,549.2738,281.0783,-50.5003,0.0000,18219
8,50,9,25.0,75.0,1.5,0.05,0.05,0.3,660,1.1299,222.1413,113.6757,-36.5610,0.0000,18219
8,50,9,25.0,75.0,1.5,0.05,0.1,0.3,395,0.9112,170.3750,87.1855,-47.3343,0.0000,18219
8,50,9,25.0,75.0,1.5,0.05,0.15,0.3,368,1.2890,274.4289,140.4327,-46.0240,0.0000,18219
8,50,9,30.0,65.0,1.0,0.02,0.05,0.3,1528,0.7816,247.7119,126.7609,-55.8522,0.0000,18219
8,50,9,30.0,65.0,1.0,0.02,0.1,0.3,1265,0.9083,212.1387,108.5571,-51.1562,0.0000,18219
8,50,9,30.0,65.0,1.0,0.02,0.15,0.3,1123,0.8779,200.1282,102.4110,-53.6640,0.0000,18219
8,50,9,30.0,65.0,1.0,0.03,0.05,0.3,370,0.8259,1018.5831,521.2366,-78.8968,0.0000,18219
8,50,9,30.0,65.0,1.0,0.03,0.1,0.3,303,0.7907,742.1583,379.7825,-76.9437,0.0000,18219
8,50,9,30.0,65.0,1.0,0.03,0.15,0.3,822,1.1954,377.7233,193.2912,-54.0217,0.0000,18219
8,50,9,30.0,65.0,1.0,0.05,0.05,0.3,1056,1.0796,353.9909,181.1467,-52.3255,0.0000,18219
8,50,9,30.0,65.0,1.0,0.05,0.1,0.3,681,0.5381,202.9338,103.8467,-73.7907,0.0000,18219
8,50,9,30.0,65.0,1.0,0.05,0.15,0.3,597,0.9848,370.1641,189.4230,-64.1060,0.0000,18219
8,50,9,30.0,65.0,1.2,0.02,0.05,0.3,213,0.9741,1214.1713,621.3243,-68.7220,0.0000,18219
8,50,9,30.0,65.0,1.2,0.02,0.1,0.3,202,1.0081,1181.5220,604.6168,-67.7112,0.0000,18219
8,50,9,30.0,65.0,1.2,0.02,0.15,0.3,179,1.0509,1192.2744,610.1191,-66.8444,0.0000,18219
8,50,9,30.0,65.0,1.2,0.03,0.05,0.3,177,0.9959,627.2575,320.9846,-59.0240,0.0000,18219
8,50,9,30.0,65.0,1.2,0.03,0.1,0.3,176,1.1695,672.1928,343.9793,-54.0920,0.0000,18219
8,50,9,30.0,65.0,1.2,0.03,0.15,0.3,151,1.1973,682.1834,349.0917,-53.1055,0.0000,18219
8,50,9,30.0,65.0,1.2,0.05,0.05,0.3,891,1.1069,298.1938,152.5938,-53.3449,0.0000,18219
8,50,9,30.0,65.0,1.2,0.05,0.1,0.3,553,0.5467,149.4826,76.4943,-62.9002,0.0000,18219
8,50,9,30.0,65.0,1.2,0.05,0.15,0.3,515,1.1051,339.6815,173.8242,-56.8637,0.0000,18219
8,50,9,30.0,65.0,1.5,0.02,0.05,0.3,99,1.0885,413.3809,211.5382,-51.4688,0.0000,18219
8,50,9,30.0,65.0,1.5,0.02,0.1,0.3,147,1.0272,843.3823,431.5816,-64.1337,0.0000,18219
8,50,9,30.0,65.0,1.5,0.02,0.15,0.3,132,1.0677,852.8167,436.4094,-63.1754,0.0000,18219
8,50,9,30.0,65.0,1.5,0.03,0.05,0.3,134,1.0479,509.7378,260.8466,-55.2322,0.0000,18219
8,50,9,30.0,65.0,1.5,0.03,0.1,0.3,126,1.1860,539.7403,276.1997,-51.5656,0.0000,18219
8,50,9,30.0,65.0,1.5,0.03,0.15,0.3,111,1.2172,549.2738,281.0783,-50.5003,0.0000,18219
8,50,9,30.0,65.0,1.5,0.05,0.05,0.3,660,1.1299,222.1413,113.6757,-36.5610,0.0000,18219
8,50,9,30.0,65.0,1.5,0.05,0.1,0.3,395,0.9112,170.3750,87.1855,-47.3343,0.0000,18219
8,50,9,30.0,65.0,1.5,0.05,0.15,0.3,368,1.2890,274.4289,140.4327,-46.0240,0.0000,18219
8,50,9,30.0,70.0,1.0,0.02,0.05,0.3,1528,0.7816,247.7119,126.7609,-55.8522,0.0000,18219
8,50,9,30.0,70.0,1.0,0.02,0.1,0.3,1265,0.9083,212.1387,108.5571,-51.1562,0.0000,18219
8,50,9,30.0,70.0,1.0,0.02,0.15,0.3,1123,0.8779,200.1282,102.4110,-53.6640,0.0000,18219
8,50,9,30.0,70.0,1.0,0.03,0.05,0.3,370,0.8259,1018.5831,521.2366,-78.8968,0.0000,18219
8,50,9,30.0,70.0,1.0,0.03,0.1,0.3,303,0.7907,742.1583,379.7825,-76.9437,0.0000,18219
8,50,9,30.0,70.0,1.0,0.03,0.15,0.3,822,1.1954,377.7233,193.2912,-54.0217,0.0000,18219
8,50,9,30.0,70.0,1.0,0.05,0.05,0.3,1056,1.0796,353.9909,181.1467,-52.3255,0.0000,18219
8,50,9,30.0,70.0,1.0,0.05,0.1,0.3,681,0.5381,202.9338,103.8467,-73.7907,0.0000,18219
8,50,9,30.0,70.0,1.0,0.05,0.15,0.3,597,0.9848,370.1641,189.4230,-64.1060,0.0000,18219
8,50,9,30.0,70.0,1.2,0.02,0.05,0.3,213,0.9741,1214.1713,621.3243,-68.7220,0.0000,18219
8,50,9,30.0,70.0,1.2,0.02,0.1,0.3,202,1.0081,1181.5220,604.6168,-67.7112,0.0000,18219
8,50,9,30.0,70.0,1.2,0.02,0.15,0.3,179,1.0509,1192.2744,610.1191,-66.8444,0.0000,18219
8,50,9,30.0,70.0,1.2,0.03,0.05,0.3,177,0.9959,627.2575,320.9846,-59.0240,0.0000,18219
8,50,9,30.0,70.0,1.2,0.03,0.1,0.3,176,1.1695,672.1928,343.9793,-54.0920,0.0000,18219
8,50,9,30.0,70.0,1.2,0.03,0.15,0.3,151,1.1973,682.1834,349.0917,-53.1055,0.0000,18219
8,50,9,30.0,70.0,1.2,0.05,0.05,0.3,891,1.1069,298.1938,152.5938,-53.3449,0.0000,18219
8,50,9,30.0,70.0,1.2,0.05,0.1,0.3,553,0.5467,149.4826,76.4943,-62.9002,0.0000,18219
8,50,9,30.0,70.0,1.2,0.05,0.15,0.3,515,1.1051,339.6815,173.8242,-56.8637,0.0000,18219
8,50,9,30.0,70.0,1.5,0.02,0.05,0.3,99,1.0885,413.3809,211.5382,-51.4688,0.0000,18219
8,50,9,30.0,70.0,1.5,0.02,0.1,0.3,147,1.0272,843.3823,431.5816,-64.1337,0.0000,18219
8,50,9,30.0,70.0,1.5,0.02,0.15,0.3,132,1.0677,852.8167,436.4094,-63.1754,0.0000,18219
8,50,9,30.0,70.0,1.5,0.03,0.05,0.3,134,1.0479,509.7378,260.8466,-55.2322,0.0000,18219
8,50,9,30.0,70.0,1.5,0.03,0.1,0.3,126,1.1860,539.7403,276.1997,-51.5656,0.0000,18219
8,50,9,30.0,70.0,1.5,0.03,0.15,0.3,111,1.2172,549.2738,281.0783,-50.5003,0.0000,18219
8,50,9,30.0,70.0,1.5,0.05,0.05,0.3,660,1.1299,222.1413,113.6757,-36.5610,0.0000,18219
8,50,9,30.0,70.0,1.5,0.05,0.1,0.3,395,0.9112,170.3750,87.1855,-47.3343,0.0000,18219
8,50,9,30.0,70.0,1.5,0.05,0.15,0.3,368,1.2890,274.4289,140.4327,-46.0240,0.0000,18219
8,50,9,30.0,75.0,1.0,0.02,0.05,0.3,1528,0.7816,247.7119,126.7609,-55.8522,0.0000,18219
8,50,9,30.0,75.0,1.0,0.02,0.1,0.3,1265,0.9083,212.1387,108.5571,-51.1562,0.0000,18219
8,50,9,30.0,75.0,1.0,0.02,0.15,0.3,1123,0.8779,200.1282,102.4110,-53.6640,0.0000,18219
8,50,9,30.0,75.0,1.0,0.03,0.05,0.3,370,0.8259,1018.5831,521.2366,-78.8968,0.0000,18219
8,50,9,30.0,75.0,1.0,0.03,0.1,0.3,303,0.7907,742.1583,379.7825,-76.9437,0.0000,18219
8,50,9,30.0,75.0,1.0,0.03,0.15,0.3,822,1.1954,377.7233,193.2912,-54.0217,0.0000,18219
8,50,9,30.0,75.0,1.0,0.05,0.05,0.3,1056,1.0796,353.9909,181.1467,-52.3255,0.0000,18219
8,50,9,30.0,75.0,1.0,0.05,0.1,0.3,681,0.5381,202.9338,103.8467,-73.7907,0.0000,18219
8,50,9,30.0,75.0,1.0,0.05,0.15,0.3,597,0.9848,370.1641,189.4230,-64.1060,0.0000,18219
8,50,9,30.0,75.0,1.2,0.02,0.05,0.3,213,0.9741,1214.1713,621.3243,-68.7220,0.0000,18219
8,50,9,30.0,75.0,1.2,0.02,0.1,0.3,202,1.0081,1181.5220,604.6168,-67.7112,0.0000,18219
8,50,9,30.0,75.0,1.2,0.02,0.15,0.3,179,1.0509,1192.2744,610.1191,-66.8444,0.0000,18219
8,50,9,30.0,75.0,1.2,0.03,0.05,0.3,177,0.9959,627.2575,320.9846,-59.0240,0.0000,18219
8,50,9,30.0,75.0,1.2,0.03,0.1,0.3,176,1.1695,672.1928,343.9793,-54.0920,0.0000,18219
8,50,9,30.0,75.0,1.2,0.03,0.15,0.3,151,1.1973,682.1834,349.0917,-53.1055,0.0000,18219
8,50,9,30.0,75.0,1.2,0.05,0.05,0.3,891,1.1069,298.1938,152.5938,-53.3449,0.0000,18219
8,50,9,30.0,75.0,1.2,0.05,0.1,0.3,553,0.5467,149.4826,76.4943,-62.9002,0.0000,18219
8,50,9,30.0,75.0,1.2,0.05,0.15,0.3,515,1.1051,339.6815,173.8242,-56.8637,0.0000,18219
8,50,9,30.0,75.0,1.5,0.02,0.05,0.3,99,1.0885,413.3809,211.5382,-51.4688,0.0000,18219
8,50,9,30.0,75.0,1.5,0.02,0.1,0.3,147,1.0272,843.3823,431.5816,-64.1337,0.0000,18219
8,50,9,30.0,75.0,1.5,0.02,0.15,0.3,132,1.0677,852.8167,436.4094,-63.1754,0.0000,18219
8,50,9,30.0,75.0,1.5,0.03,0.05,0.3,134,1.0479,509.7378,260.8466,-55.2322,0.0000,18219
8,50,9,30.0,75.0,1.5,0.03,0.1,0.3,126,1.1860,539.7403,276.1997,-51.5656,0.0000,18219
8,50,9,30.0,75.0,1.5,0.03,0.15,0.3,111,1.2172,549.2738,281.0783,-50.5003,0.0000,18219
8,50,9,30.0,75.0,1.5,0.05,0.05,0.3,660,1.1299,222.1413,113.6757,-36.5610,0.0000,18219
8,50,9,30.0,75.0,1.5,0.05,0.1,0.3,395,0.9112,170.3750,87.1855,-47.3343,0.0000,18219
8,50,9,30.0,75.0,1.5,0.05,0.15,0.3,368,1.2890,274.4289,140.4327,-46.0240,0.0000,18219
8,50,9,35.0,65.0,1.0,0.02,0.05,0.3,1528,0.7816,247.7119,126.7609,-55.8522,0.0000,18219
8,50,9,35.0,65.0,1.0,0.02,0.1,0.3,1265,0.9083,212.1387,108.5571,-51.1562,0.0000,18219
8,50,9,35.0,65.0,1.0,0.02,0.15,0.3,1123,0.8779,200.1282,102.4110,-53.6640,0.0000,18219
8,50,9,35.0,65.0,1.0,0.03,0.05,0.3,370,0.8259,1018.5831,521.2366,-78.8968,0.0000,18219
8,50,9,35.0,65.0,1.0,0.03,0.1,0.3,303,0.7907,742.1583,379.7825,-76.9437,0.0000,18219
8,50,9,35.0,65.0,1.0,0.03,0.15,0.3,822,1.1954,377.7233,193.2912,-54.0217,0.0000,18219
8,50,9,35.0,65.0,1.0,0.05,0.05,0.3,1056,1.0796,353.9909,181.1467,-52.3255,0.0000,18219
8,50,9,35.0,65.0,1.0,0.05,0.1,0.3,681,0.5381,202.9338,103.8467,-73.7907,0.0000,18219
8,50,9,35.0,65.0,1.0,0.05,0.15,0.3,597,0.9848,370.1641,189.4230,-64.1060,0.0000,18219
8,50,9,35.0,65.0,1.2,0.02,0.05,0.3,213,0.9741,1214.1713,621.3243,-68.7220,0.0000,18219
8,50,9,35.0,65.0,1.2,0.02,0.1,0.3,202,1.0081,1181.5220,604.6168,-67.7112,0.0000,18219
8,50,9,35.0,65.0,1.2,0.02,0.15,0.3,179,1.0509,1192.2744,610.1191,-66.8444,0.0000,18219
8,50,9,35.0,65.0,1.2,0.03,0.05,0.3,177,0.9959,627.2575,320.9846,-59.0240,0.0000,18219
8,50,9,35.0,65.0,1.2,0.03,0.1,0.3,176,1.1695,672.1928,343.9793,-54.0920,0.0000,18219
8,50,9,35.0,65.0,1.2,0.03,0.15,0.3,151,1.1973,682.1834,349.0917,-53.1055,0.0000,18219
8,50,9,35.0,65.0,1.2,0.05,0.05,0.3,891,1.1069,298.1938,152.5938,-53.3449,0.0000,18219
8,50,9,35.0,65.0,1.2,0.05,0.1,0.3,553,0.5467,149.4826,76.4943,-62.9002,0.0000,18219
8,50,9,35.0,65.0,1.2,0.05,0.15,0.3,515,1.1051,339.6815,173.8242,-56.8637,0.0000,18219
8,50,9,35.0,65.0,1.5,0.02,0.05,0.3,99,1.0885,413.3809,211.5382,-51.4688,0.0000,18219
8,50,9,35.0,65.0,1.5,0.02,0.1,0.3,147,1.0272,843.3823,431.5816,-64.1337,0.0000,18219
8,50,9,35.0,65.0,1.5,0.02,0.15,0.3,132,1.0677,852.8167,436.4094,-63.1754,0.0000,18219
8,50,9,35.0,65.0,1.5,0.03,0.05,0.3,134,1.0479,509.7378,260.8466,-55.2322,0.0000,18219
8,50,9,35.0,65.0,1.5,0.03,0.1,0.3,126,1.1860,539.7403,276.1997,-51.5656,0.0000,18219
8,50,9,35.0,65.0,1.5,0.03,0.15,0.3,111,1.2172,549.2738,281.0783,-50.5003,0.0000,18219
8,50,9,35.0,65.0,1.5,0.05,0.05,0.3,660,1.1299,222.1413,113.6757,-36.5610,0.0000,18219
8,50,9,35.0,65.0,1.5,0.05,0.1,0.3,395,0.9112,170.3750,87.1855,-47.3343,0.0000,18219
8,50,9,35.0,65.0,1.5,0.05,0.15,0.3,368,1.2890,274.4289,140.4327,-46.0240,0.0000,18219
8,50,9,35.0,70.0,1.0,0.02,0.05,0.3,1528,0.7816,247.7119,126.7609,-55.8522,0.0000,18219
8,50,9,35.0,70.0,1.0,0.02,0.1,0.3,1265,0.9083,212.1387,108.5571,-51.1562,0.0000,18219
8,50,9,35.0,70.0,1.0,0.02,0.15,0.3,1123,0.8779,200.1282,102.4110,-53.6640,0.0000,18219
8,50,9,35.0,70.0,1.0,0.03,0.05,0.3,370,0.8259,1018.5831,521.2366,-78.8968,0.0000,18219
8,50,9,35.0,70.0,1.0,0.03,0.1,0.3,303,0.7907,742.1583,379.7825,-76.9437,0.0000,18219
8,50,9,35.0,70.0,1.0,0.03,0.15,0.3,822,1.1954,377.7233,193.2912,-54.0217,0.0000,18219
8,50,9,35.0,70.0,1.0,0.05,0.05,0.3,1056,1.0796,353.9909,181.1467,-52.3255,0.0000,18219
8,50,9,35.0,70.0,1.0,0.05,0.1,0.3,681,0.5381,202.9338,103.8467,-73.7907,0.0000,18219
8,50,9,35.0,70.0,1.0,0.05,0.15,0.3,597,0.9848,370.1641,189.4230,-64.1060,0.0000,18219
8,50,9,35.0,70.0,1.2,0.02,0.05,0.3,213,0.9741,1214.1713,621.3243,-68.7220,0.0000,18219
8,50,9,35.0,70.0,1.2,0.02,0.1,0.3,202,1.0081,1181.5220,604.6168,-67.7112,0.0000,18219
8,50,9,35.0,70.0,1.2,0.02,0.15,0.3,179,1.0509,1192.2744,610.1191,-66.8444,0.0000,18219
8,50,9,35.0,70.0,1.2,0.03,0.05,0.3,177,0.9959,627.2575,320.9846,-59.0240,0.0000,18219
8,50,9,35.0,70.0,1.2,0.03,0.1,0.3,176,1.1695,672.1928,343.9793,-54.0920,0.0000,18219
8,50,9,35.0,70.0,1.2,0.03,0.15,0.3,151,1.1973,682.1834,349.0917,-53.1055,0.0000,18219
8,50,9,35.0,70.0,1.2,0.05,0.05,0.3,891,1.1069,298.1938,152.5938,-53.3449,0.0000,18219
8,50,9,35.0,70.0,1.2,0.05,0.1,0.3,553,0.5467,149.4826,76.4943,-62.9002,0.0000,18219
8,50,9,35.0,70.0,1.2,0.05,0.15,0.3,515,1.1051,339.6815,173.8242,-56.8637,0.0000,18219
8,50,9,35.0,70.0,1.5,0.02,0.05,0.3,99,1.0885,413.3809,211.5382,-51.4688,0.0000,18219
8,50,9,35.0,70.0,1.5,0.02,0.1,0.3,147,1.0272,843.3823,431.5816,-64.1337,0.0000,18219
8,50,9,35.0,70.0,1.5,0.02,0.15,0.3,132,1.0677,852.8167,436.4094,-63.1754,0.0000,18219
8,50,9,35.0,70.0,1.5,0.03,0.05,0.3,134,1.0479,509.7378,260.8466,-55.2322,0.0000,18219
8,50,9,35.0,70.0,1.5,0.03,0.1,0.3,126,1.1860,539.7403,276.1997,-51.5656,0.0000,18219
8,50,9,35.0,70.0,1.5,0.03,0.15,0.3,111,1.2172,549.2738,281.0783,-50.5003,0.0000,18219
8,50,9,35.0,70.0,1.5,0.05,0.05,0.3,660,1.1299,222.1413,113.6757,-36.5610,0.0000,18219
8,50,9,35.0,70.0,1.5,0.05,0.1,0.3,395,0.9112,170.3750,87.1855,-47.3343,0.0000,18219
8,50,9,35.0,70.0,1.5,0.05,0.15,0.3,368,1.2890,274.4289,140.4327,-46.0240,0.0000,18219
8,50,9,35.0,75.0,1.0,0.02,0.05,0.3,1528,0.7816,247.7119,126.7609,-55.8522,0.0000,18219
8,50,9,35.0,75.0,1.0,0.02,0.1,0.3,1265,0.9083,212.1387,108.5571,-51.1562,0.0000,18219
8,50,9,35.0,75.0,1.0,0.02,0.15,0.3,1123,0.8779,200.1282,102.4110,-53.6640,0.0000,18219
8,50,9,35.0,75.0,1.0,0.03,0.05,0.3,370,0.8259,1018.5831,521.2366,-78.8968,0.0000,18219
8,50,9,35.0,75.0,1.0,0.03,0.1,0.3,303,0.7907,742.1583,379.7825,-76.9437,0.0000,18219
8,50,9,35.0,75.0,1.0,0.03,0.15,0.3,822,1.1954,377.7233,193.2912,-54.0217,0.0000,18219
8,50,9,35.0,75.0,1.0,0.05,0.05,0.3,1056,1.0796,353.9909,181.1467,-52.3255,0.0000,18219
8,50,9,35.0,75.0,1.0,0.05,0.1,0.3,681,0.5381,202.9338,103.8467,-73.7907,0.0000,18219
8,50,9,35.0,75.0,1.0,0.05,0.15,0.3,597,0.9848,370.1641,189.4230,-64.1060,0.0000,18219
8,50,9,35.0,75.0,1.2,0.02,0.05,0.3,213,0.9741,1214.1713,621.3243,-68.7220,0.0000,18219
8,50,9,35.0,75.0,1.2,0.02,0.1,0.3,202,1.0081,1181.5220,604.6168,-67.7112,0.0000,18219
8,50,9,35.0,75.0,1.2,0.02,0.15,0.3,179,1.0509,1192.2744,610.1191,-66.8444,0.0000,18219
8,50,9,35.0,75.0,1.2,0.03,0.05,0.3,177,0.9959,627.2575,320.9846,-59.0240,0.0000,18219
8,50,9,35.0,75.0,1.2,0.03,0.1,0.3,176,1.1695,672.1928,343.9793,-54.0920,0.0000,18219
8,50,9,35.0,75.0,1.2,0.03,0.15,0.3,151,1.1973,682.1834,349.0917,-53.1055,0.0000,18219
8,50,9,35.0,75.0,1.2,0.05,0.05,0.3,891,1.1069,298.1938,152.5938,-53.3449,0.0000,18219
8,50,9,35.0,75.0,1.2,0.05,0.1,0.3,553,0.5467,149.4826,76.4943,-62.9002,0.0000,18219
8,50,9,35.0,75.0,1.2,0.05,0.15,0.3,515,1.1051,339.6815,173.8242,-56.8637,0.0000,18219
8,50,9,35.0,75.0,1.5,0.02,0.05,0.3,99,1.0885,413.3809,211.5382,-51.4688,0.0000,18219
8,50,9,35.0,75.0,1.5,0.02,0.1,0.3,147,1.0272,843.3823,431.5816,-64.1337,0.0000,18219
8,50,9,35.0,75.0,1.5,0.02,0.15,0.3,132,1.0677,852.8167,436.4094,-63.1754,0.0000,18219
8,50,9,35.0,75.0,1.5,0.03,0.05,0.3,134,1.0479,509.7378,260.8466,-55.2322,0.0000,18219
8,50,9,35.0,75.0,1.5,0.03,0.1,0.3,126,1.1860,539.7403,276.1997,-51.5656,0.0000,18219
8,50,9,35.0,75.0,1.5,0.03,0.15,0.3,111,1.2172,549.2738,281.0783,-50.5003,0.0000,18219
8,50,9,35.0,75.0,1.5,0.05,0.05,0.3,660,1.1299,222.1413,113.6757,-36.5610,0.0000,18219
8,50,9,35.0,75.0,1.5,0.05,0.1,0.3,395,0.9112,170.3750,87.1855,-47.3343,0.0000,18219
8,50,9,35.0,75.0,1.5,0.05,0.15,0.3,368,1.2890,274.4289,140.4327,-46.0240,0.0000,18219
8,50,14,25.0,65.0,1.0,0.02,0.05,0.3,1528,0.7816,247.7119,126.7609,-55.8522,0.0000,18219
8,50,14,25.0,65.0,1.0,0.02,0.1,0.3,1265,0.9083,212.1387,108.5571,-51.1562,0.0000,18219
8,50,14,25.0,65.0,1.0,0.02,0.15,0.3,1123,0.8779,200.1282,102.4110,-53.6640,0.0000,18219
8,50,14,25.0,65.0,1.0,0.03,0.05,0.3,370,0.8259,1018.5831,521.2366,-78.8968,0.0000,18219
8,50,14,25.0,65.0,1.0,0.03,0.1,0.3,303,0.7907,742.1583,379.7825,-76.9437,0.0000,18219
8,50,14,25.0,65.0,1.0,0.03,0.15,0.3,822,1.1954,377.7233,193.2912,-54.0217,0.0000,18219
8,50,14,25.0,65.0,1.0,0.05,0.05,0.3,1056,1.0796,353.9909,181.1467,-52.3255,0.0000,18219
8,50,14,25.0,65.0,1.0,0.05,0.1,0.3,681,0.5381,202.9338,103.8467,-73.7907,0.0000,18219
8,50,14,25.0,65.0,1.0,0.05,0.15,0.3,597,0.9848,370.1641,189.4230,-64.1060,0.0000,18219
8,50,14,25.0,65.0,1.2,0.02,0.05,0.3,213,0.9741,1214.1713,621.3243,-68.7220,0.0000,18219
8,50,14,25.0,65.0,1.2,0.02,0.1,0.3,202,1.0081,1181.5220,604.6168,-67.7112,0.0000,18219
8,50,14,25.0,65.0,1.2,0.02,0.15,0.3,179,1.0509,1192.2744,610.1191,-66.8444,0.0000,18219
8,50,14,25.0,65.0,1.2,0.03,0.05,0.3,177,0.9959,627.2575,320.9846,-59.0240,0.0000,18219
8,50,14,25.0,65.0,1.2,0.03,0.1,0.3,176,1.1695,672.1928,343.9793,-54.0920,0.0000,18219
8,50,14,25.0,65.0,1.2,0.03,0.15,0.3,151,1.1973,682.1834,349.0917,-53.1055,0.0000,18219
8,50,14,25.0,65.0,1.2,0.05,0.05,0.3,891,1.1069,298.1938,152.5938,-53.3449,0.0000,18219
8,50,14,25.0,65.0,1.2,0.05,0.1,0.3,553,0.5467,149.4826,76.4943,-62.9002,0.0000,18219
8,50,14,25.0,65.0,1.2,0.05,0.15,0.3,515,1.1051,339.6815,173.8242,-56.8637,0.0000,18219
8,50,14,25.0,65.0,1.5,0.02,0.05,0.3,99,1.0885,413.3809,211.5382,-51.4688,0.0000,18219
8,50,14,25.0,65.0,1.5,0.02,0.1,0.3,147,1.0272,843.3823,431.5816,-64.1337,0.0000,18219
8,50,14,25.0,65.0,1.5,0.02,0.15,0.3,132,1.0677,852.8167,436.4094,-63.1754,0.0000,18219
8,50,14,25.0,65.0,1.5,0.03,0.05,0.3,134,1.0479,509.7378,260.8466,-55.2322,0.0000,18219
8,50,14,25.0,65.0,1.5,0.03,0.1,0.3,126,1.1860,539.7403,276.1997,-51.5656,0.0000,18219
8,50,14,25.0,65.0,1.5,0.03,0.15,0.3,111,1.2172,549.2738,281.0783,-50.5003,0.0000,18219
8,50,14,25.0,65.0,1.5,0.05,0.05,0.3,660,1.1299,222.1413,113.6757,-36.5610,0.0000,18219
8,50,14,25.0,65.0,1.5,0.05,0.1,0.3,395,0.9112,170.3750,87.1855,-47.3343,0.0000,18219
8,50,14,25.0,65.0,1.5,0.05,0.15,0.3,368,1.2890,274.4289,140.4327,-46.0240,0.0000,18219
8,50,14,25.0,70.0,1.0,0.02,0.05,0.3,1528,0.7816,247.7119,126.7609,-55.8522,0.0000,18219
8,50,14,25.0,70.0,1.0,0.02,0.1,0.3,1265,0.9083,212.1387,108.5571,-51.1562,0.0000,18219
8,50,14,25.0,70.0,1.0,0.02,0.15,0.3,1123,0.8779,200.1282,102.4110,-53.6640,0.0000,18219
8,50,14,25.0,70.0,1.0,0.03,0.05,0.3,370,0.8259,1018.5831,521.2366,-78.8968,0.0000,18219
8,50,14,25.0,70.0,1.0,0.03,0.1,0.3,303,0.7907,742.1583,379.7825,-76.9437,0.0000,18219
8,50,14,25.0,70.0,1.0,0.03,0.15,0.3,822,1.1954,377.7233,193.2912,-54.0217,0.0000,18219
8,50,14,25.0,70.0,1.0,0.05,0.05,0.3,1056,1.0796,353.9909,181.1467,-52.3255,0.0000,18219
8,50,14,25.0,70.0,1.0,0.05,0.1,0.3,681,0.5381,202.9338,103.8467,-73.7907,0.0000,18219
8,50,14,25.0,70.0,1.0,0.05,0.15,0.3,597,0.9848,370.1641,189.4230,-64.1060,0.0000,18219
8,50,14,25.0,70.0,1.2,0.02,0.05,0.3,213,0.9741,1214.1713,621.3243,-68.7220,0.0000,18219
8,50,14,25.0,70.0,1.2,0.02,0.1,0.3,202,1.0081,1181.5220,604.6168,-67.7112,0.0000,18219
8,50,14,25.0,70.0,1.2,0.02,0.15,0.3,179,1.0509,1192.2744,610.1191,-66.8444,0.0000,18219
8,50,14,25.0,70.0,1.2,0.03,0.05,0.3,177,0.9959,627.2575,320.9846,-59.0240,0.0000,18219
8,50,14,25.0,70.0,1.2,0.03,0.1,0.3,176,1.1695,672.1928,343.9793,-54.0920,0.0000,18219
8,50,14,25.0,70.0,1.2,0.03,0.15,0.3,151,1.1973,682.1834,349.0917,-53.1055,0.0000,18219
8,50,14,25.0,70.0,1.2,0.05,0.05,0.3,891,1.1069,298.1938,152.5938,-53.3449,0.0000,18219
8,50,14,25.0,70.0,1.2,0.05,0.1,0.3,553,0.5467,149.4826,76.4943,-62.9002,0.0000,18219
8,50,14,25.0,70.0,1.2,0.05,0.15,0.3,515,1.1051,339.6815,173.8242,-56.8637,0.0000,18219
8,50,14,25.0,70.0,1.5,0.02,0.05,0.3,99,1.0885,413.3809,211.5382,-51.4688,0.0000,18219
8,50,14,25.0,70.0,1.5,0.02,0.1,0.3,147,1.0272,843.3823,431.5816,-64.1337,0.0000,18219
8,50,14,25.0,70.0,1.5,0.02,0.15,0.3,132,1.0677,852.8167,436.4094,-63.1754,0.0000,18219
8,50,14,25.0,70.0,1.5,0.03,0.05,0.3,134,1.0479,509.7378,260.8466,-55.2322,0.0000,18219
8,50,14,25.0,70.0,1.5,0.03,0.1,0.3,126,1.1860,539.7403,276.1997,-51.5656,0.0000,18219
8,50,14,25.0,70.0,1.5,0.03,0.15,0.3,111,1.2172,549.2738,281.0783,-50.5003,0.0000,18219
8,50,14,25.0,70.0,1.5,0.05,0.05,0.3,660,1.1299,222.1413,113.6757,-36.5610,0.0000,18219
8,50,14,25.0,70.0,1.5,0.05,0.1,0.3,395,0.9112,170.3750,87.1855,-47.3343,0.0000,18219
8,50,14,25.0,70.0,1.5,0.05,0.15,0.3,368,1.2890,274.4289,140.4327,-46.0240,0.0000,18219
8,50,14,25.0,75.0,1.0,0.02,0.05,0.3,1528,0.7816,247.7119,126.7609,-55.8522,0.0000,18219
8,50,14,25.0,75.0,1.0,0.02,0.1,0.3,1265,0.9083,212.1387,108.5571,-51.1562,0.0000,18219
8,50,14,25.0,75.0,1.0,0.02,0.15,0.3,1123,0.8779,200.1282,102.4110,-53.6640,0.0000,18219
8,50,14,25.0,75.0,1.0,0.03,0.05,0.3,370,0.8259,1018.5831,521.2366,-78.8968,0.0000,18219
8,50,14,25.0,75.0,1.0,0.03,0.1,0.3,303,0.7907,742.1583,379.7825,-76.9437,0.0000,18219
8,50,14,25.0,75.0,1.0,0.03,0.15,0.3,822,1.1954,377.7233,193.2912,-54.0217,0.0000,18219
8,50,14,25.0,75.0,1.0,0.05,0.05,0.3,1056,1.0796,353.9909,181.1467,-52.3255,0.0000,18219
8,50,14,25.0,75.0,1.0,0.05,0.1,0.3,681,0.5381,202.9338,103.8467,-73.7907,0.0000,18219
8,50,14,25.0,75.0,1.0,0.05,0.15,0.3,597,0.9848,370.1641,189.4230,-64.1060,0.0000,18219
8,50,14,25.0,75.0,1.2,0.02,0.05,0.3,213,0.9741,1214.1713,621.3243,-68.7220,0.0000,18219
8,50,14,25.0,75.0,1.2,0.02,0.1,0.3,202,1.0081,1181.5220,604.6168,-67.7112,0.0000,18219
8,50,14,25.0,75.0,1.2,0.02,0.15,0.3,179,1.0509,1192.2744,610.1191,-66.8444,0.0000,18219
8,50,14,25.0,75.0,1.2,0.03,0.05,0.3,177,0.9959,627.2575,320.9846,-59.0240,0.0000,18219
8,50,14,25.0,75.0,1.2,0.03,0.1,0.3,176,1.1695,672.1928,343.9793,-54.0920,0.0000,18219
8,50,14,25.0,75.0,1.2,0.03,0.15,0.3,151,1.1973,682.1834,349.0917,-53.1055,0.0000,18219
8,50,14,25.0,75.0,1.2,0.05,0.05,0.3,891,1.1069,298.1938,152.5938,-53.3449,0.0000,18219
8,50,14,25.0,75.0,1.2,0.05,0.1,0.3,553,0.5467,149.4826,76.4943,-62.9002,0.0000,18219
8,50,14,25.0,75.0,1.2,0.05,0.15,0.3,515,1.1051,339.6815,173.8242,-56.8637,0.0000,18219
8,50,14,25.0,75.0,1.5,0.02,0.05,0.3,99,1.0885,413.3809,211.5382,-51.4688,0.0000,18219
8,50,14,25.0,75.0,1.5,0.02,0.1,0.3,147,1.0272,843.3823,431.5816,-64.1337,0.0000,18219
8,50,14,25.0,75.0,1.5,0.02,0.15,0.3,132,1.0677,852.8167,436.4094,-63.1754,0.0000,18219
8,50,14,25.0,75.0,1.5,0.03,0.05,0.3,134,1.0479,509.7378,260.8466,-55.2322,0.0000,18219
8,50,14,25.0,75.0,1.5,0.03,0.1,0.3,126,1.1860,539.7403,276.1997,-51.5656,0.0000,18219
8,50,14,25.0,75.0,1.5,0.03,0.15,0.3,111,1.2172,549.2738,281.0783,-50.5003,0.0000,18219
8,50,14,25.0,75.0,1.5,0.05,0.05,0.3,660,1.1299,222.1413,113.6757,-36.5610,0.0000,18219
8,50,14,25.0,75.0,1.5,0.05,0.1,0.3,395,0.9112,170.3750,87.1855,-47.3343,0.0000,18219
8,50,14,25.0,75.0,1.5,0.05,0.15,0.3,368,1.2890,274.4289,140.4327,-46.0240,0.0000,18219
8,50,14,30.0,65.0,1.0,0.02,0.05,0.3,1528,0.7816,247.7119,126.7609,-55.8522,0.0000,18219
8,50,14,30.0,65.0,1.0,0.02,0.1,0.3,1265,0.9083,212.1387,108.5571,-51.1562,0.0000,18219
8,50,14,30.0,65.0,1.0,0.02,0.15,0.3,1123,0.8779,200.1282,102.4110,-53.6640,0.0000,18219
8,50,14,30.0,65.0,1.0,0.03,0.05,0.3,370,0.8259,1018.5831,521.2366,-78.8968,0.0000,18219
8,50,14,30.0,65.0,1.0,0.03,0.1,0.3,303,0.7907,742.1583,379.7825,-76.9437,0.0000,18219
8,50,14,30.0,65.0,1.0,0.03,0.15,0.3,822,1.1954,377.7233,193.2912,-54.0217,0.0000,18219
8,50,14,30.0,65.0,1.0,0.05,0.05,0.3,1056,1.0796,353.9909,181.1467,-52.3255,0.0000,18219
8,50,14,30.0,65.0,1.0,0.05,0.1,0.3,681,0.5381,202.9338,103.8467,-73.7907,0.0000,18219
8,50,14,30.0,65.0,1.0,0.05,0.15,0.3,597,0.9848,370.1641,189.4230,-64.1060,0.0000,18219
8,50,14,30.0,65.0,1.2,0.02,0.05,0.3,213,0.9741,1214.1713,621.3243,-68.7220,0.0000,18219
8,50,14,30.0,65.0,1.2,0.02,0.1,0.3,202,1.0081,1181.5220,604.6168,-67.7112,0.0000,18219
8,50,14,30.0,65.0,1.2,0.02,0.15,0.3,179,1.0509,1192.2744,610.1191,-66.8444,0.0000,18219
8,50,14,30.0,65.0,1.2,0.03,0.05,0.3,177,0.9959,627.2575,320.9846,-59.0240,0.0000,18219
8,50,14,30.0,65.0,1.2,0.03,0.1,0.3,176,1.1695,672.1928,343.9793,-54.0920,0.0000,18219
8,50,14,30.0,65.0,1.2,0.03,0.15,0.3,151,1.1973,682.1834,349.0917,-53.1055,0.0000,18219
8,50,14,30.0,65.0,1.2,0.05,0.05,0.3,891,1.1069,298.1938,152.5938,-53.3449,0.0000,18219
8,50,14,30.0,65.0,1.2,0.05,0.1,0.3,553,0.5467,149.4826,76.4943,-62.9002,0.0000,18219
8,50,14,30.0,65.0,1.2,0.05,0.15,0.3,515,1.1051,339.6815,173.8242,-56.8637,0.0000,18219
8,50,14,30.0,65.0,1.5,0.02,0.05,0.3,99,1.0885,413.3809,211.5382,-51.4688,0.0000,18219
8,50,14,30.0,65.0,1.5,0.02,0.1,0.3,147,1.0272,843.3823,431.5816,-64.1337,0.0000,18219
8,50,14,30.0,65.0,1.5,0.02,0.15,0.3,132,1.0677,852.8167,436.4094,-63.1754,0.0000,18219
8,50,14,30.0,65.0,1.5,0.03,0.05,0.3,134,1.0479,509.7378,260.8466,-55.2322,0.0000,18219
8,50,14,30.0,65.0,1.5,0.03,0.1,0.3,126,1.1860,539.7403,276.1997,-51.5656,0.0000,18219
8,50,14,30.0,65.0,1.5,0.03,0.15,0.3,111,1.2172,549.2738,281.0783,-50.5003,0.0000,18219
8,50,14,30.0,65.0,1.5,0.05,0.05,0.3,660,1.1299,222.1413,113.6757,-36.5610,0.0000,18219
8,50,14,30.0,65.0,1.5,0.05,0.1,0.3,395,0.9112,170.3750,87.1855,-47.3343,0.0000,18219
8,50,14,30.0,65.0,1.5,0.05,0.15,0.3,368,1.2890,274.4289,140.4327,-46.0240,0.0000,18219
8,50,14,30.0,70.0,1.0,0.02,0.05,0.3,1528,0.7816,247.7119,126.7609,-55.8522,0.0000,18219
8,50,14,30.0,70.0,1.0,0.02,0.1,0.3,1265,0.9083,212.1387,108.5571,-51.1562,0.0000,18219
8,50,14,30.0,70.0,1.0,0.02,0.15,0.3,1123,0.8779,200.1282,102.4110,-53.6640,0.0000,18219
8,50,14,30.0,70.0,1.0,0.03,0.05,0.3,370,0.8259,1018.5831,521.2366,-78.8968,0.0000,18219
8,50,14,30.0,70.0,1.0,0.03,0.1,0.3,303,0.7907,742.1583,379.7825,-76.9437,0.0000,18219
8,50,14,30.0,70.0,1.0,0.03,0.15,0.3,822,1.1954,377.7233,193.2912,-54.0217,0.0000,18219
8,50,14,30.0,70.0,1.0,0.05,0.05,0.3,1056,1.0796,353.9909,181.1467,-52.3255,0.0000,18219
8,50,14,30.0,70.0,1.0,0.05,0.1,0.3,681,0.5381,202.9338,103.8467,-73.7907,0.0000,18219
8,50,14,30.0,70.0,1.0,0.05,0.15,0.3,597,0.9848,370.1641,189.4230,-64.1060,0.0000,18219
8,50,14,30.0,70.0,1.2,0.02,0.05,0.3,213,0.9741,1214.1713,621.3243,-68.7220,0.0000,18219
8,50,14,30.0,70.0,1.2,0.02,0.1,0.3,202,1.0081,1181.5220,604.6168,-67.7112,0.0000,18219
8,50,14,30.0,70.0,1.2,0.02,0.15,0.3,179,1.0509,1192.2744,610.1191,-66.8444,0.0000,18219
8,50,14,30.0,70.0,1.2,0.03,0.05,0.3,177,0.9959,627.2575,320.9846,-59.0240,0.0000,18219
8,50,14,30.0,70.0,1.2,0.03,0.1,0.3,176,1.1695,672.1928,343.9793,-54.0920,0.0000,18219
8,50,14,30.0,70.0,1.2,0.03,0.15,0.3,151,1.1973,682.1834,349.0917,-53.1055,0.0000,18219
8,50,14,30.0,70.0,1.2,0.05,0.05,0.3,891,1.1069,298.1938,152.5938,-53.3449,0.0000,18219
8,50,14,30.0,70.0,1.2,0.05,0.1,0.3,553,0.5467,149.4826,76.4943,-62.9002,0.0000,18219
8,50,14,30.0,70.0,1.2,0.05,0.15,0.3,515,1.1051,339.6815,173.8242,-56.8637,0.0000,18219
8,50,14,30.0,70.0,1.5,0.02,0.05,0.3,99,1.0885,413.3809,211.5382,-51.4688,0.0000,18219
8,50,14,30.0,70.0,1.5,0.02,0.1,0.3,147,1.0272,843.3823,431.5816,-64.1337,0.0000,18219
8,50,14,30.0,70.0,1.5,0.02,0.15,0.3,132,1.0677,852.8167,436.4094,-63.1754,0.0000,18219
8,50,14,30.0,70.0,1.5,0.03,0.05,0.3,134,1.0479,509.7378,260.8466,-55.2322,0.0000,18219
8,50,14,30.0,70.0,1.5,0.03,0.1,0.3,126,1.1860,539.7403,276.1997,-51.5656,0.0000,18219
8,50,14,30.0,70.0,1.5,0.03,0.15,0.3,111,1.2172,549.2738,281.0783,-50.5003,0.0000,18219
8,50,14,30.0,70.0,1.5,0.05,0.05,0.3,660,1.1299,222.1413,113.6757,-36.5610,0.0000,18219
8,50,14,30.0,70.0,1.5,0.05,0.1,0.3,395,0.9112,170.3750,87.1855,-47.3343,0.0000,18219
8,50,14,30.0,70.0,1.5,0.05,0.15,0.3,368,1.2890,274.4289,140.4327,-46.0240,0.0000,18219
8,50,14,30.0,75.0,1.0,0.02,0.05,0.3,1528,0.7816,247.7119,126.7609,-55.8522,0.0000,18219
8,50,14,30.0,75.0,1.0,0.02,0.1,0.3,1265,0.9083,212.1387,108.5571,-51.1562,0.0000,18219
8,50,14,30.0,75.0,1.0,0.02,0.15,0.3,1123,0.8779,200.1282,102.4110,-53.6640,0.0000,18219
8,50,14,30.0,75.0,1.0,0.03,0.05,0.3,370,0.8259,1018.5831,521.2366,-78.8968,0.0000,18219
8,50,14,30.0,75.0,1.0,0.03,0.1,0.3,303,0.7907,742.1583,379.7825,-76.9437,0.0000,18219
8,50,14,30.0,75.0,1.0,0.03,0.15,0.3,822,1.1954,377.7233,193.2912,-54.0217,0.0000,18219
8,50,14,30.0,75.0,1.0,0.05,0.05,0.3,1056,1.0796,353.9909,181.1467,-52.3255,0.0000,18219
8,50,14,30.0,75.0,1.0,0.05,0.1,0.3,681,0.5381,202.9338,103.8467,-73.7907,0.0000,18219
8,50,14,30.0,75.0,1.0,0.05,0.15,0.3,597,0.9848,370.1641,189.4230,-64.1060,0.0000,18219
8,50,14,30.0,75.0,1.2,0.02,0.05,0.3,213,0.9741,1214.1713,621.3243,-68.7220,0.0000,18219
8,50,14,30.0,75.0,1.2,0.02,0.1,0.3,202,1.0081,1181.5220,604.6168,-67.7112,0.0000,18219
8,50,14,30.0,75.0,1.2,0.02,0.15,0.3,179,1.0509,1192.2744,610.1191,-66.8444,0.0000,18219
8,50,14,30.0,75.0,1.2,0.03,0.05,0.3,177,0.9959,627.2575,320.9846,-59.0240,0.0000,18219
8,50,14,30.0,75.0,1.2,0.03,0.1,0.3,176,1.1695,672.1928,343.9793,-54.0920,0.0000,18219
8,50,14,30.0,75.0,1.2,0.03,0.15,0.3,151,1.1973,682.1834,349.0917,-53.1055,0.0000,18219
8,50,14,30.0,75.0,1.2,0.05,0.05,0.3,891,1.1069,298.1938,152.5938,-53.3449,0.0000,18219
8,50,14,30.0,75.0,1.2,0.05,0.1,0.3,553,0.5467,149.4826,76.4943,-62.9002,0.0000,18219
8,50,14,30.0,75.0,1.2,0.05,0.15,0.3,515,1.1051,339.6815,173.8242,-56.8637,0.0000,18219
8,50,14,30.0,75.0,1.5,0.02,0.05,0.3,99,1.0885,413.3809,211.5382,-51.4688,0.0000,18219
8,50,14,30.0,75.0,1.5,0.02,0.1,0.3,147,1.0272,843.3823,431.5816,-64.1337,0.0000,18219
8,50,14,30.0,75.0,1.5,0.02,0.15,0.3,132,1.0677,852.8167,436.4094,-63.1754,0.0000,18219
8,50,14,30.0,75.0,1.5,0.03,0.05,0.3,134,1.0479,509.7378,260.8466,-55.2322,0.0000,18219
8,50,14,30.0,75.0,1.5,0.03,0.1,0.3,126,1.1860,539.7403,276.1997,-51.5656,0.0000,18219
8,50,14,30.0,75.0,1.5,0.03,0.15,0.3,111,1.2172,549.2738,281.0783,-50.5003,0.0000,18219
8,50,14,30.0,75.0,1.5,0.05,0.05,0.3,660,1.1299,222.1413,113.6757,-36.5610,0.0000,18219
8,50,14,30.0,75.0,1.5,0.05,0.1,0.3,395,0.9112,170.3750,87.1855,-47.3343,0.0000,18219
8,50,14,30.0,75.0,1.5,0.05,0.15,0.3,368,1.2890,274.4289,140.4327,-46.0240,0.0000,18219
8,50,14,35.0,65.0,1.0,0.02,0.05,0.3,1528,0.7816,247.7119,126.7609,-55.8522,0.0000,18219
8,50,14,35.0,65.0,1.0,0.02,0.1,0.3,1265,0.9083,212.1387,108.5571,-51.1562,0.0000,18219
8,50,14,35.0,65.0,1.0,0.02,0.15,0.3,1123,0.8779,200.1282,102.4110,-53.6640,0.0000,18219
8,50,14,35.0,65.0,1.0,0.03,0.05,0.3,370,0.8259,1018.5831,521.2366,-78.8968,0.0000,18219
8,50,14,35.0,65.0,1.0,0.03,0.1,0.3,303,0.7907,742.1583,379.7825,-76.9437,0.0000,18219
8,50,14,35.0,65.0,1.0,0.03,0.15,0.3,822,1.1954,377.7233,193.2912,-54.0217,0.0000,18219
8,50,14,35.0,65.0,1.0,0.05,0.05,0.3,1056,1.0796,353.9909,181.1467,-52.3255,0.0000,18219
8,50,14,35.0,65.0,1.0,0.05,0.1,0.3,681,0.5381,202.9338,103.8467,-73.7907,0.0000,18219
8,50,14,35.0,65.0,1.0,0.05,0.15,0.3,597,0.9848,370.1641,189.4230,-64.1060,0.0000,18219
8,50,14,35.0,65.0,1.2,0.02,0.05,0.3,213,0.9741,1214.1713,621.3243,-68.7220,0.0000,18219
8,50,14,35.0,65.0,1.2,0.02,0.1,0.3,202,1.0081,1181.5220,604.6168,-67.7112,0.0000,18219
8,50,14,35.0,65.0,1.2,0.02,0.15,0.3,179,1.0509,1192.2744,610.1191,-66.8444,0.0000,18219
8,50,14,35.0,65.0,1.2,0.03,0.05,0.3,177,0.9959,627.2575,320.9846,-59.0240,0.0000,18219
8,50,14,35.0,65.0,1.2,0.03,0.1,0.3,176,1.1695,672.1928,343.9793,-54.0920,0.0000,18219
8,50,14,35.0,65.0,1.2,0.03,0.15,0.3,151,1.1973,682.1834,349.0917,-53.1055,0.0000,18219
8,50,14,35.0,65.0,1.2,0.05,0.05,0.3,891,1.1069,298.1938,152.5938,-53.3449,0.0000,18219
8,50,14,35.0,65.0,1.2,0.05,0.1,0.3,553,0.5467,149.4826,76.4943,-62.9002,0.0000,18219
8,50,14,35.0,65.0,1.2,0.05,0.15,0.3,515,1.1051,339.6815,173.8242,-56.8637,0.0000,18219
8,50,14,35.0,65.0,1.5,0.02,0.05,0.3,99,1.0885,413.3809,211.5382,-51.4688,0.0000,18219
8,50,14,35.0,65.0,1.5,0.02,0.1,0.3,147,1.0272,843.3823,431.5816,-64.1337,0.0000,18219
8,50,14,35.0,65.0,1.5,0.02,0.15,0.3,132,1.0677,852.8167,436.4094,-63.1754,0.0000,18219
8,50,14,35.0,65.0,1.5,0.03,0.05,0.3,134,1.0479,509.7378,260.8466,-55.2322,0.0000,18219
8,50,14,35.0,65.0,1.5,0.03,0.1,0.3,126,1.1860,539.7403,276.1997,-51.5656,0.0000,18219
8,50,14,35.0,65.0,1.5,0.03,0.15,0.3,111,1.2172,549.2738,281.0783,-50.5003,0.0000,18219
8,50,14,35.0,65.0,1.5,0.05,0.05,0.3,660,1.1299,222.1413,113.6757,-36.5610,0.0000,18219
8,50,14,35.0,65.0,1.5,0.05,0.1,0.3,395,0.9112,170.3750,87.1855,-47.3343,0.0000,18219
8,50,14,35.0,65.0,1.5,0.05,0.15,0.3,368,1.2890,274.4289,140.4327,-46.0240,0.0000,18219
8,50,14,35.0,70.0,1.0,0.02,0.05,0.3,1528,0.7816,247.7119,126.7609,-55.8522,0.0000,18219
8,50,14,35.0,70.0,1.0,0.02,0.1,0.3,1265,0.9083,212.1387,108.5571,-51.1562,0.0000,18219
8,50,14,35.0,70.0,1.0,0.02,0.15,0.3,1123,0.8779,200.1282,102.4110,-53.6640,0.0000,18219
8,50,14,35.0,70.0,1.0,0.03,0.05,0.3,370,0.8259,1018.5831,521.2366,-78.8968,0.0000,18219
8,50,14,35.0,70.0,1.0,0.03,0.1,0.3,303,0.7907,742.1583,379.7825,-76.9437,0.0000,18219
8,50,14,35.0,70.0,1.0,0.03,0.15,0.3,822,1.1954,377.7233,193.2912,-54.0217,0.0000,18219
8,50,14,35.0,70.0,1.0,0.05,0.05,0.3,1056,1.0796,353.9909,181.1467,-52.3255,0.0000,18219
8,50,14,35.0,70.0,1.0,0.05,0.1,0.3,681,0.5381,202.9338,103.8467,-73.7907,0.0000,18219
8,50,14,35.0,70.0,1.0,0.05,0.15,0.3,597,0.9848,370.1641,189.4230,-64.1060,0.0000,18219
8,50,14,35.0,70.0,1.2,0.02,0.05,0.3,213,0.9741,1214.1713,621.3243,-68.7220,0.0000,18219
8,50,14,35.0,70.0,1.2,0.02,0.1,0.3,202,1.0081,1181.5220,604.6168,-67.7112,0.0000,18219
8,50,14,35.0,70.0,1.2,0.02,0.15,0.3,179,1.0509,1192.2744,610.1191,-66.8444,0.0000,18219
8,50,14,35.0,70.0,1.2,0.03,0.05,0.3,177,0.9959,627.2575,320.9846,-59.0240,0.0000,18219
8,50,14,35.0,70.0,1.2,0.03,0.1,0.3,176,1.1695,672.1928,343.9793,-54.0920,0.0000,18219
8,50,14,35.0,70.0,1.2,0.03,0.15,0.3,151,1.1973,682.1834,349.0917,-53.1055,0.0000,18219
8,50,14,35.0,70.0,1.2,0.05,0.05,0.3,891,1.1069,298.1938,152.5938,-53.3449,0.0000,18219
8,50,14,35.0,70.0,1.2,0.05,0.1,0.3,553,0.5467,149.4826,76.4943,-62.9002,0.0000,18219
8,50,14,35.0,70.0,1.2,0.05,0.15,0.3,515,1.1051,339.6815,173.8242,-56.8637,0.0000,18219
8,50,14,35.0,70.0,1.5,0.02,0.05,0.3,99,1.0885,413.3809,211.5382,-51.4688,0.0000,18219
8,50,14,35.0,70.0,1.5,0.02,0.1,0.3,147,1.0272,843.3823,431.5816,-64.1337,0.0000,18219
8,50,14,35.0,70.0,1.5,0.02,0.15,0.3,132,1.0677,852.8167,436.4094,-63.1754,0.0000,18219
8,50,14,35.0,70.0,1.5,0.03,0.05,0.3,134,1.0479,509.7378,260.8466,-55.2322,0.0000,18219
8,50,14,35.0,70.0,1.5,0.03,0.1,0.3,126,1.1860,539.7403,276.1997,-51.5656,0.0000,18219
8,50,14,35.0,70.0,1.5,0.03,0.15,0.3,111,1.2172,549.2738,281.0783,-50.5003,0.0000,18219
8,50,14,35.0,70.0,1.5,0.05,0.05,0.3,660,1.1299,222.1413,113.6757,-36.5610,0.0000,18219
8,50,14,35.0,70.0,1.5,0.05,0.1,0.3,395,0.9112,170.3750,87.1855,-47.3343,0.0000,18219
8,50,14,35.0,70.0,1.5,0.05,0.15,0.3,368,1.2890,274.4289,140.4327,-46.0240,0.0000,18219
8,50,14,35.0,75.0,1.0,0.02,0.05,0.3,1528,0.7816,247.7119,126.7609,-55.8522,0.0000,18219
8,50,14,35.0,75.0,1.0,0.02,0.1,0.3,1265,0.9083,212.1387,108.5571,-51.1562,0.0000,18219
8,50,14,35.0,75.0,1.0,0.02,0.15,0.3,1123,0.8779,200.1282,102.4110,-53.6640,0.0000,18219
8,50,14,35.0,75.0,1.0,0.03,0.05,0.3,370,0.8259,1018.5831,521.2366,-78.8968,0.0000,18219
8,50,14,35.0,75.0,1.0,0.03,0.1,0.3,303,0.7907,742.1583,379.7825,-76.9437,0.0000,18219
8,50,14,35.0,75.0,1.0,0.03,0.15,0.3,822,1.1954,377.7233,193.2912,-54.0217,0.0000,18219
8,50,14,35.0,75.0,1.0,0.05,0.05,0.3,1056,1.0796,353.9909,181.1467,-52.3255,0.0000,18219
8,50,14,35.0,75.0,1.0,0.05,0.1,0.3,681,0.5381,202.9338,103.8467,-73.7907,0.0000,18219
8,50,14,35.0,75.0,1.0,0.05,0.15,0.3,597,0.9848,370.1641,189.4230,-64.1060,0.0000,18219
8,50,14,35.0,75.0,1.2,0.02,0.05,0.3,213,0.9741,1214.1713,621.3243,-68.7220,0.0000,18219
8,50,14,35.0,75.0,1.2,0.02,0.1,0.3,202,1.0081,1181.5220,604.6168,-67.7112,0.0000,18219
8,50,14,35.0,75.0,1.2,0.02,0.15,0.3,179,1.0509,1192.2744,610.1191,-66.8444,0.0000,18219
8,50,14,35.0,75.0,1.2,0.03,0.05,0.3,177,0.9959,627.2575,320.9846,-59.0240,0.0000,18219
8,50,14,35.0,75.0,1.2,0.03,0.1,0.3,176,1.1695,672.1928,343.9793,-54.0920,0.0000,18219
8,50,14,35.0,75.0,1.2,0.03,0.15,0.3,151,1.1973,682.1834,349.0917,-53.1055,0.0000,18219
8,50,14,35.0,75.0,1.2,0.05,0.05,0.3,891,1.1069,298.1938,152.5938,-53.3449,0.0000,18219
8,50,14,35.0,75.0,1.2,0.05,0.1,0.3,553,0.5467,149.4826,76.4943,-62.9002,0.0000,18219
8,50,14,35.0,75.0,1.2,0.05,0.15,0.3,515,1.1051,339.6815,173.8242,-56.8637,0.0000,18219
8,50,14,35.0,75.0,1.5,0.02,0.05,0.3,99,1.0885,413.3809,211.5382,-51.4688,0.0000,18219
8,50,14,35.0,75.0,1.5,0.02,0.1,0.3,147,1.0272,843.3823,431.5816,-64.1337,0.0000,18219
8,50,14,35.0,75.0,1.5,0.02,0.15,0.3,132,1.0677,852.8167,436.4094,-63.1754,0.0000,18219
8,50,14,35.0,75.0,1.5,0.03,0.05,0.3,134,1.0479,509.7378,260.8466,-55.2322,0.0000,18219
8,50,14,35.0,75.0,1.5,0.03,0.1,0.3,126,1.1860,539.7403,276.1997,-51.5656,0.0000,18219
8,50,14,35.0,75.0,1.5,0.03,0.15,0.3,111,1.2172,549.2738,281.0783,-50.5003,0.0000,18219
8,50,14,35.0,75.0,1.5,0.05,0.05,0.3,660,1.1299,222.1413,113.6757,-36.5610,0.0000,18219
8,50,14,35.0,75.0,1.5,0.05,0.1,0.3,395,0.9112,170.3750,87.1855,-47.3343,0.0000,18219
8,50,14,35.0,75.0,1.5,0.05,0.15,0.3,368,1.2890,274.4289,140.4327,-46.0240,0.0000,18219
