param_fast_window,param_slow_window,param_atr_window,param_risk_pct,param_max_pos_pct,param_stop_atr,param_trail_atr,param_max_drawdown_pct,stat_final_equity,stat_total_return_pct,stat_annual_return_pct,stat_max_drawdown_pct,stat_sharpe_ratio,stat_calmar_ratio,stat_trade_count,stat_win_rate_pct,stat_score
10,120,10,0.03,0.5,1.5,2.5,0.15,21250.28,112.5028,35.2552,13.8966,1.4984,2.537,24,63.6364,2.69769
10,120,10,0.03,0.5,1.5,2.5,0.25,21250.28,112.5028,35.2552,13.8966,1.4984,2.537,24,63.6364,2.69769
10,120,10,0.03,0.5,1.5,2.5,0.35,21250.28,112.5028,35.2552,13.8966,1.4984,2.537,24,63.6364,2.69769
10,120,10,0.03,0.75,1.5,2.5,0.15,21250.28,112.5028,35.2552,13.8966,1.4984,2.537,24,63.6364,2.69769
10,120,10,0.03,0.75,1.5,2.5,0.25,21250.28,112.5028,35.2552,13.8966,1.4984,2.537,24,63.6364,2.69769
10,120,10,0.03,0.75,1.5,2.5,0.35,21250.28,112.5028,35.2552,13.8966,1.4984,2.537,24,63.6364,2.69769
10,120,10,0.03,0.95,1.5,2.5,0.15,21250.28,112.5028,35.2552,13.8966,1.4984,2.537,24,63.6364,2.69769
10,120,10,0.03,0.95,1.5,2.5,0.25,21250.28,112.5028,35.2552,13.8966,1.4984,2.537,24,63.6364,2.69769
10,120,10,0.03,0.95,1.5,2.5,0.35,21250.28,112.5028,35.2552,13.8966,1.4984,2.537,24,63.6364,2.69769
20,120,10,0.03,0.5,1.5,2.5,0.15,20889.8,108.898,34.3313,13.9339,1.4634,2.4639,24,63.6364,2.617215
20,120,10,0.03,0.5,1.5,2.5,0.25,20889.8,108.898,34.3313,13.9339,1.4634,2.4639,24,63.6364,2.617215
20,120,10,0.03,0.5,1.5,2.5,0.35,20889.8,108.898,34.3313,13.9339,1.4634,2.4639,24,63.6364,2.617215
20,120,10,0.03,0.75,1.5,2.5,0.15,20889.8,108.898,34.3313,13.9339,1.4634,2.4639,24,63.6364,2.617215
20,120,10,0.03,0.75,1.5,2.5,0.25,20889.8,108.898,34.3313,13.9339,1.4634,2.4639,24,63.6364,2.617215
20,120,10,0.03,0.75,1.5,2.5,0.35,20889.8,108.898,34.3313,13.9339,1.4634,2.4639,24,63.6364,2.617215
20,120,10,0.03,0.95,1.5,2.5,0.15,20889.8,108.898,34.3313,13.9339,1.4634,2.4639,24,63.6364,2.617215
20,120,10,0.03,0.95,1.5,2.5,0.25,20889.8,108.898,34.3313,13.9339,1.4634,2.4639,24,63.6364,2.617215
20,120,10,0.03,0.95,1.5,2.5,0.35,20889.8,108.898,34.3313,13.9339,1.4634,2.4639,24,63.6364,2.617215
10,120,10,0.02,0.5,1.5,2.5,0.15,16823.93,68.2393,23.1728,9.8727,1.4673,2.3472,24,63.6364,2.54188
10,120,10,0.02,0.5,1.5,2.5,0.25,16823.93,68.2393,23.1728,9.8727,1.4673,2.3472,24,63.6364,2.54188
10,120,10,0.02,0.5,1.5,2.5,0.35,16823.93,68.2393,23.1728,9.8727,1.4673,2.3472,24,63.6364,2.54188
10,120,10,0.02,0.75,1.5,2.5,0.15,16823.93,68.2393,23.1728,9.8727,1.4673,2.3472,24,63.6364,2.54188
10,120,10,0.02,0.75,1.5,2.5,0.25,16823.93,68.2393,23.1728,9.8727,1.4673,2.3472,24,63.6364,2.54188
10,120,10,0.02,0.75,1.5,2.5,0.35,16823.93,68.2393,23.1728,9.8727,1.4673,2.3472,24,63.6364,2.54188
10,120,10,0.02,0.95,1.5,2.5,0.15,16823.93,68.2393,23.1728,9.8727,1.4673,2.3472,24,63.6364,2.54188
10,120,10,0.02,0.95,1.5,2.5,0.25,16823.93,68.2393,23.1728,9.8727,1.4673,2.3472,24,63.6364,2.54188
10,120,10,0.02,0.95,1.5,2.5,0.35,16823.93,68.2393,23.1728,9.8727,1.4673,2.3472,24,63.6364,2.54188
20,120,10,0.02,0.5,1.5,2.5,0.15,16521.91,65.2191,22.2821,9.882,1.4182,2.2548,24,63.6364,2.439628
20,120,10,0.02,0.5,1.5,2.5,0.25,16521.91,65.2191,22.2821,9.882,1.4182,2.2548,24,63.6364,2.439628
20,120,10,0.02,0.5,1.5,2.5,0.35,16521.91,65.2191,22.2821,9.882,1.4182,2.2548,24,63.6364,2.439628
20,120,10,0.02,0.75,1.5,2.5,0.15,16521.91,65.2191,22.2821,9.882,1.4182,2.2548,24,63.6364,2.439628
20,120,10,0.02,0.75,1.5,2.5,0.25,16521.91,65.2191,22.2821,9.882,1.4182,2.2548,24,63.6364,2.439628
20,120,10,0.02,0.75,1.5,2.5,0.35,16521.91,65.2191,22.2821,9.882,1.4182,2.2548,24,63.6364,2.439628
20,120,10,0.02,0.95,1.5,2.5,0.15,16521.91,65.2191,22.2821,9.882,1.4182,2.2548,24,63.6364,2.439628
20,120,10,0.02,0.95,1.5,2.5,0.25,16521.91,65.2191,22.2821,9.882,1.4182,2.2548,24,63.6364,2.439628
20,120,10,0.02,0.95,1.5,2.5,0.35,16521.91,65.2191,22.2821,9.882,1.4182,2.2548,24,63.6364,2.439628
10,120,10,0.03,0.5,2.5,2.5,0.15,15749.29,57.4929,19.9582,8.9676,1.4066,2.2256,24,63.6364,2.417222
10,120,10,0.03,0.5,2.5,2.5,0.25,15749.29,57.4929,19.9582,8.9676,1.4066,2.2256,24,63.6364,2.417222
10,120,10,0.03,0.5,2.5,2.5,0.35,15749.29,57.4929,19.9582,8.9676,1.4066,2.2256,24,63.6364,2.417222
10,120,10,0.03,0.75,2.5,2.5,0.15,15749.29,57.4929,19.9582,8.9676,1.4066,2.2256,24,63.6364,2.417222
10,120,10,0.03,0.75,2.5,2.5,0.25,15749.29,57.4929,19.9582,8.9676,1.4066,2.2256,24,63.6364,2.417222
10,120,10,0.03,0.75,2.5,2.5,0.35,15749.29,57.4929,19.9582,8.9676,1.4066,2.2256,24,63.6364,2.417222
10,120,10,0.03,0.95,2.5,2.5,0.15,15749.29,57.4929,19.9582,8.9676,1.4066,2.2256,24,63.6364,2.417222
10,120,10,0.03,0.95,2.5,2.5,0.25,15749.29,57.4929,19.9582,8.9676,1.4066,2.2256,24,63.6364,2.417222
10,120,10,0.03,0.95,2.5,2.5,0.35,15749.29,57.4929,19.9582,8.9676,1.4066,2.2256,24,63.6364,2.417222
10,120,10,0.03,0.5,3.5,2.5,0.15,13954.35,39.5435,14.2815,6.683,1.3964,2.137,24,63.6364,2.349445
10,120,10,0.03,0.5,3.5,2.5,0.25,13954.35,39.5435,14.2815,6.683,1.3964,2.137,24,63.6364,2.349445
10,120,10,0.03,0.5,3.5,2.5,0.35,13954.35,39.5435,14.2815,6.683,1.3964,2.137,24,63.6364,2.349445
10,120,10,0.03,0.75,3.5,2.5,0.15,13954.35,39.5435,14.2815,6.683,1.3964,2.137,24,63.6364,2.349445
10,120,10,0.03,0.75,3.5,2.5,0.25,13954.35,39.5435,14.2815,6.683,1.3964,2.137,24,63.6364,2.349445
10,120,10,0.03,0.75,3.5,2.5,0.35,13954.35,39.5435,14.2815,6.683,1.3964,2.137,24,63.6364,2.349445
10,120,10,0.03,0.95,3.5,2.5,0.15,13954.35,39.5435,14.2815,6.683,1.3964,2.137,24,63.6364,2.349445
10,120,10,0.03,0.95,3.5,2.5,0.25,13954.35,39.5435,14.2815,6.683,1.3964,2.137,24,63.6364,2.349445
10,120,10,0.03,0.95,3.5,2.5,0.35,13954.35,39.5435,14.2815,6.683,1.3964,2.137,24,63.6364,2.349445
10,120,10,0.01,0.5,1.5,2.5,0.15,12979.08,29.7908,11.0119,5.2079,1.4025,2.1145,24,63.6364,2.342886
10,120,10,0.01,0.5,1.5,2.5,0.25,12979.08,29.7908,11.0119,5.2079,1.4025,2.1145,24,63.6364,2.342886
10,120,10,0.01,0.5,1.5,2.5,0.35,12979.08,29.7908,11.0119,5.2079,1.4025,2.1145,24,63.6364,2.342886
10,120,10,0.01,0.75,1.5,2.5,0.15,12979.08,29.7908,11.0119,5.2079,1.4025,2.1145,24,63.6364,2.342886
10,120,10,0.01,0.75,1.5,2.5,0.25,12979.08,29.7908,11.0119,5.2079,1.4025,2.1145,24,63.6364,2.342886
10,120,10,0.01,0.75,1.5,2.5,0.35,12979.08,29.7908,11.0119,5.2079,1.4025,2.1145,24,63.6364,2.342886
10,120,10,0.01,0.95,1.5,2.5,0.15,12979.08,29.7908,11.0119,5.2079,1.4025,2.1145,24,63.6364,2.342886
10,120,10,0.01,0.95,1.5,2.5,0.25,12979.08,29.7908,11.0119,5.2079,1.4025,2.1145,24,63.6364,2.342886
10,120,10,0.01,0.95,1.5,2.5,0.35,12979.08,29.7908,11.0119,5.2079,1.4025,2.1145,24,63.6364,2.342886
20,120,10,0.03,0.5,2.5,2.5,0.15,15608.52,56.0852,19.5275,9.049,1.3745,2.158,24,63.6364,2.342371
20,120,10,0.03,0.5,2.5,2.5,0.25,15608.52,56.0852,19.5275,9.049,1.3745,2.158,24,63.6364,2.342371
20,120,10,0.03,0.5,2.5,2.5,0.35,15608.52,56.0852,19.5275,9.049,1.3745,2.158,24,63.6364,2.342371
20,120,10,0.03,0.75,2.5,2.5,0.15,15608.52,56.0852,19.5275,9.049,1.3745,2.158,24,63.6364,2.342371
20,120,10,0.03,0.75,2.5,2.5,0.25,15608.52,56.0852,19.5275,9.049,1.3745,2.158,24,63.6364,2.342371
20,120,10,0.03,0.75,2.5,2.5,0.35,15608.52,56.0852,19.5275,9.049,1.3745,2.158,24,63.6364,2.342371
20,120,10,0.03,0.95,2.5,2.5,0.15,15608.52,56.0852,19.5275,9.049,1.3745,2.158,24,63.6364,2.342371
20,120,10,0.03,0.95,2.5,2.5,0.25,15608.52,56.0852,19.5275,9.049,1.3745,2.158,24,63.6364,2.342371
20,120,10,0.03,0.95,2.5,2.5,0.35,15608.52,56.0852,19.5275,9.049,1.3745,2.158,24,63.6364,2.342371
10,120,10,0.02,0.5,2.5,2.5,0.15,13578.82,35.7882,13.0393,6.1776,1.3791,2.1107,24,63.6364,2.324781
10,120,10,0.02,0.5,2.5,2.5,0.25,13578.82,35.7882,13.0393,6.1776,1.3791,2.1107,24,63.6364,2.324781
10,120,10,0.02,0.5,2.5,2.5,0.35,13578.82,35.7882,13.0393,6.1776,1.3791,2.1107,24,63.6364,2.324781
10,120,10,0.02,0.75,2.5,2.5,0.15,13578.82,35.7882,13.0393,6.1776,1.3791,2.1107,24,63.6364,2.324781
10,120,10,0.02,0.75,2.5,2.5,0.25,13578.82,35.7882,13.0393,6.1776,1.3791,2.1107,24,63.6364,2.324781
10,120,10,0.02,0.75,2.5,2.5,0.35,13578.82,35.7882,13.0393,6.1776,1.3791,2.1107,24,63.6364,2.324781
10,120,10,0.02,0.95,2.5,2.5,0.15,13578.82,35.7882,13.0393,6.1776,1.3791,2.1107,24,63.6364,2.324781
10,120,10,0.02,0.95,2.5,2.5,0.25,13578.82,35.7882,13.0393,6.1776,1.3791,2.1107,24,63.6364,2.324781
10,120,10,0.02,0.95,2.5,2.5,0.35,13578.82,35.7882,13.0393,6.1776,1.3791,2.1107,24,63.6364,2.324781
20,120,10,0.01,0.5,1.5,2.5,0.15,12904.48,29.0448,10.7558,5.2404,1.3684,2.0525,24,63.6364,2.273759
20,120,10,0.01,0.5,1.5,2.5,0.25,12904.48,29.0448,10.7558,5.2404,1.3684,2.0525,24,63.6364,2.273759
20,120,10,0.01,0.5,1.5,2.5,0.35,12904.48,29.0448,10.7558,5.2404,1.3684,2.0525,24,63.6364,2.273759
20,120,10,0.01,0.75,1.5,2.5,0.15,12904.48,29.0448,10.7558,5.2404,1.3684,2.0525,24,63.6364,2.273759
20,120,10,0.01,0.75,1.5,2.5,0.25,12904.48,29.0448,10.7558,5.2404,1.3684,2.0525,24,63.6364,2.273759
20,120,10,0.01,0.75,1.5,2.5,0.35,12904.48,29.0448,10.7558,5.2404,1.3684,2.0525,24,63.6364,2.273759
20,120,10,0.01,0.95,1.5,2.5,0.15,12904.48,29.0448,10.7558,5.2404,1.3684,2.0525,24,63.6364,2.273759
20,120,10,0.01,0.95,1.5,2.5,0.25,12904.48,29.0448,10.7558,5.2404,1.3684,2.0525,24,63.6364,2.273759
20,120,10,0.01,0.95,1.5,2.5,0.35,12904.48,29.0448,10.7558,5.2404,1.3684,2.0525,24,63.6364,2.273759
20,120,10,0.02,0.5,2.5,2.5,0.15,13510.45,35.1045,12.8109,6.2037,1.3529,2.065,24,63.6364,2.273576
20,120,10,0.02,0.5,2.5,2.5,0.25,13510.45,35.1045,12.8109,6.2037,1.3529,2.065,24,63.6364,2.273576
20,120,10,0.02,0.5,2.5,2.5,0.35,13510.45,35.1045,12.8109,6.2037,1.3529,2.065,24,63.6364,2.273576
20,120,10,0.02,0.75,2.5,2.5,0.15,13510.45,35.1045,12.8109,6.2037,1.3529,2.065,24,63.6364,2.273576
20,120,10,0.02,0.75,2.5,2.5,0.25,13510.45,35.1045,12.8109,6.2037,1.3529,2.065,24,63.6364,2.273576
20,120,10,0.02,0.75,2.5,2.5,0.35,13510.45,35.1045,12.8109,6.2037,1.3529,2.065,24,63.6364,2.273576
20,120,10,0.02,0.95,2.5,2.5,0.15,13510.45,35.1045,12.8109,6.2037,1.3529,2.065,24,63.6364,2.273576
20,120,10,0.02,0.95,2.5,2.5,0.25,13510.45,35.1045,12.8109,6.2037,1.3529,2.065,24,63.6364,2.273576
20,120,10,0.02,0.95,2.5,2.5,0.35,13510.45,35.1045,12.8109,6.2037,1.3529,2.065,24,63.6364,2.273576
10,120,10,0.01,0.5,2.5,2.5,0.15,11702.32,17.0232,6.5006,3.2135,1.3671,2.0229,24,63.6364,2.264209
10,120,10,0.01,0.5,2.5,2.5,0.25,11702.32,17.0232,6.5006,3.2135,1.3671,2.0229,24,63.6364,2.264209
10,120,10,0.01,0.5,2.5,2.5,0.35,11702.32,17.0232,6.5006,3.2135,1.3671,2.0229,24,63.6364,2.264209
10,120,10,0.01,0.75,2.5,2.5,0.15,11702.32,17.0232,6.5006,3.2135,1.3671,2.0229,24,63.6364,2.264209
10,120,10,0.01,0.75,2.5,2.5,0.25,11702.32,17.0232,6.5006,3.2135,1.3671,2.0229,24,63.6364,2.264209
10,120,10,0.01,0.75,2.5,2.5,0.35,11702.32,17.0232,6.5006,3.2135,1.3671,2.0229,24,63.6364,2.264209
10,120,10,0.01,0.95,2.5,2.5,0.15,11702.32,17.0232,6.5006,3.2135,1.3671,2.0229,24,63.6364,2.264209
10,120,10,0.01,0.95,2.5,2.5,0.25,11702.32,17.0232,6.5006,3.2135,1.3671,2.0229,24,63.6364,2.264209
10,120,10,0.01,0.95,2.5,2.5,0.35,11702.32,17.0232,6.5006,3.2135,1.3671,2.0229,24,63.6364,2.264209
20,120,10,0.03,0.5,3.5,2.5,0.15,13755.76,37.5576,13.6271,6.6318,1.3403,2.0548,24,63.6364,2.256544
20,120,10,0.03,0.5,3.5,2.5,0.25,13755.76,37.5576,13.6271,6.6318,1.3403,2.0548,24,63.6364,2.256544
20,120,10,0.03,0.5,3.5,2.5,0.35,13755.76,37.5576,13.6271,6.6318,1.3403,2.0548,24,63.6364,2.256544
20,120,10,0.03,0.75,3.5,2.5,0.15,13755.76,37.5576,13.6271,6.6318,1.3403,2.0548,24,63.6364,2.256544
20,120,10,0.03,0.75,3.5,2.5,0.25,13755.76,37.5576,13.6271,6.6318,1.3403,2.0548,24,63.6364,2.256544
20,120,10,0.03,0.75,3.5,2.5,0.35,13755.76,37.5576,13.6271,6.6318,1.3403,2.0548,24,63.6364,2.256544
20,120,10,0.03,0.95,3.5,2.5,0.15,13755.76,37.5576,13.6271,6.6318,1.3403,2.0548,24,63.6364,2.256544
20,120,10,0.03,0.95,3.5,2.5,0.25,13755.76,37.5576,13.6271,6.6318,1.3403,2.0548,24,63.6364,2.256544
20,120,10,0.03,0.95,3.5,2.5,0.35,13755.76,37.5576,13.6271,6.6318,1.3403,2.0548,24,63.6364,2.256544
10,120,10,0.02,0.5,3.5,2.5,0.15,12468.21,24.6821,9.2402,4.556,1.3652,2.0281,24,63.6364,2.255613
10,120,10,0.02,0.5,3.5,2.5,0.25,12468.21,24.6821,9.2402,4.556,1.3652,2.0281,24,63.6364,2.255613
10,120,10,0.02,0.5,3.5,2.5,0.35,12468.21,24.6821,9.2402,4.556,1.3652,2.0281,24,63.6364,2.255613
10,120,10,0.02,0.75,3.5,2.5,0.15,12468.21,24.6821,9.2402,4.556,1.3652,2.0281,24,63.6364,2.255613
10,120,10,0.02,0.75,3.5,2.5,0.25,12468.21,24.6821,9.2402,4.556,1.3652,2.0281,24,63.6364,2.255613
10,120,10,0.02,0.75,3.5,2.5,0.35,12468.21,24.6821,9.2402,4.556,1.3652,2.0281,24,63.6364,2.255613
10,120,10,0.02,0.95,3.5,2.5,0.15,12468.21,24.6821,9.2402,4.556,1.3652,2.0281,24,63.6364,2.255613
10,120,10,0.02,0.95,3.5,2.5,0.25,12468.21,24.6821,9.2402,4.556,1.3652,2.0281,24,63.6364,2.255613
10,120,10,0.02,0.95,3.5,2.5,0.35,12468.21,24.6821,9.2402,4.556,1.3652,2.0281,24,63.6364,2.255613
20,120,10,0.01,0.5,2.5,2.5,0.15,11672.14,16.7214,6.3905,3.2258,1.3466,1.9811,24,63.6364,2.218128
20,120,10,0.01,0.5,2.5,2.5,0.25,11672.14,16.7214,6.3905,3.2258,1.3466,1.9811,24,63.6364,2.218128
20,120,10,0.01,0.5,2.5,2.5,0.35,11672.14,16.7214,6.3905,3.2258,1.3466,1.9811,24,63.6364,2.218128
20,120,10,0.01,0.75,2.5,2.5,0.15,11672.14,16.7214,6.3905,3.2258,1.3466,1.9811,24,63.6364,2.218128
20,120,10,0.01,0.75,2.5,2.5,0.25,11672.14,16.7214,6.3905,3.2258,1.3466,1.9811,24,63.6364,2.218128
20,120,10,0.01,0.75,2.5,2.5,0.35,11672.14,16.7214,6.3905,3.2258,1.3466,1.9811,24,63.6364,2.218128
20,120,10,0.01,0.95,2.5,2.5,0.15,11672.14,16.7214,6.3905,3.2258,1.3466,1.9811,24,63.6364,2.218128
20,120,10,0.01,0.95,2.5,2.5,0.25,11672.14,16.7214,6.3905,3.2258,1.3466,1.9811,24,63.6364,2.218128
20,120,10,0.01,0.95,2.5,2.5,0.35,11672.14,16.7214,6.3905,3.2258,1.3466,1.9811,24,63.6364,2.218128
20,120,10,0.02,0.5,3.5,2.5,0.15,12400.18,24.0018,9.001,4.5464,1.3296,1.9798,24,63.6364,2.200277
20,120,10,0.02,0.5,3.5,2.5,0.25,12400.18,24.0018,9.001,4.5464,1.3296,1.9798,24,63.6364,2.200277
20,120,10,0.02,0.5,3.5,2.5,0.35,12400.18,24.0018,9.001,4.5464,1.3296,1.9798,24,63.6364,2.200277
20,120,10,0.02,0.75,3.5,2.5,0.15,12400.18,24.0018,9.001,4.5464,1.3296,1.9798,24,63.6364,2.200277
20,120,10,0.02,0.75,3.5,2.5,0.25,12400.18,24.0018,9.001,4.5464,1.3296,1.9798,24,63.6364,2.200277
20,120,10,0.02,0.75,3.5,2.5,0.35,12400.18,24.0018,9.001,4.5464,1.3296,1.9798,24,63.6364,2.200277
20,120,10,0.02,0.95,3.5,2.5,0.15,12400.18,24.0018,9.001,4.5464,1.3296,1.9798,24,63.6364,2.200277
20,120,10,0.02,0.95,3.5,2.5,0.25,12400.18,24.0018,9.001,4.5464,1.3296,1.9798,24,63.6364,2.200277
20,120,10,0.02,0.95,3.5,2.5,0.35,12400.18,24.0018,9.001,4.5464,1.3296,1.9798,24,63.6364,2.200277
10,120,20,0.03,0.5,1.5,2.5,0.25,20748.6,107.486,33.9668,17.1423,1.4675,1.9815,30,50.0,2.103538
10,120,20,0.03,0.5,1.5,2.5,0.35,20748.6,107.486,33.9668,17.1423,1.4675,1.9815,30,50.0,2.103538
10,120,20,0.03,0.75,1.5,2.5,0.25,20748.6,107.486,33.9668,17.1423,1.4675,1.9815,30,50.0,2.103538
10,120,20,0.03,0.75,1.5,2.5,0.35,20748.6,107.486,33.9668,17.1423,1.4675,1.9815,30,50.0,2.103538
10,120,20,0.03,0.95,1.5,2.5,0.25,20748.6,107.486,33.9668,17.1423,1.4675,1.9815,30,50.0,2.103538
10,120,20,0.03,0.95,1.5,2.5,0.35,20748.6,107.486,33.9668,17.1423,1.4675,1.9815,30,50.0,2.103538
10,120,10,0.01,0.5,3.5,2.5,0.15,11104.63,11.0463,4.2871,2.2998,1.2978,1.8641,24,63.6364,2.100672
10,120,10,0.01,0.5,3.5,2.5,0.25,11104.63,11.0463,4.2871,2.2998,1.2978,1.8641,24,63.6364,2.100672
10,120,10,0.01,0.5,3.5,2.5,0.35,11104.63,11.0463,4.2871,2.2998,1.2978,1.8641,24,63.6364,2.100672
10,120,10,0.01,0.75,3.5,2.5,0.15,11104.63,11.0463,4.2871,2.2998,1.2978,1.8641,24,63.6364,2.100672
10,120,10,0.01,0.75,3.5,2.5,0.25,11104.63,11.0463,4.2871,2.2998,1.2978,1.8641,24,63.6364,2.100672
10,120,10,0.01,0.75,3.5,2.5,0.35,11104.63,11.0463,4.2871,2.2998,1.2978,1.8641,24,63.6364,2.100672
10,120,10,0.01,0.95,3.5,2.5,0.15,11104.63,11.0463,4.2871,2.2998,1.2978,1.8641,24,63.6364,2.100672
10,120,10,0.01,0.95,3.5,2.5,0.25,11104.63,11.0463,4.2871,2.2998,1.2978,1.8641,24,63.6364,2.100672
10,120,10,0.01,0.95,3.5,2.5,0.35,11104.63,11.0463,4.2871,2.2998,1.2978,1.8641,24,63.6364,2.100672
20,120,10,0.01,0.5,3.5,2.5,0.15,11076.82,10.7682,4.1824,2.3057,1.2653,1.8139,24,63.6364,2.043925
20,120,10,0.01,0.5,3.5,2.5,0.25,11076.82,10.7682,4.1824,2.3057,1.2653,1.8139,24,63.6364,2.043925
20,120,10,0.01,0.5,3.5,2.5,0.35,11076.82,10.7682,4.1824,2.3057,1.2653,1.8139,24,63.6364,2.043925
20,120,10,0.01,0.75,3.5,2.5,0.15,11076.82,10.7682,4.1824,2.3057,1.2653,1.8139,24,63.6364,2.043925
20,120,10,0.01,0.75,3.5,2.5,0.25,11076.82,10.7682,4.1824,2.3057,1.2653,1.8139,24,63.6364,2.043925
20,120,10,0.01,0.75,3.5,2.5,0.35,11076.82,10.7682,4.1824,2.3057,1.2653,1.8139,24,63.6364,2.043925
20,120,10,0.01,0.95,3.5,2.5,0.15,11076.82,10.7682,4.1824,2.3057,1.2653,1.8139,24,63.6364,2.043925
20,120,10,0.01,0.95,3.5,2.5,0.25,11076.82,10.7682,4.1824,2.3057,1.2653,1.8139,24,63.6364,2.043925
20,120,10,0.01,0.95,3.5,2.5,0.35,11076.82,10.7682,4.1824,2.3057,1.2653,1.8139,24,63.6364,2.043925
20,120,20,0.03,0.5,1.5,2.5,0.25,20271.55,102.7155,32.7241,17.095,1.435,1.9143,30,42.8571,2.03031
20,120,20,0.03,0.5,1.5,2.5,0.35,20271.55,102.7155,32.7241,17.095,1.435,1.9143,30,42.8571,2.03031
20,120,20,0.03,0.75,1.5,2.5,0.25,20271.55,102.7155,32.7241,17.095,1.435,1.9143,30,42.8571,2.03031
20,120,20,0.03,0.75,1.5,2.5,0.35,20271.55,102.7155,32.7241,17.095,1.435,1.9143,30,42.8571,2.03031
20,120,20,0.03,0.95,1.5,2.5,0.25,20271.55,102.7155,32.7241,17.095,1.435,1.9143,30,42.8571,2.03031
20,120,20,0.03,0.95,1.5,2.5,0.35,20271.55,102.7155,32.7241,17.095,1.435,1.9143,30,42.8571,2.03031
10,120,20,0.02,0.5,1.5,2.5,0.15,16503.48,65.0348,22.2274,12.267,1.4323,1.812,30,50.0,1.975751
10,120,20,0.02,0.5,1.5,2.5,0.25,16503.48,65.0348,22.2274,12.267,1.4323,1.812,30,50.0,1.975751
10,120,20,0.02,0.5,1.5,2.5,0.35,16503.48,65.0348,22.2274,12.267,1.4323,1.812,30,50.0,1.975751
10,120,20,0.02,0.75,1.5,2.5,0.15,16503.48,65.0348,22.2274,12.267,1.4323,1.812,30,50.0,1.975751
10,120,20,0.02,0.75,1.5,2.5,0.25,16503.48,65.0348,22.2274,12.267,1.4323,1.812,30,50.0,1.975751
10,120,20,0.02,0.75,1.5,2.5,0.35,16503.48,65.0348,22.2274,12.267,1.4323,1.812,30,50.0,1.975751
10,120,20,0.02,0.95,1.5,2.5,0.15,16503.48,65.0348,22.2274,12.267,1.4323,1.812,30,50.0,1.975751
10,120,20,0.02,0.95,1.5,2.5,0.25,16503.48,65.0348,22.2274,12.267,1.4323,1.812,30,50.0,1.975751
10,120,20,0.02,0.95,1.5,2.5,0.35,16503.48,65.0348,22.2274,12.267,1.4323,1.812,30,50.0,1.975751
10,120,20,0.03,0.5,2.5,2.5,0.15,15749.74,57.4974,19.9595,11.2139,1.4186,1.7799,28,53.8462,1.951469
10,120,20,0.03,0.5,2.5,2.5,0.25,15749.74,57.4974,19.9595,11.2139,1.4186,1.7799,28,53.8462,1.951469
10,120,20,0.03,0.5,2.5,2.5,0.35,15749.74,57.4974,19.9595,11.2139,1.4186,1.7799,28,53.8462,1.951469
10,120,20,0.03,0.75,2.5,2.5,0.15,15749.74,57.4974,19.9595,11.2139,1.4186,1.7799,28,53.8462,1.951469
10,120,20,0.03,0.75,2.5,2.5,0.25,15749.74,57.4974,19.9595,11.2139,1.4186,1.7799,28,53.8462,1.951469
10,120,20,0.03,0.75,2.5,2.5,0.35,15749.74,57.4974,19.9595,11.2139,1.4186,1.7799,28,53.8462,1.951469
10,120,20,0.03,0.95,2.5,2.5,0.15,15749.74,57.4974,19.9595,11.2139,1.4186,1.7799,28,53.8462,1.951469
10,120,20,0.03,0.95,2.5,2.5,0.25,15749.74,57.4974,19.9595,11.2139,1.4186,1.7799,28,53.8462,1.951469
10,120,20,0.03,0.95,2.5,2.5,0.35,15749.74,57.4974,19.9595,11.2139,1.4186,1.7799,28,53.8462,1.951469
20,120,20,0.02,0.5,1.5,2.5,0.15,16289.22,62.8922,21.5892,12.213,1.4094,1.7677,30,42.8571,1.927476
20,120,20,0.02,0.5,1.5,2.5,0.25,16289.22,62.8922,21.5892,12.213,1.4094,1.7677,30,42.8571,1.927476
20,120,20,0.02,0.5,1.5,2.5,0.35,16289.22,62.8922,21.5892,12.213,1.4094,1.7677,30,42.8571,1.927476
20,120,20,0.02,0.75,1.5,2.5,0.15,16289.22,62.8922,21.5892,12.213,1.4094,1.7677,30,42.8571,1.927476
20,120,20,0.02,0.75,1.5,2.5,0.25,16289.22,62.8922,21.5892,12.213,1.4094,1.7677,30,42.8571,1.927476
20,120,20,0.02,0.75,1.5,2.5,0.35,16289.22,62.8922,21.5892,12.213,1.4094,1.7677,30,42.8571,1.927476
20,120,20,0.02,0.95,1.5,2.5,0.15,16289.22,62.8922,21.5892,12.213,1.4094,1.7677,30,42.8571,1.927476
20,120,20,0.02,0.95,1.5,2.5,0.25,16289.22,62.8922,21.5892,12.213,1.4094,1.7677,30,42.8571,1.927476
20,120,20,0.02,0.95,1.5,2.5,0.35,16289.22,62.8922,21.5892,12.213,1.4094,1.7677,30,42.8571,1.927476
10,120,20,0.03,0.5,1.5,4.5,0.25,23053.04,130.5304,39.7404,21.0535,1.2414,1.8876,12,60.0,1.925336
10,120,20,0.03,0.5,1.5,4.5,0.35,23053.04,130.5304,39.7404,21.0535,1.2414,1.8876,12,60.0,1.925336
10,120,20,0.03,0.75,1.5,4.5,0.25,23053.04,130.5304,39.7404,21.0535,1.2414,1.8876,12,60.0,1.925336
10,120,20,0.03,0.75,1.5,4.5,0.35,23053.04,130.5304,39.7404,21.0535,1.2414,1.8876,12,60.0,1.925336
10,120,20,0.03,0.95,1.5,4.5,0.25,23053.04,130.5304,39.7404,21.0535,1.2414,1.8876,12,60.0,1.925336
10,120,20,0.03,0.95,1.5,4.5,0.35,23053.04,130.5304,39.7404,21.0535,1.2414,1.8876,12,60.0,1.925336
10,120,14,0.03,0.5,1.5,4.5,0.25,22584.42,125.8442,38.5953,20.5468,1.2361,1.8784,10,75.0,1.92016
10,120,14,0.03,0.5,1.5,4.5,0.35,22584.42,125.8442,38.5953,20.5468,1.2361,1.8784,10,75.0,1.92016
10,120,14,0.03,0.75,1.5,4.5,0.25,22584.42,125.8442,38.5953,20.5468,1.2361,1.8784,10,75.0,1.92016
10,120,14,0.03,0.75,1.5,4.5,0.35,22584.42,125.8442,38.5953,20.5468,1.2361,1.8784,10,75.0,1.92016
10,120,14,0.03,0.95,1.5,4.5,0.25,22584.42,125.8442,38.5953,20.5468,1.2361,1.8784,10,75.0,1.92016
10,120,14,0.03,0.95,1.5,4.5,0.35,22584.42,125.8442,38.5953,20.5468,1.2361,1.8784,10,75.0,1.92016
10,120,20,0.03,0.5,3.5,2.5,0.15,13937.58,39.3758,14.2264,8.3052,1.4108,1.713,28,53.8462,1.912066
10,120,20,0.03,0.5,3.5,2.5,0.25,13937.58,39.3758,14.2264,8.3052,1.4108,1.713,28,53.8462,1.912066
10,120,20,0.03,0.5,3.5,2.5,0.35,13937.58,39.3758,14.2264,8.3052,1.4108,1.713,28,53.8462,1.912066
10,120,20,0.03,0.75,3.5,2.5,0.15,13937.58,39.3758,14.2264,8.3052,1.4108,1.713,28,53.8462,1.912066
10,120,20,0.03,0.75,3.5,2.5,0.25,13937.58,39.3758,14.2264,8.3052,1.4108,1.713,28,53.8462,1.912066
10,120,20,0.03,0.75,3.5,2.5,0.35,13937.58,39.3758,14.2264,8.3052,1.4108,1.713,28,53.8462,1.912066
10,120,20,0.03,0.95,3.5,2.5,0.15,13937.58,39.3758,14.2264,8.3052,1.4108,1.713,28,53.8462,1.912066
10,120,20,0.03,0.95,3.5,2.5,0.25,13937.58,39.3758,14.2264,8.3052,1.4108,1.713,28,53.8462,1.912066
10,120,20,0.03,0.95,3.5,2.5,0.35,13937.58,39.3758,14.2264,8.3052,1.4108,1.713,28,53.8462,1.912066
10,120,14,0.03,0.5,1.5,2.5,0.25,20272.13,102.7213,32.7257,18.232,1.4317,1.795,32,46.6667,1.898969
10,120,14,0.03,0.5,1.5,2.5,0.35,20272.13,102.7213,32.7257,18.232,1.4317,1.795,32,46.6667,1.898969
10,120,14,0.03,0.75,1.5,2.5,0.25,20272.13,102.7213,32.7257,18.232,1.4317,1.795,32,46.6667,1.898969
10,120,14,0.03,0.75,1.5,2.5,0.35,20272.13,102.7213,32.7257,18.232,1.4317,1.795,32,46.6667,1.898969
10,120,14,0.03,0.95,1.5,2.5,0.25,20272.13,102.7213,32.7257,18.232,1.4317,1.795,32,46.6667,1.898969
10,120,14,0.03,0.95,1.5,2.5,0.35,20272.13,102.7213,32.7257,18.232,1.4317,1.795,32,46.6667,1.898969
20,120,20,0.03,0.5,2.5,2.5,0.15,15557.73,55.5773,19.3715,11.188,1.3943,1.7315,28,46.1538,1.898432
20,120,20,0.03,0.5,2.5,2.5,0.25,15557.73,55.5773,19.3715,11.188,1.3943,1.7315,28,46.1538,1.898432
20,120,20,0.03,0.5,2.5,2.5,0.35,15557.73,55.5773,19.3715,11.188,1.3943,1.7315,28,46.1538,1.898432
20,120,20,0.03,0.75,2.5,2.5,0.15,15557.73,55.5773,19.3715,11.188,1.3943,1.7315,28,46.1538,1.898432
20,120,20,0.03,0.75,2.5,2.5,0.25,15557.73,55.5773,19.3715,11.188,1.3943,1.7315,28,46.1538,1.898432
20,120,20,0.03,0.75,2.5,2.5,0.35,15557.73,55.5773,19.3715,11.188,1.3943,1.7315,28,46.1538,1.898432
20,120,20,0.03,0.95,2.5,2.5,0.15,15557.73,55.5773,19.3715,11.188,1.3943,1.7315,28,46.1538,1.898432
20,120,20,0.03,0.95,2.5,2.5,0.25,15557.73,55.5773,19.3715,11.188,1.3943,1.7315,28,46.1538,1.898432
20,120,20,0.03,0.95,2.5,2.5,0.35,15557.73,55.5773,19.3715,11.188,1.3943,1.7315,28,46.1538,1.898432
10,120,10,0.03,0.5,1.5,4.5,0.25,22055.81,120.5581,37.2864,20.2128,1.2169,1.8447,8,100.0,1.885946
10,120,10,0.03,0.5,1.5,4.5,0.35,22055.81,120.5581,37.2864,20.2128,1.2169,1.8447,8,100.0,1.885946
10,120,10,0.03,0.75,1.5,4.5,0.25,22055.81,120.5581,37.2864,20.2128,1.2169,1.8447,8,100.0,1.885946
10,120,10,0.03,0.75,1.5,4.5,0.35,22055.81,120.5581,37.2864,20.2128,1.2169,1.8447,8,100.0,1.885946
10,120,10,0.03,0.95,1.5,4.5,0.25,22055.81,120.5581,37.2864,20.2128,1.2169,1.8447,8,100.0,1.885946
10,120,10,0.03,0.95,1.5,4.5,0.35,22055.81,120.5581,37.2864,20.2128,1.2169,1.8447,8,100.0,1.885946
20,120,20,0.03,0.5,1.5,4.5,0.25,22539.26,125.3926,38.4842,20.8326,1.2152,1.8473,12,60.0,1.882013
20,120,20,0.03,0.5,1.5,4.5,0.35,22539.26,125.3926,38.4842,20.8326,1.2152,1.8473,12,60.0,1.882013
20,120,20,0.03,0.75,1.5,4.5,0.25,22539.26,125.3926,38.4842,20.8326,1.2152,1.8473,12,60.0,1.882013
20,120,20,0.03,0.75,1.5,4.5,0.35,22539.26,125.3926,38.4842,20.8326,1.2152,1.8473,12,60.0,1.882013
20,120,20,0.03,0.95,1.5,4.5,0.25,22539.26,125.3926,38.4842,20.8326,1.2152,1.8473,12,60.0,1.882013
20,120,20,0.03,0.95,1.5,4.5,0.35,22539.26,125.3926,38.4842,20.8326,1.2152,1.8473,12,60.0,1.882013
20,120,14,0.03,0.5,1.5,4.5,0.25,22380.68,123.8068,38.093,20.657,1.2118,1.8441,10,75.0,1.879859
20,120,14,0.03,0.5,1.5,4.5,0.35,22380.68,123.8068,38.093,20.657,1.2118,1.8441,10,75.0,1.879859
20,120,14,0.03,0.75,1.5,4.5,0.25,22380.68,123.8068,38.093,20.657,1.2118,1.8441,10,75.0,1.879859
20,120,14,0.03,0.75,1.5,4.5,0.35,22380.68,123.8068,38.093,20.657,1.2118,1.8441,10,75.0,1.879859
20,120,14,0.03,0.95,1.5,4.5,0.25,22380.68,123.8068,38.093,20.657,1.2118,1.8441,10,75.0,1.879859
20,120,14,0.03,0.95,1.5,4.5,0.35,22380.68,123.8068,38.093,20.657,1.2118,1.8441,10,75.0,1.879859
10,120,20,0.01,0.5,1.5,2.5,0.15,12925.68,29.2568,10.8287,6.5521,1.3998,1.6527,30,50.0,1.867145
10,120,20,0.01,0.5,1.5,2.5,0.25,12925.68,29.2568,10.8287,6.5521,1.3998,1.6527,30,50.0,1.867145
10,120,20,0.01,0.5,1.5,2.5,0.35,12925.68,29.2568,10.8287,6.5521,1.3998,1.6527,30,50.0,1.867145
10,120,20,0.01,0.75,1.5,2.5,0.15,12925.68,29.2568,10.8287,6.5521,1.3998,1.6527,30,50.0,1.867145
10,120,20,0.01,0.75,1.5,2.5,0.25,12925.68,29.2568,10.8287,6.5521,1.3998,1.6527,30,50.0,1.867145
10,120,20,0.01,0.75,1.5,2.5,0.35,12925.68,29.2568,10.8287,6.5521,1.3998,1.6527,30,50.0,1.867145
10,120,20,0.01,0.95,1.5,2.5,0.15,12925.68,29.2568,10.8287,6.5521,1.3998,1.6527,30,50.0,1.867145
10,120,20,0.01,0.95,1.5,2.5,0.25,12925.68,29.2568,10.8287,6.5521,1.3998,1.6527,30,50.0,1.867145
10,120,20,0.01,0.95,1.5,2.5,0.35,12925.68,29.2568,10.8287,6.5521,1.3998,1.6527,30,50.0,1.867145
10,120,20,0.02,0.5,2.5,2.5,0.15,13566.78,35.6678,12.9991,7.8166,1.3895,1.663,28,53.8462,1.862748
10,120,20,0.02,0.5,2.5,2.5,0.25,13566.78,35.6678,12.9991,7.8166,1.3895,1.663,28,53.8462,1.862748
10,120,20,0.02,0.5,2.5,2.5,0.35,13566.78,35.6678,12.9991,7.8166,1.3895,1.663,28,53.8462,1.862748
10,120,20,0.02,0.75,2.5,2.5,0.15,13566.78,35.6678,12.9991,7.8166,1.3895,1.663,28,53.8462,1.862748
10,120,20,0.02,0.75,2.5,2.5,0.25,13566.78,35.6678,12.9991,7.8166,1.3895,1.663,28,53.8462,1.862748
10,120,20,0.02,0.75,2.5,2.5,0.35,13566.78,35.6678,12.9991,7.8166,1.3895,1.663,28,53.8462,1.862748
10,120,20,0.02,0.95,2.5,2.5,0.15,13566.78,35.6678,12.9991,7.8166,1.3895,1.663,28,53.8462,1.862748
10,120,20,0.02,0.95,2.5,2.5,0.25,13566.78,35.6678,12.9991,7.8166,1.3895,1.663,28,53.8462,1.862748
10,120,20,0.02,0.95,2.5,2.5,0.35,13566.78,35.6678,12.9991,7.8166,1.3895,1.663,28,53.8462,1.862748
20,120,20,0.03,0.5,3.5,2.5,0.15,13798.73,37.9873,13.7692,8.3161,1.3792,1.6557,28,46.1538,1.848407
20,120,20,0.03,0.5,3.5,2.5,0.25,13798.73,37.9873,13.7692,8.3161,1.3792,1.6557,28,46.1538,1.848407
20,120,20,0.03,0.5,3.5,2.5,0.35,13798.73,37.9873,13.7692,8.3161,1.3792,1.6557,28,46.1538,1.848407
20,120,20,0.03,0.75,3.5,2.5,0.15,13798.73,37.9873,13.7692,8.3161,1.3792,1.6557,28,46.1538,1.848407
20,120,20,0.03,0.75,3.5,2.5,0.25,13798.73,37.9873,13.7692,8.3161,1.3792,1.6557,28,46.1538,1.848407
20,120,20,0.03,0.75,3.5,2.5,0.35,13798.73,37.9873,13.7692,8.3161,1.3792,1.6557,28,46.1538,1.848407
20,120,20,0.03,0.95,3.5,2.5,0.15,13798.73,37.9873,13.7692,8.3161,1.3792,1.6557,28,46.1538,1.848407
20,120,20,0.03,0.95,3.5,2.5,0.25,13798.73,37.9873,13.7692,8.3161,1.3792,1.6557,28,46.1538,1.848407
20,120,20,0.03,0.95,3.5,2.5,0.35,13798.73,37.9873,13.7692,8.3161,1.3792,1.6557,28,46.1538,1.848407
10,120,20,0.02,0.5,3.5,2.5,0.15,12456.72,24.5672,9.1999,5.6875,1.3802,1.6176,28,53.8462,1.836734
10,120,20,0.02,0.5,3.5,2.5,0.25,12456.72,24.5672,9.1999,5.6875,1.3802,1.6176,28,53.8462,1.836734
10,120,20,0.02,0.5,3.5,2.5,0.35,12456.72,24.5672,9.1999,5.6875,1.3802,1.6176,28,53.8462,1.836734
10,120,20,0.02,0.75,3.5,2.5,0.15,12456.72,24.5672,9.1999,5.6875,1.3802,1.6176,28,53.8462,1.836734
10,120,20,0.02,0.75,3.5,2.5,0.25,12456.72,24.5672,9.1999,5.6875,1.3802,1.6176,28,53.8462,1.836734
10,120,20,0.02,0.75,3.5,2.5,0.35,12456.72,24.5672,9.1999,5.6875,1.3802,1.6176,28,53.8462,1.836734
10,120,20,0.02,0.95,3.5,2.5,0.15,12456.72,24.5672,9.1999,5.6875,1.3802,1.6176,28,53.8462,1.836734
10,120,20,0.02,0.95,3.5,2.5,0.25,12456.72,24.5672,9.1999,5.6875,1.3802,1.6176,28,53.8462,1.836734
10,120,20,0.02,0.95,3.5,2.5,0.35,12456.72,24.5672,9.1999,5.6875,1.3802,1.6176,28,53.8462,1.836734
20,120,14,0.03,0.5,1.5,2.5,0.25,19881.7,98.817,31.6956,18.2408,1.4008,1.7376,32,46.6667,1.835375
20,120,14,0.03,0.5,1.5,2.5,0.35,19881.7,98.817,31.6956,18.2408,1.4008,1.7376,32,46.6667,1.835375
20,120,14,0.03,0.75,1.5,2.5,0.25,19881.7,98.817,31.6956,18.2408,1.4008,1.7376,32,46.6667,1.835375
20,120,14,0.03,0.75,1.5,2.5,0.35,19881.7,98.817,31.6956,18.2408,1.4008,1.7376,32,46.6667,1.835375
20,120,14,0.03,0.95,1.5,2.5,0.25,19881.7,98.817,31.6956,18.2408,1.4008,1.7376,32,46.6667,1.835375
20,120,14,0.03,0.95,1.5,2.5,0.35,19881.7,98.817,31.6956,18.2408,1.4008,1.7376,32,46.6667,1.835375
10,120,20,0.01,0.5,3.5,2.5,0.15,11165.03,11.6503,4.514,2.8584,1.3739,1.5792,28,53.8462,1.825397
10,120,20,0.01,0.5,3.5,2.5,0.25,11165.03,11.6503,4.514,2.8584,1.3739,1.5792,28,53.8462,1.825397
10,120,20,0.01,0.5,3.5,2.5,0.35,11165.03,11.6503,4.514,2.8584,1.3739,1.5792,28,53.8462,1.825397
10,120,20,0.01,0.75,3.5,2.5,0.15,11165.03,11.6503,4.514,2.8584,1.3739,1.5792,28,53.8462,1.825397
10,120,20,0.01,0.75,3.5,2.5,0.25,11165.03,11.6503,4.514,2.8584,1.3739,1.5792,28,53.8462,1.825397
10,120,20,0.01,0.75,3.5,2.5,0.35,11165.03,11.6503,4.514,2.8584,1.3739,1.5792,28,53.8462,1.825397
10,120,20,0.01,0.95,3.5,2.5,0.15,11165.03,11.6503,4.514,2.8584,1.3739,1.5792,28,53.8462,1.825397
10,120,20,0.01,0.95,3.5,2.5,0.25,11165.03,11.6503,4.514,2.8584,1.3739,1.5792,28,53.8462,1.825397
10,120,20,0.01,0.95,3.5,2.5,0.35,11165.03,11.6503,4.514,2.8584,1.3739,1.5792,28,53.8462,1.825397
10,120,14,0.02,0.5,1.5,2.5,0.15,16274.87,62.7487,21.5462,13.0029,1.4029,1.657,32,46.6667,1.807589
10,120,14,0.02,0.5,1.5,2.5,0.25,16274.87,62.7487,21.5462,13.0029,1.4029,1.657,32,46.6667,1.807589
10,120,14,0.02,0.5,1.5,2.5,0.35,16274.87,62.7487,21.5462,13.0029,1.4029,1.657,32,46.6667,1.807589
10,120,14,0.02,0.75,1.5,2.5,0.15,16274.87,62.7487,21.5462,13.0029,1.4029,1.657,32,46.6667,1.807589
10,120,14,0.02,0.75,1.5,2.5,0.25,16274.87,62.7487,21.5462,13.0029,1.4029,1.657,32,46.6667,1.807589
10,120,14,0.02,0.75,1.5,2.5,0.35,16274.87,62.7487,21.5462,13.0029,1.4029,1.657,32,46.6667,1.807589
10,120,14,0.02,0.95,1.5,2.5,0.15,16274.87,62.7487,21.5462,13.0029,1.4029,1.657,32,46.6667,1.807589
10,120,14,0.02,0.95,1.5,2.5,0.25,16274.87,62.7487,21.5462,13.0029,1.4029,1.657,32,46.6667,1.807589
10,120,14,0.02,0.95,1.5,2.5,0.35,16274.87,62.7487,21.5462,13.0029,1.4029,1.657,32,46.6667,1.807589
20,120,20,0.02,0.5,2.5,2.5,0.15,13465.21,34.6521,12.6594,7.8563,1.3613,1.6114,28,46.1538,1.805057
20,120,20,0.02,0.5,2.5,2.5,0.25,13465.21,34.6521,12.6594,7.8563,1.3613,1.6114,28,46.1538,1.805057
20,120,20,0.02,0.5,2.5,2.5,0.35,13465.21,34.6521,12.6594,7.8563,1.3613,1.6114,28,46.1538,1.805057
20,120,20,0.02,0.75,2.5,2.5,0.15,13465.21,34.6521,12.6594,7.8563,1.3613,1.6114,28,46.1538,1.805057
20,120,20,0.02,0.75,2.5,2.5,0.25,13465.21,34.6521,12.6594,7.8563,1.3613,1.6114,28,46.1538,1.805057
20,120,20,0.02,0.75,2.5,2.5,0.35,13465.21,34.6521,12.6594,7.8563,1.3613,1.6114,28,46.1538,1.805057
20,120,20,0.02,0.95,2.5,2.5,0.15,13465.21,34.6521,12.6594,7.8563,1.3613,1.6114,28,46.1538,1.805057
20,120,20,0.02,0.95,2.5,2.5,0.25,13465.21,34.6521,12.6594,7.8563,1.3613,1.6114,28,46.1538,1.805057
20,120,20,0.02,0.95,2.5,2.5,0.35,13465.21,34.6521,12.6594,7.8563,1.3613,1.6114,28,46.1538,1.805057
20,120,20,0.01,0.5,1.5,2.5,0.15,12828.16,28.2816,10.4929,6.5886,1.3673,1.5926,30,42.8571,1.800156
20,120,20,0.01,0.5,1.5,2.5,0.25,12828.16,28.2816,10.4929,6.5886,1.3673,1.5926,30,42.8571,1.800156
20,120,20,0.01,0.5,1.5,2.5,0.35,12828.16,28.2816,10.4929,6.5886,1.3673,1.5926,30,42.8571,1.800156
20,120,20,0.01,0.75,1.5,2.5,0.15,12828.16,28.2816,10.4929,6.5886,1.3673,1.5926,30,42.8571,1.800156
20,120,20,0.01,0.75,1.5,2.5,0.25,12828.16,28.2816,10.4929,6.5886,1.3673,1.5926,30,42.8571,1.800156
20,120,20,0.01,0.75,1.5,2.5,0.35,12828.16,28.2816,10.4929,6.5886,1.3673,1.5926,30,42.8571,1.800156
20,120,20,0.01,0.95,1.5,2.5,0.15,12828.16,28.2816,10.4929,6.5886,1.3673,1.5926,30,42.8571,1.800156
20,120,20,0.01,0.95,1.5,2.5,0.25,12828.16,28.2816,10.4929,6.5886,1.3673,1.5926,30,42.8571,1.800156
20,120,20,0.01,0.95,1.5,2.5,0.35,12828.16,28.2816,10.4929,6.5886,1.3673,1.5926,30,42.8571,1.800156
20,120,20,0.01,0.5,3.5,2.5,0.15,11132.23,11.3223,4.3909,2.8506,1.3506,1.5403,28,46.1538,1.781941
20,120,20,0.01,0.5,3.5,2.5,0.25,11132.23,11.3223,4.3909,2.8506,1.3506,1.5403,28,46.1538,1.781941
20,120,20,0.01,0.5,3.5,2.5,0.35,11132.23,11.3223,4.3909,2.8506,1.3506,1.5403,28,46.1538,1.781941
20,120,20,0.01,0.75,3.5,2.5,0.15,11132.23,11.3223,4.3909,2.8506,1.3506,1.5403,28,46.1538,1.781941
20,120,20,0.01,0.75,3.5,2.5,0.25,11132.23,11.3223,4.3909,2.8506,1.3506,1.5403,28,46.1538,1.781941
20,120,20,0.01,0.75,3.5,2.5,0.35,11132.23,11.3223,4.3909,2.8506,1.3506,1.5403,28,46.1538,1.781941
20,120,20,0.01,0.95,3.5,2.5,0.15,11132.23,11.3223,4.3909,2.8506,1.3506,1.5403,28,46.1538,1.781941
20,120,20,0.01,0.95,3.5,2.5,0.25,11132.23,11.3223,4.3909,2.8506,1.3506,1.5403,28,46.1538,1.781941
20,120,20,0.01,0.95,3.5,2.5,0.35,11132.23,11.3223,4.3909,2.8506,1.3506,1.5403,28,46.1538,1.781941
20,120,20,0.02,0.5,3.5,2.5,0.15,12420.63,24.2063,9.073,5.7896,1.3617,1.5671,28,46.1538,1.781575
20,120,20,0.02,0.5,3.5,2.5,0.25,12420.63,24.2063,9.073,5.7896,1.3617,1.5671,28,46.1538,1.781575
20,120,20,0.02,0.5,3.5,2.5,0.35,12420.63,24.2063,9.073,5.7896,1.3617,1.5671,28,46.1538,1.781575
20,120,20,0.02,0.75,3.5,2.5,0.15,12420.63,24.2063,9.073,5.7896,1.3617,1.5671,28,46.1538,1.781575
20,120,20,0.02,0.75,3.5,2.5,0.25,12420.63,24.2063,9.073,5.7896,1.3617,1.5671,28,46.1538,1.781575
20,120,20,0.02,0.75,3.5,2.5,0.35,12420.63,24.2063,9.073,5.7896,1.3617,1.5671,28,46.1538,1.781575
20,120,20,0.02,0.95,3.5,2.5,0.15,12420.63,24.2063,9.073,5.7896,1.3617,1.5671,28,46.1538,1.781575
20,120,20,0.02,0.95,3.5,2.5,0.25,12420.63,24.2063,9.073,5.7896,1.3617,1.5671,28,46.1538,1.781575
20,120,20,0.02,0.95,3.5,2.5,0.35,12420.63,24.2063,9.073,5.7896,1.3617,1.5671,28,46.1538,1.781575
20,120,10,0.03,0.5,1.5,4.5,0.25,22065.84,120.6584,37.3115,21.2476,1.1899,1.756,8,100.0,1.781529
20,120,10,0.03,0.5,1.5,4.5,0.35,22065.84,120.6584,37.3115,21.2476,1.1899,1.756,8,100.0,1.781529
20,120,10,0.03,0.75,1.5,4.5,0.25,22065.84,120.6584,37.3115,21.2476,1.1899,1.756,8,100.0,1.781529
20,120,10,0.03,0.75,1.5,4.5,0.35,22065.84,120.6584,37.3115,21.2476,1.1899,1.756,8,100.0,1.781529
20,120,10,0.03,0.95,1.5,4.5,0.25,22065.84,120.6584,37.3115,21.2476,1.1899,1.756,8,100.0,1.781529
20,120,10,0.03,0.95,1.5,4.5,0.35,22065.84,120.6584,37.3115,21.2476,1.1899,1.756,8,100.0,1.781529
10,120,20,0.01,0.5,2.5,2.5,0.15,11636.98,16.3698,6.262,4.0641,1.3549,1.5408,28,53.8462,1.771147
10,120,20,0.01,0.5,2.5,2.5,0.25,11636.98,16.3698,6.262,4.0641,1.3549,1.5408,28,53.8462,1.771147
10,120,20,0.01,0.5,2.5,2.5,0.35,11636.98,16.3698,6.262,4.0641,1.3549,1.5408,28,53.8462,1.771147
10,120,20,0.01,0.75,2.5,2.5,0.15,11636.98,16.3698,6.262,4.0641,1.3549,1.5408,28,53.8462,1.771147
10,120,20,0.01,0.75,2.5,2.5,0.25,11636.98,16.3698,6.262,4.0641,1.3549,1.5408,28,53.8462,1.771147
10,120,20,0.01,0.75,2.5,2.5,0.35,11636.98,16.3698,6.262,4.0641,1.3549,1.5408,28,53.8462,1.771147
10,120,20,0.01,0.95,2.5,2.5,0.15,11636.98,16.3698,6.262,4.0641,1.3549,1.5408,28,53.8462,1.771147
10,120,20,0.01,0.95,2.5,2.5,0.25,11636.98,16.3698,6.262,4.0641,1.3549,1.5408,28,53.8462,1.771147
10,120,20,0.01,0.95,2.5,2.5,0.35,11636.98,16.3698,6.262,4.0641,1.3549,1.5408,28,53.8462,1.771147
20,120,14,0.02,0.5,1.5,2.5,0.15,16113.17,61.1317,21.061,13.0329,1.3778,1.616,32,46.6667,1.761218
20,120,14,0.02,0.5,1.5,2.5,0.25,16113.17,61.1317,21.061,13.0329,1.3778,1.616,32,46.6667,1.761218
20,120,14,0.02,0.5,1.5,2.5,0.35,16113.17,61.1317,21.061,13.0329,1.3778,1.616,32,46.6667,1.761218
20,120,14,0.02,0.75,1.5,2.5,0.15,16113.17,61.1317,21.061,13.0329,1.3778,1.616,32,46.6667,1.761218
20,120,14,0.02,0.75,1.5,2.5,0.25,16113.17,61.1317,21.061,13.0329,1.3778,1.616,32,46.6667,1.761218
20,120,14,0.02,0.75,1.5,2.5,0.35,16113.17,61.1317,21.061,13.0329,1.3778,1.616,32,46.6667,1.761218
20,120,14,0.02,0.95,1.5,2.5,0.15,16113.17,61.1317,21.061,13.0329,1.3778,1.616,32,46.6667,1.761218
20,120,14,0.02,0.95,1.5,2.5,0.25,16113.17,61.1317,21.061,13.0329,1.3778,1.616,32,46.6667,1.761218
20,120,14,0.02,0.95,1.5,2.5,0.35,16113.17,61.1317,21.061,13.0329,1.3778,1.616,32,46.6667,1.761218
10,120,14,0.03,0.5,1.5,3.5,0.25,19470.03,94.7003,30.5962,18.2305,1.2329,1.6783,20,66.6667,1.742568
10,120,14,0.03,0.5,1.5,3.5,0.35,19470.03,94.7003,30.5962,18.2305,1.2329,1.6783,20,66.6667,1.742568
10,120,14,0.03,0.75,1.5,3.5,0.25,19470.03,94.7003,30.5962,18.2305,1.2329,1.6783,20,66.6667,1.742568
10,120,14,0.03,0.75,1.5,3.5,0.35,19470.03,94.7003,30.5962,18.2305,1.2329,1.6783,20,66.6667,1.742568
10,120,14,0.03,0.95,1.5,3.5,0.25,19470.03,94.7003,30.5962,18.2305,1.2329,1.6783,20,66.6667,1.742568
10,120,14,0.03,0.95,1.5,3.5,0.35,19470.03,94.7003,30.5962,18.2305,1.2329,1.6783,20,66.6667,1.742568
20,120,20,0.01,0.5,2.5,2.5,0.15,11606.33,16.0633,6.1498,4.078,1.3312,1.508,28,46.1538,1.733505
20,120,20,0.01,0.5,2.5,2.5,0.25,11606.33,16.0633,6.1498,4.078,1.3312,1.508,28,46.1538,1.733505
20,120,20,0.01,0.5,2.5,2.5,0.35,11606.33,16.0633,6.1498,4.078,1.3312,1.508,28,46.1538,1.733505
20,120,20,0.01,0.75,2.5,2.5,0.15,11606.33,16.0633,6.1498,4.078,1.3312,1.508,28,46.1538,1.733505
20,120,20,0.01,0.75,2.5,2.5,0.25,11606.33,16.0633,6.1498,4.078,1.3312,1.508,28,46.1538,1.733505
20,120,20,0.01,0.75,2.5,2.5,0.35,11606.33,16.0633,6.1498,4.078,1.3312,1.508,28,46.1538,1.733505
20,120,20,0.01,0.95,2.5,2.5,0.15,11606.33,16.0633,6.1498,4.078,1.3312,1.508,28,46.1538,1.733505
20,120,20,0.01,0.95,2.5,2.5,0.25,11606.33,16.0633,6.1498,4.078,1.3312,1.508,28,46.1538,1.733505
20,120,20,0.01,0.95,2.5,2.5,0.35,11606.33,16.0633,6.1498,4.078,1.3312,1.508,28,46.1538,1.733505
10,120,20,0.02,0.5,1.5,4.5,0.25,17892.73,78.9273,26.25,15.8965,1.1624,1.6513,12,60.0,1.72483
10,120,20,0.02,0.5,1.5,4.5,0.35,17892.73,78.9273,26.25,15.8965,1.1624,1.6513,12,60.0,1.72483
10,120,20,0.02,0.75,1.5,4.5,0.25,17892.73,78.9273,26.25,15.8965,1.1624,1.6513,12,60.0,1.72483
10,120,20,0.02,0.75,1.5,4.5,0.35,17892.73,78.9273,26.25,15.8965,1.1624,1.6513,12,60.0,1.72483
10,120,20,0.02,0.95,1.5,4.5,0.25,17892.73,78.9273,26.25,15.8965,1.1624,1.6513,12,60.0,1.72483
10,120,20,0.02,0.95,1.5,4.5,0.35,17892.73,78.9273,26.25,15.8965,1.1624,1.6513,12,60.0,1.72483
10,120,14,0.01,0.5,1.5,2.5,0.15,12877.98,28.7798,10.6647,7.0168,1.3752,1.5199,32,46.6667,1.724739
10,120,14,0.01,0.5,1.5,2.5,0.25,12877.98,28.7798,10.6647,7.0168,1.3752,1.5199,32,46.6667,1.724739
10,120,14,0.01,0.5,1.5,2.5,0.35,12877.98,28.7798,10.6647,7.0168,1.3752,1.5199,32,46.6667,1.724739
10,120,14,0.01,0.75,1.5,2.5,0.15,12877.98,28.7798,10.6647,7.0168,1.3752,1.5199,32,46.6667,1.724739
10,120,14,0.01,0.75,1.5,2.5,0.25,12877.98,28.7798,10.6647,7.0168,1.3752,1.5199,32,46.6667,1.724739
10,120,14,0.01,0.75,1.5,2.5,0.35,12877.98,28.7798,10.6647,7.0168,1.3752,1.5199,32,46.6667,1.724739
10,120,14,0.01,0.95,1.5,2.5,0.15,12877.98,28.7798,10.6647,7.0168,1.3752,1.5199,32,46.6667,1.724739
10,120,14,0.01,0.95,1.5,2.5,0.25,12877.98,28.7798,10.6647,7.0168,1.3752,1.5199,32,46.6667,1.724739
10,120,14,0.01,0.95,1.5,2.5,0.35,12877.98,28.7798,10.6647,7.0168,1.3752,1.5199,32,46.6667,1.724739
10,120,14,0.02,0.5,1.5,4.5,0.25,17672.78,76.7278,25.6259,15.558,1.1603,1.6471,10,75.0,1.723607
10,120,14,0.02,0.5,1.5,4.5,0.35,17672.78,76.7278,25.6259,15.558,1.1603,1.6471,10,75.0,1.723607
10,120,14,0.02,0.75,1.5,4.5,0.25,17672.78,76.7278,25.6259,15.558,1.1603,1.6471,10,75.0,1.723607
10,120,14,0.02,0.75,1.5,4.5,0.35,17672.78,76.7278,25.6259,15.558,1.1603,1.6471,10,75.0,1.723607
10,120,14,0.02,0.95,1.5,4.5,0.25,17672.78,76.7278,25.6259,15.558,1.1603,1.6471,10,75.0,1.723607
10,120,14,0.02,0.95,1.5,4.5,0.35,17672.78,76.7278,25.6259,15.558,1.1603,1.6471,10,75.0,1.723607
10,120,10,0.02,0.5,1.5,4.5,0.15,17219.61,72.1961,24.3253,14.9008,1.1279,1.6325,8,100.0,1.709061
10,120,10,0.02,0.5,1.5,4.5,0.25,17219.61,72.1961,24.3253,14.9008,1.1279,1.6325,8,100.0,1.709061
10,120,10,0.02,0.5,1.5,4.5,0.35,17219.61,72.1961,24.3253,14.9008,1.1279,1.6325,8,100.0,1.709061
10,120,10,0.02,0.75,1.5,4.5,0.15,17219.61,72.1961,24.3253,14.9008,1.1279,1.6325,8,100.0,1.709061
10,120,10,0.02,0.75,1.5,4.5,0.25,17219.61,72.1961,24.3253,14.9008,1.1279,1.6325,8,100.0,1.709061
10,120,10,0.02,0.75,1.5,4.5,0.35,17219.61,72.1961,24.3253,14.9008,1.1279,1.6325,8,100.0,1.709061
10,120,10,0.02,0.95,1.5,4.5,0.15,17219.61,72.1961,24.3253,14.9008,1.1279,1.6325,8,100.0,1.709061
10,120,10,0.02,0.95,1.5,4.5,0.25,17219.61,72.1961,24.3253,14.9008,1.1279,1.6325,8,100.0,1.709061
10,120,10,0.02,0.95,1.5,4.5,0.35,17219.61,72.1961,24.3253,14.9008,1.1279,1.6325,8,100.0,1.709061
20,120,14,0.01,0.5,1.5,2.5,0.15,12816.41,28.1641,10.4524,6.997,1.3554,1.4938,32,46.6667,1.694951
20,120,14,0.01,0.5,1.5,2.5,0.25,12816.41,28.1641,10.4524,6.997,1.3554,1.4938,32,46.6667,1.694951
20,120,14,0.01,0.5,1.5,2.5,0.35,12816.41,28.1641,10.4524,6.997,1.3554,1.4938,32,46.6667,1.694951
20,120,14,0.01,0.75,1.5,2.5,0.15,12816.41,28.1641,10.4524,6.997,1.3554,1.4938,32,46.6667,1.694951
20,120,14,0.01,0.75,1.5,2.5,0.25,12816.41,28.1641,10.4524,6.997,1.3554,1.4938,32,46.6667,1.694951
20,120,14,0.01,0.75,1.5,2.5,0.35,12816.41,28.1641,10.4524,6.997,1.3554,1.4938,32,46.6667,1.694951
20,120,14,0.01,0.95,1.5,2.5,0.15,12816.41,28.1641,10.4524,6.997,1.3554,1.4938,32,46.6667,1.694951
20,120,14,0.01,0.95,1.5,2.5,0.25,12816.41,28.1641,10.4524,6.997,1.3554,1.4938,32,46.6667,1.694951
20,120,14,0.01,0.95,1.5,2.5,0.35,12816.41,28.1641,10.4524,6.997,1.3554,1.4938,32,46.6667,1.694951
20,120,14,0.02,0.5,1.5,4.5,0.25,17520.22,75.2022,25.1903,15.7013,1.1391,1.6043,10,75.0,1.675142
20,120,14,0.02,0.5,1.5,4.5,0.35,17520.22,75.2022,25.1903,15.7013,1.1391,1.6043,10,75.0,1.675142
20,120,14,0.02,0.75,1.5,4.5,0.25,17520.22,75.2022,25.1903,15.7013,1.1391,1.6043,10,75.0,1.675142
20,120,14,0.02,0.75,1.5,4.5,0.35,17520.22,75.2022,25.1903,15.7013,1.1391,1.6043,10,75.0,1.675142
20,120,14,0.02,0.95,1.5,4.5,0.25,17520.22,75.2022,25.1903,15.7013,1.1391,1.6043,10,75.0,1.675142
20,120,14,0.02,0.95,1.5,4.5,0.35,17520.22,75.2022,25.1903,15.7013,1.1391,1.6043,10,75.0,1.675142
10,120,10,0.03,0.5,2.5,4.5,0.15,16359.05,63.5905,21.7977,13.7685,1.1094,1.5832,8,100.0,1.66735
10,120,10,0.03,0.5,2.5,4.5,0.25,16359.05,63.5905,21.7977,13.7685,1.1094,1.5832,8,100.0,1.66735
10,120,10,0.03,0.5,2.5,4.5,0.35,16359.05,63.5905,21.7977,13.7685,1.1094,1.5832,8,100.0,1.66735
10,120,10,0.03,0.75,2.5,4.5,0.15,16359.05,63.5905,21.7977,13.7685,1.1094,1.5832,8,100.0,1.66735
10,120,10,0.03,0.75,2.5,4.5,0.25,16359.05,63.5905,21.7977,13.7685,1.1094,1.5832,8,100.0,1.66735
10,120,10,0.03,0.75,2.5,4.5,0.35,16359.05,63.5905,21.7977,13.7685,1.1094,1.5832,8,100.0,1.66735
10,120,10,0.03,0.95,2.5,4.5,0.15,16359.05,63.5905,21.7977,13.7685,1.1094,1.5832,8,100.0,1.66735
10,120,10,0.03,0.95,2.5,4.5,0.25,16359.05,63.5905,21.7977,13.7685,1.1094,1.5832,8,100.0,1.66735
10,120,10,0.03,0.95,2.5,4.5,0.35,16359.05,63.5905,21.7977,13.7685,1.1094,1.5832,8,100.0,1.66735
20,120,20,0.02,0.5,1.5,4.5,0.25,17546.02,75.4602,25.2641,15.8767,1.1347,1.5913,12,60.0,1.65944
20,120,20,0.02,0.5,1.5,4.5,0.35,17546.02,75.4602,25.2641,15.8767,1.1347,1.5913,12,60.0,1.65944
20,120,20,0.02,0.75,1.5,4.5,0.25,17546.02,75.4602,25.2641,15.8767,1.1347,1.5913,12,60.0,1.65944
20,120,20,0.02,0.75,1.5,4.5,0.35,17546.02,75.4602,25.2641,15.8767,1.1347,1.5913,12,60.0,1.65944
20,120,20,0.02,0.95,1.5,4.5,0.25,17546.02,75.4602,25.2641,15.8767,1.1347,1.5913,12,60.0,1.65944
20,120,20,0.02,0.95,1.5,4.5,0.35,17546.02,75.4602,25.2641,15.8767,1.1347,1.5913,12,60.0,1.65944
10,120,20,0.03,0.5,2.5,3.5,0.15,15233.53,52.3353,18.3686,11.9866,1.2051,1.5324,18,75.0,1.65359
10,120,20,0.03,0.5,2.5,3.5,0.25,15233.53,52.3353,18.3686,11.9866,1.2051,1.5324,18,75.0,1.65359
10,120,20,0.03,0.5,2.5,3.5,0.35,15233.53,52.3353,18.3686,11.9866,1.2051,1.5324,18,75.0,1.65359
10,120,20,0.03,0.75,2.5,3.5,0.15,15233.53,52.3353,18.3686,11.9866,1.2051,1.5324,18,75.0,1.65359
10,120,20,0.03,0.75,2.5,3.5,0.25,15233.53,52.3353,18.3686,11.9866,1.2051,1.5324,18,75.0,1.65359
10,120,20,0.03,0.75,2.5,3.5,0.35,15233.53,52.3353,18.3686,11.9866,1.2051,1.5324,18,75.0,1.65359
10,120,20,0.03,0.95,2.5,3.5,0.15,15233.53,52.3353,18.3686,11.9866,1.2051,1.5324,18,75.0,1.65359
10,120,20,0.03,0.95,2.5,3.5,0.25,15233.53,52.3353,18.3686,11.9866,1.2051,1.5324,18,75.0,1.65359
10,120,20,0.03,0.95,2.5,3.5,0.35,15233.53,52.3353,18.3686,11.9866,1.2051,1.5324,18,75.0,1.65359
10,120,10,0.03,0.5,1.5,3.5,0.25,18813.03,88.1303,28.8125,18.0873,1.1973,1.593,20,66.6667,1.651561
10,120,10,0.03,0.5,1.5,3.5,0.35,18813.03,88.1303,28.8125,18.0873,1.1973,1.593,20,66.6667,1.651561
10,120,10,0.03,0.75,1.5,3.5,0.25,18813.03,88.1303,28.8125,18.0873,1.1973,1.593,20,66.6667,1.651561
10,120,10,0.03,0.75,1.5,3.5,0.35,18813.03,88.1303,28.8125,18.0873,1.1973,1.593,20,66.6667,1.651561
10,120,10,0.03,0.95,1.5,3.5,0.25,18813.03,88.1303,28.8125,18.0873,1.1973,1.593,20,66.6667,1.651561
10,120,10,0.03,0.95,1.5,3.5,0.35,18813.03,88.1303,28.8125,18.0873,1.1973,1.593,20,66.6667,1.651561
20,120,14,0.03,0.5,1.5,3.5,0.25,19110.46,91.1046,29.6246,18.5961,1.1988,1.5931,20,66.6667,1.646851
20,120,14,0.03,0.5,1.5,3.5,0.35,19110.46,91.1046,29.6246,18.5961,1.1988,1.5931,20,66.6667,1.646851
20,120,14,0.03,0.75,1.5,3.5,0.25,19110.46,91.1046,29.6246,18.5961,1.1988,1.5931,20,66.6667,1.646851
20,120,14,0.03,0.75,1.5,3.5,0.35,19110.46,91.1046,29.6246,18.5961,1.1988,1.5931,20,66.6667,1.646851
20,120,14,0.03,0.95,1.5,3.5,0.25,19110.46,91.1046,29.6246,18.5961,1.1988,1.5931,20,66.6667,1.646851
20,120,14,0.03,0.95,1.5,3.5,0.35,19110.46,91.1046,29.6246,18.5961,1.1988,1.5931,20,66.6667,1.646851
10,120,14,0.03,0.5,2.5,2.5,0.15,15446.88,54.4688,19.03,12.75,1.3598,1.4925,30,50.0,1.637012
10,120,14,0.03,0.5,2.5,2.5,0.25,15446.88,54.4688,19.03,12.75,1.3598,1.4925,30,50.0,1.637012
10,120,14,0.03,0.5,2.5,2.5,0.35,15446.88,54.4688,19.03,12.75,1.3598,1.4925,30,50.0,1.637012
10,120,14,0.03,0.75,2.5,2.5,0.15,15446.88,54.4688,19.03,12.75,1.3598,1.4925,30,50.0,1.637012
10,120,14,0.03,0.75,2.5,2.5,0.25,15446.88,54.4688,19.03,12.75,1.3598,1.4925,30,50.0,1.637012
10,120,14,0.03,0.75,2.5,2.5,0.35,15446.88,54.4688,19.03,12.75,1.3598,1.4925,30,50.0,1.637012
10,120,14,0.03,0.95,2.5,2.5,0.15,15446.88,54.4688,19.03,12.75,1.3598,1.4925,30,50.0,1.637012
10,120,14,0.03,0.95,2.5,2.5,0.25,15446.88,54.4688,19.03,12.75,1.3598,1.4925,30,50.0,1.637012
10,120,14,0.03,0.95,2.5,2.5,0.35,15446.88,54.4688,19.03,12.75,1.3598,1.4925,30,50.0,1.637012
10,120,14,0.03,0.5,3.5,2.5,0.15,13784.59,37.8459,13.7224,9.4275,1.3602,1.4556,30,50.0,1.633346
10,120,14,0.03,0.5,3.5,2.5,0.25,13784.59,37.8459,13.7224,9.4275,1.3602,1.4556,30,50.0,1.633346
10,120,14,0.03,0.5,3.5,2.5,0.35,13784.59,37.8459,13.7224,9.4275,1.3602,1.4556,30,50.0,1.633346
10,120,14,0.03,0.75,3.5,2.5,0.15,13784.59,37.8459,13.7224,9.4275,1.3602,1.4556,30,50.0,1.633346
10,120,14,0.03,0.75,3.5,2.5,0.25,13784.59,37.8459,13.7224,9.4275,1.3602,1.4556,30,50.0,1.633346
10,120,14,0.03,0.75,3.5,2.5,0.35,13784.59,37.8459,13.7224,9.4275,1.3602,1.4556,30,50.0,1.633346
10,120,14,0.03,0.95,3.5,2.5,0.15,13784.59,37.8459,13.7224,9.4275,1.3602,1.4556,30,50.0,1.633346
10,120,14,0.03,0.95,3.5,2.5,0.25,13784.59,37.8459,13.7224,9.4275,1.3602,1.4556,30,50.0,1.633346
10,120,14,0.03,0.95,3.5,2.5,0.35,13784.59,37.8459,13.7224,9.4275,1.3602,1.4556,30,50.0,1.633346
5,120,10,0.01,0.5,3.5,2.5,0.15,10981.74,9.8174,3.8232,2.668,1.1052,1.433,28,61.5385,1.627326
5,120,10,0.01,0.5,3.5,2.5,0.25,10981.74,9.8174,3.8232,2.668,1.1052,1.433,28,61.5385,1.627326
5,120,10,0.01,0.5,3.5,2.5,0.35,10981.74,9.8174,3.8232,2.668,1.1052,1.433,28,61.5385,1.627326
5,120,10,0.01,0.75,3.5,2.5,0.15,10981.74,9.8174,3.8232,2.668,1.1052,1.433,28,61.5385,1.627326
5,120,10,0.01,0.75,3.5,2.5,0.25,10981.74,9.8174,3.8232,2.668,1.1052,1.433,28,61.5385,1.627326
5,120,10,0.01,0.75,3.5,2.5,0.35,10981.74,9.8174,3.8232,2.668,1.1052,1.433,28,61.5385,1.627326
5,120,10,0.01,0.95,3.5,2.5,0.15,10981.74,9.8174,3.8232,2.668,1.1052,1.433,28,61.5385,1.627326
5,120,10,0.01,0.95,3.5,2.5,0.25,10981.74,9.8174,3.8232,2.668,1.1052,1.433,28,61.5385,1.627326
5,120,10,0.01,0.95,3.5,2.5,0.35,10981.74,9.8174,3.8232,2.668,1.1052,1.433,28,61.5385,1.627326
5,120,10,0.02,0.5,1.5,2.5,0.15,15249.25,52.4925,18.4175,12.2371,1.1646,1.5051,30,57.1429,1.615604
5,120,10,0.02,0.5,1.5,2.5,0.25,15249.25,52.4925,18.4175,12.2371,1.1646,1.5051,30,57.1429,1.615604
5,120,10,0.02,0.5,1.5,2.5,0.35,15249.25,52.4925,18.4175,12.2371,1.1646,1.5051,30,57.1429,1.615604
5,120,10,0.02,0.75,1.5,2.5,0.15,15249.25,52.4925,18.4175,12.2371,1.1646,1.5051,30,57.1429,1.615604
5,120,10,0.02,0.75,1.5,2.5,0.25,15249.25,52.4925,18.4175,12.2371,1.1646,1.5051,30,57.1429,1.615604
5,120,10,0.02,0.75,1.5,2.5,0.35,15249.25,52.4925,18.4175,12.2371,1.1646,1.5051,30,57.1429,1.615604
5,120,10,0.02,0.95,1.5,2.5,0.15,15249.25,52.4925,18.4175,12.2371,1.1646,1.5051,30,57.1429,1.615604
5,120,10,0.02,0.95,1.5,2.5,0.25,15249.25,52.4925,18.4175,12.2371,1.1646,1.5051,30,57.1429,1.615604
5,120,10,0.02,0.95,1.5,2.5,0.35,15249.25,52.4925,18.4175,12.2371,1.1646,1.5051,30,57.1429,1.615604
10,120,14,0.03,0.5,2.5,4.5,0.15,16602.59,66.0259,22.5209,14.6504,1.1214,1.5372,10,75.0,1.615006
10,120,14,0.03,0.5,2.5,4.5,0.25,16602.59,66.0259,22.5209,14.6504,1.1214,1.5372,10,75.0,1.615006
10,120,14,0.03,0.5,2.5,4.5,0.35,16602.59,66.0259,22.5209,14.6504,1.1214,1.5372,10,75.0,1.615006
10,120,14,0.03,0.75,2.5,4.5,0.15,16602.59,66.0259,22.5209,14.6504,1.1214,1.5372,10,75.0,1.615006
10,120,14,0.03,0.75,2.5,4.5,0.25,16602.59,66.0259,22.5209,14.6504,1.1214,1.5372,10,75.0,1.615006
10,120,14,0.03,0.75,2.5,4.5,0.35,16602.59,66.0259,22.5209,14.6504,1.1214,1.5372,10,75.0,1.615006
10,120,14,0.03,0.95,2.5,4.5,0.15,16602.59,66.0259,22.5209,14.6504,1.1214,1.5372,10,75.0,1.615006
10,120,14,0.03,0.95,2.5,4.5,0.25,16602.59,66.0259,22.5209,14.6504,1.1214,1.5372,10,75.0,1.615006
10,120,14,0.03,0.95,2.5,4.5,0.35,16602.59,66.0259,22.5209,14.6504,1.1214,1.5372,10,75.0,1.615006
5,120,10,0.01,0.5,2.5,2.5,0.15,11376.46,13.7646,5.3024,3.71,1.0946,1.4292,28,61.5385,1.611057
5,120,10,0.01,0.5,2.5,2.5,0.25,11376.46,13.7646,5.3024,3.71,1.0946,1.4292,28,61.5385,1.611057
5,120,10,0.01,0.5,2.5,2.5,0.35,11376.46,13.7646,5.3024,3.71,1.0946,1.4292,28,61.5385,1.611057
5,120,10,0.01,0.75,2.5,2.5,0.15,11376.46,13.7646,5.3024,3.71,1.0946,1.4292,28,61.5385,1.611057
5,120,10,0.01,0.75,2.5,2.5,0.25,11376.46,13.7646,5.3024,3.71,1.0946,1.4292,28,61.5385,1.611057
5,120,10,0.01,0.75,2.5,2.5,0.35,11376.46,13.7646,5.3024,3.71,1.0946,1.4292,28,61.5385,1.611057
5,120,10,0.01,0.95,2.5,2.5,0.15,11376.46,13.7646,5.3024,3.71,1.0946,1.4292,28,61.5385,1.611057
5,120,10,0.01,0.95,2.5,2.5,0.25,11376.46,13.7646,5.3024,3.71,1.0946,1.4292,28,61.5385,1.611057
5,120,10,0.01,0.95,2.5,2.5,0.35,11376.46,13.7646,5.3024,3.71,1.0946,1.4292,28,61.5385,1.611057
10,120,14,0.02,0.5,1.5,3.5,0.15,15801.84,58.0184,20.1184,13.3452,1.1794,1.5075,20,66.6667,1.609955
10,120,14,0.02,0.5,1.5,3.5,0.25,15801.84,58.0184,20.1184,13.3452,1.1794,1.5075,20,66.6667,1.609955
10,120,14,0.02,0.5,1.5,3.5,0.35,15801.84,58.0184,20.1184,13.3452,1.1794,1.5075,20,66.6667,1.609955
10,120,14,0.02,0.75,1.5,3.5,0.15,15801.84,58.0184,20.1184,13.3452,1.1794,1.5075,20,66.6667,1.609955
10,120,14,0.02,0.75,1.5,3.5,0.25,15801.84,58.0184,20.1184,13.3452,1.1794,1.5075,20,66.6667,1.609955
10,120,14,0.02,0.75,1.5,3.5,0.35,15801.84,58.0184,20.1184,13.3452,1.1794,1.5075,20,66.6667,1.609955
10,120,14,0.02,0.95,1.5,3.5,0.15,15801.84,58.0184,20.1184,13.3452,1.1794,1.5075,20,66.6667,1.609955
10,120,14,0.02,0.95,1.5,3.5,0.25,15801.84,58.0184,20.1184,13.3452,1.1794,1.5075,20,66.6667,1.609955
10,120,14,0.02,0.95,1.5,3.5,0.35,15801.84,58.0184,20.1184,13.3452,1.1794,1.5075,20,66.6667,1.609955
10,120,20,0.03,0.5,2.5,4.5,0.25,16821.23,68.2123,23.1648,15.1157,1.1254,1.5325,12,60.0,1.606433
10,120,20,0.03,0.5,2.5,4.5,0.35,16821.23,68.2123,23.1648,15.1157,1.1254,1.5325,12,60.0,1.606433
10,120,20,0.03,0.75,2.5,4.5,0.25,16821.23,68.2123,23.1648,15.1157,1.1254,1.5325,12,60.0,1.606433
10,120,20,0.03,0.75,2.5,4.5,0.35,16821.23,68.2123,23.1648,15.1157,1.1254,1.5325,12,60.0,1.606433
10,120,20,0.03,0.95,2.5,4.5,0.25,16821.23,68.2123,23.1648,15.1157,1.1254,1.5325,12,60.0,1.606433
10,120,20,0.03,0.95,2.5,4.5,0.35,16821.23,68.2123,23.1648,15.1157,1.1254,1.5325,12,60.0,1.606433
20,120,14,0.03,0.5,2.5,2.5,0.15,15265.47,52.6547,18.468,12.6225,1.331,1.4631,30,50.0,1.603068
20,120,14,0.03,0.5,2.5,2.5,0.25,15265.47,52.6547,18.468,12.6225,1.331,1.4631,30,50.0,1.603068
20,120,14,0.03,0.5,2.5,2.5,0.35,15265.47,52.6547,18.468,12.6225,1.331,1.4631,30,50.0,1.603068
20,120,14,0.03,0.75,2.5,2.5,0.15,15265.47,52.6547,18.468,12.6225,1.331,1.4631,30,50.0,1.603068
20,120,14,0.03,0.75,2.5,2.5,0.25,15265.47,52.6547,18.468,12.6225,1.331,1.4631,30,50.0,1.603068
20,120,14,0.03,0.75,2.5,2.5,0.35,15265.47,52.6547,18.468,12.6225,1.331,1.4631,30,50.0,1.603068
20,120,14,0.03,0.95,2.5,2.5,0.15,15265.47,52.6547,18.468,12.6225,1.331,1.4631,30,50.0,1.603068
20,120,14,0.03,0.95,2.5,2.5,0.25,15265.47,52.6547,18.468,12.6225,1.331,1.4631,30,50.0,1.603068
20,120,14,0.03,0.95,2.5,2.5,0.35,15265.47,52.6547,18.468,12.6225,1.331,1.4631,30,50.0,1.603068
5,120,10,0.03,0.5,1.5,2.5,0.25,18448.39,84.4839,27.8064,18.0374,1.1972,1.5416,30,57.1429,1.600654
5,120,10,0.03,0.5,1.5,2.5,0.35,18448.39,84.4839,27.8064,18.0374,1.1972,1.5416,30,57.1429,1.600654
5,120,10,0.03,0.75,1.5,2.5,0.25,18448.39,84.4839,27.8064,18.0374,1.1972,1.5416,30,57.1429,1.600654
5,120,10,0.03,0.75,1.5,2.5,0.35,18448.39,84.4839,27.8064,18.0374,1.1972,1.5416,30,57.1429,1.600654
5,120,10,0.03,0.95,1.5,2.5,0.25,18448.39,84.4839,27.8064,18.0374,1.1972,1.5416,30,57.1429,1.600654
5,120,10,0.03,0.95,1.5,2.5,0.35,18448.39,84.4839,27.8064,18.0374,1.1972,1.5416,30,57.1429,1.600654
10,120,14,0.02,0.5,2.5,2.5,0.15,13419.91,34.1991,12.5074,8.8214,1.3403,1.4178,30,50.0,1.597686
10,120,14,0.02,0.5,2.5,2.5,0.25,13419.91,34.1991,12.5074,8.8214,1.3403,1.4178,30,50.0,1.597686
10,120,14,0.02,0.5,2.5,2.5,0.35,13419.91,34.1991,12.5074,8.8214,1.3403,1.4178,30,50.0,1.597686
10,120,14,0.02,0.75,2.5,2.5,0.15,13419.91,34.1991,12.5074,8.8214,1.3403,1.4178,30,50.0,1.597686
10,120,14,0.02,0.75,2.5,2.5,0.25,13419.91,34.1991,12.5074,8.8214,1.3403,1.4178,30,50.0,1.597686
10,120,14,0.02,0.75,2.5,2.5,0.35,13419.91,34.1991,12.5074,8.8214,1.3403,1.4178,30,50.0,1.597686
10,120,14,0.02,0.95,2.5,2.5,0.15,13419.91,34.1991,12.5074,8.8214,1.3403,1.4178,30,50.0,1.597686
10,120,14,0.02,0.95,2.5,2.5,0.25,13419.91,34.1991,12.5074,8.8214,1.3403,1.4178,30,50.0,1.597686
10,120,14,0.02,0.95,2.5,2.5,0.35,13419.91,34.1991,12.5074,8.8214,1.3403,1.4178,30,50.0,1.597686
5,120,10,0.02,0.5,3.5,2.5,0.15,12032.93,20.3293,7.696,5.3924,1.1162,1.4272,28,61.5385,1.596505
5,120,10,0.02,0.5,3.5,2.5,0.25,12032.93,20.3293,7.696,5.3924,1.1162,1.4272,28,61.5385,1.596505
5,120,10,0.02,0.5,3.5,2.5,0.35,12032.93,20.3293,7.696,5.3924,1.1162,1.4272,28,61.5385,1.596505
5,120,10,0.02,0.75,3.5,2.5,0.15,12032.93,20.3293,7.696,5.3924,1.1162,1.4272,28,61.5385,1.596505
5,120,10,0.02,0.75,3.5,2.5,0.25,12032.93,20.3293,7.696,5.3924,1.1162,1.4272,28,61.5385,1.596505
5,120,10,0.02,0.75,3.5,2.5,0.35,12032.93,20.3293,7.696,5.3924,1.1162,1.4272,28,61.5385,1.596505
5,120,10,0.02,0.95,3.5,2.5,0.15,12032.93,20.3293,7.696,5.3924,1.1162,1.4272,28,61.5385,1.596505
5,120,10,0.02,0.95,3.5,2.5,0.25,12032.93,20.3293,7.696,5.3924,1.1162,1.4272,28,61.5385,1.596505
5,120,10,0.02,0.95,3.5,2.5,0.35,12032.93,20.3293,7.696,5.3924,1.1162,1.4272,28,61.5385,1.596505
5,120,10,0.01,0.5,1.5,2.5,0.15,12419.33,24.1933,9.0684,6.3226,1.1234,1.4343,30,57.1429,1.595738
5,120,10,0.01,0.5,1.5,2.5,0.25,12419.33,24.1933,9.0684,6.3226,1.1234,1.4343,30,57.1429,1.595738
5,120,10,0.01,0.5,1.5,2.5,0.35,12419.33,24.1933,9.0684,6.3226,1.1234,1.4343,30,57.1429,1.595738
5,120,10,0.01,0.75,1.5,2.5,0.15,12419.33,24.1933,9.0684,6.3226,1.1234,1.4343,30,57.1429,1.595738
5,120,10,0.01,0.75,1.5,2.5,0.25,12419.33,24.1933,9.0684,6.3226,1.1234,1.4343,30,57.1429,1.595738
5,120,10,0.01,0.75,1.5,2.5,0.35,12419.33,24.1933,9.0684,6.3226,1.1234,1.4343,30,57.1429,1.595738
5,120,10,0.01,0.95,1.5,2.5,0.15,12419.33,24.1933,9.0684,6.3226,1.1234,1.4343,30,57.1429,1.595738
5,120,10,0.01,0.95,1.5,2.5,0.25,12419.33,24.1933,9.0684,6.3226,1.1234,1.4343,30,57.1429,1.595738
5,120,10,0.01,0.95,1.5,2.5,0.35,12419.33,24.1933,9.0684,6.3226,1.1234,1.4343,30,57.1429,1.595738
10,120,14,0.03,0.5,3.5,4.5,0.15,14729.63,47.2963,16.7841,11.2953,1.1128,1.4859,8,100.0,1.595535
10,120,14,0.03,0.5,3.5,4.5,0.25,14729.63,47.2963,16.7841,11.2953,1.1128,1.4859,8,100.0,1.595535
10,120,14,0.03,0.5,3.5,4.5,0.35,14729.63,47.2963,16.7841,11.2953,1.1128,1.4859,8,100.0,1.595535
10,120,14,0.03,0.75,3.5,4.5,0.15,14729.63,47.2963,16.7841,11.2953,1.1128,1.4859,8,100.0,1.595535
10,120,14,0.03,0.75,3.5,4.5,0.25,14729.63,47.2963,16.7841,11.2953,1.1128,1.4859,8,100.0,1.595535
10,120,14,0.03,0.75,3.5,4.5,0.35,14729.63,47.2963,16.7841,11.2953,1.1128,1.4859,8,100.0,1.595535
10,120,14,0.03,0.95,3.5,4.5,0.15,14729.63,47.2963,16.7841,11.2953,1.1128,1.4859,8,100.0,1.595535
10,120,14,0.03,0.95,3.5,4.5,0.25,14729.63,47.2963,16.7841,11.2953,1.1128,1.4859,8,100.0,1.595535
10,120,14,0.03,0.95,3.5,4.5,0.35,14729.63,47.2963,16.7841,11.2953,1.1128,1.4859,8,100.0,1.595535
10,120,20,0.03,0.5,3.5,4.5,0.15,14813.82,48.1382,17.0511,11.4637,1.1132,1.4874,10,75.0,1.595402
10,120,20,0.03,0.5,3.5,4.5,0.25,14813.82,48.1382,17.0511,11.4637,1.1132,1.4874,10,75.0,1.595402
10,120,20,0.03,0.5,3.5,4.5,0.35,14813.82,48.1382,17.0511,11.4637,1.1132,1.4874,10,75.0,1.595402
10,120,20,0.03,0.75,3.5,4.5,0.15,14813.82,48.1382,17.0511,11.4637,1.1132,1.4874,10,75.0,1.595402
10,120,20,0.03,0.75,3.5,4.5,0.25,14813.82,48.1382,17.0511,11.4637,1.1132,1.4874,10,75.0,1.595402
10,120,20,0.03,0.75,3.5,4.5,0.35,14813.82,48.1382,17.0511,11.4637,1.1132,1.4874,10,75.0,1.595402
10,120,20,0.03,0.95,3.5,4.5,0.15,14813.82,48.1382,17.0511,11.4637,1.1132,1.4874,10,75.0,1.595402
10,120,20,0.03,0.95,3.5,4.5,0.25,14813.82,48.1382,17.0511,11.4637,1.1132,1.4874,10,75.0,1.595402
10,120,20,0.03,0.95,3.5,4.5,0.35,14813.82,48.1382,17.0511,11.4637,1.1132,1.4874,10,75.0,1.595402
5,120,10,0.03,0.5,2.5,2.5,0.15,14608.13,46.0813,16.3972,11.1135,1.1498,1.4754,28,61.5385,1.594258
5,120,10,0.03,0.5,2.5,2.5,0.25,14608.13,46.0813,16.3972,11.1135,1.1498,1.4754,28,61.5385,1.594258
5,120,10,0.03,0.5,2.5,2.5,0.35,14608.13,46.0813,16.3972,11.1135,1.1498,1.4754,28,61.5385,1.594258
5,120,10,0.03,0.75,2.5,2.5,0.15,14608.13,46.0813,16.3972,11.1135,1.1498,1.4754,28,61.5385,1.594258
5,120,10,0.03,0.75,2.5,2.5,0.25,14608.13,46.0813,16.3972,11.1135,1.1498,1.4754,28,61.5385,1.594258
5,120,10,0.03,0.75,2.5,2.5,0.35,14608.13,46.0813,16.3972,11.1135,1.1498,1.4754,28,61.5385,1.594258
5,120,10,0.03,0.95,2.5,2.5,0.15,14608.13,46.0813,16.3972,11.1135,1.1498,1.4754,28,61.5385,1.594258
5,120,10,0.03,0.95,2.5,2.5,0.25,14608.13,46.0813,16.3972,11.1135,1.1498,1.4754,28,61.5385,1.594258
5,120,10,0.03,0.95,2.5,2.5,0.35,14608.13,46.0813,16.3972,11.1135,1.1498,1.4754,28,61.5385,1.594258
5,120,10,0.02,0.5,2.5,2.5,0.15,12923.91,29.2391,10.8226,7.4957,1.122,1.4438,28,61.5385,1.593293
5,120,10,0.02,0.5,2.5,2.5,0.25,12923.91,29.2391,10.8226,7.4957,1.122,1.4438,28,61.5385,1.593293
5,120,10,0.02,0.5,2.5,2.5,0.35,12923.91,29.2391,10.8226,7.4957,1.122,1.4438,28,61.5385,1.593293
5,120,10,0.02,0.75,2.5,2.5,0.15,12923.91,29.2391,10.8226,7.4957,1.122,1.4438,28,61.5385,1.593293
5,120,10,0.02,0.75,2.5,2.5,0.25,12923.91,29.2391,10.8226,7.4957,1.122,1.4438,28,61.5385,1.593293
5,120,10,0.02,0.75,2.5,2.5,0.35,12923.91,29.2391,10.8226,7.4957,1.122,1.4438,28,61.5385,1.593293
5,120,10,0.02,0.95,2.5,2.5,0.15,12923.91,29.2391,10.8226,7.4957,1.122,1.4438,28,61.5385,1.593293
5,120,10,0.02,0.95,2.5,2.5,0.25,12923.91,29.2391,10.8226,7.4957,1.122,1.4438,28,61.5385,1.593293
5,120,10,0.02,0.95,2.5,2.5,0.35,12923.91,29.2391,10.8226,7.4957,1.122,1.4438,28,61.5385,1.593293
10,120,14,0.01,0.5,2.5,2.5,0.15,11638.39,16.3839,6.2672,4.5739,1.3415,1.3702,30,50.0,1.592756
10,120,14,0.01,0.5,2.5,2.5,0.25,11638.39,16.3839,6.2672,4.5739,1.3415,1.3702,30,50.0,1.592756
10,120,14,0.01,0.5,2.5,2.5,0.35,11638.39,16.3839,6.2672,4.5739,1.3415,1.3702,30,50.0,1.592756
10,120,14,0.01,0.75,2.5,2.5,0.15,11638.39,16.3839,6.2672,4.5739,1.3415,1.3702,30,50.0,1.592756
10,120,14,0.01,0.75,2.5,2.5,0.25,11638.39,16.3839,6.2672,4.5739,1.3415,1.3702,30,50.0,1.592756
10,120,14,0.01,0.75,2.5,2.5,0.35,11638.39,16.3839,6.2672,4.5739,1.3415,1.3702,30,50.0,1.592756
10,120,14,0.01,0.95,2.5,2.5,0.15,11638.39,16.3839,6.2672,4.5739,1.3415,1.3702,30,50.0,1.592756
10,120,14,0.01,0.95,2.5,2.5,0.25,11638.39,16.3839,6.2672,4.5739,1.3415,1.3702,30,50.0,1.592756
10,120,14,0.01,0.95,2.5,2.5,0.35,11638.39,16.3839,6.2672,4.5739,1.3415,1.3702,30,50.0,1.592756
20,120,10,0.02,0.5,1.5,4.5,0.25,17225.13,72.2513,24.3412,15.9387,1.103,1.5272,8,100.0,1.588392
20,120,10,0.02,0.5,1.5,4.5,0.35,17225.13,72.2513,24.3412,15.9387,1.103,1.5272,8,100.0,1.588392
20,120,10,0.02,0.75,1.5,4.5,0.25,17225.13,72.2513,24.3412,15.9387,1.103,1.5272,8,100.0,1.588392
20,120,10,0.02,0.75,1.5,4.5,0.35,17225.13,72.2513,24.3412,15.9387,1.103,1.5272,8,100.0,1.588392
20,120,10,0.02,0.95,1.5,4.5,0.25,17225.13,72.2513,24.3412,15.9387,1.103,1.5272,8,100.0,1.588392
20,120,10,0.02,0.95,1.5,4.5,0.35,17225.13,72.2513,24.3412,15.9387,1.103,1.5272,8,100.0,1.588392
10,120,20,0.02,0.5,2.5,3.5,0.15,13319.88,33.1988,12.1707,8.4678,1.1722,1.4373,18,75.0,1.587051
10,120,20,0.02,0.5,2.5,3.5,0.25,13319.88,33.1988,12.1707,8.4678,1.1722,1.4373,18,75.0,1.587051
10,120,20,0.02,0.5,2.5,3.5,0.35,13319.88,33.1988,12.1707,8.4678,1.1722,1.4373,18,75.0,1.587051
10,120,20,0.02,0.75,2.5,3.5,0.15,13319.88,33.1988,12.1707,8.4678,1.1722,1.4373,18,75.0,1.587051
10,120,20,0.02,0.75,2.5,3.5,0.25,13319.88,33.1988,12.1707,8.4678,1.1722,1.4373,18,75.0,1.587051
10,120,20,0.02,0.75,2.5,3.5,0.35,13319.88,33.1988,12.1707,8.4678,1.1722,1.4373,18,75.0,1.587051
10,120,20,0.02,0.95,2.5,3.5,0.15,13319.88,33.1988,12.1707,8.4678,1.1722,1.4373,18,75.0,1.587051
10,120,20,0.02,0.95,2.5,3.5,0.25,13319.88,33.1988,12.1707,8.4678,1.1722,1.4373,18,75.0,1.587051
10,120,20,0.02,0.95,2.5,3.5,0.35,13319.88,33.1988,12.1707,8.4678,1.1722,1.4373,18,75.0,1.587051
20,120,20,0.03,0.5,2.5,4.5,0.15,16595.91,65.9591,22.5012,14.9155,1.1077,1.5086,12,60.0,1.580958
20,120,20,0.03,0.5,2.5,4.5,0.25,16595.91,65.9591,22.5012,14.9155,1.1077,1.5086,12,60.0,1.580958
20,120,20,0.03,0.5,2.5,4.5,0.35,16595.91,65.9591,22.5012,14.9155,1.1077,1.5086,12,60.0,1.580958
20,120,20,0.03,0.75,2.5,4.5,0.15,16595.91,65.9591,22.5012,14.9155,1.1077,1.5086,12,60.0,1.580958
20,120,20,0.03,0.75,2.5,4.5,0.25,16595.91,65.9591,22.5012,14.9155,1.1077,1.5086,12,60.0,1.580958
20,120,20,0.03,0.75,2.5,4.5,0.35,16595.91,65.9591,22.5012,14.9155,1.1077,1.5086,12,60.0,1.580958
20,120,20,0.03,0.95,2.5,4.5,0.15,16595.91,65.9591,22.5012,14.9155,1.1077,1.5086,12,60.0,1.580958
20,120,20,0.03,0.95,2.5,4.5,0.25,16595.91,65.9591,22.5012,14.9155,1.1077,1.5086,12,60.0,1.580958
20,120,20,0.03,0.95,2.5,4.5,0.35,16595.91,65.9591,22.5012,14.9155,1.1077,1.5086,12,60.0,1.580958
20,30,14,0.03,0.5,3.5,4.5,0.15,14294.96,42.9496,13.3417,9.2426,1.1158,1.4435,30,78.5714,1.574228
20,30,14,0.03,0.5,3.5,4.5,0.25,14294.96,42.9496,13.3417,9.2426,1.1158,1.4435,30,78.5714,1.574228
20,30,14,0.03,0.5,3.5,4.5,0.35,14294.96,42.9496,13.3417,9.2426,1.1158,1.4435,30,78.5714,1.574228
20,30,14,0.03,0.75,3.5,4.5,0.15,14294.96,42.9496,13.3417,9.2426,1.1158,1.4435,30,78.5714,1.574228
20,30,14,0.03,0.75,3.5,4.5,0.25,14294.96,42.9496,13.3417,9.2426,1.1158,1.4435,30,78.5714,1.574228
20,30,14,0.03,0.75,3.5,4.5,0.35,14294.96,42.9496,13.3417,9.2426,1.1158,1.4435,30,78.5714,1.574228
20,30,14,0.03,0.95,3.5,4.5,0.15,14294.96,42.9496,13.3417,9.2426,1.1158,1.4435,30,78.5714,1.574228
20,30,14,0.03,0.95,3.5,4.5,0.25,14294.96,42.9496,13.3417,9.2426,1.1158,1.4435,30,78.5714,1.574228
20,30,14,0.03,0.95,3.5,4.5,0.35,14294.96,42.9496,13.3417,9.2426,1.1158,1.4435,30,78.5714,1.574228
20,120,20,0.03,0.5,2.5,3.5,0.15,14982.09,49.8209,17.5819,12.0441,1.1659,1.4598,18,75.0,1.572545
20,120,20,0.03,0.5,2.5,3.5,0.25,14982.09,49.8209,17.5819,12.0441,1.1659,1.4598,18,75.0,1.572545
20,120,20,0.03,0.5,2.5,3.5,0.35,14982.09,49.8209,17.5819,12.0441,1.1659,1.4598,18,75.0,1.572545
20,120,20,0.03,0.75,2.5,3.5,0.15,14982.09,49.8209,17.5819,12.0441,1.1659,1.4598,18,75.0,1.572545
20,120,20,0.03,0.75,2.5,3.5,0.25,14982.09,49.8209,17.5819,12.0441,1.1659,1.4598,18,75.0,1.572545
20,120,20,0.03,0.75,2.5,3.5,0.35,14982.09,49.8209,17.5819,12.0441,1.1659,1.4598,18,75.0,1.572545
20,120,20,0.03,0.95,2.5,3.5,0.15,14982.09,49.8209,17.5819,12.0441,1.1659,1.4598,18,75.0,1.572545
20,120,20,0.03,0.95,2.5,3.5,0.25,14982.09,49.8209,17.5819,12.0441,1.1659,1.4598,18,75.0,1.572545
20,120,20,0.03,0.95,2.5,3.5,0.35,14982.09,49.8209,17.5819,12.0441,1.1659,1.4598,18,75.0,1.572545
20,120,14,0.03,0.5,2.5,4.5,0.15,16464.81,64.6481,22.1126,14.7673,1.0987,1.4974,10,75.0,1.569464
20,120,14,0.03,0.5,2.5,4.5,0.25,16464.81,64.6481,22.1126,14.7673,1.0987,1.4974,10,75.0,1.569464
20,120,14,0.03,0.5,2.5,4.5,0.35,16464.81,64.6481,22.1126,14.7673,1.0987,1.4974,10,75.0,1.569464
20,120,14,0.03,0.75,2.5,4.5,0.15,16464.81,64.6481,22.1126,14.7673,1.0987,1.4974,10,75.0,1.569464
20,120,14,0.03,0.75,2.5,4.5,0.25,16464.81,64.6481,22.1126,14.7673,1.0987,1.4974,10,75.0,1.569464
20,120,14,0.03,0.75,2.5,4.5,0.35,16464.81,64.6481,22.1126,14.7673,1.0987,1.4974,10,75.0,1.569464
20,120,14,0.03,0.95,2.5,4.5,0.15,16464.81,64.6481,22.1126,14.7673,1.0987,1.4974,10,75.0,1.569464
20,120,14,0.03,0.95,2.5,4.5,0.25,16464.81,64.6481,22.1126,14.7673,1.0987,1.4974,10,75.0,1.569464
20,120,14,0.03,0.95,2.5,4.5,0.35,16464.81,64.6481,22.1126,14.7673,1.0987,1.4974,10,75.0,1.569464
20,120,14,0.03,0.5,3.5,4.5,0.15,14608.54,46.0854,16.3985,11.2328,1.0934,1.4599,8,100.0,1.566233
20,120,14,0.03,0.5,3.5,4.5,0.25,14608.54,46.0854,16.3985,11.2328,1.0934,1.4599,8,100.0,1.566233
20,120,14,0.03,0.5,3.5,4.5,0.35,14608.54,46.0854,16.3985,11.2328,1.0934,1.4599,8,100.0,1.566233
20,120,14,0.03,0.75,3.5,4.5,0.15,14608.54,46.0854,16.3985,11.2328,1.0934,1.4599,8,100.0,1.566233
20,120,14,0.03,0.75,3.5,4.5,0.25,14608.54,46.0854,16.3985,11.2328,1.0934,1.4599,8,100.0,1.566233
20,120,14,0.03,0.75,3.5,4.5,0.35,14608.54,46.0854,16.3985,11.2328,1.0934,1.4599,8,100.0,1.566233
20,120,14,0.03,0.95,3.5,4.5,0.15,14608.54,46.0854,16.3985,11.2328,1.0934,1.4599,8,100.0,1.566233
20,120,14,0.03,0.95,3.5,4.5,0.25,14608.54,46.0854,16.3985,11.2328,1.0934,1.4599,8,100.0,1.566233
20,120,14,0.03,0.95,3.5,4.5,0.35,14608.54,46.0854,16.3985,11.2328,1.0934,1.4599,8,100.0,1.566233
10,120,14,0.02,0.5,3.5,2.5,0.15,12309.64,23.0964,8.6815,6.3513,1.3119,1.3669,30,50.0,1.565743
10,120,14,0.02,0.5,3.5,2.5,0.25,12309.64,23.0964,8.6815,6.3513,1.3119,1.3669,30,50.0,1.565743
10,120,14,0.02,0.5,3.5,2.5,0.35,12309.64,23.0964,8.6815,6.3513,1.3119,1.3669,30,50.0,1.565743
10,120,14,0.02,0.75,3.5,2.5,0.15,12309.64,23.0964,8.6815,6.3513,1.3119,1.3669,30,50.0,1.565743
10,120,14,0.02,0.75,3.5,2.5,0.25,12309.64,23.0964,8.6815,6.3513,1.3119,1.3669,30,50.0,1.565743
10,120,14,0.02,0.75,3.5,2.5,0.35,12309.64,23.0964,8.6815,6.3513,1.3119,1.3669,30,50.0,1.565743
10,120,14,0.02,0.95,3.5,2.5,0.15,12309.64,23.0964,8.6815,6.3513,1.3119,1.3669,30,50.0,1.565743
10,120,14,0.02,0.95,3.5,2.5,0.25,12309.64,23.0964,8.6815,6.3513,1.3119,1.3669,30,50.0,1.565743
10,120,14,0.02,0.95,3.5,2.5,0.35,12309.64,23.0964,8.6815,6.3513,1.3119,1.3669,30,50.0,1.565743
10,120,10,0.03,0.5,3.5,4.5,0.15,14287.01,42.8701,15.3653,10.5404,1.0626,1.4577,8,100.0,1.564872
10,120,10,0.03,0.5,3.5,4.5,0.25,14287.01,42.8701,15.3653,10.5404,1.0626,1.4577,8,100.0,1.564872
10,120,10,0.03,0.5,3.5,4.5,0.35,14287.01,42.8701,15.3653,10.5404,1.0626,1.4577,8,100.0,1.564872
10,120,10,0.03,0.75,3.5,4.5,0.15,14287.01,42.8701,15.3653,10.5404,1.0626,1.4577,8,100.0,1.564872
10,120,10,0.03,0.75,3.5,4.5,0.25,14287.01,42.8701,15.3653,10.5404,1.0626,1.4577,8,100.0,1.564872
10,120,10,0.03,0.75,3.5,4.5,0.35,14287.01,42.8701,15.3653,10.5404,1.0626,1.4577,8,100.0,1.564872
10,120,10,0.03,0.95,3.5,4.5,0.15,14287.01,42.8701,15.3653,10.5404,1.0626,1.4577,8,100.0,1.564872
10,120,10,0.03,0.95,3.5,4.5,0.25,14287.01,42.8701,15.3653,10.5404,1.0626,1.4577,8,100.0,1.564872
10,120,10,0.03,0.95,3.5,4.5,0.35,14287.01,42.8701,15.3653,10.5404,1.0626,1.4577,8,100.0,1.564872
5,120,10,0.03,0.5,3.5,2.5,0.15,13121.51,31.2151,11.4984,8.0888,1.1195,1.4215,28,61.5385,1.56454
5,120,10,0.03,0.5,3.5,2.5,0.25,13121.51,31.2151,11.4984,8.0888,1.1195,1.4215,28,61.5385,1.56454
5,120,10,0.03,0.5,3.5,2.5,0.35,13121.51,31.2151,11.4984,8.0888,1.1195,1.4215,28,61.5385,1.56454
5,120,10,0.03,0.75,3.5,2.5,0.15,13121.51,31.2151,11.4984,8.0888,1.1195,1.4215,28,61.5385,1.56454
5,120,10,0.03,0.75,3.5,2.5,0.25,13121.51,31.2151,11.4984,8.0888,1.1195,1.4215,28,61.5385,1.56454
5,120,10,0.03,0.75,3.5,2.5,0.35,13121.51,31.2151,11.4984,8.0888,1.1195,1.4215,28,61.5385,1.56454
5,120,10,0.03,0.95,3.5,2.5,0.15,13121.51,31.2151,11.4984,8.0888,1.1195,1.4215,28,61.5385,1.56454
5,120,10,0.03,0.95,3.5,2.5,0.25,13121.51,31.2151,11.4984,8.0888,1.1195,1.4215,28,61.5385,1.56454
5,120,10,0.03,0.95,3.5,2.5,0.35,13121.51,31.2151,11.4984,8.0888,1.1195,1.4215,28,61.5385,1.56454
20,120,14,0.01,0.5,2.5,2.5,0.15,11594.89,15.9489,6.1079,4.5563,1.3129,1.3405,30,50.0,1.557543
20,120,14,0.01,0.5,2.5,2.5,0.25,11594.89,15.9489,6.1079,4.5563,1.3129,1.3405,30,50.0,1.557543
20,120,14,0.01,0.5,2.5,2.5,0.35,11594.89,15.9489,6.1079,4.5563,1.3129,1.3405,30,50.0,1.557543
20,120,14,0.01,0.75,2.5,2.5,0.15,11594.89,15.9489,6.1079,4.5563,1.3129,1.3405,30,50.0,1.557543
20,120,14,0.01,0.75,2.5,2.5,0.25,11594.89,15.9489,6.1079,4.5563,1.3129,1.3405,30,50.0,1.557543
20,120,14,0.01,0.75,2.5,2.5,0.35,11594.89,15.9489,6.1079,4.5563,1.3129,1.3405,30,50.0,1.557543
20,120,14,0.01,0.95,2.5,2.5,0.15,11594.89,15.9489,6.1079,4.5563,1.3129,1.3405,30,50.0,1.557543
20,120,14,0.01,0.95,2.5,2.5,0.25,11594.89,15.9489,6.1079,4.5563,1.3129,1.3405,30,50.0,1.557543
20,120,14,0.01,0.95,2.5,2.5,0.35,11594.89,15.9489,6.1079,4.5563,1.3129,1.3405,30,50.0,1.557543
20,120,14,0.02,0.5,2.5,2.5,0.15,13340.63,33.4063,12.2406,8.8505,1.3137,1.383,30,50.0,1.55729
20,120,14,0.02,0.5,2.5,2.5,0.25,13340.63,33.4063,12.2406,8.8505,1.3137,1.383,30,50.0,1.55729
20,120,14,0.02,0.5,2.5,2.5,0.35,13340.63,33.4063,12.2406,8.8505,1.3137,1.383,30,50.0,1.55729
20,120,14,0.02,0.75,2.5,2.5,0.15,13340.63,33.4063,12.2406,8.8505,1.3137,1.383,30,50.0,1.55729
20,120,14,0.02,0.75,2.5,2.5,0.25,13340.63,33.4063,12.2406,8.8505,1.3137,1.383,30,50.0,1.55729
20,120,14,0.02,0.75,2.5,2.5,0.35,13340.63,33.4063,12.2406,8.8505,1.3137,1.383,30,50.0,1.55729
20,120,14,0.02,0.95,2.5,2.5,0.15,13340.63,33.4063,12.2406,8.8505,1.3137,1.383,30,50.0,1.55729
20,120,14,0.02,0.95,2.5,2.5,0.25,13340.63,33.4063,12.2406,8.8505,1.3137,1.383,30,50.0,1.55729
20,120,14,0.02,0.95,2.5,2.5,0.35,13340.63,33.4063,12.2406,8.8505,1.3137,1.383,30,50.0,1.55729
20,120,10,0.03,0.5,2.5,4.5,0.15,16362.48,63.6248,21.808,14.6691,1.0837,1.4867,8,100.0,1.556705
20,120,10,0.03,0.5,2.5,4.5,0.25,16362.48,63.6248,21.808,14.6691,1.0837,1.4867,8,100.0,1.556705
20,120,10,0.03,0.5,2.5,4.5,0.35,16362.48,63.6248,21.808,14.6691,1.0837,1.4867,8,100.0,1.556705
20,120,10,0.03,0.75,2.5,4.5,0.15,16362.48,63.6248,21.808,14.6691,1.0837,1.4867,8,100.0,1.556705
20,120,10,0.03,0.75,2.5,4.5,0.25,16362.48,63.6248,21.808,14.6691,1.0837,1.4867,8,100.0,1.556705
20,120,10,0.03,0.75,2.5,4.5,0.35,16362.48,63.6248,21.808,14.6691,1.0837,1.4867,8,100.0,1.556705
20,120,10,0.03,0.95,2.5,4.5,0.15,16362.48,63.6248,21.808,14.6691,1.0837,1.4867,8,100.0,1.556705
20,120,10,0.03,0.95,2.5,4.5,0.25,16362.48,63.6248,21.808,14.6691,1.0837,1.4867,8,100.0,1.556705
20,120,10,0.03,0.95,2.5,4.5,0.35,16362.48,63.6248,21.808,14.6691,1.0837,1.4867,8,100.0,1.556705
20,30,14,0.02,0.5,3.5,4.5,0.15,12714.37,27.1437,8.7812,6.277,1.0933,1.399,30,78.5714,1.554845
20,30,14,0.02,0.5,3.5,4.5,0.25,12714.37,27.1437,8.7812,6.277,1.0933,1.399,30,78.5714,1.554845
20,30,14,0.02,0.5,3.5,4.5,0.35,12714.37,27.1437,8.7812,6.277,1.0933,1.399,30,78.5714,1.554845
20,30,14,0.02,0.75,3.5,4.5,0.15,12714.37,27.1437,8.7812,6.277,1.0933,1.399,30,78.5714,1.554845
20,30,14,0.02,0.75,3.5,4.5,0.25,12714.37,27.1437,8.7812,6.277,1.0933,1.399,30,78.5714,1.554845
20,30,14,0.02,0.75,3.5,4.5,0.35,12714.37,27.1437,8.7812,6.277,1.0933,1.399,30,78.5714,1.554845
20,30,14,0.02,0.95,3.5,4.5,0.15,12714.37,27.1437,8.7812,6.277,1.0933,1.399,30,78.5714,1.554845
20,30,14,0.02,0.95,3.5,4.5,0.25,12714.37,27.1437,8.7812,6.277,1.0933,1.399,30,78.5714,1.554845
20,30,14,0.02,0.95,3.5,4.5,0.35,12714.37,27.1437,8.7812,6.277,1.0933,1.399,30,78.5714,1.554845
10,120,10,0.02,0.5,2.5,4.5,0.15,14017.2,40.172,14.4874,10.0508,1.0591,1.4414,8,100.0,1.552737
10,120,10,0.02,0.5,2.5,4.5,0.25,14017.2,40.172,14.4874,10.0508,1.0591,1.4414,8,100.0,1.552737
10,120,10,0.02,0.5,2.5,4.5,0.35,14017.2,40.172,14.4874,10.0508,1.0591,1.4414,8,100.0,1.552737
10,120,10,0.02,0.75,2.5,4.5,0.15,14017.2,40.172,14.4874,10.0508,1.0591,1.4414,8,100.0,1.552737
10,120,10,0.02,0.75,2.5,4.5,0.25,14017.2,40.172,14.4874,10.0508,1.0591,1.4414,8,100.0,1.552737
10,120,10,0.02,0.75,2.5,4.5,0.35,14017.2,40.172,14.4874,10.0508,1.0591,1.4414,8,100.0,1.552737
10,120,10,0.02,0.95,2.5,4.5,0.15,14017.2,40.172,14.4874,10.0508,1.0591,1.4414,8,100.0,1.552737
10,120,10,0.02,0.95,2.5,4.5,0.25,14017.2,40.172,14.4874,10.0508,1.0591,1.4414,8,100.0,1.552737
10,120,10,0.02,0.95,2.5,4.5,0.35,14017.2,40.172,14.4874,10.0508,1.0591,1.4414,8,100.0,1.552737
20,120,14,0.02,0.5,1.5,3.5,0.15,15626.47,56.2647,19.5825,13.5065,1.1523,1.4499,20,66.6667,1.545254
20,120,14,0.02,0.5,1.5,3.5,0.25,15626.47,56.2647,19.5825,13.5065,1.1523,1.4499,20,66.6667,1.545254
20,120,14,0.02,0.5,1.5,3.5,0.35,15626.47,56.2647,19.5825,13.5065,1.1523,1.4499,20,66.6667,1.545254
20,120,14,0.02,0.75,1.5,3.5,0.15,15626.47,56.2647,19.5825,13.5065,1.1523,1.4499,20,66.6667,1.545254
20,120,14,0.02,0.75,1.5,3.5,0.25,15626.47,56.2647,19.5825,13.5065,1.1523,1.4499,20,66.6667,1.545254
20,120,14,0.02,0.75,1.5,3.5,0.35,15626.47,56.2647,19.5825,13.5065,1.1523,1.4499,20,66.6667,1.545254
20,120,14,0.02,0.95,1.5,3.5,0.15,15626.47,56.2647,19.5825,13.5065,1.1523,1.4499,20,66.6667,1.545254
20,120,14,0.02,0.95,1.5,3.5,0.25,15626.47,56.2647,19.5825,13.5065,1.1523,1.4499,20,66.6667,1.545254
20,120,14,0.02,0.95,1.5,3.5,0.35,15626.47,56.2647,19.5825,13.5065,1.1523,1.4499,20,66.6667,1.545254
20,30,14,0.01,0.5,3.5,4.5,0.15,11292.86,12.9286,4.3535,3.2029,1.0817,1.3592,30,78.5714,1.543562
20,30,14,0.01,0.5,3.5,4.5,0.25,11292.86,12.9286,4.3535,3.2029,1.0817,1.3592,30,78.5714,1.543562
20,30,14,0.01,0.5,3.5,4.5,0.35,11292.86,12.9286,4.3535,3.2029,1.0817,1.3592,30,78.5714,1.543562
20,30,14,0.01,0.75,3.5,4.5,0.15,11292.86,12.9286,4.3535,3.2029,1.0817,1.3592,30,78.5714,1.543562
20,30,14,0.01,0.75,3.5,4.5,0.25,11292.86,12.9286,4.3535,3.2029,1.0817,1.3592,30,78.5714,1.543562
20,30,14,0.01,0.75,3.5,4.5,0.35,11292.86,12.9286,4.3535,3.2029,1.0817,1.3592,30,78.5714,1.543562
20,30,14,0.01,0.95,3.5,4.5,0.15,11292.86,12.9286,4.3535,3.2029,1.0817,1.3592,30,78.5714,1.543562
20,30,14,0.01,0.95,3.5,4.5,0.25,11292.86,12.9286,4.3535,3.2029,1.0817,1.3592,30,78.5714,1.543562
20,30,14,0.01,0.95,3.5,4.5,0.35,11292.86,12.9286,4.3535,3.2029,1.0817,1.3592,30,78.5714,1.543562
20,120,14,0.03,0.5,3.5,2.5,0.15,13548.62,35.4862,12.9385,9.3993,1.305,1.3765,30,50.0,1.543539
20,120,14,0.03,0.5,3.5,2.5,0.25,13548.62,35.4862,12.9385,9.3993,1.305,1.3765,30,50.0,1.543539
20,120,14,0.03,0.5,3.5,2.5,0.35,13548.62,35.4862,12.9385,9.3993,1.305,1.3765,30,50.0,1.543539
20,120,14,0.03,0.75,3.5,2.5,0.15,13548.62,35.4862,12.9385,9.3993,1.305,1.3765,30,50.0,1.543539
20,120,14,0.03,0.75,3.5,2.5,0.25,13548.62,35.4862,12.9385,9.3993,1.305,1.3765,30,50.0,1.543539
20,120,14,0.03,0.75,3.5,2.5,0.35,13548.62,35.4862,12.9385,9.3993,1.305,1.3765,30,50.0,1.543539
20,120,14,0.03,0.95,3.5,2.5,0.15,13548.62,35.4862,12.9385,9.3993,1.305,1.3765,30,50.0,1.543539
20,120,14,0.03,0.95,3.5,2.5,0.25,13548.62,35.4862,12.9385,9.3993,1.305,1.3765,30,50.0,1.543539
20,120,14,0.03,0.95,3.5,2.5,0.35,13548.62,35.4862,12.9385,9.3993,1.305,1.3765,30,50.0,1.543539
20,120,10,0.03,0.5,1.5,3.5,0.25,18483.81,84.8381,27.9046,18.6845,1.1563,1.4935,20,66.6667,1.53788
20,120,10,0.03,0.5,1.5,3.5,0.35,18483.81,84.8381,27.9046,18.6845,1.1563,1.4935,20,66.6667,1.53788
20,120,10,0.03,0.75,1.5,3.5,0.25,18483.81,84.8381,27.9046,18.6845,1.1563,1.4935,20,66.6667,1.53788
20,120,10,0.03,0.75,1.5,3.5,0.35,18483.81,84.8381,27.9046,18.6845,1.1563,1.4935,20,66.6667,1.53788
20,120,10,0.03,0.95,1.5,3.5,0.25,18483.81,84.8381,27.9046,18.6845,1.1563,1.4935,20,66.6667,1.53788
20,120,10,0.03,0.95,1.5,3.5,0.35,18483.81,84.8381,27.9046,18.6845,1.1563,1.4935,20,66.6667,1.53788
20,30,14,0.03,0.5,1.5,2.5,0.25,19691.83,96.9183,26.807,18.1946,1.2158,1.4734,42,60.0,1.534567
20,30,14,0.03,0.5,1.5,2.5,0.35,19691.83,96.9183,26.807,18.1946,1.2158,1.4734,42,60.0,1.534567
20,30,14,0.03,0.75,1.5,2.5,0.25,19691.83,96.9183,26.807,18.1946,1.2158,1.4734,42,60.0,1.534567
20,30,14,0.03,0.75,1.5,2.5,0.35,19691.83,96.9183,26.807,18.1946,1.2158,1.4734,42,60.0,1.534567
20,30,14,0.03,0.95,1.5,2.5,0.25,19691.83,96.9183,26.807,18.1946,1.2158,1.4734,42,60.0,1.534567
20,30,14,0.03,0.95,1.5,2.5,0.35,19691.83,96.9183,26.807,18.1946,1.2158,1.4734,42,60.0,1.534567
10,120,20,0.02,0.5,3.5,4.5,0.15,13100.14,31.0014,11.4256,8.2,1.0818,1.3934,10,75.0,1.527719
10,120,20,0.02,0.5,3.5,4.5,0.25,13100.14,31.0014,11.4256,8.2,1.0818,1.3934,10,75.0,1.527719
10,120,20,0.02,0.5,3.5,4.5,0.35,13100.14,31.0014,11.4256,8.2,1.0818,1.3934,10,75.0,1.527719
10,120,20,0.02,0.75,3.5,4.5,0.15,13100.14,31.0014,11.4256,8.2,1.0818,1.3934,10,75.0,1.527719
10,120,20,0.02,0.75,3.5,4.5,0.25,13100.14,31.0014,11.4256,8.2,1.0818,1.3934,10,75.0,1.527719
10,120,20,0.02,0.75,3.5,4.5,0.35,13100.14,31.0014,11.4256,8.2,1.0818,1.3934,10,75.0,1.527719
10,120,20,0.02,0.95,3.5,4.5,0.15,13100.14,31.0014,11.4256,8.2,1.0818,1.3934,10,75.0,1.527719
10,120,20,0.02,0.95,3.5,4.5,0.25,13100.14,31.0014,11.4256,8.2,1.0818,1.3934,10,75.0,1.527719
10,120,20,0.02,0.95,3.5,4.5,0.35,13100.14,31.0014,11.4256,8.2,1.0818,1.3934,10,75.0,1.527719
10,120,10,0.02,0.5,1.5,3.5,0.15,15415.58,54.1558,18.9333,13.2642,1.1426,1.4274,20,66.6667,1.523285
10,120,10,0.02,0.5,1.5,3.5,0.25,15415.58,54.1558,18.9333,13.2642,1.1426,1.4274,20,66.6667,1.523285
10,120,10,0.02,0.5,1.5,3.5,0.35,15415.58,54.1558,18.9333,13.2642,1.1426,1.4274,20,66.6667,1.523285
10,120,10,0.02,0.75,1.5,3.5,0.15,15415.58,54.1558,18.9333,13.2642,1.1426,1.4274,20,66.6667,1.523285
10,120,10,0.02,0.75,1.5,3.5,0.25,15415.58,54.1558,18.9333,13.2642,1.1426,1.4274,20,66.6667,1.523285
10,120,10,0.02,0.75,1.5,3.5,0.35,15415.58,54.1558,18.9333,13.2642,1.1426,1.4274,20,66.6667,1.523285
10,120,10,0.02,0.95,1.5,3.5,0.15,15415.58,54.1558,18.9333,13.2642,1.1426,1.4274,20,66.6667,1.523285
10,120,10,0.02,0.95,1.5,3.5,0.25,15415.58,54.1558,18.9333,13.2642,1.1426,1.4274,20,66.6667,1.523285
10,120,10,0.02,0.95,1.5,3.5,0.35,15415.58,54.1558,18.9333,13.2642,1.1426,1.4274,20,66.6667,1.523285
10,120,14,0.03,0.5,2.5,3.5,0.15,14884.56,48.8456,17.2747,12.1799,1.1238,1.4183,20,66.6667,1.521251
10,120,14,0.03,0.5,2.5,3.5,0.25,14884.56,48.8456,17.2747,12.1799,1.1238,1.4183,20,66.6667,1.521251
10,120,14,0.03,0.5,2.5,3.5,0.35,14884.56,48.8456,17.2747,12.1799,1.1238,1.4183,20,66.6667,1.521251
10,120,14,0.03,0.75,2.5,3.5,0.15,14884.56,48.8456,17.2747,12.1799,1.1238,1.4183,20,66.6667,1.521251
10,120,14,0.03,0.75,2.5,3.5,0.25,14884.56,48.8456,17.2747,12.1799,1.1238,1.4183,20,66.6667,1.521251
10,120,14,0.03,0.75,2.5,3.5,0.35,14884.56,48.8456,17.2747,12.1799,1.1238,1.4183,20,66.6667,1.521251
10,120,14,0.03,0.95,2.5,3.5,0.15,14884.56,48.8456,17.2747,12.1799,1.1238,1.4183,20,66.6667,1.521251
10,120,14,0.03,0.95,2.5,3.5,0.25,14884.56,48.8456,17.2747,12.1799,1.1238,1.4183,20,66.6667,1.521251
10,120,14,0.03,0.95,2.5,3.5,0.35,14884.56,48.8456,17.2747,12.1799,1.1238,1.4183,20,66.6667,1.521251
10,120,14,0.01,0.5,1.5,3.5,0.15,12697.06,26.9706,10.0391,7.3602,1.1372,1.364,20,66.6667,1.517825
10,120,14,0.01,0.5,1.5,3.5,0.25,12697.06,26.9706,10.0391,7.3602,1.1372,1.364,20,66.6667,1.517825
10,120,14,0.01,0.5,1.5,3.5,0.35,12697.06,26.9706,10.0391,7.3602,1.1372,1.364,20,66.6667,1.517825
10,120,14,0.01,0.75,1.5,3.5,0.15,12697.06,26.9706,10.0391,7.3602,1.1372,1.364,20,66.6667,1.517825
10,120,14,0.01,0.75,1.5,3.5,0.25,12697.06,26.9706,10.0391,7.3602,1.1372,1.364,20,66.6667,1.517825
10,120,14,0.01,0.75,1.5,3.5,0.35,12697.06,26.9706,10.0391,7.3602,1.1372,1.364,20,66.6667,1.517825
10,120,14,0.01,0.95,1.5,3.5,0.15,12697.06,26.9706,10.0391,7.3602,1.1372,1.364,20,66.6667,1.517825
10,120,14,0.01,0.95,1.5,3.5,0.25,12697.06,26.9706,10.0391,7.3602,1.1372,1.364,20,66.6667,1.517825
10,120,14,0.01,0.95,1.5,3.5,0.35,12697.06,26.9706,10.0391,7.3602,1.1372,1.364,20,66.6667,1.517825
20,30,14,0.02,0.5,1.5,2.5,0.15,15907.85,59.0785,17.669,12.5736,1.1847,1.4052,42,60.0,1.516455
20,30,14,0.02,0.5,1.5,2.5,0.25,15907.85,59.0785,17.669,12.5736,1.1847,1.4052,42,60.0,1.516455
20,30,14,0.02,0.5,1.5,2.5,0.35,15907.85,59.0785,17.669,12.5736,1.1847,1.4052,42,60.0,1.516455
20,30,14,0.02,0.75,1.5,2.5,0.15,15907.85,59.0785,17.669,12.5736,1.1847,1.4052,42,60.0,1.516455
20,30,14,0.02,0.75,1.5,2.5,0.25,15907.85,59.0785,17.669,12.5736,1.1847,1.4052,42,60.0,1.516455
20,30,14,0.02,0.75,1.5,2.5,0.35,15907.85,59.0785,17.669,12.5736,1.1847,1.4052,42,60.0,1.516455
20,30,14,0.02,0.95,1.5,2.5,0.15,15907.85,59.0785,17.669,12.5736,1.1847,1.4052,42,60.0,1.516455
20,30,14,0.02,0.95,1.5,2.5,0.25,15907.85,59.0785,17.669,12.5736,1.1847,1.4052,42,60.0,1.516455
20,30,14,0.02,0.95,1.5,2.5,0.35,15907.85,59.0785,17.669,12.5736,1.1847,1.4052,42,60.0,1.516455
20,30,14,0.03,0.5,2.5,2.5,0.15,15224.62,52.2462,15.8724,11.4101,1.1775,1.3911,42,60.0,1.512482
20,30,14,0.03,0.5,2.5,2.5,0.25,15224.62,52.2462,15.8724,11.4101,1.1775,1.3911,42,60.0,1.512482
20,30,14,0.03,0.5,2.5,2.5,0.35,15224.62,52.2462,15.8724,11.4101,1.1775,1.3911,42,60.0,1.512482
20,30,14,0.03,0.75,2.5,2.5,0.15,15224.62,52.2462,15.8724,11.4101,1.1775,1.3911,42,60.0,1.512482
20,30,14,0.03,0.75,2.5,2.5,0.25,15224.62,52.2462,15.8724,11.4101,1.1775,1.3911,42,60.0,1.512482
20,30,14,0.03,0.75,2.5,2.5,0.35,15224.62,52.2462,15.8724,11.4101,1.1775,1.3911,42,60.0,1.512482
20,30,14,0.03,0.95,2.5,2.5,0.15,15224.62,52.2462,15.8724,11.4101,1.1775,1.3911,42,60.0,1.512482
20,30,14,0.03,0.95,2.5,2.5,0.25,15224.62,52.2462,15.8724,11.4101,1.1775,1.3911,42,60.0,1.512482
20,30,14,0.03,0.95,2.5,2.5,0.35,15224.62,52.2462,15.8724,11.4101,1.1775,1.3911,42,60.0,1.512482
10,120,20,0.03,0.5,1.5,3.5,0.25,18652.53,86.5253,28.3711,19.2948,1.1749,1.4704,24,54.5455,1.512441
10,120,20,0.03,0.5,1.5,3.5,0.35,18652.53,86.5253,28.3711,19.2948,1.1749,1.4704,24,54.5455,1.512441
10,120,20,0.03,0.75,1.5,3.5,0.25,18652.53,86.5253,28.3711,19.2948,1.1749,1.4704,24,54.5455,1.512441
10,120,20,0.03,0.75,1.5,3.5,0.35,18652.53,86.5253,28.3711,19.2948,1.1749,1.4704,24,54.5455,1.512441
10,120,20,0.03,0.95,1.5,3.5,0.25,18652.53,86.5253,28.3711,19.2948,1.1749,1.4704,24,54.5455,1.512441
10,120,20,0.03,0.95,1.5,3.5,0.35,18652.53,86.5253,28.3711,19.2948,1.1749,1.4704,24,54.5455,1.512441
20,30,10,0.03,0.5,1.5,2.5,0.25,20590.16,105.9016,28.8053,19.687,1.2149,1.4632,38,77.7778,1.509273
20,30,10,0.03,0.5,1.5,2.5,0.35,20590.16,105.9016,28.8053,19.687,1.2149,1.4632,38,77.7778,1.509273
20,30,10,0.03,0.75,1.5,2.5,0.25,20590.16,105.9016,28.8053,19.687,1.2149,1.4632,38,77.7778,1.509273
20,30,10,0.03,0.75,1.5,2.5,0.35,20590.16,105.9016,28.8053,19.687,1.2149,1.4632,38,77.7778,1.509273
20,30,10,0.03,0.95,1.5,2.5,0.25,20590.16,105.9016,28.8053,19.687,1.2149,1.4632,38,77.7778,1.509273
20,30,10,0.03,0.95,1.5,2.5,0.35,20590.16,105.9016,28.8053,19.687,1.2149,1.4632,38,77.7778,1.509273
10,120,14,0.02,0.5,2.5,4.5,0.15,14141.77,41.4177,14.894,10.6348,1.0675,1.4005,10,75.0,1.507642
10,120,14,0.02,0.5,2.5,4.5,0.25,14141.77,41.4177,14.894,10.6348,1.0675,1.4005,10,75.0,1.507642
10,120,14,0.02,0.5,2.5,4.5,0.35,14141.77,41.4177,14.894,10.6348,1.0675,1.4005,10,75.0,1.507642
10,120,14,0.02,0.75,2.5,4.5,0.15,14141.77,41.4177,14.894,10.6348,1.0675,1.4005,10,75.0,1.507642
10,120,14,0.02,0.75,2.5,4.5,0.25,14141.77,41.4177,14.894,10.6348,1.0675,1.4005,10,75.0,1.507642
10,120,14,0.02,0.75,2.5,4.5,0.35,14141.77,41.4177,14.894,10.6348,1.0675,1.4005,10,75.0,1.507642
10,120,14,0.02,0.95,2.5,4.5,0.15,14141.77,41.4177,14.894,10.6348,1.0675,1.4005,10,75.0,1.507642
10,120,14,0.02,0.95,2.5,4.5,0.25,14141.77,41.4177,14.894,10.6348,1.0675,1.4005,10,75.0,1.507642
10,120,14,0.02,0.95,2.5,4.5,0.35,14141.77,41.4177,14.894,10.6348,1.0675,1.4005,10,75.0,1.507642
20,30,14,0.03,0.5,1.5,4.5,0.25,21924.35,119.2435,31.6711,21.3517,1.1879,1.4833,30,78.5714,1.507373
20,30,14,0.03,0.5,1.5,4.5,0.35,21924.35,119.2435,31.6711,21.3517,1.1879,1.4833,30,78.5714,1.507373
20,30,14,0.03,0.75,1.5,4.5,0.25,21924.35,119.2435,31.6711,21.3517,1.1879,1.4833,30,78.5714,1.507373
20,30,14,0.03,0.75,1.5,4.5,0.35,21924.35,119.2435,31.6711,21.3517,1.1879,1.4833,30,78.5714,1.507373
20,30,14,0.03,0.95,1.5,4.5,0.25,21924.35,119.2435,31.6711,21.3517,1.1879,1.4833,30,78.5714,1.507373
20,30,14,0.03,0.95,1.5,4.5,0.35,21924.35,119.2435,31.6711,21.3517,1.1879,1.4833,30,78.5714,1.507373
20,120,14,0.02,0.5,3.5,2.5,0.15,12234.12,22.3412,8.4139,6.3982,1.2776,1.315,30,50.0,1.506581
20,120,14,0.02,0.5,3.5,2.5,0.25,12234.12,22.3412,8.4139,6.3982,1.2776,1.315,30,50.0,1.506581
20,120,14,0.02,0.5,3.5,2.5,0.35,12234.12,22.3412,8.4139,6.3982,1.2776,1.315,30,50.0,1.506581
20,120,14,0.02,0.75,3.5,2.5,0.15,12234.12,22.3412,8.4139,6.3982,1.2776,1.315,30,50.0,1.506581
20,120,14,0.02,0.75,3.5,2.5,0.25,12234.12,22.3412,8.4139,6.3982,1.2776,1.315,30,50.0,1.506581
20,120,14,0.02,0.75,3.5,2.5,0.35,12234.12,22.3412,8.4139,6.3982,1.2776,1.315,30,50.0,1.506581
20,120,14,0.02,0.95,3.5,2.5,0.15,12234.12,22.3412,8.4139,6.3982,1.2776,1.315,30,50.0,1.506581
20,120,14,0.02,0.95,3.5,2.5,0.25,12234.12,22.3412,8.4139,6.3982,1.2776,1.315,30,50.0,1.506581
20,120,14,0.02,0.95,3.5,2.5,0.35,12234.12,22.3412,8.4139,6.3982,1.2776,1.315,30,50.0,1.506581
10,120,20,0.01,0.5,2.5,3.5,0.15,11549.99,15.4999,5.943,4.4922,1.128,1.323,18,75.0,1.503654
10,120,20,0.01,0.5,2.5,3.5,0.25,11549.99,15.4999,5.943,4.4922,1.128,1.323,18,75.0,1.503654
10,120,20,0.01,0.5,2.5,3.5,0.35,11549.99,15.4999,5.943,4.4922,1.128,1.323,18,75.0,1.503654
10,120,20,0.01,0.75,2.5,3.5,0.15,11549.99,15.4999,5.943,4.4922,1.128,1.323,18,75.0,1.503654
10,120,20,0.01,0.75,2.5,3.5,0.25,11549.99,15.4999,5.943,4.4922,1.128,1.323,18,75.0,1.503654
10,120,20,0.01,0.75,2.5,3.5,0.35,11549.99,15.4999,5.943,4.4922,1.128,1.323,18,75.0,1.503654
10,120,20,0.01,0.95,2.5,3.5,0.15,11549.99,15.4999,5.943,4.4922,1.128,1.323,18,75.0,1.503654
10,120,20,0.01,0.95,2.5,3.5,0.25,11549.99,15.4999,5.943,4.4922,1.128,1.323,18,75.0,1.503654
10,120,20,0.01,0.95,2.5,3.5,0.35,11549.99,15.4999,5.943,4.4922,1.128,1.323,18,75.0,1.503654
10,120,14,0.01,0.5,3.5,2.5,0.15,11090.6,10.906,4.2343,3.3179,1.2908,1.2762,30,50.0,1.501172
10,120,14,0.01,0.5,3.5,2.5,0.25,11090.6,10.906,4.2343,3.3179,1.2908,1.2762,30,50.0,1.501172
10,120,14,0.01,0.5,3.5,2.5,0.35,11090.6,10.906,4.2343,3.3179,1.2908,1.2762,30,50.0,1.501172
10,120,14,0.01,0.75,3.5,2.5,0.15,11090.6,10.906,4.2343,3.3179,1.2908,1.2762,30,50.0,1.501172
10,120,14,0.01,0.75,3.5,2.5,0.25,11090.6,10.906,4.2343,3.3179,1.2908,1.2762,30,50.0,1.501172
10,120,14,0.01,0.75,3.5,2.5,0.35,11090.6,10.906,4.2343,3.3179,1.2908,1.2762,30,50.0,1.501172
10,120,14,0.01,0.95,3.5,2.5,0.15,11090.6,10.906,4.2343,3.3179,1.2908,1.2762,30,50.0,1.501172
10,120,14,0.01,0.95,3.5,2.5,0.25,11090.6,10.906,4.2343,3.3179,1.2908,1.2762,30,50.0,1.501172
10,120,14,0.01,0.95,3.5,2.5,0.35,11090.6,10.906,4.2343,3.3179,1.2908,1.2762,30,50.0,1.501172
20,30,14,0.02,0.5,2.5,2.5,0.15,13265.24,32.6524,10.4104,7.739,1.1538,1.3452,42,60.0,1.498559
20,30,14,0.02,0.5,2.5,2.5,0.25,13265.24,32.6524,10.4104,7.739,1.1538,1.3452,42,60.0,1.498559
20,30,14,0.02,0.5,2.5,2.5,0.35,13265.24,32.6524,10.4104,7.739,1.1538,1.3452,42,60.0,1.498559
20,30,14,0.02,0.75,2.5,2.5,0.15,13265.24,32.6524,10.4104,7.739,1.1538,1.3452,42,60.0,1.498559
20,30,14,0.02,0.75,2.5,2.5,0.25,13265.24,32.6524,10.4104,7.739,1.1538,1.3452,42,60.0,1.498559
20,30,14,0.02,0.75,2.5,2.5,0.35,13265.24,32.6524,10.4104,7.739,1.1538,1.3452,42,60.0,1.498559
20,30,14,0.02,0.95,2.5,2.5,0.15,13265.24,32.6524,10.4104,7.739,1.1538,1.3452,42,60.0,1.498559
20,30,14,0.02,0.95,2.5,2.5,0.25,13265.24,32.6524,10.4104,7.739,1.1538,1.3452,42,60.0,1.498559
20,30,14,0.02,0.95,2.5,2.5,0.35,13265.24,32.6524,10.4104,7.739,1.1538,1.3452,42,60.0,1.498559
20,120,20,0.02,0.5,2.5,3.5,0.15,13106.56,31.0656,11.4475,8.4393,1.128,1.3564,18,75.0,1.497645
20,120,20,0.02,0.5,2.5,3.5,0.25,13106.56,31.0656,11.4475,8.4393,1.128,1.3564,18,75.0,1.497645
20,120,20,0.02,0.5,2.5,3.5,0.35,13106.56,31.0656,11.4475,8.4393,1.128,1.3564,18,75.0,1.497645
20,120,20,0.02,0.75,2.5,3.5,0.15,13106.56,31.0656,11.4475,8.4393,1.128,1.3564,18,75.0,1.497645
20,120,20,0.02,0.75,2.5,3.5,0.25,13106.56,31.0656,11.4475,8.4393,1.128,1.3564,18,75.0,1.497645
20,120,20,0.02,0.75,2.5,3.5,0.35,13106.56,31.0656,11.4475,8.4393,1.128,1.3564,18,75.0,1.497645
20,120,20,0.02,0.95,2.5,3.5,0.15,13106.56,31.0656,11.4475,8.4393,1.128,1.3564,18,75.0,1.497645
20,120,20,0.02,0.95,2.5,3.5,0.25,13106.56,31.0656,11.4475,8.4393,1.128,1.3564,18,75.0,1.497645
20,120,20,0.02,0.95,2.5,3.5,0.35,13106.56,31.0656,11.4475,8.4393,1.128,1.3564,18,75.0,1.497645
10,120,20,0.02,0.5,2.5,4.5,0.15,14260.37,42.6037,15.279,10.9551,1.0625,1.3947,12,60.0,1.497643
10,120,20,0.02,0.5,2.5,4.5,0.25,14260.37,42.6037,15.279,10.9551,1.0625,1.3947,12,60.0,1.497643
10,120,20,0.02,0.5,2.5,4.5,0.35,14260.37,42.6037,15.279,10.9551,1.0625,1.3947,12,60.0,1.497643
10,120,20,0.02,0.75,2.5,4.5,0.15,14260.37,42.6037,15.279,10.9551,1.0625,1.3947,12,60.0,1.497643
10,120,20,0.02,0.75,2.5,4.5,0.25,14260.37,42.6037,15.279,10.9551,1.0625,1.3947,12,60.0,1.497643
10,120,20,0.02,0.75,2.5,4.5,0.35,14260.37,42.6037,15.279,10.9551,1.0625,1.3947,12,60.0,1.497643
10,120,20,0.02,0.95,2.5,4.5,0.15,14260.37,42.6037,15.279,10.9551,1.0625,1.3947,12,60.0,1.497643
10,120,20,0.02,0.95,2.5,4.5,0.25,14260.37,42.6037,15.279,10.9551,1.0625,1.3947,12,60.0,1.497643
10,120,20,0.02,0.95,2.5,4.5,0.35,14260.37,42.6037,15.279,10.9551,1.0625,1.3947,12,60.0,1.497643
10,120,20,0.03,0.5,3.5,3.5,0.15,13402.96,34.0296,12.4504,9.1518,1.1311,1.3604,18,75.0,1.495133
10,120,20,0.03,0.5,3.5,3.5,0.25,13402.96,34.0296,12.4504,9.1518,1.1311,1.3604,18,75.0,1.495133
10,120,20,0.03,0.5,3.5,3.5,0.35,13402.96,34.0296,12.4504,9.1518,1.1311,1.3604,18,75.0,1.495133
10,120,20,0.03,0.75,3.5,3.5,0.15,13402.96,34.0296,12.4504,9.1518,1.1311,1.3604,18,75.0,1.495133
10,120,20,0.03,0.75,3.5,3.5,0.25,13402.96,34.0296,12.4504,9.1518,1.1311,1.3604,18,75.0,1.495133
10,120,20,0.03,0.75,3.5,3.5,0.35,13402.96,34.0296,12.4504,9.1518,1.1311,1.3604,18,75.0,1.495133
10,120,20,0.03,0.95,3.5,3.5,0.15,13402.96,34.0296,12.4504,9.1518,1.1311,1.3604,18,75.0,1.495133
10,120,20,0.03,0.95,3.5,3.5,0.25,13402.96,34.0296,12.4504,9.1518,1.1311,1.3604,18,75.0,1.495133
10,120,20,0.03,0.95,3.5,3.5,0.35,13402.96,34.0296,12.4504,9.1518,1.1311,1.3604,18,75.0,1.495133
10,120,14,0.02,0.5,3.5,4.5,0.15,12979.12,29.7912,11.012,8.0955,1.0613,1.3603,8,100.0,1.491581
10,120,14,0.02,0.5,3.5,4.5,0.25,12979.12,29.7912,11.012,8.0955,1.0613,1.3603,8,100.0,1.491581
10,120,14,0.02,0.5,3.5,4.5,0.35,12979.12,29.7912,11.012,8.0955,1.0613,1.3603,8,100.0,1.491581
10,120,14,0.02,0.75,3.5,4.5,0.15,12979.12,29.7912,11.012,8.0955,1.0613,1.3603,8,100.0,1.491581
10,120,14,0.02,0.75,3.5,4.5,0.25,12979.12,29.7912,11.012,8.0955,1.0613,1.3603,8,100.0,1.491581
10,120,14,0.02,0.75,3.5,4.5,0.35,12979.12,29.7912,11.012,8.0955,1.0613,1.3603,8,100.0,1.491581
10,120,14,0.02,0.95,3.5,4.5,0.15,12979.12,29.7912,11.012,8.0955,1.0613,1.3603,8,100.0,1.491581
10,120,14,0.02,0.95,3.5,4.5,0.25,12979.12,29.7912,11.012,8.0955,1.0613,1.3603,8,100.0,1.491581
10,120,14,0.02,0.95,3.5,4.5,0.35,12979.12,29.7912,11.012,8.0955,1.0613,1.3603,8,100.0,1.491581
20,30,14,0.02,0.5,3.5,2.5,0.15,12259.71,22.5971,7.4017,5.6241,1.1464,1.3161,42,60.0,1.4891
20,30,14,0.02,0.5,3.5,2.5,0.25,12259.71,22.5971,7.4017,5.6241,1.1464,1.3161,42,60.0,1.4891
20,30,14,0.02,0.5,3.5,2.5,0.35,12259.71,22.5971,7.4017,5.6241,1.1464,1.3161,42,60.0,1.4891
20,30,14,0.02,0.75,3.5,2.5,0.15,12259.71,22.5971,7.4017,5.6241,1.1464,1.3161,42,60.0,1.4891
20,30,14,0.02,0.75,3.5,2.5,0.25,12259.71,22.5971,7.4017,5.6241,1.1464,1.3161,42,60.0,1.4891
20,30,14,0.02,0.75,3.5,2.5,0.35,12259.71,22.5971,7.4017,5.6241,1.1464,1.3161,42,60.0,1.4891
20,30,14,0.02,0.95,3.5,2.5,0.15,12259.71,22.5971,7.4017,5.6241,1.1464,1.3161,42,60.0,1.4891
20,30,14,0.02,0.95,3.5,2.5,0.25,12259.71,22.5971,7.4017,5.6241,1.1464,1.3161,42,60.0,1.4891
20,30,14,0.02,0.95,3.5,2.5,0.35,12259.71,22.5971,7.4017,5.6241,1.1464,1.3161,42,60.0,1.4891
20,30,14,0.01,0.5,1.5,2.5,0.15,12655.75,26.5575,8.6052,6.4966,1.1436,1.3246,42,60.0,1.488317
20,30,14,0.01,0.5,1.5,2.5,0.25,12655.75,26.5575,8.6052,6.4966,1.1436,1.3246,42,60.0,1.488317
20,30,14,0.01,0.5,1.5,2.5,0.35,12655.75,26.5575,8.6052,6.4966,1.1436,1.3246,42,60.0,1.488317
20,30,14,0.01,0.75,1.5,2.5,0.15,12655.75,26.5575,8.6052,6.4966,1.1436,1.3246,42,60.0,1.488317
20,30,14,0.01,0.75,1.5,2.5,0.25,12655.75,26.5575,8.6052,6.4966,1.1436,1.3246,42,60.0,1.488317
20,30,14,0.01,0.75,1.5,2.5,0.35,12655.75,26.5575,8.6052,6.4966,1.1436,1.3246,42,60.0,1.488317
20,30,14,0.01,0.95,1.5,2.5,0.15,12655.75,26.5575,8.6052,6.4966,1.1436,1.3246,42,60.0,1.488317
20,30,14,0.01,0.95,1.5,2.5,0.25,12655.75,26.5575,8.6052,6.4966,1.1436,1.3246,42,60.0,1.488317
20,30,14,0.01,0.95,1.5,2.5,0.35,12655.75,26.5575,8.6052,6.4966,1.1436,1.3246,42,60.0,1.488317
10,120,20,0.01,0.5,1.5,4.5,0.15,13544.84,35.4484,12.9258,9.4401,1.0633,1.3692,12,60.0,1.487506
10,120,20,0.01,0.5,1.5,4.5,0.25,13544.84,35.4484,12.9258,9.4401,1.0633,1.3692,12,60.0,1.487506
10,120,20,0.01,0.5,1.5,4.5,0.35,13544.84,35.4484,12.9258,9.4401,1.0633,1.3692,12,60.0,1.487506
10,120,20,0.01,0.75,1.5,4.5,0.15,13544.84,35.4484,12.9258,9.4401,1.0633,1.3692,12,60.0,1.487506
10,120,20,0.01,0.75,1.5,4.5,0.25,13544.84,35.4484,12.9258,9.4401,1.0633,1.3692,12,60.0,1.487506
10,120,20,0.01,0.75,1.5,4.5,0.35,13544.84,35.4484,12.9258,9.4401,1.0633,1.3692,12,60.0,1.487506
10,120,20,0.01,0.95,1.5,4.5,0.15,13544.84,35.4484,12.9258,9.4401,1.0633,1.3692,12,60.0,1.487506
10,120,20,0.01,0.95,1.5,4.5,0.25,13544.84,35.4484,12.9258,9.4401,1.0633,1.3692,12,60.0,1.487506
10,120,20,0.01,0.95,1.5,4.5,0.35,13544.84,35.4484,12.9258,9.4401,1.0633,1.3692,12,60.0,1.487506
20,30,20,0.03,0.5,1.5,4.5,0.25,21825.86,118.2586,31.4634,21.5485,1.2021,1.4601,30,78.5714,1.485055
20,30,20,0.03,0.5,1.5,4.5,0.35,21825.86,118.2586,31.4634,21.5485,1.2021,1.4601,30,78.5714,1.485055
20,30,20,0.03,0.75,1.5,4.5,0.25,21825.86,118.2586,31.4634,21.5485,1.2021,1.4601,30,78.5714,1.485055
20,30,20,0.03,0.75,1.5,4.5,0.35,21825.86,118.2586,31.4634,21.5485,1.2021,1.4601,30,78.5714,1.485055
20,30,20,0.03,0.95,1.5,4.5,0.25,21825.86,118.2586,31.4634,21.5485,1.2021,1.4601,30,78.5714,1.485055
20,30,20,0.03,0.95,1.5,4.5,0.35,21825.86,118.2586,31.4634,21.5485,1.2021,1.4601,30,78.5714,1.485055
20,30,20,0.03,0.5,1.5,2.5,0.25,19709.98,97.0998,26.848,18.8053,1.2213,1.4277,44,57.1429,1.483899
20,30,20,0.03,0.5,1.5,2.5,0.35,19709.98,97.0998,26.848,18.8053,1.2213,1.4277,44,57.1429,1.483899
20,30,20,0.03,0.75,1.5,2.5,0.25,19709.98,97.0998,26.848,18.8053,1.2213,1.4277,44,57.1429,1.483899
20,30,20,0.03,0.75,1.5,2.5,0.35,19709.98,97.0998,26.848,18.8053,1.2213,1.4277,44,57.1429,1.483899
20,30,20,0.03,0.95,1.5,2.5,0.25,19709.98,97.0998,26.848,18.8053,1.2213,1.4277,44,57.1429,1.483899
20,30,20,0.03,0.95,1.5,2.5,0.35,19709.98,97.0998,26.848,18.8053,1.2213,1.4277,44,57.1429,1.483899
10,120,10,0.01,0.5,1.5,4.5,0.15,13182.55,31.8255,11.7059,8.582,1.0215,1.364,8,100.0,1.482482
10,120,10,0.01,0.5,1.5,4.5,0.25,13182.55,31.8255,11.7059,8.582,1.0215,1.364,8,100.0,1.482482
10,120,10,0.01,0.5,1.5,4.5,0.35,13182.55,31.8255,11.7059,8.582,1.0215,1.364,8,100.0,1.482482
10,120,10,0.01,0.75,1.5,4.5,0.15,13182.55,31.8255,11.7059,8.582,1.0215,1.364,8,100.0,1.482482
10,120,10,0.01,0.75,1.5,4.5,0.25,13182.55,31.8255,11.7059,8.582,1.0215,1.364,8,100.0,1.482482
10,120,10,0.01,0.75,1.5,4.5,0.35,13182.55,31.8255,11.7059,8.582,1.0215,1.364,8,100.0,1.482482
10,120,10,0.01,0.95,1.5,4.5,0.15,13182.55,31.8255,11.7059,8.582,1.0215,1.364,8,100.0,1.482482
10,120,10,0.01,0.95,1.5,4.5,0.25,13182.55,31.8255,11.7059,8.582,1.0215,1.364,8,100.0,1.482482
10,120,10,0.01,0.95,1.5,4.5,0.35,13182.55,31.8255,11.7059,8.582,1.0215,1.364,8,100.0,1.482482
20,120,20,0.01,0.5,2.5,3.5,0.15,11490.04,14.9004,5.7224,4.3909,1.1061,1.3032,18,75.0,1.48056
20,120,20,0.01,0.5,2.5,3.5,0.25,11490.04,14.9004,5.7224,4.3909,1.1061,1.3032,18,75.0,1.48056
20,120,20,0.01,0.5,2.5,3.5,0.35,11490.04,14.9004,5.7224,4.3909,1.1061,1.3032,18,75.0,1.48056
20,120,20,0.01,0.75,2.5,3.5,0.15,11490.04,14.9004,5.7224,4.3909,1.1061,1.3032,18,75.0,1.48056
20,120,20,0.01,0.75,2.5,3.5,0.25,11490.04,14.9004,5.7224,4.3909,1.1061,1.3032,18,75.0,1.48056
20,120,20,0.01,0.75,2.5,3.5,0.35,11490.04,14.9004,5.7224,4.3909,1.1061,1.3032,18,75.0,1.48056
20,120,20,0.01,0.95,2.5,3.5,0.15,11490.04,14.9004,5.7224,4.3909,1.1061,1.3032,18,75.0,1.48056
20,120,20,0.01,0.95,2.5,3.5,0.25,11490.04,14.9004,5.7224,4.3909,1.1061,1.3032,18,75.0,1.48056
20,120,20,0.01,0.95,2.5,3.5,0.35,11490.04,14.9004,5.7224,4.3909,1.1061,1.3032,18,75.0,1.48056
20,30,14,0.02,0.5,1.5,4.5,0.15,17153.48,71.5348,20.8196,14.881,1.1415,1.3991,30,78.5714,1.478567
20,30,14,0.02,0.5,1.5,4.5,0.25,17153.48,71.5348,20.8196,14.881,1.1415,1.3991,30,78.5714,1.478567
20,30,14,0.02,0.5,1.5,4.5,0.35,17153.48,71.5348,20.8196,14.881,1.1415,1.3991,30,78.5714,1.478567
20,30,14,0.02,0.75,1.5,4.5,0.15,17153.48,71.5348,20.8196,14.881,1.1415,1.3991,30,78.5714,1.478567
20,30,14,0.02,0.75,1.5,4.5,0.25,17153.48,71.5348,20.8196,14.881,1.1415,1.3991,30,78.5714,1.478567
20,30,14,0.02,0.75,1.5,4.5,0.35,17153.48,71.5348,20.8196,14.881,1.1415,1.3991,30,78.5714,1.478567
20,30,14,0.02,0.95,1.5,4.5,0.15,17153.48,71.5348,20.8196,14.881,1.1415,1.3991,30,78.5714,1.478567
20,30,14,0.02,0.95,1.5,4.5,0.25,17153.48,71.5348,20.8196,14.881,1.1415,1.3991,30,78.5714,1.478567
20,30,14,0.02,0.95,1.5,4.5,0.35,17153.48,71.5348,20.8196,14.881,1.1415,1.3991,30,78.5714,1.478567
20,120,10,0.03,0.5,3.5,4.5,0.15,14321.45,43.2145,15.4766,11.1868,1.0343,1.3835,8,100.0,1.478468
20,120,10,0.03,0.5,3.5,4.5,0.25,14321.45,43.2145,15.4766,11.1868,1.0343,1.3835,8,100.0,1.478468
20,120,10,0.03,0.5,3.5,4.5,0.35,14321.45,43.2145,15.4766,11.1868,1.0343,1.3835,8,100.0,1.478468
20,120,10,0.03,0.75,3.5,4.5,0.15,14321.45,43.2145,15.4766,11.1868,1.0343,1.3835,8,100.0,1.478468
20,120,10,0.03,0.75,3.5,4.5,0.25,14321.45,43.2145,15.4766,11.1868,1.0343,1.3835,8,100.0,1.478468
20,120,10,0.03,0.75,3.5,4.5,0.35,14321.45,43.2145,15.4766,11.1868,1.0343,1.3835,8,100.0,1.478468
20,120,10,0.03,0.95,3.5,4.5,0.15,14321.45,43.2145,15.4766,11.1868,1.0343,1.3835,8,100.0,1.478468
20,120,10,0.03,0.95,3.5,4.5,0.25,14321.45,43.2145,15.4766,11.1868,1.0343,1.3835,8,100.0,1.478468
20,120,10,0.03,0.95,3.5,4.5,0.35,14321.45,43.2145,15.4766,11.1868,1.0343,1.3835,8,100.0,1.478468
20,120,20,0.02,0.5,2.5,4.5,0.15,14104.78,41.0478,14.7735,10.7517,1.048,1.3741,12,60.0,1.476136
20,120,20,0.02,0.5,2.5,4.5,0.25,14104.78,41.0478,14.7735,10.7517,1.048,1.3741,12,60.0,1.476136
20,120,20,0.02,0.5,2.5,4.5,0.35,14104.78,41.0478,14.7735,10.7517,1.048,1.3741,12,60.0,1.476136
20,120,20,0.02,0.75,2.5,4.5,0.15,14104.78,41.0478,14.7735,10.7517,1.048,1.3741,12,60.0,1.476136
20,120,20,0.02,0.75,2.5,4.5,0.25,14104.78,41.0478,14.7735,10.7517,1.048,1.3741,12,60.0,1.476136
20,120,20,0.02,0.75,2.5,4.5,0.35,14104.78,41.0478,14.7735,10.7517,1.048,1.3741,12,60.0,1.476136
20,120,20,0.02,0.95,2.5,4.5,0.15,14104.78,41.0478,14.7735,10.7517,1.048,1.3741,12,60.0,1.476136
20,120,20,0.02,0.95,2.5,4.5,0.25,14104.78,41.0478,14.7735,10.7517,1.048,1.3741,12,60.0,1.476136
20,120,20,0.02,0.95,2.5,4.5,0.35,14104.78,41.0478,14.7735,10.7517,1.048,1.3741,12,60.0,1.476136
20,120,20,0.01,0.5,1.5,4.5,0.15,13409.84,34.0984,12.4736,9.1882,1.0515,1.3576,12,60.0,1.475989
20,120,20,0.01,0.5,1.5,4.5,0.25,13409.84,34.0984,12.4736,9.1882,1.0515,1.3576,12,60.0,1.475989
20,120,20,0.01,0.5,1.5,4.5,0.35,13409.84,34.0984,12.4736,9.1882,1.0515,1.3576,12,60.0,1.475989
20,120,20,0.01,0.75,1.5,4.5,0.15,13409.84,34.0984,12.4736,9.1882,1.0515,1.3576,12,60.0,1.475989
20,120,20,0.01,0.75,1.5,4.5,0.25,13409.84,34.0984,12.4736,9.1882,1.0515,1.3576,12,60.0,1.475989
20,120,20,0.01,0.75,1.5,4.5,0.35,13409.84,34.0984,12.4736,9.1882,1.0515,1.3576,12,60.0,1.475989
20,120,20,0.01,0.95,1.5,4.5,0.15,13409.84,34.0984,12.4736,9.1882,1.0515,1.3576,12,60.0,1.475989
20,120,20,0.01,0.95,1.5,4.5,0.25,13409.84,34.0984,12.4736,9.1882,1.0515,1.3576,12,60.0,1.475989
20,120,20,0.01,0.95,1.5,4.5,0.35,13409.84,34.0984,12.4736,9.1882,1.0515,1.3576,12,60.0,1.475989
20,30,14,0.01,0.5,3.5,2.5,0.15,11069.74,10.6974,3.6262,2.8394,1.1355,1.2771,42,60.0,1.47581
20,30,14,0.01,0.5,3.5,2.5,0.25,11069.74,10.6974,3.6262,2.8394,1.1355,1.2771,42,60.0,1.47581
20,30,14,0.01,0.5,3.5,2.5,0.35,11069.74,10.6974,3.6262,2.8394,1.1355,1.2771,42,60.0,1.47581
20,30,14,0.01,0.75,3.5,2.5,0.15,11069.74,10.6974,3.6262,2.8394,1.1355,1.2771,42,60.0,1.47581
20,30,14,0.01,0.75,3.5,2.5,0.25,11069.74,10.6974,3.6262,2.8394,1.1355,1.2771,42,60.0,1.47581
20,30,14,0.01,0.75,3.5,2.5,0.35,11069.74,10.6974,3.6262,2.8394,1.1355,1.2771,42,60.0,1.47581
20,30,14,0.01,0.95,3.5,2.5,0.15,11069.74,10.6974,3.6262,2.8394,1.1355,1.2771,42,60.0,1.47581
20,30,14,0.01,0.95,3.5,2.5,0.25,11069.74,10.6974,3.6262,2.8394,1.1355,1.2771,42,60.0,1.47581
20,30,14,0.01,0.95,3.5,2.5,0.35,11069.74,10.6974,3.6262,2.8394,1.1355,1.2771,42,60.0,1.47581
10,120,14,0.01,0.5,1.5,4.5,0.15,13404.43,34.0443,12.4554,9.192,1.0529,1.355,10,75.0,1.47369
10,120,14,0.01,0.5,1.5,4.5,0.25,13404.43,34.0443,12.4554,9.192,1.0529,1.355,10,75.0,1.47369
10,120,14,0.01,0.5,1.5,4.5,0.35,13404.43,34.0443,12.4554,9.192,1.0529,1.355,10,75.0,1.47369
10,120,14,0.01,0.75,1.5,4.5,0.15,13404.43,34.0443,12.4554,9.192,1.0529,1.355,10,75.0,1.47369
10,120,14,0.01,0.75,1.5,4.5,0.25,13404.43,34.0443,12.4554,9.192,1.0529,1.355,10,75.0,1.47369
10,120,14,0.01,0.75,1.5,4.5,0.35,13404.43,34.0443,12.4554,9.192,1.0529,1.355,10,75.0,1.47369
10,120,14,0.01,0.95,1.5,4.5,0.15,13404.43,34.0443,12.4554,9.192,1.0529,1.355,10,75.0,1.47369
10,120,14,0.01,0.95,1.5,4.5,0.25,13404.43,34.0443,12.4554,9.192,1.0529,1.355,10,75.0,1.47369
10,120,14,0.01,0.95,1.5,4.5,0.35,13404.43,34.0443,12.4554,9.192,1.0529,1.355,10,75.0,1.47369
20,120,14,0.01,0.5,1.5,3.5,0.15,12630.88,26.3088,9.809,7.4007,1.1113,1.3254,20,66.6667,1.473676
20,120,14,0.01,0.5,1.5,3.5,0.25,12630.88,26.3088,9.809,7.4007,1.1113,1.3254,20,66.6667,1.473676
20,120,14,0.01,0.5,1.5,3.5,0.35,12630.88,26.3088,9.809,7.4007,1.1113,1.3254,20,66.6667,1.473676
20,120,14,0.01,0.75,1.5,3.5,0.15,12630.88,26.3088,9.809,7.4007,1.1113,1.3254,20,66.6667,1.473676
20,120,14,0.01,0.75,1.5,3.5,0.25,12630.88,26.3088,9.809,7.4007,1.1113,1.3254,20,66.6667,1.473676
20,120,14,0.01,0.75,1.5,3.5,0.35,12630.88,26.3088,9.809,7.4007,1.1113,1.3254,20,66.6667,1.473676
20,120,14,0.01,0.95,1.5,3.5,0.15,12630.88,26.3088,9.809,7.4007,1.1113,1.3254,20,66.6667,1.473676
20,120,14,0.01,0.95,1.5,3.5,0.25,12630.88,26.3088,9.809,7.4007,1.1113,1.3254,20,66.6667,1.473676
20,120,14,0.01,0.95,1.5,3.5,0.35,12630.88,26.3088,9.809,7.4007,1.1113,1.3254,20,66.6667,1.473676
20,120,14,0.02,0.5,2.5,4.5,0.15,14068.31,40.6831,14.6545,10.6918,1.0447,1.3706,10,75.0,1.472649
20,120,14,0.02,0.5,2.5,4.5,0.25,14068.31,40.6831,14.6545,10.6918,1.0447,1.3706,10,75.0,1.472649
20,120,14,0.02,0.5,2.5,4.5,0.35,14068.31,40.6831,14.6545,10.6918,1.0447,1.3706,10,75.0,1.472649
20,120,14,0.02,0.75,2.5,4.5,0.15,14068.31,40.6831,14.6545,10.6918,1.0447,1.3706,10,75.0,1.472649
20,120,14,0.02,0.75,2.5,4.5,0.25,14068.31,40.6831,14.6545,10.6918,1.0447,1.3706,10,75.0,1.472649
20,120,14,0.02,0.75,2.5,4.5,0.35,14068.31,40.6831,14.6545,10.6918,1.0447,1.3706,10,75.0,1.472649
20,120,14,0.02,0.95,2.5,4.5,0.15,14068.31,40.6831,14.6545,10.6918,1.0447,1.3706,10,75.0,1.472649
20,120,14,0.02,0.95,2.5,4.5,0.25,14068.31,40.6831,14.6545,10.6918,1.0447,1.3706,10,75.0,1.472649
20,120,14,0.02,0.95,2.5,4.5,0.35,14068.31,40.6831,14.6545,10.6918,1.0447,1.3706,10,75.0,1.472649
20,30,14,0.03,0.5,3.5,2.5,0.15,13487.62,34.8762,11.0556,8.3481,1.1493,1.3243,42,60.0,1.470699
20,30,14,0.03,0.5,3.5,2.5,0.25,13487.62,34.8762,11.0556,8.3481,1.1493,1.3243,42,60.0,1.470699
20,30,14,0.03,0.5,3.5,2.5,0.35,13487.62,34.8762,11.0556,8.3481,1.1493,1.3243,42,60.0,1.470699
20,30,14,0.03,0.75,3.5,2.5,0.15,13487.62,34.8762,11.0556,8.3481,1.1493,1.3243,42,60.0,1.470699
20,30,14,0.03,0.75,3.5,2.5,0.25,13487.62,34.8762,11.0556,8.3481,1.1493,1.3243,42,60.0,1.470699
20,30,14,0.03,0.75,3.5,2.5,0.35,13487.62,34.8762,11.0556,8.3481,1.1493,1.3243,42,60.0,1.470699
20,30,14,0.03,0.95,3.5,2.5,0.15,13487.62,34.8762,11.0556,8.3481,1.1493,1.3243,42,60.0,1.470699
20,30,14,0.03,0.95,3.5,2.5,0.25,13487.62,34.8762,11.0556,8.3481,1.1493,1.3243,42,60.0,1.470699
20,30,14,0.03,0.95,3.5,2.5,0.35,13487.62,34.8762,11.0556,8.3481,1.1493,1.3243,42,60.0,1.470699
20,120,10,0.02,0.5,2.5,4.5,0.15,14036.34,40.3634,14.55,10.629,1.0339,1.3689,8,100.0,1.469384
20,120,10,0.02,0.5,2.5,4.5,0.25,14036.34,40.3634,14.55,10.629,1.0339,1.3689,8,100.0,1.469384
20,120,10,0.02,0.5,2.5,4.5,0.35,14036.34,40.3634,14.55,10.629,1.0339,1.3689,8,100.0,1.469384
20,120,10,0.02,0.75,2.5,4.5,0.15,14036.34,40.3634,14.55,10.629,1.0339,1.3689,8,100.0,1.469384
20,120,10,0.02,0.75,2.5,4.5,0.25,14036.34,40.3634,14.55,10.629,1.0339,1.3689,8,100.0,1.469384
20,120,10,0.02,0.75,2.5,4.5,0.35,14036.34,40.3634,14.55,10.629,1.0339,1.3689,8,100.0,1.469384
20,120,10,0.02,0.95,2.5,4.5,0.15,14036.34,40.3634,14.55,10.629,1.0339,1.3689,8,100.0,1.469384
20,120,10,0.02,0.95,2.5,4.5,0.25,14036.34,40.3634,14.55,10.629,1.0339,1.3689,8,100.0,1.469384
20,120,10,0.02,0.95,2.5,4.5,0.35,14036.34,40.3634,14.55,10.629,1.0339,1.3689,8,100.0,1.469384
20,30,14,0.03,0.5,2.5,4.5,0.15,16245.6,62.456,18.5387,13.4525,1.1283,1.3781,30,78.5714,1.469225
20,30,14,0.03,0.5,2.5,4.5,0.25,16245.6,62.456,18.5387,13.4525,1.1283,1.3781,30,78.5714,1.469225
20,30,14,0.03,0.5,2.5,4.5,0.35,16245.6,62.456,18.5387,13.4525,1.1283,1.3781,30,78.5714,1.469225
20,30,14,0.03,0.75,2.5,4.5,0.15,16245.6,62.456,18.5387,13.4525,1.1283,1.3781,30,78.5714,1.469225
20,30,14,0.03,0.75,2.5,4.5,0.25,16245.6,62.456,18.5387,13.4525,1.1283,1.3781,30,78.5714,1.469225
20,30,14,0.03,0.75,2.5,4.5,0.35,16245.6,62.456,18.5387,13.4525,1.1283,1.3781,30,78.5714,1.469225
20,30,14,0.03,0.95,2.5,4.5,0.15,16245.6,62.456,18.5387,13.4525,1.1283,1.3781,30,78.5714,1.469225
20,30,14,0.03,0.95,2.5,4.5,0.25,16245.6,62.456,18.5387,13.4525,1.1283,1.3781,30,78.5714,1.469225
20,30,14,0.03,0.95,2.5,4.5,0.35,16245.6,62.456,18.5387,13.4525,1.1283,1.3781,30,78.5714,1.469225
20,30,20,0.02,0.5,1.5,4.5,0.15,17125.0,71.25,20.7492,14.9906,1.1577,1.3842,30,78.5714,1.465776
20,30,20,0.02,0.5,1.5,4.5,0.25,17125.0,71.25,20.7492,14.9906,1.1577,1.3842,30,78.5714,1.465776
20,30,20,0.02,0.5,1.5,4.5,0.35,17125.0,71.25,20.7492,14.9906,1.1577,1.3842,30,78.5714,1.465776
20,30,20,0.02,0.75,1.5,4.5,0.15,17125.0,71.25,20.7492,14.9906,1.1577,1.3842,30,78.5714,1.465776
20,30,20,0.02,0.75,1.5,4.5,0.25,17125.0,71.25,20.7492,14.9906,1.1577,1.3842,30,78.5714,1.465776
20,30,20,0.02,0.75,1.5,4.5,0.35,17125.0,71.25,20.7492,14.9906,1.1577,1.3842,30,78.5714,1.465776
20,30,20,0.02,0.95,1.5,4.5,0.15,17125.0,71.25,20.7492,14.9906,1.1577,1.3842,30,78.5714,1.465776
20,30,20,0.02,0.95,1.5,4.5,0.25,17125.0,71.25,20.7492,14.9906,1.1577,1.3842,30,78.5714,1.465776
20,30,20,0.02,0.95,1.5,4.5,0.35,17125.0,71.25,20.7492,14.9906,1.1577,1.3842,30,78.5714,1.465776
20,30,10,0.02,0.5,1.5,2.5,0.15,16326.87,63.2687,18.7462,13.6886,1.1659,1.3695,38,77.7778,1.465773
20,30,10,0.02,0.5,1.5,2.5,0.25,16326.87,63.2687,18.7462,13.6886,1.1659,1.3695,38,77.7778,1.465773
20,30,10,0.02,0.5,1.5,2.5,0.35,16326.87,63.2687,18.7462,13.6886,1.1659,1.3695,38,77.7778,1.465773
20,30,10,0.02,0.75,1.5,2.5,0.15,16326.87,63.2687,18.7462,13.6886,1.1659,1.3695,38,77.7778,1.465773
20,30,10,0.02,0.75,1.5,2.5,0.25,16326.87,63.2687,18.7462,13.6886,1.1659,1.3695,38,77.7778,1.465773
20,30,10,0.02,0.75,1.5,2.5,0.35,16326.87,63.2687,18.7462,13.6886,1.1659,1.3695,38,77.7778,1.465773
20,30,10,0.02,0.95,1.5,2.5,0.15,16326.87,63.2687,18.7462,13.6886,1.1659,1.3695,38,77.7778,1.465773
20,30,10,0.02,0.95,1.5,2.5,0.25,16326.87,63.2687,18.7462,13.6886,1.1659,1.3695,38,77.7778,1.465773
20,30,10,0.02,0.95,1.5,2.5,0.35,16326.87,63.2687,18.7462,13.6886,1.1659,1.3695,38,77.7778,1.465773
10,120,14,0.02,0.5,2.5,3.5,0.15,13137.82,31.3782,11.5539,8.6696,1.097,1.3327,20,66.6667,1.465396
10,120,14,0.02,0.5,2.5,3.5,0.25,13137.82,31.3782,11.5539,8.6696,1.097,1.3327,20,66.6667,1.465396
10,120,14,0.02,0.5,2.5,3.5,0.35,13137.82,31.3782,11.5539,8.6696,1.097,1.3327,20,66.6667,1.465396
10,120,14,0.02,0.75,2.5,3.5,0.15,13137.82,31.3782,11.5539,8.6696,1.097,1.3327,20,66.6667,1.465396
10,120,14,0.02,0.75,2.5,3.5,0.25,13137.82,31.3782,11.5539,8.6696,1.097,1.3327,20,66.6667,1.465396
10,120,14,0.02,0.75,2.5,3.5,0.35,13137.82,31.3782,11.5539,8.6696,1.097,1.3327,20,66.6667,1.465396
10,120,14,0.02,0.95,2.5,3.5,0.15,13137.82,31.3782,11.5539,8.6696,1.097,1.3327,20,66.6667,1.465396
10,120,14,0.02,0.95,2.5,3.5,0.25,13137.82,31.3782,11.5539,8.6696,1.097,1.3327,20,66.6667,1.465396
10,120,14,0.02,0.95,2.5,3.5,0.35,13137.82,31.3782,11.5539,8.6696,1.097,1.3327,20,66.6667,1.465396
20,30,14,0.02,0.5,2.5,4.5,0.15,13932.46,39.3246,12.3259,9.2207,1.1013,1.3368,30,78.5714,1.464809
20,30,14,0.02,0.5,2.5,4.5,0.25,13932.46,39.3246,12.3259,9.2207,1.1013,1.3368,30,78.5714,1.464809
20,30,14,0.02,0.5,2.5,4.5,0.35,13932.46,39.3246,12.3259,9.2207,1.1013,1.3368,30,78.5714,1.464809
20,30,14,0.02,0.75,2.5,4.5,0.15,13932.46,39.3246,12.3259,9.2207,1.1013,1.3368,30,78.5714,1.464809
20,30,14,0.02,0.75,2.5,4.5,0.25,13932.46,39.3246,12.3259,9.2207,1.1013,1.3368,30,78.5714,1.464809
20,30,14,0.02,0.75,2.5,4.5,0.35,13932.46,39.3246,12.3259,9.2207,1.1013,1.3368,30,78.5714,1.464809
20,30,14,0.02,0.95,2.5,4.5,0.15,13932.46,39.3246,12.3259,9.2207,1.1013,1.3368,30,78.5714,1.464809
20,30,14,0.02,0.95,2.5,4.5,0.25,13932.46,39.3246,12.3259,9.2207,1.1013,1.3368,30,78.5714,1.464809
20,30,14,0.02,0.95,2.5,4.5,0.35,13932.46,39.3246,12.3259,9.2207,1.1013,1.3368,30,78.5714,1.464809
20,30,20,0.02,0.5,2.5,4.5,0.15,13936.62,39.3662,12.3376,9.2595,1.1204,1.3324,30,78.5714,1.463911
20,30,20,0.02,0.5,2.5,4.5,0.25,13936.62,39.3662,12.3376,9.2595,1.1204,1.3324,30,78.5714,1.463911
20,30,20,0.02,0.5,2.5,4.5,0.35,13936.62,39.3662,12.3376,9.2595,1.1204,1.3324,30,78.5714,1.463911
20,30,20,0.02,0.75,2.5,4.5,0.15,13936.62,39.3662,12.3376,9.2595,1.1204,1.3324,30,78.5714,1.463911
20,30,20,0.02,0.75,2.5,4.5,0.25,13936.62,39.3662,12.3376,9.2595,1.1204,1.3324,30,78.5714,1.463911
20,30,20,0.02,0.75,2.5,4.5,0.35,13936.62,39.3662,12.3376,9.2595,1.1204,1.3324,30,78.5714,1.463911
20,30,20,0.02,0.95,2.5,4.5,0.15,13936.62,39.3662,12.3376,9.2595,1.1204,1.3324,30,78.5714,1.463911
20,30,20,0.02,0.95,2.5,4.5,0.25,13936.62,39.3662,12.3376,9.2595,1.1204,1.3324,30,78.5714,1.463911
20,30,20,0.02,0.95,2.5,4.5,0.35,13936.62,39.3662,12.3376,9.2595,1.1204,1.3324,30,78.5714,1.463911
20,120,14,0.01,0.5,3.5,2.5,0.15,11058.84,10.5884,4.1146,3.3091,1.2628,1.2434,30,50.0,1.462885
20,120,14,0.01,0.5,3.5,2.5,0.25,11058.84,10.5884,4.1146,3.3091,1.2628,1.2434,30,50.0,1.462885
20,120,14,0.01,0.5,3.5,2.5,0.35,11058.84,10.5884,4.1146,3.3091,1.2628,1.2434,30,50.0,1.462885
20,120,14,0.01,0.75,3.5,2.5,0.15,11058.84,10.5884,4.1146,3.3091,1.2628,1.2434,30,50.0,1.462885
20,120,14,0.01,0.75,3.5,2.5,0.25,11058.84,10.5884,4.1146,3.3091,1.2628,1.2434,30,50.0,1.462885
20,120,14,0.01,0.75,3.5,2.5,0.35,11058.84,10.5884,4.1146,3.3091,1.2628,1.2434,30,50.0,1.462885
20,120,14,0.01,0.95,3.5,2.5,0.15,11058.84,10.5884,4.1146,3.3091,1.2628,1.2434,30,50.0,1.462885
20,120,14,0.01,0.95,3.5,2.5,0.25,11058.84,10.5884,4.1146,3.3091,1.2628,1.2434,30,50.0,1.462885
20,120,14,0.01,0.95,3.5,2.5,0.35,11058.84,10.5884,4.1146,3.3091,1.2628,1.2434,30,50.0,1.462885
20,30,20,0.02,0.5,1.5,2.5,0.15,15878.68,58.7868,17.5934,12.9936,1.1859,1.354,44,57.1429,1.46124
20,30,20,0.02,0.5,1.5,2.5,0.25,15878.68,58.7868,17.5934,12.9936,1.1859,1.354,44,57.1429,1.46124
20,30,20,0.02,0.5,1.5,2.5,0.35,15878.68,58.7868,17.5934,12.9936,1.1859,1.354,44,57.1429,1.46124
20,30,20,0.02,0.75,1.5,2.5,0.15,15878.68,58.7868,17.5934,12.9936,1.1859,1.354,44,57.1429,1.46124
20,30,20,0.02,0.75,1.5,2.5,0.25,15878.68,58.7868,17.5934,12.9936,1.1859,1.354,44,57.1429,1.46124
20,30,20,0.02,0.75,1.5,2.5,0.35,15878.68,58.7868,17.5934,12.9936,1.1859,1.354,44,57.1429,1.46124
20,30,20,0.02,0.95,1.5,2.5,0.15,15878.68,58.7868,17.5934,12.9936,1.1859,1.354,44,57.1429,1.46124
20,30,20,0.02,0.95,1.5,2.5,0.25,15878.68,58.7868,17.5934,12.9936,1.1859,1.354,44,57.1429,1.46124
20,30,20,0.02,0.95,1.5,2.5,0.35,15878.68,58.7868,17.5934,12.9936,1.1859,1.354,44,57.1429,1.46124
20,30,10,0.03,0.5,2.5,2.5,0.15,15562.61,55.6261,16.7676,12.4,1.1581,1.3522,38,77.7778,1.459842
20,30,10,0.03,0.5,2.5,2.5,0.25,15562.61,55.6261,16.7676,12.4,1.1581,1.3522,38,77.7778,1.459842
20,30,10,0.03,0.5,2.5,2.5,0.35,15562.61,55.6261,16.7676,12.4,1.1581,1.3522,38,77.7778,1.459842
20,30,10,0.03,0.75,2.5,2.5,0.15,15562.61,55.6261,16.7676,12.4,1.1581,1.3522,38,77.7778,1.459842
20,30,10,0.03,0.75,2.5,2.5,0.25,15562.61,55.6261,16.7676,12.4,1.1581,1.3522,38,77.7778,1.459842
20,30,10,0.03,0.75,2.5,2.5,0.35,15562.61,55.6261,16.7676,12.4,1.1581,1.3522,38,77.7778,1.459842
20,30,10,0.03,0.95,2.5,2.5,0.15,15562.61,55.6261,16.7676,12.4,1.1581,1.3522,38,77.7778,1.459842
20,30,10,0.03,0.95,2.5,2.5,0.25,15562.61,55.6261,16.7676,12.4,1.1581,1.3522,38,77.7778,1.459842
20,30,10,0.03,0.95,2.5,2.5,0.35,15562.61,55.6261,16.7676,12.4,1.1581,1.3522,38,77.7778,1.459842
20,30,14,0.01,0.5,2.5,2.5,0.15,11504.67,15.0467,5.0354,3.9506,1.1234,1.2746,42,60.0,1.459761
20,30,14,0.01,0.5,2.5,2.5,0.25,11504.67,15.0467,5.0354,3.9506,1.1234,1.2746,42,60.0,1.459761
20,30,14,0.01,0.5,2.5,2.5,0.35,11504.67,15.0467,5.0354,3.9506,1.1234,1.2746,42,60.0,1.459761
20,30,14,0.01,0.75,2.5,2.5,0.15,11504.67,15.0467,5.0354,3.9506,1.1234,1.2746,42,60.0,1.459761
20,30,14,0.01,0.75,2.5,2.5,0.25,11504.67,15.0467,5.0354,3.9506,1.1234,1.2746,42,60.0,1.459761
20,30,14,0.01,0.75,2.5,2.5,0.35,11504.67,15.0467,5.0354,3.9506,1.1234,1.2746,42,60.0,1.459761
20,30,14,0.01,0.95,2.5,2.5,0.15,11504.67,15.0467,5.0354,3.9506,1.1234,1.2746,42,60.0,1.459761
20,30,14,0.01,0.95,2.5,2.5,0.25,11504.67,15.0467,5.0354,3.9506,1.1234,1.2746,42,60.0,1.459761
20,30,14,0.01,0.95,2.5,2.5,0.35,11504.67,15.0467,5.0354,3.9506,1.1234,1.2746,42,60.0,1.459761
20,120,14,0.02,0.5,3.5,4.5,0.15,12924.01,29.2401,10.823,8.1306,1.0413,1.3311,8,100.0,1.458087
20,120,14,0.02,0.5,3.5,4.5,0.25,12924.01,29.2401,10.823,8.1306,1.0413,1.3311,8,100.0,1.458087
20,120,14,0.02,0.5,3.5,4.5,0.35,12924.01,29.2401,10.823,8.1306,1.0413,1.3311,8,100.0,1.458087
20,120,14,0.02,0.75,3.5,4.5,0.15,12924.01,29.2401,10.823,8.1306,1.0413,1.3311,8,100.0,1.458087
20,120,14,0.02,0.75,3.5,4.5,0.25,12924.01,29.2401,10.823,8.1306,1.0413,1.3311,8,100.0,1.458087
20,120,14,0.02,0.75,3.5,4.5,0.35,12924.01,29.2401,10.823,8.1306,1.0413,1.3311,8,100.0,1.458087
20,120,14,0.02,0.95,3.5,4.5,0.15,12924.01,29.2401,10.823,8.1306,1.0413,1.3311,8,100.0,1.458087
20,120,14,0.02,0.95,3.5,4.5,0.25,12924.01,29.2401,10.823,8.1306,1.0413,1.3311,8,100.0,1.458087
20,120,14,0.02,0.95,3.5,4.5,0.35,12924.01,29.2401,10.823,8.1306,1.0413,1.3311,8,100.0,1.458087
20,30,20,0.03,0.5,2.5,4.5,0.15,16262.45,62.6245,18.5818,13.6195,1.1455,1.3643,30,78.5714,1.457249
20,30,20,0.03,0.5,2.5,4.5,0.25,16262.45,62.6245,18.5818,13.6195,1.1455,1.3643,30,78.5714,1.457249
20,30,20,0.03,0.5,2.5,4.5,0.35,16262.45,62.6245,18.5818,13.6195,1.1455,1.3643,30,78.5714,1.457249
20,30,20,0.03,0.75,2.5,4.5,0.15,16262.45,62.6245,18.5818,13.6195,1.1455,1.3643,30,78.5714,1.457249
20,30,20,0.03,0.75,2.5,4.5,0.25,16262.45,62.6245,18.5818,13.6195,1.1455,1.3643,30,78.5714,1.457249
20,30,20,0.03,0.75,2.5,4.5,0.35,16262.45,62.6245,18.5818,13.6195,1.1455,1.3643,30,78.5714,1.457249
20,30,20,0.03,0.95,2.5,4.5,0.15,16262.45,62.6245,18.5818,13.6195,1.1455,1.3643,30,78.5714,1.457249
20,30,20,0.03,0.95,2.5,4.5,0.25,16262.45,62.6245,18.5818,13.6195,1.1455,1.3643,30,78.5714,1.457249
20,30,20,0.03,0.95,2.5,4.5,0.35,16262.45,62.6245,18.5818,13.6195,1.1455,1.3643,30,78.5714,1.457249
20,120,10,0.02,0.5,1.5,3.5,0.15,15270.51,52.7051,18.4836,13.4992,1.113,1.3692,20,66.6667,1.456849
20,120,10,0.02,0.5,1.5,3.5,0.25,15270.51,52.7051,18.4836,13.4992,1.113,1.3692,20,66.6667,1.456849
20,120,10,0.02,0.5,1.5,3.5,0.35,15270.51,52.7051,18.4836,13.4992,1.113,1.3692,20,66.6667,1.456849
20,120,10,0.02,0.75,1.5,3.5,0.15,15270.51,52.7051,18.4836,13.4992,1.113,1.3692,20,66.6667,1.456849
20,120,10,0.02,0.75,1.5,3.5,0.25,15270.51,52.7051,18.4836,13.4992,1.113,1.3692,20,66.6667,1.456849
20,120,10,0.02,0.75,1.5,3.5,0.35,15270.51,52.7051,18.4836,13.4992,1.113,1.3692,20,66.6667,1.456849
20,120,10,0.02,0.95,1.5,3.5,0.15,15270.51,52.7051,18.4836,13.4992,1.113,1.3692,20,66.6667,1.456849
20,120,10,0.02,0.95,1.5,3.5,0.25,15270.51,52.7051,18.4836,13.4992,1.113,1.3692,20,66.6667,1.456849
20,120,10,0.02,0.95,1.5,3.5,0.35,15270.51,52.7051,18.4836,13.4992,1.113,1.3692,20,66.6667,1.456849
20,30,20,0.01,0.5,1.5,4.5,0.15,13172.24,31.7224,10.1385,7.7248,1.103,1.3125,30,78.5714,1.45582
20,30,20,0.01,0.5,1.5,4.5,0.25,13172.24,31.7224,10.1385,7.7248,1.103,1.3125,30,78.5714,1.45582
20,30,20,0.01,0.5,1.5,4.5,0.35,13172.24,31.7224,10.1385,7.7248,1.103,1.3125,30,78.5714,1.45582
20,30,20,0.01,0.75,1.5,4.5,0.15,13172.24,31.7224,10.1385,7.7248,1.103,1.3125,30,78.5714,1.45582
20,30,20,0.01,0.75,1.5,4.5,0.25,13172.24,31.7224,10.1385,7.7248,1.103,1.3125,30,78.5714,1.45582
20,30,20,0.01,0.75,1.5,4.5,0.35,13172.24,31.7224,10.1385,7.7248,1.103,1.3125,30,78.5714,1.45582
20,30,20,0.01,0.95,1.5,4.5,0.15,13172.24,31.7224,10.1385,7.7248,1.103,1.3125,30,78.5714,1.45582
20,30,20,0.01,0.95,1.5,4.5,0.25,13172.24,31.7224,10.1385,7.7248,1.103,1.3125,30,78.5714,1.45582
20,30,20,0.01,0.95,1.5,4.5,0.35,13172.24,31.7224,10.1385,7.7248,1.103,1.3125,30,78.5714,1.45582
10,120,20,0.01,0.5,3.5,3.5,0.15,11053.48,10.5348,4.0944,3.2258,1.0919,1.2693,18,75.0,1.455372
10,120,20,0.01,0.5,3.5,3.5,0.25,11053.48,10.5348,4.0944,3.2258,1.0919,1.2693,18,75.0,1.455372
10,120,20,0.01,0.5,3.5,3.5,0.35,11053.48,10.5348,4.0944,3.2258,1.0919,1.2693,18,75.0,1.455372
10,120,20,0.01,0.75,3.5,3.5,0.15,11053.48,10.5348,4.0944,3.2258,1.0919,1.2693,18,75.0,1.455372
10,120,20,0.01,0.75,3.5,3.5,0.25,11053.48,10.5348,4.0944,3.2258,1.0919,1.2693,18,75.0,1.455372
10,120,20,0.01,0.75,3.5,3.5,0.35,11053.48,10.5348,4.0944,3.2258,1.0919,1.2693,18,75.0,1.455372
10,120,20,0.01,0.95,3.5,3.5,0.15,11053.48,10.5348,4.0944,3.2258,1.0919,1.2693,18,75.0,1.455372
10,120,20,0.01,0.95,3.5,3.5,0.25,11053.48,10.5348,4.0944,3.2258,1.0919,1.2693,18,75.0,1.455372
10,120,20,0.01,0.95,3.5,3.5,0.35,11053.48,10.5348,4.0944,3.2258,1.0919,1.2693,18,75.0,1.455372
20,30,20,0.03,0.5,2.5,2.5,0.15,15181.21,51.8121,15.7565,11.7935,1.1797,1.336,44,57.1429,1.454035
20,30,20,0.03,0.5,2.5,2.5,0.25,15181.21,51.8121,15.7565,11.7935,1.1797,1.336,44,57.1429,1.454035
20,30,20,0.03,0.5,2.5,2.5,0.35,15181.21,51.8121,15.7565,11.7935,1.1797,1.336,44,57.1429,1.454035
20,30,20,0.03,0.75,2.5,2.5,0.15,15181.21,51.8121,15.7565,11.7935,1.1797,1.336,44,57.1429,1.454035
20,30,20,0.03,0.75,2.5,2.5,0.25,15181.21,51.8121,15.7565,11.7935,1.1797,1.336,44,57.1429,1.454035
20,30,20,0.03,0.75,2.5,2.5,0.35,15181.21,51.8121,15.7565,11.7935,1.1797,1.336,44,57.1429,1.454035
20,30,20,0.03,0.95,2.5,2.5,0.15,15181.21,51.8121,15.7565,11.7935,1.1797,1.336,44,57.1429,1.454035
20,30,20,0.03,0.95,2.5,2.5,0.25,15181.21,51.8121,15.7565,11.7935,1.1797,1.336,44,57.1429,1.454035
20,30,20,0.03,0.95,2.5,2.5,0.35,15181.21,51.8121,15.7565,11.7935,1.1797,1.336,44,57.1429,1.454035
20,120,10,0.01,0.5,1.5,4.5,0.15,13294.53,32.9453,12.0851,9.0432,1.0181,1.3364,8,100.0,1.44956
20,120,10,0.01,0.5,1.5,4.5,0.25,13294.53,32.9453,12.0851,9.0432,1.0181,1.3364,8,100.0,1.44956
20,120,10,0.01,0.5,1.5,4.5,0.35,13294.53,32.9453,12.0851,9.0432,1.0181,1.3364,8,100.0,1.44956
20,120,10,0.01,0.75,1.5,4.5,0.15,13294.53,32.9453,12.0851,9.0432,1.0181,1.3364,8,100.0,1.44956
20,120,10,0.01,0.75,1.5,4.5,0.25,13294.53,32.9453,12.0851,9.0432,1.0181,1.3364,8,100.0,1.44956
20,120,10,0.01,0.75,1.5,4.5,0.35,13294.53,32.9453,12.0851,9.0432,1.0181,1.3364,8,100.0,1.44956
20,120,10,0.01,0.95,1.5,4.5,0.15,13294.53,32.9453,12.0851,9.0432,1.0181,1.3364,8,100.0,1.44956
20,120,10,0.01,0.95,1.5,4.5,0.25,13294.53,32.9453,12.0851,9.0432,1.0181,1.3364,8,100.0,1.44956
20,120,10,0.01,0.95,1.5,4.5,0.35,13294.53,32.9453,12.0851,9.0432,1.0181,1.3364,8,100.0,1.44956
10,120,20,0.02,0.5,1.5,3.5,0.15,15376.05,53.7605,18.811,13.8174,1.1307,1.3614,24,54.5455,1.449375
10,120,20,0.02,0.5,1.5,3.5,0.25,15376.05,53.7605,18.811,13.8174,1.1307,1.3614,24,54.5455,1.449375
10,120,20,0.02,0.5,1.5,3.5,0.35,15376.05,53.7605,18.811,13.8174,1.1307,1.3614,24,54.5455,1.449375
10,120,20,0.02,0.75,1.5,3.5,0.15,15376.05,53.7605,18.811,13.8174,1.1307,1.3614,24,54.5455,1.449375
10,120,20,0.02,0.75,1.5,3.5,0.25,15376.05,53.7605,18.811,13.8174,1.1307,1.3614,24,54.5455,1.449375
10,120,20,0.02,0.75,1.5,3.5,0.35,15376.05,53.7605,18.811,13.8174,1.1307,1.3614,24,54.5455,1.449375
10,120,20,0.02,0.95,1.5,3.5,0.15,15376.05,53.7605,18.811,13.8174,1.1307,1.3614,24,54.5455,1.449375
10,120,20,0.02,0.95,1.5,3.5,0.25,15376.05,53.7605,18.811,13.8174,1.1307,1.3614,24,54.5455,1.449375
10,120,20,0.02,0.95,1.5,3.5,0.35,15376.05,53.7605,18.811,13.8174,1.1307,1.3614,24,54.5455,1.449375
20,30,10,0.01,0.5,1.5,2.5,0.15,12853.66,28.5366,9.1974,7.1065,1.1246,1.2942,38,77.7778,1.448088
20,30,10,0.01,0.5,1.5,2.5,0.25,12853.66,28.5366,9.1974,7.1065,1.1246,1.2942,38,77.7778,1.448088
20,30,10,0.01,0.5,1.5,2.5,0.35,12853.66,28.5366,9.1974,7.1065,1.1246,1.2942,38,77.7778,1.448088
20,30,10,0.01,0.75,1.5,2.5,0.15,12853.66,28.5366,9.1974,7.1065,1.1246,1.2942,38,77.7778,1.448088
20,30,10,0.01,0.75,1.5,2.5,0.25,12853.66,28.5366,9.1974,7.1065,1.1246,1.2942,38,77.7778,1.448088
20,30,10,0.01,0.75,1.5,2.5,0.35,12853.66,28.5366,9.1974,7.1065,1.1246,1.2942,38,77.7778,1.448088
20,30,10,0.01,0.95,1.5,2.5,0.15,12853.66,28.5366,9.1974,7.1065,1.1246,1.2942,38,77.7778,1.448088
20,30,10,0.01,0.95,1.5,2.5,0.25,12853.66,28.5366,9.1974,7.1065,1.1246,1.2942,38,77.7778,1.448088
20,30,10,0.01,0.95,1.5,2.5,0.35,12853.66,28.5366,9.1974,7.1065,1.1246,1.2942,38,77.7778,1.448088
10,120,10,0.02,0.5,3.5,4.5,0.15,12689.96,26.8996,10.0145,7.5711,1.0048,1.3227,8,100.0,1.447976
10,120,10,0.02,0.5,3.5,4.5,0.25,12689.96,26.8996,10.0145,7.5711,1.0048,1.3227,8,100.0,1.447976
10,120,10,0.02,0.5,3.5,4.5,0.35,12689.96,26.8996,10.0145,7.5711,1.0048,1.3227,8,100.0,1.447976
10,120,10,0.02,0.75,3.5,4.5,0.15,12689.96,26.8996,10.0145,7.5711,1.0048,1.3227,8,100.0,1.447976
10,120,10,0.02,0.75,3.5,4.5,0.25,12689.96,26.8996,10.0145,7.5711,1.0048,1.3227,8,100.0,1.447976
10,120,10,0.02,0.75,3.5,4.5,0.35,12689.96,26.8996,10.0145,7.5711,1.0048,1.3227,8,100.0,1.447976
10,120,10,0.02,0.95,3.5,4.5,0.15,12689.96,26.8996,10.0145,7.5711,1.0048,1.3227,8,100.0,1.447976
10,120,10,0.02,0.95,3.5,4.5,0.25,12689.96,26.8996,10.0145,7.5711,1.0048,1.3227,8,100.0,1.447976
10,120,10,0.02,0.95,3.5,4.5,0.35,12689.96,26.8996,10.0145,7.5711,1.0048,1.3227,8,100.0,1.447976
20,30,10,0.03,0.5,3.5,2.5,0.15,13765.5,37.655,11.8523,9.0406,1.1289,1.311,38,77.7778,1.446377
20,30,10,0.03,0.5,3.5,2.5,0.25,13765.5,37.655,11.8523,9.0406,1.1289,1.311,38,77.7778,1.446377
20,30,10,0.03,0.5,3.5,2.5,0.35,13765.5,37.655,11.8523,9.0406,1.1289,1.311,38,77.7778,1.446377
20,30,10,0.03,0.75,3.5,2.5,0.15,13765.5,37.655,11.8523,9.0406,1.1289,1.311,38,77.7778,1.446377
20,30,10,0.03,0.75,3.5,2.5,0.25,13765.5,37.655,11.8523,9.0406,1.1289,1.311,38,77.7778,1.446377
20,30,10,0.03,0.75,3.5,2.5,0.35,13765.5,37.655,11.8523,9.0406,1.1289,1.311,38,77.7778,1.446377
20,30,10,0.03,0.95,3.5,2.5,0.15,13765.5,37.655,11.8523,9.0406,1.1289,1.311,38,77.7778,1.446377
20,30,10,0.03,0.95,3.5,2.5,0.25,13765.5,37.655,11.8523,9.0406,1.1289,1.311,38,77.7778,1.446377
20,30,10,0.03,0.95,3.5,2.5,0.35,13765.5,37.655,11.8523,9.0406,1.1289,1.311,38,77.7778,1.446377
20,30,20,0.02,0.5,3.5,4.5,0.15,12698.02,26.9802,8.7322,6.7628,1.0997,1.2912,30,78.5714,1.443513
20,30,20,0.02,0.5,3.5,4.5,0.25,12698.02,26.9802,8.7322,6.7628,1.0997,1.2912,30,78.5714,1.443513
20,30,20,0.02,0.5,3.5,4.5,0.35,12698.02,26.9802,8.7322,6.7628,1.0997,1.2912,30,78.5714,1.443513
20,30,20,0.02,0.75,3.5,4.5,0.15,12698.02,26.9802,8.7322,6.7628,1.0997,1.2912,30,78.5714,1.443513
20,30,20,0.02,0.75,3.5,4.5,0.25,12698.02,26.9802,8.7322,6.7628,1.0997,1.2912,30,78.5714,1.443513
20,30,20,0.02,0.75,3.5,4.5,0.35,12698.02,26.9802,8.7322,6.7628,1.0997,1.2912,30,78.5714,1.443513
20,30,20,0.02,0.95,3.5,4.5,0.15,12698.02,26.9802,8.7322,6.7628,1.0997,1.2912,30,78.5714,1.443513
20,30,20,0.02,0.95,3.5,4.5,0.25,12698.02,26.9802,8.7322,6.7628,1.0997,1.2912,30,78.5714,1.443513
20,30,20,0.02,0.95,3.5,4.5,0.35,12698.02,26.9802,8.7322,6.7628,1.0997,1.2912,30,78.5714,1.443513
20,30,10,0.02,0.5,3.5,2.5,0.15,12390.92,23.9092,7.8032,6.0908,1.1133,1.2811,38,77.7778,1.442885
20,30,10,0.02,0.5,3.5,2.5,0.25,12390.92,23.9092,7.8032,6.0908,1.1133,1.2811,38,77.7778,1.442885
20,30,10,0.02,0.5,3.5,2.5,0.35,12390.92,23.9092,7.8032,6.0908,1.1133,1.2811,38,77.7778,1.442885
20,30,10,0.02,0.75,3.5,2.5,0.15,12390.92,23.9092,7.8032,6.0908,1.1133,1.2811,38,77.7778,1.442885
20,30,10,0.02,0.75,3.5,2.5,0.25,12390.92,23.9092,7.8032,6.0908,1.1133,1.2811,38,77.7778,1.442885
20,30,10,0.02,0.75,3.5,2.5,0.35,12390.92,23.9092,7.8032,6.0908,1.1133,1.2811,38,77.7778,1.442885
20,30,10,0.02,0.95,3.5,2.5,0.15,12390.92,23.9092,7.8032,6.0908,1.1133,1.2811,38,77.7778,1.442885
20,30,10,0.02,0.95,3.5,2.5,0.25,12390.92,23.9092,7.8032,6.0908,1.1133,1.2811,38,77.7778,1.442885
20,30,10,0.02,0.95,3.5,2.5,0.35,12390.92,23.9092,7.8032,6.0908,1.1133,1.2811,38,77.7778,1.442885
20,30,14,0.01,0.5,1.5,4.5,0.15,13180.62,31.8062,10.163,7.7893,1.0798,1.3047,30,78.5714,1.442819
20,30,14,0.01,0.5,1.5,4.5,0.25,13180.62,31.8062,10.163,7.7893,1.0798,1.3047,30,78.5714,1.442819
20,30,14,0.01,0.5,1.5,4.5,0.35,13180.62,31.8062,10.163,7.7893,1.0798,1.3047,30,78.5714,1.442819
20,30,14,0.01,0.75,1.5,4.5,0.15,13180.62,31.8062,10.163,7.7893,1.0798,1.3047,30,78.5714,1.442819
20,30,14,0.01,0.75,1.5,4.5,0.25,13180.62,31.8062,10.163,7.7893,1.0798,1.3047,30,78.5714,1.442819
20,30,14,0.01,0.75,1.5,4.5,0.35,13180.62,31.8062,10.163,7.7893,1.0798,1.3047,30,78.5714,1.442819
20,30,14,0.01,0.95,1.5,4.5,0.15,13180.62,31.8062,10.163,7.7893,1.0798,1.3047,30,78.5714,1.442819
20,30,14,0.01,0.95,1.5,4.5,0.25,13180.62,31.8062,10.163,7.7893,1.0798,1.3047,30,78.5714,1.442819
20,30,14,0.01,0.95,1.5,4.5,0.35,13180.62,31.8062,10.163,7.7893,1.0798,1.3047,30,78.5714,1.442819
20,30,20,0.01,0.5,3.5,4.5,0.15,11262.61,12.6261,4.2555,3.3739,1.0729,1.2613,30,78.5714,1.442122
20,30,20,0.01,0.5,3.5,4.5,0.25,11262.61,12.6261,4.2555,3.3739,1.0729,1.2613,30,78.5714,1.442122
20,30,20,0.01,0.5,3.5,4.5,0.35,11262.61,12.6261,4.2555,3.3739,1.0729,1.2613,30,78.5714,1.442122
20,30,20,0.01,0.75,3.5,4.5,0.15,11262.61,12.6261,4.2555,3.3739,1.0729,1.2613,30,78.5714,1.442122
20,30,20,0.01,0.75,3.5,4.5,0.25,11262.61,12.6261,4.2555,3.3739,1.0729,1.2613,30,78.5714,1.442122
20,30,20,0.01,0.75,3.5,4.5,0.35,11262.61,12.6261,4.2555,3.3739,1.0729,1.2613,30,78.5714,1.442122
20,30,20,0.01,0.95,3.5,4.5,0.15,11262.61,12.6261,4.2555,3.3739,1.0729,1.2613,30,78.5714,1.442122
20,30,20,0.01,0.95,3.5,4.5,0.25,11262.61,12.6261,4.2555,3.3739,1.0729,1.2613,30,78.5714,1.442122
20,30,20,0.01,0.95,3.5,4.5,0.35,11262.61,12.6261,4.2555,3.3739,1.0729,1.2613,30,78.5714,1.442122
20,30,10,0.02,0.5,2.5,2.5,0.15,13474.94,34.7494,11.019,8.4688,1.1283,1.3011,38,77.7778,1.442112
20,30,10,0.02,0.5,2.5,2.5,0.25,13474.94,34.7494,11.019,8.4688,1.1283,1.3011,38,77.7778,1.442112
20,30,10,0.02,0.5,2.5,2.5,0.35,13474.94,34.7494,11.019,8.4688,1.1283,1.3011,38,77.7778,1.442112
20,30,10,0.02,0.75,2.5,2.5,0.15,13474.94,34.7494,11.019,8.4688,1.1283,1.3011,38,77.7778,1.442112
20,30,10,0.02,0.75,2.5,2.5,0.25,13474.94,34.7494,11.019,8.4688,1.1283,1.3011,38,77.7778,1.442112
20,30,10,0.02,0.75,2.5,2.5,0.35,13474.94,34.7494,11.019,8.4688,1.1283,1.3011,38,77.7778,1.442112
20,30,10,0.02,0.95,2.5,2.5,0.15,13474.94,34.7494,11.019,8.4688,1.1283,1.3011,38,77.7778,1.442112
20,30,10,0.02,0.95,2.5,2.5,0.25,13474.94,34.7494,11.019,8.4688,1.1283,1.3011,38,77.7778,1.442112
20,30,10,0.02,0.95,2.5,2.5,0.35,13474.94,34.7494,11.019,8.4688,1.1283,1.3011,38,77.7778,1.442112
20,30,20,0.03,0.5,3.5,4.5,0.15,14199.71,41.9971,13.0764,9.919,1.1135,1.3183,30,78.5714,1.441834
20,30,20,0.03,0.5,3.5,4.5,0.25,14199.71,41.9971,13.0764,9.919,1.1135,1.3183,30,78.5714,1.441834
20,30,20,0.03,0.5,3.5,4.5,0.35,14199.71,41.9971,13.0764,9.919,1.1135,1.3183,30,78.5714,1.441834
20,30,20,0.03,0.75,3.5,4.5,0.15,14199.71,41.9971,13.0764,9.919,1.1135,1.3183,30,78.5714,1.441834
20,30,20,0.03,0.75,3.5,4.5,0.25,14199.71,41.9971,13.0764,9.919,1.1135,1.3183,30,78.5714,1.441834
20,30,20,0.03,0.75,3.5,4.5,0.35,14199.71,41.9971,13.0764,9.919,1.1135,1.3183,30,78.5714,1.441834
20,30,20,0.03,0.95,3.5,4.5,0.15,14199.71,41.9971,13.0764,9.919,1.1135,1.3183,30,78.5714,1.441834
20,30,20,0.03,0.95,3.5,4.5,0.25,14199.71,41.9971,13.0764,9.919,1.1135,1.3183,30,78.5714,1.441834
20,30,20,0.03,0.95,3.5,4.5,0.35,14199.71,41.9971,13.0764,9.919,1.1135,1.3183,30,78.5714,1.441834
10,120,20,0.02,0.5,3.5,3.5,0.15,12134.52,21.3452,8.0594,6.2873,1.0928,1.2819,18,75.0,1.437533
10,120,20,0.02,0.5,3.5,3.5,0.25,12134.52,21.3452,8.0594,6.2873,1.0928,1.2819,18,75.0,1.437533
10,120,20,0.02,0.5,3.5,3.5,0.35,12134.52,21.3452,8.0594,6.2873,1.0928,1.2819,18,75.0,1.437533
10,120,20,0.02,0.75,3.5,3.5,0.15,12134.52,21.3452,8.0594,6.2873,1.0928,1.2819,18,75.0,1.437533
10,120,20,0.02,0.75,3.5,3.5,0.25,12134.52,21.3452,8.0594,6.2873,1.0928,1.2819,18,75.0,1.437533
10,120,20,0.02,0.75,3.5,3.5,0.35,12134.52,21.3452,8.0594,6.2873,1.0928,1.2819,18,75.0,1.437533
10,120,20,0.02,0.95,3.5,3.5,0.15,12134.52,21.3452,8.0594,6.2873,1.0928,1.2819,18,75.0,1.437533
10,120,20,0.02,0.95,3.5,3.5,0.25,12134.52,21.3452,8.0594,6.2873,1.0928,1.2819,18,75.0,1.437533
10,120,20,0.02,0.95,3.5,3.5,0.35,12134.52,21.3452,8.0594,6.2873,1.0928,1.2819,18,75.0,1.437533
20,120,14,0.01,0.5,1.5,4.5,0.15,13336.21,33.3621,12.2257,9.2398,1.0324,1.3232,10,75.0,1.437238
20,120,14,0.01,0.5,1.5,4.5,0.25,13336.21,33.3621,12.2257,9.2398,1.0324,1.3232,10,75.0,1.437238
20,120,14,0.01,0.5,1.5,4.5,0.35,13336.21,33.3621,12.2257,9.2398,1.0324,1.3232,10,75.0,1.437238
20,120,14,0.01,0.75,1.5,4.5,0.15,13336.21,33.3621,12.2257,9.2398,1.0324,1.3232,10,75.0,1.437238
20,120,14,0.01,0.75,1.5,4.5,0.25,13336.21,33.3621,12.2257,9.2398,1.0324,1.3232,10,75.0,1.437238
20,120,14,0.01,0.75,1.5,4.5,0.35,13336.21,33.3621,12.2257,9.2398,1.0324,1.3232,10,75.0,1.437238
20,120,14,0.01,0.95,1.5,4.5,0.15,13336.21,33.3621,12.2257,9.2398,1.0324,1.3232,10,75.0,1.437238
20,120,14,0.01,0.95,1.5,4.5,0.25,13336.21,33.3621,12.2257,9.2398,1.0324,1.3232,10,75.0,1.437238
20,120,14,0.01,0.95,1.5,4.5,0.35,13336.21,33.3621,12.2257,9.2398,1.0324,1.3232,10,75.0,1.437238
10,120,10,0.01,0.5,1.5,3.5,0.15,12493.33,24.9333,9.3283,7.2296,1.0908,1.2903,20,66.6667,1.436166
10,120,10,0.01,0.5,1.5,3.5,0.25,12493.33,24.9333,9.3283,7.2296,1.0908,1.2903,20,66.6667,1.436166
10,120,10,0.01,0.5,1.5,3.5,0.35,12493.33,24.9333,9.3283,7.2296,1.0908,1.2903,20,66.6667,1.436166
10,120,10,0.01,0.75,1.5,3.5,0.15,12493.33,24.9333,9.3283,7.2296,1.0908,1.2903,20,66.6667,1.436166
10,120,10,0.01,0.75,1.5,3.5,0.25,12493.33,24.9333,9.3283,7.2296,1.0908,1.2903,20,66.6667,1.436166
10,120,10,0.01,0.75,1.5,3.5,0.35,12493.33,24.9333,9.3283,7.2296,1.0908,1.2903,20,66.6667,1.436166
10,120,10,0.01,0.95,1.5,3.5,0.15,12493.33,24.9333,9.3283,7.2296,1.0908,1.2903,20,66.6667,1.436166
10,120,10,0.01,0.95,1.5,3.5,0.25,12493.33,24.9333,9.3283,7.2296,1.0908,1.2903,20,66.6667,1.436166
10,120,10,0.01,0.95,1.5,3.5,0.35,12493.33,24.9333,9.3283,7.2296,1.0908,1.2903,20,66.6667,1.436166
20,30,20,0.03,0.5,3.5,2.5,0.15,13506.68,35.0668,11.1106,8.6134,1.16,1.2899,44,57.1429,1.435779
20,30,20,0.03,0.5,3.5,2.5,0.25,13506.68,35.0668,11.1106,8.6134,1.16,1.2899,44,57.1429,1.435779
20,30,20,0.03,0.5,3.5,2.5,0.35,13506.68,35.0668,11.1106,8.6134,1.16,1.2899,44,57.1429,1.435779
20,30,20,0.03,0.75,3.5,2.5,0.15,13506.68,35.0668,11.1106,8.6134,1.16,1.2899,44,57.1429,1.435779
20,30,20,0.03,0.75,3.5,2.5,0.25,13506.68,35.0668,11.1106,8.6134,1.16,1.2899,44,57.1429,1.435779
20,30,20,0.03,0.75,3.5,2.5,0.35,13506.68,35.0668,11.1106,8.6134,1.16,1.2899,44,57.1429,1.435779
20,30,20,0.03,0.95,3.5,2.5,0.15,13506.68,35.0668,11.1106,8.6134,1.16,1.2899,44,57.1429,1.435779
20,30,20,0.03,0.95,3.5,2.5,0.25,13506.68,35.0668,11.1106,8.6134,1.16,1.2899,44,57.1429,1.435779
20,30,20,0.03,0.95,3.5,2.5,0.35,13506.68,35.0668,11.1106,8.6134,1.16,1.2899,44,57.1429,1.435779
20,120,20,0.03,0.5,1.5,3.5,0.25,18161.08,81.6108,27.0052,19.2863,1.1352,1.4002,24,54.5455,1.434412
20,120,20,0.03,0.5,1.5,3.5,0.35,18161.08,81.6108,27.0052,19.2863,1.1352,1.4002,24,54.5455,1.434412
20,120,20,0.03,0.75,1.5,3.5,0.25,18161.08,81.6108,27.0052,19.2863,1.1352,1.4002,24,54.5455,1.434412
20,120,20,0.03,0.75,1.5,3.5,0.35,18161.08,81.6108,27.0052,19.2863,1.1352,1.4002,24,54.5455,1.434412
20,120,20,0.03,0.95,1.5,3.5,0.25,18161.08,81.6108,27.0052,19.2863,1.1352,1.4002,24,54.5455,1.434412
20,120,20,0.03,0.95,1.5,3.5,0.35,18161.08,81.6108,27.0052,19.2863,1.1352,1.4002,24,54.5455,1.434412
20,30,14,0.01,0.5,2.5,4.5,0.15,11787.77,17.8777,5.9341,4.6746,1.0514,1.2694,30,78.5714,1.432969
20,30,14,0.01,0.5,2.5,4.5,0.25,11787.77,17.8777,5.9341,4.6746,1.0514,1.2694,30,78.5714,1.432969
20,30,14,0.01,0.5,2.5,4.5,0.35,11787.77,17.8777,5.9341,4.6746,1.0514,1.2694,30,78.5714,1.432969
20,30,14,0.01,0.75,2.5,4.5,0.15,11787.77,17.8777,5.9341,4.6746,1.0514,1.2694,30,78.5714,1.432969
20,30,14,0.01,0.75,2.5,4.5,0.25,11787.77,17.8777,5.9341,4.6746,1.0514,1.2694,30,78.5714,1.432969
20,30,14,0.01,0.75,2.5,4.5,0.35,11787.77,17.8777,5.9341,4.6746,1.0514,1.2694,30,78.5714,1.432969
20,30,14,0.01,0.95,2.5,4.5,0.15,11787.77,17.8777,5.9341,4.6746,1.0514,1.2694,30,78.5714,1.432969
20,30,14,0.01,0.95,2.5,4.5,0.25,11787.77,17.8777,5.9341,4.6746,1.0514,1.2694,30,78.5714,1.432969
20,30,14,0.01,0.95,2.5,4.5,0.35,11787.77,17.8777,5.9341,4.6746,1.0514,1.2694,30,78.5714,1.432969
10,120,10,0.01,0.5,2.5,4.5,0.15,11854.59,18.5459,7.0537,5.4789,0.9943,1.2874,8,100.0,1.431507
10,120,10,0.01,0.5,2.5,4.5,0.25,11854.59,18.5459,7.0537,5.4789,0.9943,1.2874,8,100.0,1.431507
10,120,10,0.01,0.5,2.5,4.5,0.35,11854.59,18.5459,7.0537,5.4789,0.9943,1.2874,8,100.0,1.431507
10,120,10,0.01,0.75,2.5,4.5,0.15,11854.59,18.5459,7.0537,5.4789,0.9943,1.2874,8,100.0,1.431507
10,120,10,0.01,0.75,2.5,4.5,0.25,11854.59,18.5459,7.0537,5.4789,0.9943,1.2874,8,100.0,1.431507
10,120,10,0.01,0.75,2.5,4.5,0.35,11854.59,18.5459,7.0537,5.4789,0.9943,1.2874,8,100.0,1.431507
10,120,10,0.01,0.95,2.5,4.5,0.15,11854.59,18.5459,7.0537,5.4789,0.9943,1.2874,8,100.0,1.431507
10,120,10,0.01,0.95,2.5,4.5,0.25,11854.59,18.5459,7.0537,5.4789,0.9943,1.2874,8,100.0,1.431507
10,120,10,0.01,0.95,2.5,4.5,0.35,11854.59,18.5459,7.0537,5.4789,0.9943,1.2874,8,100.0,1.431507
20,30,10,0.03,0.5,3.5,4.5,0.15,14219.34,42.1934,13.1312,10.023,1.1005,1.3101,30,78.5714,1.429967
20,30,10,0.03,0.5,3.5,4.5,0.25,14219.34,42.1934,13.1312,10.023,1.1005,1.3101,30,78.5714,1.429967
20,30,10,0.03,0.5,3.5,4.5,0.35,14219.34,42.1934,13.1312,10.023,1.1005,1.3101,30,78.5714,1.429967
20,30,10,0.03,0.75,3.5,4.5,0.15,14219.34,42.1934,13.1312,10.023,1.1005,1.3101,30,78.5714,1.429967
20,30,10,0.03,0.75,3.5,4.5,0.25,14219.34,42.1934,13.1312,10.023,1.1005,1.3101,30,78.5714,1.429967
20,30,10,0.03,0.75,3.5,4.5,0.35,14219.34,42.1934,13.1312,10.023,1.1005,1.3101,30,78.5714,1.429967
20,30,10,0.03,0.95,3.5,4.5,0.15,14219.34,42.1934,13.1312,10.023,1.1005,1.3101,30,78.5714,1.429967
20,30,10,0.03,0.95,3.5,4.5,0.25,14219.34,42.1934,13.1312,10.023,1.1005,1.3101,30,78.5714,1.429967
20,30,10,0.03,0.95,3.5,4.5,0.35,14219.34,42.1934,13.1312,10.023,1.1005,1.3101,30,78.5714,1.429967
10,120,20,0.01,0.5,1.5,3.5,0.15,12525.33,25.2533,9.4404,7.3443,1.0897,1.2854,24,54.5455,1.429906
10,120,20,0.01,0.5,1.5,3.5,0.25,12525.33,25.2533,9.4404,7.3443,1.0897,1.2854,24,54.5455,1.429906
10,120,20,0.01,0.5,1.5,3.5,0.35,12525.33,25.2533,9.4404,7.3443,1.0897,1.2854,24,54.5455,1.429906
10,120,20,0.01,0.75,1.5,3.5,0.15,12525.33,25.2533,9.4404,7.3443,1.0897,1.2854,24,54.5455,1.429906
10,120,20,0.01,0.75,1.5,3.5,0.25,12525.33,25.2533,9.4404,7.3443,1.0897,1.2854,24,54.5455,1.429906
10,120,20,0.01,0.75,1.5,3.5,0.35,12525.33,25.2533,9.4404,7.3443,1.0897,1.2854,24,54.5455,1.429906
10,120,20,0.01,0.95,1.5,3.5,0.15,12525.33,25.2533,9.4404,7.3443,1.0897,1.2854,24,54.5455,1.429906
10,120,20,0.01,0.95,1.5,3.5,0.25,12525.33,25.2533,9.4404,7.3443,1.0897,1.2854,24,54.5455,1.429906
10,120,20,0.01,0.95,1.5,3.5,0.35,12525.33,25.2533,9.4404,7.3443,1.0897,1.2854,24,54.5455,1.429906
20,30,20,0.01,0.5,2.5,4.5,0.15,11840.47,18.4047,6.0999,4.8334,1.0779,1.262,30,78.5714,1.42927
20,30,20,0.01,0.5,2.5,4.5,0.25,11840.47,18.4047,6.0999,4.8334,1.0779,1.262,30,78.5714,1.42927
20,30,20,0.01,0.5,2.5,4.5,0.35,11840.47,18.4047,6.0999,4.8334,1.0779,1.262,30,78.5714,1.42927
20,30,20,0.01,0.75,2.5,4.5,0.15,11840.47,18.4047,6.0999,4.8334,1.0779,1.262,30,78.5714,1.42927
20,30,20,0.01,0.75,2.5,4.5,0.25,11840.47,18.4047,6.0999,4.8334,1.0779,1.262,30,78.5714,1.42927
20,30,20,0.01,0.75,2.5,4.5,0.35,11840.47,18.4047,6.0999,4.8334,1.0779,1.262,30,78.5714,1.42927
20,30,20,0.01,0.95,2.5,4.5,0.15,11840.47,18.4047,6.0999,4.8334,1.0779,1.262,30,78.5714,1.42927
20,30,20,0.01,0.95,2.5,4.5,0.25,11840.47,18.4047,6.0999,4.8334,1.0779,1.262,30,78.5714,1.42927
20,30,20,0.01,0.95,2.5,4.5,0.35,11840.47,18.4047,6.0999,4.8334,1.0779,1.262,30,78.5714,1.42927
10,120,14,0.01,0.5,2.5,3.5,0.15,11519.37,15.1937,5.8304,4.6423,1.0775,1.2559,20,66.6667,1.425015
10,120,14,0.01,0.5,2.5,3.5,0.25,11519.37,15.1937,5.8304,4.6423,1.0775,1.2559,20,66.6667,1.425015
10,120,14,0.01,0.5,2.5,3.5,0.35,11519.37,15.1937,5.8304,4.6423,1.0775,1.2559,20,66.6667,1.425015
10,120,14,0.01,0.75,2.5,3.5,0.15,11519.37,15.1937,5.8304,4.6423,1.0775,1.2559,20,66.6667,1.425015
10,120,14,0.01,0.75,2.5,3.5,0.25,11519.37,15.1937,5.8304,4.6423,1.0775,1.2559,20,66.6667,1.425015
10,120,14,0.01,0.75,2.5,3.5,0.35,11519.37,15.1937,5.8304,4.6423,1.0775,1.2559,20,66.6667,1.425015
10,120,14,0.01,0.95,2.5,3.5,0.15,11519.37,15.1937,5.8304,4.6423,1.0775,1.2559,20,66.6667,1.425015
10,120,14,0.01,0.95,2.5,3.5,0.25,11519.37,15.1937,5.8304,4.6423,1.0775,1.2559,20,66.6667,1.425015
10,120,14,0.01,0.95,2.5,3.5,0.35,11519.37,15.1937,5.8304,4.6423,1.0775,1.2559,20,66.6667,1.425015
20,30,20,0.02,0.5,2.5,2.5,0.15,13261.96,32.6196,10.4008,8.1614,1.1587,1.2744,44,57.1429,1.424516
20,30,20,0.02,0.5,2.5,2.5,0.25,13261.96,32.6196,10.4008,8.1614,1.1587,1.2744,44,57.1429,1.424516
20,30,20,0.02,0.5,2.5,2.5,0.35,13261.96,32.6196,10.4008,8.1614,1.1587,1.2744,44,57.1429,1.424516
20,30,20,0.02,0.75,2.5,2.5,0.15,13261.96,32.6196,10.4008,8.1614,1.1587,1.2744,44,57.1429,1.424516
20,30,20,0.02,0.75,2.5,2.5,0.25,13261.96,32.6196,10.4008,8.1614,1.1587,1.2744,44,57.1429,1.424516
20,30,20,0.02,0.75,2.5,2.5,0.35,13261.96,32.6196,10.4008,8.1614,1.1587,1.2744,44,57.1429,1.424516
20,30,20,0.02,0.95,2.5,2.5,0.15,13261.96,32.6196,10.4008,8.1614,1.1587,1.2744,44,57.1429,1.424516
20,30,20,0.02,0.95,2.5,2.5,0.25,13261.96,32.6196,10.4008,8.1614,1.1587,1.2744,44,57.1429,1.424516
20,30,20,0.02,0.95,2.5,2.5,0.35,13261.96,32.6196,10.4008,8.1614,1.1587,1.2744,44,57.1429,1.424516
10,120,10,0.01,0.5,3.5,4.5,0.15,11314.96,13.1496,5.074,4.0382,0.9853,1.2565,8,100.0,1.413191
10,120,10,0.01,0.5,3.5,4.5,0.25,11314.96,13.1496,5.074,4.0382,0.9853,1.2565,8,100.0,1.413191
10,120,10,0.01,0.5,3.5,4.5,0.35,11314.96,13.1496,5.074,4.0382,0.9853,1.2565,8,100.0,1.413191
10,120,10,0.01,0.75,3.5,4.5,0.15,11314.96,13.1496,5.074,4.0382,0.9853,1.2565,8,100.0,1.413191
10,120,10,0.01,0.75,3.5,4.5,0.25,11314.96,13.1496,5.074,4.0382,0.9853,1.2565,8,100.0,1.413191
10,120,10,0.01,0.75,3.5,4.5,0.35,11314.96,13.1496,5.074,4.0382,0.9853,1.2565,8,100.0,1.413191
10,120,10,0.01,0.95,3.5,4.5,0.15,11314.96,13.1496,5.074,4.0382,0.9853,1.2565,8,100.0,1.413191
10,120,10,0.01,0.95,3.5,4.5,0.25,11314.96,13.1496,5.074,4.0382,0.9853,1.2565,8,100.0,1.413191
10,120,10,0.01,0.95,3.5,4.5,0.35,11314.96,13.1496,5.074,4.0382,0.9853,1.2565,8,100.0,1.413191
20,120,20,0.02,0.5,1.5,3.5,0.15,15189.9,51.899,18.2326,13.7441,1.108,1.3266,24,54.5455,1.410744
20,120,20,0.02,0.5,1.5,3.5,0.25,15189.9,51.899,18.2326,13.7441,1.108,1.3266,24,54.5455,1.410744
20,120,20,0.02,0.5,1.5,3.5,0.35,15189.9,51.899,18.2326,13.7441,1.108,1.3266,24,54.5455,1.410744
20,120,20,0.02,0.75,1.5,3.5,0.15,15189.9,51.899,18.2326,13.7441,1.108,1.3266,24,54.5455,1.410744
20,120,20,0.02,0.75,1.5,3.5,0.25,15189.9,51.899,18.2326,13.7441,1.108,1.3266,24,54.5455,1.410744
20,120,20,0.02,0.75,1.5,3.5,0.35,15189.9,51.899,18.2326,13.7441,1.108,1.3266,24,54.5455,1.410744
20,120,20,0.02,0.95,1.5,3.5,0.15,15189.9,51.899,18.2326,13.7441,1.108,1.3266,24,54.5455,1.410744
20,120,20,0.02,0.95,1.5,3.5,0.25,15189.9,51.899,18.2326,13.7441,1.108,1.3266,24,54.5455,1.410744
20,120,20,0.02,0.95,1.5,3.5,0.35,15189.9,51.899,18.2326,13.7441,1.108,1.3266,24,54.5455,1.410744
5,120,20,0.03,0.5,3.5,2.5,0.15,13204.15,32.0415,11.7792,9.2598,1.1525,1.2721,32,53.3333,1.409973
5,120,20,0.03,0.5,3.5,2.5,0.25,13204.15,32.0415,11.7792,9.2598,1.1525,1.2721,32,53.3333,1.409973
5,120,20,0.03,0.5,3.5,2.5,0.35,13204.15,32.0415,11.7792,9.2598,1.1525,1.2721,32,53.3333,1.409973
5,120,20,0.03,0.75,3.5,2.5,0.15,13204.15,32.0415,11.7792,9.2598,1.1525,1.2721,32,53.3333,1.409973
5,120,20,0.03,0.75,3.5,2.5,0.25,13204.15,32.0415,11.7792,9.2598,1.1525,1.2721,32,53.3333,1.409973
5,120,20,0.03,0.75,3.5,2.5,0.35,13204.15,32.0415,11.7792,9.2598,1.1525,1.2721,32,53.3333,1.409973
5,120,20,0.03,0.95,3.5,2.5,0.15,13204.15,32.0415,11.7792,9.2598,1.1525,1.2721,32,53.3333,1.409973
5,120,20,0.03,0.95,3.5,2.5,0.25,13204.15,32.0415,11.7792,9.2598,1.1525,1.2721,32,53.3333,1.409973
5,120,20,0.03,0.95,3.5,2.5,0.35,13204.15,32.0415,11.7792,9.2598,1.1525,1.2721,32,53.3333,1.409973
20,30,10,0.01,0.5,2.5,2.5,0.15,11576.12,15.7612,5.2635,4.2635,1.0773,1.2346,38,77.7778,1.407381
20,30,10,0.01,0.5,2.5,2.5,0.25,11576.12,15.7612,5.2635,4.2635,1.0773,1.2346,38,77.7778,1.407381
20,30,10,0.01,0.5,2.5,2.5,0.35,11576.12,15.7612,5.2635,4.2635,1.0773,1.2346,38,77.7778,1.407381
20,30,10,0.01,0.75,2.5,2.5,0.15,11576.12,15.7612,5.2635,4.2635,1.0773,1.2346,38,77.7778,1.407381
20,30,10,0.01,0.75,2.5,2.5,0.25,11576.12,15.7612,5.2635,4.2635,1.0773,1.2346,38,77.7778,1.407381
20,30,10,0.01,0.75,2.5,2.5,0.35,11576.12,15.7612,5.2635,4.2635,1.0773,1.2346,38,77.7778,1.407381
20,30,10,0.01,0.95,2.5,2.5,0.15,11576.12,15.7612,5.2635,4.2635,1.0773,1.2346,38,77.7778,1.407381
20,30,10,0.01,0.95,2.5,2.5,0.25,11576.12,15.7612,5.2635,4.2635,1.0773,1.2346,38,77.7778,1.407381
20,30,10,0.01,0.95,2.5,2.5,0.35,11576.12,15.7612,5.2635,4.2635,1.0773,1.2346,38,77.7778,1.407381
20,30,10,0.02,0.5,3.5,4.5,0.15,12646.31,26.4631,8.5768,6.8093,1.0693,1.2596,30,78.5714,1.40533
20,30,10,0.02,0.5,3.5,4.5,0.25,12646.31,26.4631,8.5768,6.8093,1.0693,1.2596,30,78.5714,1.40533
20,30,10,0.02,0.5,3.5,4.5,0.35,12646.31,26.4631,8.5768,6.8093,1.0693,1.2596,30,78.5714,1.40533
20,30,10,0.02,0.75,3.5,4.5,0.15,12646.31,26.4631,8.5768,6.8093,1.0693,1.2596,30,78.5714,1.40533
20,30,10,0.02,0.75,3.5,4.5,0.25,12646.31,26.4631,8.5768,6.8093,1.0693,1.2596,30,78.5714,1.40533
20,30,10,0.02,0.75,3.5,4.5,0.35,12646.31,26.4631,8.5768,6.8093,1.0693,1.2596,30,78.5714,1.40533
20,30,10,0.02,0.95,3.5,4.5,0.15,12646.31,26.4631,8.5768,6.8093,1.0693,1.2596,30,78.5714,1.40533
20,30,10,0.02,0.95,3.5,4.5,0.25,12646.31,26.4631,8.5768,6.8093,1.0693,1.2596,30,78.5714,1.40533
20,30,10,0.02,0.95,3.5,4.5,0.35,12646.31,26.4631,8.5768,6.8093,1.0693,1.2596,30,78.5714,1.40533
10,120,10,0.03,0.5,2.5,3.5,0.15,14423.81,44.2381,15.8066,12.1285,1.0727,1.3033,18,75.0,1.396518
10,120,10,0.03,0.5,2.5,3.5,0.25,14423.81,44.2381,15.8066,12.1285,1.0727,1.3033,18,75.0,1.396518
10,120,10,0.03,0.5,2.5,3.5,0.35,14423.81,44.2381,15.8066,12.1285,1.0727,1.3033,18,75.0,1.396518
10,120,10,0.03,0.75,2.5,3.5,0.15,14423.81,44.2381,15.8066,12.1285,1.0727,1.3033,18,75.0,1.396518
10,120,10,0.03,0.75,2.5,3.5,0.25,14423.81,44.2381,15.8066,12.1285,1.0727,1.3033,18,75.0,1.396518
10,120,10,0.03,0.75,2.5,3.5,0.35,14423.81,44.2381,15.8066,12.1285,1.0727,1.3033,18,75.0,1.396518
10,120,10,0.03,0.95,2.5,3.5,0.15,14423.81,44.2381,15.8066,12.1285,1.0727,1.3033,18,75.0,1.396518
10,120,10,0.03,0.95,2.5,3.5,0.25,14423.81,44.2381,15.8066,12.1285,1.0727,1.3033,18,75.0,1.396518
10,120,10,0.03,0.95,2.5,3.5,0.35,14423.81,44.2381,15.8066,12.1285,1.0727,1.3033,18,75.0,1.396518
5,120,20,0.03,0.5,2.5,2.5,0.15,14583.47,45.8347,16.3184,12.6399,1.1564,1.291,32,53.3333,1.395902
5,120,20,0.03,0.5,2.5,2.5,0.25,14583.47,45.8347,16.3184,12.6399,1.1564,1.291,32,53.3333,1.395902
5,120,20,0.03,0.5,2.5,2.5,0.35,14583.47,45.8347,16.3184,12.6399,1.1564,1.291,32,53.3333,1.395902
5,120,20,0.03,0.75,2.5,2.5,0.15,14583.47,45.8347,16.3184,12.6399,1.1564,1.291,32,53.3333,1.395902
5,120,20,0.03,0.75,2.5,2.5,0.25,14583.47,45.8347,16.3184,12.6399,1.1564,1.291,32,53.3333,1.395902
5,120,20,0.03,0.75,2.5,2.5,0.35,14583.47,45.8347,16.3184,12.6399,1.1564,1.291,32,53.3333,1.395902
5,120,20,0.03,0.95,2.5,2.5,0.15,14583.47,45.8347,16.3184,12.6399,1.1564,1.291,32,53.3333,1.395902
5,120,20,0.03,0.95,2.5,2.5,0.25,14583.47,45.8347,16.3184,12.6399,1.1564,1.291,32,53.3333,1.395902
5,120,20,0.03,0.95,2.5,2.5,0.35,14583.47,45.8347,16.3184,12.6399,1.1564,1.291,32,53.3333,1.395902
5,120,20,0.02,0.5,3.5,2.5,0.15,12051.3,20.513,7.7619,6.308,1.1393,1.2305,32,53.3333,1.395251
5,120,20,0.02,0.5,3.5,2.5,0.25,12051.3,20.513,7.7619,6.308,1.1393,1.2305,32,53.3333,1.395251
5,120,20,0.02,0.5,3.5,2.5,0.35,12051.3,20.513,7.7619,6.308,1.1393,1.2305,32,53.3333,1.395251
5,120,20,0.02,0.75,3.5,2.5,0.15,12051.3,20.513,7.7619,6.308,1.1393,1.2305,32,53.3333,1.395251
5,120,20,0.02,0.75,3.5,2.5,0.25,12051.3,20.513,7.7619,6.308,1.1393,1.2305,32,53.3333,1.395251
5,120,20,0.02,0.75,3.5,2.5,0.35,12051.3,20.513,7.7619,6.308,1.1393,1.2305,32,53.3333,1.395251
5,120,20,0.02,0.95,3.5,2.5,0.15,12051.3,20.513,7.7619,6.308,1.1393,1.2305,32,53.3333,1.395251
5,120,20,0.02,0.95,3.5,2.5,0.25,12051.3,20.513,7.7619,6.308,1.1393,1.2305,32,53.3333,1.395251
5,120,20,0.02,0.95,3.5,2.5,0.35,12051.3,20.513,7.7619,6.308,1.1393,1.2305,32,53.3333,1.395251
20,120,20,0.03,0.5,3.5,4.5,0.15,14166.45,41.6645,14.9743,11.4313,0.9956,1.3099,10,75.0,1.394743
20,120,20,0.03,0.5,3.5,4.5,0.25,14166.45,41.6645,14.9743,11.4313,0.9956,1.3099,10,75.0,1.394743
20,120,20,0.03,0.5,3.5,4.5,0.35,14166.45,41.6645,14.9743,11.4313,0.9956,1.3099,10,75.0,1.394743
20,120,20,0.03,0.75,3.5,4.5,0.15,14166.45,41.6645,14.9743,11.4313,0.9956,1.3099,10,75.0,1.394743
20,120,20,0.03,0.75,3.5,4.5,0.25,14166.45,41.6645,14.9743,11.4313,0.9956,1.3099,10,75.0,1.394743
20,120,20,0.03,0.75,3.5,4.5,0.35,14166.45,41.6645,14.9743,11.4313,0.9956,1.3099,10,75.0,1.394743
20,120,20,0.03,0.95,3.5,4.5,0.15,14166.45,41.6645,14.9743,11.4313,0.9956,1.3099,10,75.0,1.394743
20,120,20,0.03,0.95,3.5,4.5,0.25,14166.45,41.6645,14.9743,11.4313,0.9956,1.3099,10,75.0,1.394743
20,120,20,0.03,0.95,3.5,4.5,0.35,14166.45,41.6645,14.9743,11.4313,0.9956,1.3099,10,75.0,1.394743
10,120,20,0.01,0.5,3.5,4.5,0.15,11421.57,14.2157,5.4695,4.4252,1.0056,1.236,10,75.0,1.392866
10,120,20,0.01,0.5,3.5,4.5,0.25,11421.57,14.2157,5.4695,4.4252,1.0056,1.236,10,75.0,1.392866
10,120,20,0.01,0.5,3.5,4.5,0.35,11421.57,14.2157,5.4695,4.4252,1.0056,1.236,10,75.0,1.392866
10,120,20,0.01,0.75,3.5,4.5,0.15,11421.57,14.2157,5.4695,4.4252,1.0056,1.236,10,75.0,1.392866
10,120,20,0.01,0.75,3.5,4.5,0.25,11421.57,14.2157,5.4695,4.4252,1.0056,1.236,10,75.0,1.392866
10,120,20,0.01,0.75,3.5,4.5,0.35,11421.57,14.2157,5.4695,4.4252,1.0056,1.236,10,75.0,1.392866
10,120,20,0.01,0.95,3.5,4.5,0.15,11421.57,14.2157,5.4695,4.4252,1.0056,1.236,10,75.0,1.392866
10,120,20,0.01,0.95,3.5,4.5,0.25,11421.57,14.2157,5.4695,4.4252,1.0056,1.236,10,75.0,1.392866
10,120,20,0.01,0.95,3.5,4.5,0.35,11421.57,14.2157,5.4695,4.4252,1.0056,1.236,10,75.0,1.392866
20,30,20,0.01,0.5,1.5,2.5,0.15,12635.67,26.3567,8.5448,6.9392,1.1481,1.2314,44,57.1429,1.391602
20,30,20,0.01,0.5,1.5,2.5,0.25,12635.67,26.3567,8.5448,6.9392,1.1481,1.2314,44,57.1429,1.391602
20,30,20,0.01,0.5,1.5,2.5,0.35,12635.67,26.3567,8.5448,6.9392,1.1481,1.2314,44,57.1429,1.391602
20,30,20,0.01,0.75,1.5,2.5,0.15,12635.67,26.3567,8.5448,6.9392,1.1481,1.2314,44,57.1429,1.391602
20,30,20,0.01,0.75,1.5,2.5,0.25,12635.67,26.3567,8.5448,6.9392,1.1481,1.2314,44,57.1429,1.391602
20,30,20,0.01,0.75,1.5,2.5,0.35,12635.67,26.3567,8.5448,6.9392,1.1481,1.2314,44,57.1429,1.391602
20,30,20,0.01,0.95,1.5,2.5,0.15,12635.67,26.3567,8.5448,6.9392,1.1481,1.2314,44,57.1429,1.391602
20,30,20,0.01,0.95,1.5,2.5,0.25,12635.67,26.3567,8.5448,6.9392,1.1481,1.2314,44,57.1429,1.391602
20,30,20,0.01,0.95,1.5,2.5,0.35,12635.67,26.3567,8.5448,6.9392,1.1481,1.2314,44,57.1429,1.391602
20,30,10,0.01,0.5,3.5,2.5,0.15,11086.52,10.8652,3.6812,3.0552,1.0637,1.2049,38,77.7778,1.387094
20,30,10,0.01,0.5,3.5,2.5,0.25,11086.52,10.8652,3.6812,3.0552,1.0637,1.2049,38,77.7778,1.387094
20,30,10,0.01,0.5,3.5,2.5,0.35,11086.52,10.8652,3.6812,3.0552,1.0637,1.2049,38,77.7778,1.387094
20,30,10,0.01,0.75,3.5,2.5,0.15,11086.52,10.8652,3.6812,3.0552,1.0637,1.2049,38,77.7778,1.387094
20,30,10,0.01,0.75,3.5,2.5,0.25,11086.52,10.8652,3.6812,3.0552,1.0637,1.2049,38,77.7778,1.387094
20,30,10,0.01,0.75,3.5,2.5,0.35,11086.52,10.8652,3.6812,3.0552,1.0637,1.2049,38,77.7778,1.387094
20,30,10,0.01,0.95,3.5,2.5,0.15,11086.52,10.8652,3.6812,3.0552,1.0637,1.2049,38,77.7778,1.387094
20,30,10,0.01,0.95,3.5,2.5,0.25,11086.52,10.8652,3.6812,3.0552,1.0637,1.2049,38,77.7778,1.387094
20,30,10,0.01,0.95,3.5,2.5,0.35,11086.52,10.8652,3.6812,3.0552,1.0637,1.2049,38,77.7778,1.387094
20,120,20,0.01,0.5,1.5,3.5,0.15,12429.2,24.292,9.1032,7.3005,1.0641,1.2469,24,54.5455,1.386747
20,120,20,0.01,0.5,1.5,3.5,0.25,12429.2,24.292,9.1032,7.3005,1.0641,1.2469,24,54.5455,1.386747
20,120,20,0.01,0.5,1.5,3.5,0.35,12429.2,24.292,9.1032,7.3005,1.0641,1.2469,24,54.5455,1.386747
20,120,20,0.01,0.75,1.5,3.5,0.15,12429.2,24.292,9.1032,7.3005,1.0641,1.2469,24,54.5455,1.386747
20,120,20,0.01,0.75,1.5,3.5,0.25,12429.2,24.292,9.1032,7.3005,1.0641,1.2469,24,54.5455,1.386747
20,120,20,0.01,0.75,1.5,3.5,0.35,12429.2,24.292,9.1032,7.3005,1.0641,1.2469,24,54.5455,1.386747
20,120,20,0.01,0.95,1.5,3.5,0.15,12429.2,24.292,9.1032,7.3005,1.0641,1.2469,24,54.5455,1.386747
20,120,20,0.01,0.95,1.5,3.5,0.25,12429.2,24.292,9.1032,7.3005,1.0641,1.2469,24,54.5455,1.386747
20,120,20,0.01,0.95,1.5,3.5,0.35,12429.2,24.292,9.1032,7.3005,1.0641,1.2469,24,54.5455,1.386747
10,120,14,0.01,0.5,3.5,4.5,0.15,11352.41,13.5241,5.2132,4.2385,0.9953,1.23,8,100.0,1.386633
10,120,14,0.01,0.5,3.5,4.5,0.25,11352.41,13.5241,5.2132,4.2385,0.9953,1.23,8,100.0,1.386633
10,120,14,0.01,0.5,3.5,4.5,0.35,11352.41,13.5241,5.2132,4.2385,0.9953,1.23,8,100.0,1.386633
10,120,14,0.01,0.75,3.5,4.5,0.15,11352.41,13.5241,5.2132,4.2385,0.9953,1.23,8,100.0,1.386633
10,120,14,0.01,0.75,3.5,4.5,0.25,11352.41,13.5241,5.2132,4.2385,0.9953,1.23,8,100.0,1.386633
10,120,14,0.01,0.75,3.5,4.5,0.35,11352.41,13.5241,5.2132,4.2385,0.9953,1.23,8,100.0,1.386633
10,120,14,0.01,0.95,3.5,4.5,0.15,11352.41,13.5241,5.2132,4.2385,0.9953,1.23,8,100.0,1.386633
10,120,14,0.01,0.95,3.5,4.5,0.25,11352.41,13.5241,5.2132,4.2385,0.9953,1.23,8,100.0,1.386633
10,120,14,0.01,0.95,3.5,4.5,0.35,11352.41,13.5241,5.2132,4.2385,0.9953,1.23,8,100.0,1.386633
20,30,20,0.01,0.5,3.5,2.5,0.15,11053.02,10.5302,3.5713,3.0,1.1243,1.1904,44,57.1429,1.38529
20,30,20,0.01,0.5,3.5,2.5,0.25,11053.02,10.5302,3.5713,3.0,1.1243,1.1904,44,57.1429,1.38529
20,30,20,0.01,0.5,3.5,2.5,0.35,11053.02,10.5302,3.5713,3.0,1.1243,1.1904,44,57.1429,1.38529
20,30,20,0.01,0.75,3.5,2.5,0.15,11053.02,10.5302,3.5713,3.0,1.1243,1.1904,44,57.1429,1.38529
20,30,20,0.01,0.75,3.5,2.5,0.25,11053.02,10.5302,3.5713,3.0,1.1243,1.1904,44,57.1429,1.38529
20,30,20,0.01,0.75,3.5,2.5,0.35,11053.02,10.5302,3.5713,3.0,1.1243,1.1904,44,57.1429,1.38529
20,30,20,0.01,0.95,3.5,2.5,0.15,11053.02,10.5302,3.5713,3.0,1.1243,1.1904,44,57.1429,1.38529
20,30,20,0.01,0.95,3.5,2.5,0.25,11053.02,10.5302,3.5713,3.0,1.1243,1.1904,44,57.1429,1.38529
20,30,20,0.01,0.95,3.5,2.5,0.35,11053.02,10.5302,3.5713,3.0,1.1243,1.1904,44,57.1429,1.38529
20,30,20,0.02,0.5,3.5,2.5,0.15,12211.85,22.1185,7.2546,5.9679,1.1406,1.2156,44,57.1429,1.384033
20,30,20,0.02,0.5,3.5,2.5,0.25,12211.85,22.1185,7.2546,5.9679,1.1406,1.2156,44,57.1429,1.384033
20,30,20,0.02,0.5,3.5,2.5,0.35,12211.85,22.1185,7.2546,5.9679,1.1406,1.2156,44,57.1429,1.384033
20,30,20,0.02,0.75,3.5,2.5,0.15,12211.85,22.1185,7.2546,5.9679,1.1406,1.2156,44,57.1429,1.384033
20,30,20,0.02,0.75,3.5,2.5,0.25,12211.85,22.1185,7.2546,5.9679,1.1406,1.2156,44,57.1429,1.384033
20,30,20,0.02,0.75,3.5,2.5,0.35,12211.85,22.1185,7.2546,5.9679,1.1406,1.2156,44,57.1429,1.384033
20,30,20,0.02,0.95,3.5,2.5,0.15,12211.85,22.1185,7.2546,5.9679,1.1406,1.2156,44,57.1429,1.384033
20,30,20,0.02,0.95,3.5,2.5,0.25,12211.85,22.1185,7.2546,5.9679,1.1406,1.2156,44,57.1429,1.384033
20,30,20,0.02,0.95,3.5,2.5,0.35,12211.85,22.1185,7.2546,5.9679,1.1406,1.2156,44,57.1429,1.384033
20,120,10,0.02,0.5,3.5,4.5,0.15,12708.76,27.0876,10.0798,7.9592,0.9785,1.2664,8,100.0,1.382537
20,120,10,0.02,0.5,3.5,4.5,0.25,12708.76,27.0876,10.0798,7.9592,0.9785,1.2664,8,100.0,1.382537
20,120,10,0.02,0.5,3.5,4.5,0.35,12708.76,27.0876,10.0798,7.9592,0.9785,1.2664,8,100.0,1.382537
20,120,10,0.02,0.75,3.5,4.5,0.15,12708.76,27.0876,10.0798,7.9592,0.9785,1.2664,8,100.0,1.382537
20,120,10,0.02,0.75,3.5,4.5,0.25,12708.76,27.0876,10.0798,7.9592,0.9785,1.2664,8,100.0,1.382537
20,120,10,0.02,0.75,3.5,4.5,0.35,12708.76,27.0876,10.0798,7.9592,0.9785,1.2664,8,100.0,1.382537
20,120,10,0.02,0.95,3.5,4.5,0.15,12708.76,27.0876,10.0798,7.9592,0.9785,1.2664,8,100.0,1.382537
20,120,10,0.02,0.95,3.5,4.5,0.25,12708.76,27.0876,10.0798,7.9592,0.9785,1.2664,8,100.0,1.382537
20,120,10,0.02,0.95,3.5,4.5,0.35,12708.76,27.0876,10.0798,7.9592,0.9785,1.2664,8,100.0,1.382537
20,120,10,0.01,0.5,2.5,4.5,0.15,11870.64,18.7064,7.1117,5.7114,0.9642,1.2452,8,100.0,1.380913
20,120,10,0.01,0.5,2.5,4.5,0.25,11870.64,18.7064,7.1117,5.7114,0.9642,1.2452,8,100.0,1.380913
20,120,10,0.01,0.5,2.5,4.5,0.35,11870.64,18.7064,7.1117,5.7114,0.9642,1.2452,8,100.0,1.380913
20,120,10,0.01,0.75,2.5,4.5,0.15,11870.64,18.7064,7.1117,5.7114,0.9642,1.2452,8,100.0,1.380913
20,120,10,0.01,0.75,2.5,4.5,0.25,11870.64,18.7064,7.1117,5.7114,0.9642,1.2452,8,100.0,1.380913
20,120,10,0.01,0.75,2.5,4.5,0.35,11870.64,18.7064,7.1117,5.7114,0.9642,1.2452,8,100.0,1.380913
20,120,10,0.01,0.95,2.5,4.5,0.15,11870.64,18.7064,7.1117,5.7114,0.9642,1.2452,8,100.0,1.380913
20,120,10,0.01,0.95,2.5,4.5,0.25,11870.64,18.7064,7.1117,5.7114,0.9642,1.2452,8,100.0,1.380913
20,120,10,0.01,0.95,2.5,4.5,0.35,11870.64,18.7064,7.1117,5.7114,0.9642,1.2452,8,100.0,1.380913
20,30,10,0.01,0.5,3.5,4.5,0.15,11234.89,12.3489,4.1655,3.4494,1.0272,1.2076,30,78.5714,1.378537
20,30,10,0.01,0.5,3.5,4.5,0.25,11234.89,12.3489,4.1655,3.4494,1.0272,1.2076,30,78.5714,1.378537
20,30,10,0.01,0.5,3.5,4.5,0.35,11234.89,12.3489,4.1655,3.4494,1.0272,1.2076,30,78.5714,1.378537
20,30,10,0.01,0.75,3.5,4.5,0.15,11234.89,12.3489,4.1655,3.4494,1.0272,1.2076,30,78.5714,1.378537
20,30,10,0.01,0.75,3.5,4.5,0.25,11234.89,12.3489,4.1655,3.4494,1.0272,1.2076,30,78.5714,1.378537
20,30,10,0.01,0.75,3.5,4.5,0.35,11234.89,12.3489,4.1655,3.4494,1.0272,1.2076,30,78.5714,1.378537
20,30,10,0.01,0.95,3.5,4.5,0.15,11234.89,12.3489,4.1655,3.4494,1.0272,1.2076,30,78.5714,1.378537
20,30,10,0.01,0.95,3.5,4.5,0.25,11234.89,12.3489,4.1655,3.4494,1.0272,1.2076,30,78.5714,1.378537
20,30,10,0.01,0.95,3.5,4.5,0.35,11234.89,12.3489,4.1655,3.4494,1.0272,1.2076,30,78.5714,1.378537
20,120,14,0.01,0.5,2.5,4.5,0.15,11886.34,18.8634,7.1685,5.8017,0.9903,1.2356,10,75.0,1.375612
20,120,14,0.01,0.5,2.5,4.5,0.25,11886.34,18.8634,7.1685,5.8017,0.9903,1.2356,10,75.0,1.375612
20,120,14,0.01,0.5,2.5,4.5,0.35,11886.34,18.8634,7.1685,5.8017,0.9903,1.2356,10,75.0,1.375612
20,120,14,0.01,0.75,2.5,4.5,0.15,11886.34,18.8634,7.1685,5.8017,0.9903,1.2356,10,75.0,1.375612
20,120,14,0.01,0.75,2.5,4.5,0.25,11886.34,18.8634,7.1685,5.8017,0.9903,1.2356,10,75.0,1.375612
20,120,14,0.01,0.75,2.5,4.5,0.35,11886.34,18.8634,7.1685,5.8017,0.9903,1.2356,10,75.0,1.375612
20,120,14,0.01,0.95,2.5,4.5,0.15,11886.34,18.8634,7.1685,5.8017,0.9903,1.2356,10,75.0,1.375612
20,120,14,0.01,0.95,2.5,4.5,0.25,11886.34,18.8634,7.1685,5.8017,0.9903,1.2356,10,75.0,1.375612
20,120,14,0.01,0.95,2.5,4.5,0.35,11886.34,18.8634,7.1685,5.8017,0.9903,1.2356,10,75.0,1.375612
20,30,10,0.03,0.5,1.5,4.5,0.25,21594.27,115.9427,30.9728,22.6603,1.1735,1.3668,30,78.5714,1.374931
20,30,10,0.03,0.5,1.5,4.5,0.35,21594.27,115.9427,30.9728,22.6603,1.1735,1.3668,30,78.5714,1.374931
20,30,10,0.03,0.75,1.5,4.5,0.25,21594.27,115.9427,30.9728,22.6603,1.1735,1.3668,30,78.5714,1.374931
20,30,10,0.03,0.75,1.5,4.5,0.35,21594.27,115.9427,30.9728,22.6603,1.1735,1.3668,30,78.5714,1.374931
20,30,10,0.03,0.95,1.5,4.5,0.25,21594.27,115.9427,30.9728,22.6603,1.1735,1.3668,30,78.5714,1.374931
20,30,10,0.03,0.95,1.5,4.5,0.35,21594.27,115.9427,30.9728,22.6603,1.1735,1.3668,30,78.5714,1.374931
10,120,14,0.01,0.5,2.5,4.5,0.15,11940.98,19.4098,7.3656,5.9766,1.0002,1.2324,10,75.0,1.37267
10,120,14,0.01,0.5,2.5,4.5,0.25,11940.98,19.4098,7.3656,5.9766,1.0002,1.2324,10,75.0,1.37267
10,120,14,0.01,0.5,2.5,4.5,0.35,11940.98,19.4098,7.3656,5.9766,1.0002,1.2324,10,75.0,1.37267
10,120,14,0.01,0.75,2.5,4.5,0.15,11940.98,19.4098,7.3656,5.9766,1.0002,1.2324,10,75.0,1.37267
10,120,14,0.01,0.75,2.5,4.5,0.25,11940.98,19.4098,7.3656,5.9766,1.0002,1.2324,10,75.0,1.37267
10,120,14,0.01,0.75,2.5,4.5,0.35,11940.98,19.4098,7.3656,5.9766,1.0002,1.2324,10,75.0,1.37267
10,120,14,0.01,0.95,2.5,4.5,0.15,11940.98,19.4098,7.3656,5.9766,1.0002,1.2324,10,75.0,1.37267
10,120,14,0.01,0.95,2.5,4.5,0.25,11940.98,19.4098,7.3656,5.9766,1.0002,1.2324,10,75.0,1.37267
10,120,14,0.01,0.95,2.5,4.5,0.35,11940.98,19.4098,7.3656,5.9766,1.0002,1.2324,10,75.0,1.37267
20,30,20,0.01,0.5,2.5,2.5,0.15,11487.92,14.8792,4.9818,4.1983,1.1244,1.1866,44,57.1429,1.369503
20,30,20,0.01,0.5,2.5,2.5,0.25,11487.92,14.8792,4.9818,4.1983,1.1244,1.1866,44,57.1429,1.369503
20,30,20,0.01,0.5,2.5,2.5,0.35,11487.92,14.8792,4.9818,4.1983,1.1244,1.1866,44,57.1429,1.369503
20,30,20,0.01,0.75,2.5,2.5,0.15,11487.92,14.8792,4.9818,4.1983,1.1244,1.1866,44,57.1429,1.369503
20,30,20,0.01,0.75,2.5,2.5,0.25,11487.92,14.8792,4.9818,4.1983,1.1244,1.1866,44,57.1429,1.369503
20,30,20,0.01,0.75,2.5,2.5,0.35,11487.92,14.8792,4.9818,4.1983,1.1244,1.1866,44,57.1429,1.369503
20,30,20,0.01,0.95,2.5,2.5,0.15,11487.92,14.8792,4.9818,4.1983,1.1244,1.1866,44,57.1429,1.369503
20,30,20,0.01,0.95,2.5,2.5,0.25,11487.92,14.8792,4.9818,4.1983,1.1244,1.1866,44,57.1429,1.369503
20,30,20,0.01,0.95,2.5,2.5,0.35,11487.92,14.8792,4.9818,4.1983,1.1244,1.1866,44,57.1429,1.369503
20,120,10,0.01,0.5,1.5,3.5,0.15,12430.56,24.3056,9.1079,7.4106,1.0582,1.229,20,66.6667,1.366574
20,120,10,0.01,0.5,1.5,3.5,0.25,12430.56,24.3056,9.1079,7.4106,1.0582,1.229,20,66.6667,1.366574
20,120,10,0.01,0.5,1.5,3.5,0.35,12430.56,24.3056,9.1079,7.4106,1.0582,1.229,20,66.6667,1.366574
20,120,10,0.01,0.75,1.5,3.5,0.15,12430.56,24.3056,9.1079,7.4106,1.0582,1.229,20,66.6667,1.366574
20,120,10,0.01,0.75,1.5,3.5,0.25,12430.56,24.3056,9.1079,7.4106,1.0582,1.229,20,66.6667,1.366574
20,120,10,0.01,0.75,1.5,3.5,0.35,12430.56,24.3056,9.1079,7.4106,1.0582,1.229,20,66.6667,1.366574
20,120,10,0.01,0.95,1.5,3.5,0.15,12430.56,24.3056,9.1079,7.4106,1.0582,1.229,20,66.6667,1.366574
20,120,10,0.01,0.95,1.5,3.5,0.25,12430.56,24.3056,9.1079,7.4106,1.0582,1.229,20,66.6667,1.366574
20,120,10,0.01,0.95,1.5,3.5,0.35,12430.56,24.3056,9.1079,7.4106,1.0582,1.229,20,66.6667,1.366574
20,120,10,0.01,0.5,3.5,4.5,0.15,11309.02,13.0902,5.0519,4.1594,0.9639,1.2146,8,100.0,1.365765
20,120,10,0.01,0.5,3.5,4.5,0.25,11309.02,13.0902,5.0519,4.1594,0.9639,1.2146,8,100.0,1.365765
20,120,10,0.01,0.5,3.5,4.5,0.35,11309.02,13.0902,5.0519,4.1594,0.9639,1.2146,8,100.0,1.365765
20,120,10,0.01,0.75,3.5,4.5,0.15,11309.02,13.0902,5.0519,4.1594,0.9639,1.2146,8,100.0,1.365765
20,120,10,0.01,0.75,3.5,4.5,0.25,11309.02,13.0902,5.0519,4.1594,0.9639,1.2146,8,100.0,1.365765
20,120,10,0.01,0.75,3.5,4.5,0.35,11309.02,13.0902,5.0519,4.1594,0.9639,1.2146,8,100.0,1.365765
20,120,10,0.01,0.95,3.5,4.5,0.15,11309.02,13.0902,5.0519,4.1594,0.9639,1.2146,8,100.0,1.365765
20,120,10,0.01,0.95,3.5,4.5,0.25,11309.02,13.0902,5.0519,4.1594,0.9639,1.2146,8,100.0,1.365765
20,120,10,0.01,0.95,3.5,4.5,0.35,11309.02,13.0902,5.0519,4.1594,0.9639,1.2146,8,100.0,1.365765
5,120,20,0.01,0.5,2.5,2.5,0.15,11385.08,13.8508,5.3344,4.5227,1.1263,1.1795,32,53.3333,1.359506
5,120,20,0.01,0.5,2.5,2.5,0.25,11385.08,13.8508,5.3344,4.5227,1.1263,1.1795,32,53.3333,1.359506
5,120,20,0.01,0.5,2.5,2.5,0.35,11385.08,13.8508,5.3344,4.5227,1.1263,1.1795,32,53.3333,1.359506
5,120,20,0.01,0.75,2.5,2.5,0.15,11385.08,13.8508,5.3344,4.5227,1.1263,1.1795,32,53.3333,1.359506
5,120,20,0.01,0.75,2.5,2.5,0.25,11385.08,13.8508,5.3344,4.5227,1.1263,1.1795,32,53.3333,1.359506
5,120,20,0.01,0.75,2.5,2.5,0.35,11385.08,13.8508,5.3344,4.5227,1.1263,1.1795,32,53.3333,1.359506
5,120,20,0.01,0.95,2.5,2.5,0.15,11385.08,13.8508,5.3344,4.5227,1.1263,1.1795,32,53.3333,1.359506
5,120,20,0.01,0.95,2.5,2.5,0.25,11385.08,13.8508,5.3344,4.5227,1.1263,1.1795,32,53.3333,1.359506
5,120,20,0.01,0.95,2.5,2.5,0.35,11385.08,13.8508,5.3344,4.5227,1.1263,1.1795,32,53.3333,1.359506
10,120,14,0.03,0.5,3.5,3.5,0.15,13141.13,31.4113,11.5651,9.3228,1.041,1.2405,18,75.0,1.355486
10,120,14,0.03,0.5,3.5,3.5,0.25,13141.13,31.4113,11.5651,9.3228,1.041,1.2405,18,75.0,1.355486
10,120,14,0.03,0.5,3.5,3.5,0.35,13141.13,31.4113,11.5651,9.3228,1.041,1.2405,18,75.0,1.355486
10,120,14,0.03,0.75,3.5,3.5,0.15,13141.13,31.4113,11.5651,9.3228,1.041,1.2405,18,75.0,1.355486
10,120,14,0.03,0.75,3.5,3.5,0.25,13141.13,31.4113,11.5651,9.3228,1.041,1.2405,18,75.0,1.355486
10,120,14,0.03,0.75,3.5,3.5,0.35,13141.13,31.4113,11.5651,9.3228,1.041,1.2405,18,75.0,1.355486
10,120,14,0.03,0.95,3.5,3.5,0.15,13141.13,31.4113,11.5651,9.3228,1.041,1.2405,18,75.0,1.355486
10,120,14,0.03,0.95,3.5,3.5,0.25,13141.13,31.4113,11.5651,9.3228,1.041,1.2405,18,75.0,1.355486
10,120,14,0.03,0.95,3.5,3.5,0.35,13141.13,31.4113,11.5651,9.3228,1.041,1.2405,18,75.0,1.355486
5,120,20,0.02,0.5,2.5,2.5,0.15,12887.19,28.8719,10.6964,8.8029,1.1307,1.2151,32,53.3333,1.353206
5,120,20,0.02,0.5,2.5,2.5,0.25,12887.19,28.8719,10.6964,8.8029,1.1307,1.2151,32,53.3333,1.353206
5,120,20,0.02,0.5,2.5,2.5,0.35,12887.19,28.8719,10.6964,8.8029,1.1307,1.2151,32,53.3333,1.353206
5,120,20,0.02,0.75,2.5,2.5,0.15,12887.19,28.8719,10.6964,8.8029,1.1307,1.2151,32,53.3333,1.353206
5,120,20,0.02,0.75,2.5,2.5,0.25,12887.19,28.8719,10.6964,8.8029,1.1307,1.2151,32,53.3333,1.353206
5,120,20,0.02,0.75,2.5,2.5,0.35,12887.19,28.8719,10.6964,8.8029,1.1307,1.2151,32,53.3333,1.353206
5,120,20,0.02,0.95,2.5,2.5,0.15,12887.19,28.8719,10.6964,8.8029,1.1307,1.2151,32,53.3333,1.353206
5,120,20,0.02,0.95,2.5,2.5,0.25,12887.19,28.8719,10.6964,8.8029,1.1307,1.2151,32,53.3333,1.353206
5,120,20,0.02,0.95,2.5,2.5,0.35,12887.19,28.8719,10.6964,8.8029,1.1307,1.2151,32,53.3333,1.353206
20,120,14,0.01,0.5,3.5,4.5,0.15,11320.65,13.2065,5.0952,4.2504,0.975,1.1988,8,100.0,1.351249
20,120,14,0.01,0.5,3.5,4.5,0.25,11320.65,13.2065,5.0952,4.2504,0.975,1.1988,8,100.0,1.351249
20,120,14,0.01,0.5,3.5,4.5,0.35,11320.65,13.2065,5.0952,4.2504,0.975,1.1988,8,100.0,1.351249
20,120,14,0.01,0.75,3.5,4.5,0.15,11320.65,13.2065,5.0952,4.2504,0.975,1.1988,8,100.0,1.351249
20,120,14,0.01,0.75,3.5,4.5,0.25,11320.65,13.2065,5.0952,4.2504,0.975,1.1988,8,100.0,1.351249
20,120,14,0.01,0.75,3.5,4.5,0.35,11320.65,13.2065,5.0952,4.2504,0.975,1.1988,8,100.0,1.351249
20,120,14,0.01,0.95,3.5,4.5,0.15,11320.65,13.2065,5.0952,4.2504,0.975,1.1988,8,100.0,1.351249
20,120,14,0.01,0.95,3.5,4.5,0.25,11320.65,13.2065,5.0952,4.2504,0.975,1.1988,8,100.0,1.351249
20,120,14,0.01,0.95,3.5,4.5,0.35,11320.65,13.2065,5.0952,4.2504,0.975,1.1988,8,100.0,1.351249
20,30,10,0.01,0.5,2.5,4.5,0.15,11786.79,17.8679,5.931,4.9962,1.0551,1.1871,30,78.5714,1.348158
20,30,10,0.01,0.5,2.5,4.5,0.25,11786.79,17.8679,5.931,4.9962,1.0551,1.1871,30,78.5714,1.348158
20,30,10,0.01,0.5,2.5,4.5,0.35,11786.79,17.8679,5.931,4.9962,1.0551,1.1871,30,78.5714,1.348158
20,30,10,0.01,0.75,2.5,4.5,0.15,11786.79,17.8679,5.931,4.9962,1.0551,1.1871,30,78.5714,1.348158
20,30,10,0.01,0.75,2.5,4.5,0.25,11786.79,17.8679,5.931,4.9962,1.0551,1.1871,30,78.5714,1.348158
20,30,10,0.01,0.75,2.5,4.5,0.35,11786.79,17.8679,5.931,4.9962,1.0551,1.1871,30,78.5714,1.348158
20,30,10,0.01,0.95,2.5,4.5,0.15,11786.79,17.8679,5.931,4.9962,1.0551,1.1871,30,78.5714,1.348158
20,30,10,0.01,0.95,2.5,4.5,0.25,11786.79,17.8679,5.931,4.9962,1.0551,1.1871,30,78.5714,1.348158
20,30,10,0.01,0.95,2.5,4.5,0.35,11786.79,17.8679,5.931,4.9962,1.0551,1.1871,30,78.5714,1.348158
10,120,20,0.01,0.5,2.5,4.5,0.15,11950.62,19.5062,7.4003,6.1218,0.9788,1.2088,12,60.0,1.343379
10,120,20,0.01,0.5,2.5,4.5,0.25,11950.62,19.5062,7.4003,6.1218,0.9788,1.2088,12,60.0,1.343379
10,120,20,0.01,0.5,2.5,4.5,0.35,11950.62,19.5062,7.4003,6.1218,0.9788,1.2088,12,60.0,1.343379
10,120,20,0.01,0.75,2.5,4.5,0.15,11950.62,19.5062,7.4003,6.1218,0.9788,1.2088,12,60.0,1.343379
10,120,20,0.01,0.75,2.5,4.5,0.25,11950.62,19.5062,7.4003,6.1218,0.9788,1.2088,12,60.0,1.343379
10,120,20,0.01,0.75,2.5,4.5,0.35,11950.62,19.5062,7.4003,6.1218,0.9788,1.2088,12,60.0,1.343379
10,120,20,0.01,0.95,2.5,4.5,0.15,11950.62,19.5062,7.4003,6.1218,0.9788,1.2088,12,60.0,1.343379
10,120,20,0.01,0.95,2.5,4.5,0.25,11950.62,19.5062,7.4003,6.1218,0.9788,1.2088,12,60.0,1.343379
10,120,20,0.01,0.95,2.5,4.5,0.35,11950.62,19.5062,7.4003,6.1218,0.9788,1.2088,12,60.0,1.343379
10,120,14,0.01,0.5,3.5,3.5,0.15,10987.66,9.8766,3.8456,3.2906,1.0166,1.1687,18,75.0,1.339085
10,120,14,0.01,0.5,3.5,3.5,0.25,10987.66,9.8766,3.8456,3.2906,1.0166,1.1687,18,75.0,1.339085
10,120,14,0.01,0.5,3.5,3.5,0.35,10987.66,9.8766,3.8456,3.2906,1.0166,1.1687,18,75.0,1.339085
10,120,14,0.01,0.75,3.5,3.5,0.15,10987.66,9.8766,3.8456,3.2906,1.0166,1.1687,18,75.0,1.339085
10,120,14,0.01,0.75,3.5,3.5,0.25,10987.66,9.8766,3.8456,3.2906,1.0166,1.1687,18,75.0,1.339085
10,120,14,0.01,0.75,3.5,3.5,0.35,10987.66,9.8766,3.8456,3.2906,1.0166,1.1687,18,75.0,1.339085
10,120,14,0.01,0.95,3.5,3.5,0.15,10987.66,9.8766,3.8456,3.2906,1.0166,1.1687,18,75.0,1.339085
10,120,14,0.01,0.95,3.5,3.5,0.25,10987.66,9.8766,3.8456,3.2906,1.0166,1.1687,18,75.0,1.339085
10,120,14,0.01,0.95,3.5,3.5,0.35,10987.66,9.8766,3.8456,3.2906,1.0166,1.1687,18,75.0,1.339085
20,120,14,0.03,0.5,2.5,3.5,0.15,14329.01,43.2901,15.501,12.3522,1.0172,1.2549,20,66.6667,1.334835
20,120,14,0.03,0.5,2.5,3.5,0.25,14329.01,43.2901,15.501,12.3522,1.0172,1.2549,20,66.6667,1.334835
20,120,14,0.03,0.5,2.5,3.5,0.35,14329.01,43.2901,15.501,12.3522,1.0172,1.2549,20,66.6667,1.334835
20,120,14,0.03,0.75,2.5,3.5,0.15,14329.01,43.2901,15.501,12.3522,1.0172,1.2549,20,66.6667,1.334835
20,120,14,0.03,0.75,2.5,3.5,0.25,14329.01,43.2901,15.501,12.3522,1.0172,1.2549,20,66.6667,1.334835
20,120,14,0.03,0.75,2.5,3.5,0.35,14329.01,43.2901,15.501,12.3522,1.0172,1.2549,20,66.6667,1.334835
20,120,14,0.03,0.95,2.5,3.5,0.15,14329.01,43.2901,15.501,12.3522,1.0172,1.2549,20,66.6667,1.334835
20,120,14,0.03,0.95,2.5,3.5,0.25,14329.01,43.2901,15.501,12.3522,1.0172,1.2549,20,66.6667,1.334835
20,120,14,0.03,0.95,2.5,3.5,0.35,14329.01,43.2901,15.501,12.3522,1.0172,1.2549,20,66.6667,1.334835
20,30,10,0.02,0.5,1.5,4.5,0.25,16895.74,68.9574,20.1802,15.9035,1.1194,1.2689,30,78.5714,1.333756
20,30,10,0.02,0.5,1.5,4.5,0.35,16895.74,68.9574,20.1802,15.9035,1.1194,1.2689,30,78.5714,1.333756
20,30,10,0.02,0.75,1.5,4.5,0.25,16895.74,68.9574,20.1802,15.9035,1.1194,1.2689,30,78.5714,1.333756
20,30,10,0.02,0.75,1.5,4.5,0.35,16895.74,68.9574,20.1802,15.9035,1.1194,1.2689,30,78.5714,1.333756
20,30,10,0.02,0.95,1.5,4.5,0.25,16895.74,68.9574,20.1802,15.9035,1.1194,1.2689,30,78.5714,1.333756
20,30,10,0.02,0.95,1.5,4.5,0.35,16895.74,68.9574,20.1802,15.9035,1.1194,1.2689,30,78.5714,1.333756
20,30,10,0.03,0.5,2.5,4.5,0.15,16115.39,61.1539,18.2048,14.4899,1.1109,1.2564,30,78.5714,1.333661
20,30,10,0.03,0.5,2.5,4.5,0.25,16115.39,61.1539,18.2048,14.4899,1.1109,1.2564,30,78.5714,1.333661
20,30,10,0.03,0.5,2.5,4.5,0.35,16115.39,61.1539,18.2048,14.4899,1.1109,1.2564,30,78.5714,1.333661
20,30,10,0.03,0.75,2.5,4.5,0.15,16115.39,61.1539,18.2048,14.4899,1.1109,1.2564,30,78.5714,1.333661
20,30,10,0.03,0.75,2.5,4.5,0.25,16115.39,61.1539,18.2048,14.4899,1.1109,1.2564,30,78.5714,1.333661
20,30,10,0.03,0.75,2.5,4.5,0.35,16115.39,61.1539,18.2048,14.4899,1.1109,1.2564,30,78.5714,1.333661
20,30,10,0.03,0.95,2.5,4.5,0.15,16115.39,61.1539,18.2048,14.4899,1.1109,1.2564,30,78.5714,1.333661
20,30,10,0.03,0.95,2.5,4.5,0.25,16115.39,61.1539,18.2048,14.4899,1.1109,1.2564,30,78.5714,1.333661
20,30,10,0.03,0.95,2.5,4.5,0.35,16115.39,61.1539,18.2048,14.4899,1.1109,1.2564,30,78.5714,1.333661
20,30,20,0.03,0.5,1.5,3.5,0.25,19005.35,90.0535,25.2398,19.2638,1.0731,1.3102,34,75.0,1.332206
20,30,20,0.03,0.5,1.5,3.5,0.35,19005.35,90.0535,25.2398,19.2638,1.0731,1.3102,34,75.0,1.332206
20,30,20,0.03,0.75,1.5,3.5,0.25,19005.35,90.0535,25.2398,19.2638,1.0731,1.3102,34,75.0,1.332206
20,30,20,0.03,0.75,1.5,3.5,0.35,19005.35,90.0535,25.2398,19.2638,1.0731,1.3102,34,75.0,1.332206
20,30,20,0.03,0.95,1.5,3.5,0.25,19005.35,90.0535,25.2398,19.2638,1.0731,1.3102,34,75.0,1.332206
20,30,20,0.03,0.95,1.5,3.5,0.35,19005.35,90.0535,25.2398,19.2638,1.0731,1.3102,34,75.0,1.332206
20,120,20,0.01,0.5,2.5,4.5,0.15,11877.54,18.7754,7.1367,5.9591,0.9658,1.1976,12,60.0,1.331181
20,120,20,0.01,0.5,2.5,4.5,0.25,11877.54,18.7754,7.1367,5.9591,0.9658,1.1976,12,60.0,1.331181
20,120,20,0.01,0.5,2.5,4.5,0.35,11877.54,18.7754,7.1367,5.9591,0.9658,1.1976,12,60.0,1.331181
20,120,20,0.01,0.75,2.5,4.5,0.15,11877.54,18.7754,7.1367,5.9591,0.9658,1.1976,12,60.0,1.331181
20,120,20,0.01,0.75,2.5,4.5,0.25,11877.54,18.7754,7.1367,5.9591,0.9658,1.1976,12,60.0,1.331181
20,120,20,0.01,0.75,2.5,4.5,0.35,11877.54,18.7754,7.1367,5.9591,0.9658,1.1976,12,60.0,1.331181
20,120,20,0.01,0.95,2.5,4.5,0.15,11877.54,18.7754,7.1367,5.9591,0.9658,1.1976,12,60.0,1.331181
20,120,20,0.01,0.95,2.5,4.5,0.25,11877.54,18.7754,7.1367,5.9591,0.9658,1.1976,12,60.0,1.331181
20,120,20,0.01,0.95,2.5,4.5,0.35,11877.54,18.7754,7.1367,5.9591,0.9658,1.1976,12,60.0,1.331181
10,120,14,0.02,0.5,3.5,3.5,0.15,12003.5,20.035,7.5904,6.3748,1.019,1.1907,18,75.0,1.330734
10,120,14,0.02,0.5,3.5,3.5,0.25,12003.5,20.035,7.5904,6.3748,1.019,1.1907,18,75.0,1.330734
10,120,14,0.02,0.5,3.5,3.5,0.35,12003.5,20.035,7.5904,6.3748,1.019,1.1907,18,75.0,1.330734
10,120,14,0.02,0.75,3.5,3.5,0.15,12003.5,20.035,7.5904,6.3748,1.019,1.1907,18,75.0,1.330734
10,120,14,0.02,0.75,3.5,3.5,0.25,12003.5,20.035,7.5904,6.3748,1.019,1.1907,18,75.0,1.330734
10,120,14,0.02,0.75,3.5,3.5,0.35,12003.5,20.035,7.5904,6.3748,1.019,1.1907,18,75.0,1.330734
10,120,14,0.02,0.95,3.5,3.5,0.15,12003.5,20.035,7.5904,6.3748,1.019,1.1907,18,75.0,1.330734
10,120,14,0.02,0.95,3.5,3.5,0.25,12003.5,20.035,7.5904,6.3748,1.019,1.1907,18,75.0,1.330734
10,120,14,0.02,0.95,3.5,3.5,0.35,12003.5,20.035,7.5904,6.3748,1.019,1.1907,18,75.0,1.330734
20,30,10,0.02,0.5,2.5,4.5,0.15,13783.53,37.8353,11.9036,9.8305,1.076,1.2109,30,78.5714,1.32777
20,30,10,0.02,0.5,2.5,4.5,0.25,13783.53,37.8353,11.9036,9.8305,1.076,1.2109,30,78.5714,1.32777
20,30,10,0.02,0.5,2.5,4.5,0.35,13783.53,37.8353,11.9036,9.8305,1.076,1.2109,30,78.5714,1.32777
20,30,10,0.02,0.75,2.5,4.5,0.15,13783.53,37.8353,11.9036,9.8305,1.076,1.2109,30,78.5714,1.32777
20,30,10,0.02,0.75,2.5,4.5,0.25,13783.53,37.8353,11.9036,9.8305,1.076,1.2109,30,78.5714,1.32777
20,30,10,0.02,0.75,2.5,4.5,0.35,13783.53,37.8353,11.9036,9.8305,1.076,1.2109,30,78.5714,1.32777
20,30,10,0.02,0.95,2.5,4.5,0.15,13783.53,37.8353,11.9036,9.8305,1.076,1.2109,30,78.5714,1.32777
20,30,10,0.02,0.95,2.5,4.5,0.25,13783.53,37.8353,11.9036,9.8305,1.076,1.2109,30,78.5714,1.32777
20,30,10,0.02,0.95,2.5,4.5,0.35,13783.53,37.8353,11.9036,9.8305,1.076,1.2109,30,78.5714,1.32777
20,120,20,0.02,0.5,3.5,4.5,0.15,12633.9,26.339,9.8195,8.0692,0.9537,1.2169,10,75.0,1.326964
20,120,20,0.02,0.5,3.5,4.5,0.25,12633.9,26.339,9.8195,8.0692,0.9537,1.2169,10,75.0,1.326964
20,120,20,0.02,0.5,3.5,4.5,0.35,12633.9,26.339,9.8195,8.0692,0.9537,1.2169,10,75.0,1.326964
20,120,20,0.02,0.75,3.5,4.5,0.15,12633.9,26.339,9.8195,8.0692,0.9537,1.2169,10,75.0,1.326964
20,120,20,0.02,0.75,3.5,4.5,0.25,12633.9,26.339,9.8195,8.0692,0.9537,1.2169,10,75.0,1.326964
20,120,20,0.02,0.75,3.5,4.5,0.35,12633.9,26.339,9.8195,8.0692,0.9537,1.2169,10,75.0,1.326964
20,120,20,0.02,0.95,3.5,4.5,0.15,12633.9,26.339,9.8195,8.0692,0.9537,1.2169,10,75.0,1.326964
20,120,20,0.02,0.95,3.5,4.5,0.25,12633.9,26.339,9.8195,8.0692,0.9537,1.2169,10,75.0,1.326964
20,120,20,0.02,0.95,3.5,4.5,0.35,12633.9,26.339,9.8195,8.0692,0.9537,1.2169,10,75.0,1.326964
20,30,10,0.01,0.5,1.5,4.5,0.15,13094.93,30.9493,9.9115,8.2832,1.064,1.1966,30,78.5714,1.326537
20,30,10,0.01,0.5,1.5,4.5,0.25,13094.93,30.9493,9.9115,8.2832,1.064,1.1966,30,78.5714,1.326537
20,30,10,0.01,0.5,1.5,4.5,0.35,13094.93,30.9493,9.9115,8.2832,1.064,1.1966,30,78.5714,1.326537
20,30,10,0.01,0.75,1.5,4.5,0.15,13094.93,30.9493,9.9115,8.2832,1.064,1.1966,30,78.5714,1.326537
20,30,10,0.01,0.75,1.5,4.5,0.25,13094.93,30.9493,9.9115,8.2832,1.064,1.1966,30,78.5714,1.326537
20,30,10,0.01,0.75,1.5,4.5,0.35,13094.93,30.9493,9.9115,8.2832,1.064,1.1966,30,78.5714,1.326537
20,30,10,0.01,0.95,1.5,4.5,0.15,13094.93,30.9493,9.9115,8.2832,1.064,1.1966,30,78.5714,1.326537
20,30,10,0.01,0.95,1.5,4.5,0.25,13094.93,30.9493,9.9115,8.2832,1.064,1.1966,30,78.5714,1.326537
20,30,10,0.01,0.95,1.5,4.5,0.35,13094.93,30.9493,9.9115,8.2832,1.064,1.1966,30,78.5714,1.326537
10,120,10,0.02,0.5,2.5,3.5,0.15,12756.47,27.5647,10.2451,8.566,1.0246,1.196,18,75.0,1.31528
10,120,10,0.02,0.5,2.5,3.5,0.25,12756.47,27.5647,10.2451,8.566,1.0246,1.196,18,75.0,1.31528
10,120,10,0.02,0.5,2.5,3.5,0.35,12756.47,27.5647,10.2451,8.566,1.0246,1.196,18,75.0,1.31528
10,120,10,0.02,0.75,2.5,3.5,0.15,12756.47,27.5647,10.2451,8.566,1.0246,1.196,18,75.0,1.31528
10,120,10,0.02,0.75,2.5,3.5,0.25,12756.47,27.5647,10.2451,8.566,1.0246,1.196,18,75.0,1.31528
10,120,10,0.02,0.75,2.5,3.5,0.35,12756.47,27.5647,10.2451,8.566,1.0246,1.196,18,75.0,1.31528
10,120,10,0.02,0.95,2.5,3.5,0.15,12756.47,27.5647,10.2451,8.566,1.0246,1.196,18,75.0,1.31528
10,120,10,0.02,0.95,2.5,3.5,0.25,12756.47,27.5647,10.2451,8.566,1.0246,1.196,18,75.0,1.31528
10,120,10,0.02,0.95,2.5,3.5,0.35,12756.47,27.5647,10.2451,8.566,1.0246,1.196,18,75.0,1.31528
20,30,20,0.02,0.5,1.5,3.5,0.15,15488.12,54.8812,16.5714,13.3362,1.0289,1.2426,34,75.0,1.315016
20,30,20,0.02,0.5,1.5,3.5,0.25,15488.12,54.8812,16.5714,13.3362,1.0289,1.2426,34,75.0,1.315016
20,30,20,0.02,0.5,1.5,3.5,0.35,15488.12,54.8812,16.5714,13.3362,1.0289,1.2426,34,75.0,1.315016
20,30,20,0.02,0.75,1.5,3.5,0.15,15488.12,54.8812,16.5714,13.3362,1.0289,1.2426,34,75.0,1.315016
20,30,20,0.02,0.75,1.5,3.5,0.25,15488.12,54.8812,16.5714,13.3362,1.0289,1.2426,34,75.0,1.315016
20,30,20,0.02,0.75,1.5,3.5,0.35,15488.12,54.8812,16.5714,13.3362,1.0289,1.2426,34,75.0,1.315016
20,30,20,0.02,0.95,1.5,3.5,0.15,15488.12,54.8812,16.5714,13.3362,1.0289,1.2426,34,75.0,1.315016
20,30,20,0.02,0.95,1.5,3.5,0.25,15488.12,54.8812,16.5714,13.3362,1.0289,1.2426,34,75.0,1.315016
20,30,20,0.02,0.95,1.5,3.5,0.35,15488.12,54.8812,16.5714,13.3362,1.0289,1.2426,34,75.0,1.315016
20,30,20,0.03,0.5,2.5,3.5,0.15,14846.28,48.4628,14.855,12.0655,1.0197,1.2312,34,75.0,1.314474
20,30,20,0.03,0.5,2.5,3.5,0.25,14846.28,48.4628,14.855,12.0655,1.0197,1.2312,34,75.0,1.314474
20,30,20,0.03,0.5,2.5,3.5,0.35,14846.28,48.4628,14.855,12.0655,1.0197,1.2312,34,75.0,1.314474
20,30,20,0.03,0.75,2.5,3.5,0.15,14846.28,48.4628,14.855,12.0655,1.0197,1.2312,34,75.0,1.314474
20,30,20,0.03,0.75,2.5,3.5,0.25,14846.28,48.4628,14.855,12.0655,1.0197,1.2312,34,75.0,1.314474
20,30,20,0.03,0.75,2.5,3.5,0.35,14846.28,48.4628,14.855,12.0655,1.0197,1.2312,34,75.0,1.314474
20,30,20,0.03,0.95,2.5,3.5,0.15,14846.28,48.4628,14.855,12.0655,1.0197,1.2312,34,75.0,1.314474
20,30,20,0.03,0.95,2.5,3.5,0.25,14846.28,48.4628,14.855,12.0655,1.0197,1.2312,34,75.0,1.314474
20,30,20,0.03,0.95,2.5,3.5,0.35,14846.28,48.4628,14.855,12.0655,1.0197,1.2312,34,75.0,1.314474
20,30,20,0.03,0.5,3.5,3.5,0.15,13296.44,32.9644,10.5014,8.7738,0.9954,1.1969,34,75.0,1.30824
20,30,20,0.03,0.5,3.5,3.5,0.25,13296.44,32.9644,10.5014,8.7738,0.9954,1.1969,34,75.0,1.30824
20,30,20,0.03,0.5,3.5,3.5,0.35,13296.44,32.9644,10.5014,8.7738,0.9954,1.1969,34,75.0,1.30824
20,30,20,0.03,0.75,3.5,3.5,0.15,13296.44,32.9644,10.5014,8.7738,0.9954,1.1969,34,75.0,1.30824
20,30,20,0.03,0.75,3.5,3.5,0.25,13296.44,32.9644,10.5014,8.7738,0.9954,1.1969,34,75.0,1.30824
20,30,20,0.03,0.75,3.5,3.5,0.35,13296.44,32.9644,10.5014,8.7738,0.9954,1.1969,34,75.0,1.30824
20,30,20,0.03,0.95,3.5,3.5,0.15,13296.44,32.9644,10.5014,8.7738,0.9954,1.1969,34,75.0,1.30824
20,30,20,0.03,0.95,3.5,3.5,0.25,13296.44,32.9644,10.5014,8.7738,0.9954,1.1969,34,75.0,1.30824
20,30,20,0.03,0.95,3.5,3.5,0.35,13296.44,32.9644,10.5014,8.7738,0.9954,1.1969,34,75.0,1.30824
5,120,20,0.03,0.5,1.5,2.5,0.25,18065.52,80.6552,26.737,20.871,1.1722,1.2811,36,47.0588,1.306789
5,120,20,0.03,0.5,1.5,2.5,0.35,18065.52,80.6552,26.737,20.871,1.1722,1.2811,36,47.0588,1.306789
5,120,20,0.03,0.75,1.5,2.5,0.25,18065.52,80.6552,26.737,20.871,1.1722,1.2811,36,47.0588,1.306789
5,120,20,0.03,0.75,1.5,2.5,0.35,18065.52,80.6552,26.737,20.871,1.1722,1.2811,36,47.0588,1.306789
5,120,20,0.03,0.95,1.5,2.5,0.25,18065.52,80.6552,26.737,20.871,1.1722,1.2811,36,47.0588,1.306789
5,120,20,0.03,0.95,1.5,2.5,0.35,18065.52,80.6552,26.737,20.871,1.1722,1.2811,36,47.0588,1.306789
20,30,20,0.02,0.5,3.5,3.5,0.15,12102.59,21.0259,6.9172,5.9142,0.9713,1.1696,34,75.0,1.304722
20,30,20,0.02,0.5,3.5,3.5,0.25,12102.59,21.0259,6.9172,5.9142,0.9713,1.1696,34,75.0,1.304722
20,30,20,0.02,0.5,3.5,3.5,0.35,12102.59,21.0259,6.9172,5.9142,0.9713,1.1696,34,75.0,1.304722
20,30,20,0.02,0.75,3.5,3.5,0.15,12102.59,21.0259,6.9172,5.9142,0.9713,1.1696,34,75.0,1.304722
20,30,20,0.02,0.75,3.5,3.5,0.25,12102.59,21.0259,6.9172,5.9142,0.9713,1.1696,34,75.0,1.304722
20,30,20,0.02,0.75,3.5,3.5,0.35,12102.59,21.0259,6.9172,5.9142,0.9713,1.1696,34,75.0,1.304722
20,30,20,0.02,0.95,3.5,3.5,0.15,12102.59,21.0259,6.9172,5.9142,0.9713,1.1696,34,75.0,1.304722
20,30,20,0.02,0.95,3.5,3.5,0.25,12102.59,21.0259,6.9172,5.9142,0.9713,1.1696,34,75.0,1.304722
20,30,20,0.02,0.95,3.5,3.5,0.35,12102.59,21.0259,6.9172,5.9142,0.9713,1.1696,34,75.0,1.304722
5,120,20,0.02,0.5,1.5,2.5,0.15,15075.85,50.7585,17.8762,14.6693,1.1502,1.2186,36,47.0588,1.301961
5,120,20,0.02,0.5,1.5,2.5,0.25,15075.85,50.7585,17.8762,14.6693,1.1502,1.2186,36,47.0588,1.301961
5,120,20,0.02,0.5,1.5,2.5,0.35,15075.85,50.7585,17.8762,14.6693,1.1502,1.2186,36,47.0588,1.301961
5,120,20,0.02,0.75,1.5,2.5,0.15,15075.85,50.7585,17.8762,14.6693,1.1502,1.2186,36,47.0588,1.301961
5,120,20,0.02,0.75,1.5,2.5,0.25,15075.85,50.7585,17.8762,14.6693,1.1502,1.2186,36,47.0588,1.301961
5,120,20,0.02,0.75,1.5,2.5,0.35,15075.85,50.7585,17.8762,14.6693,1.1502,1.2186,36,47.0588,1.301961
5,120,20,0.02,0.95,1.5,2.5,0.15,15075.85,50.7585,17.8762,14.6693,1.1502,1.2186,36,47.0588,1.301961
5,120,20,0.02,0.95,1.5,2.5,0.25,15075.85,50.7585,17.8762,14.6693,1.1502,1.2186,36,47.0588,1.301961
5,120,20,0.02,0.95,1.5,2.5,0.35,15075.85,50.7585,17.8762,14.6693,1.1502,1.2186,36,47.0588,1.301961
5,120,20,0.01,0.5,1.5,2.5,0.15,12370.89,23.7089,8.8978,7.7354,1.1254,1.1503,36,47.0588,1.297992
5,120,20,0.01,0.5,1.5,2.5,0.25,12370.89,23.7089,8.8978,7.7354,1.1254,1.1503,36,47.0588,1.297992
5,120,20,0.01,0.5,1.5,2.5,0.35,12370.89,23.7089,8.8978,7.7354,1.1254,1.1503,36,47.0588,1.297992
5,120,20,0.01,0.75,1.5,2.5,0.15,12370.89,23.7089,8.8978,7.7354,1.1254,1.1503,36,47.0588,1.297992
5,120,20,0.01,0.75,1.5,2.5,0.25,12370.89,23.7089,8.8978,7.7354,1.1254,1.1503,36,47.0588,1.297992
5,120,20,0.01,0.75,1.5,2.5,0.35,12370.89,23.7089,8.8978,7.7354,1.1254,1.1503,36,47.0588,1.297992
5,120,20,0.01,0.95,1.5,2.5,0.15,12370.89,23.7089,8.8978,7.7354,1.1254,1.1503,36,47.0588,1.297992
5,120,20,0.01,0.95,1.5,2.5,0.25,12370.89,23.7089,8.8978,7.7354,1.1254,1.1503,36,47.0588,1.297992
5,120,20,0.01,0.95,1.5,2.5,0.35,12370.89,23.7089,8.8978,7.7354,1.1254,1.1503,36,47.0588,1.297992
20,30,20,0.01,0.5,1.5,3.5,0.15,12478.46,24.7846,8.0695,6.8904,0.976,1.1711,34,75.0,1.297415
20,30,20,0.01,0.5,1.5,3.5,0.25,12478.46,24.7846,8.0695,6.8904,0.976,1.1711,34,75.0,1.297415
20,30,20,0.01,0.5,1.5,3.5,0.35,12478.46,24.7846,8.0695,6.8904,0.976,1.1711,34,75.0,1.297415
20,30,20,0.01,0.75,1.5,3.5,0.15,12478.46,24.7846,8.0695,6.8904,0.976,1.1711,34,75.0,1.297415
20,30,20,0.01,0.75,1.5,3.5,0.25,12478.46,24.7846,8.0695,6.8904,0.976,1.1711,34,75.0,1.297415
20,30,20,0.01,0.75,1.5,3.5,0.35,12478.46,24.7846,8.0695,6.8904,0.976,1.1711,34,75.0,1.297415
20,30,20,0.01,0.95,1.5,3.5,0.15,12478.46,24.7846,8.0695,6.8904,0.976,1.1711,34,75.0,1.297415
20,30,20,0.01,0.95,1.5,3.5,0.25,12478.46,24.7846,8.0695,6.8904,0.976,1.1711,34,75.0,1.297415
20,30,20,0.01,0.95,1.5,3.5,0.35,12478.46,24.7846,8.0695,6.8904,0.976,1.1711,34,75.0,1.297415
20,30,20,0.02,0.5,2.5,3.5,0.15,13015.39,30.1539,9.677,8.1865,0.9852,1.1821,34,75.0,1.297245
20,30,20,0.02,0.5,2.5,3.5,0.25,13015.39,30.1539,9.677,8.1865,0.9852,1.1821,34,75.0,1.297245
20,30,20,0.02,0.5,2.5,3.5,0.35,13015.39,30.1539,9.677,8.1865,0.9852,1.1821,34,75.0,1.297245
20,30,20,0.02,0.75,2.5,3.5,0.15,13015.39,30.1539,9.677,8.1865,0.9852,1.1821,34,75.0,1.297245
20,30,20,0.02,0.75,2.5,3.5,0.25,13015.39,30.1539,9.677,8.1865,0.9852,1.1821,34,75.0,1.297245
20,30,20,0.02,0.75,2.5,3.5,0.35,13015.39,30.1539,9.677,8.1865,0.9852,1.1821,34,75.0,1.297245
20,30,20,0.02,0.95,2.5,3.5,0.15,13015.39,30.1539,9.677,8.1865,0.9852,1.1821,34,75.0,1.297245
20,30,20,0.02,0.95,2.5,3.5,0.25,13015.39,30.1539,9.677,8.1865,0.9852,1.1821,34,75.0,1.297245
20,30,20,0.02,0.95,2.5,3.5,0.35,13015.39,30.1539,9.677,8.1865,0.9852,1.1821,34,75.0,1.297245
5,120,20,0.01,0.5,3.5,2.5,0.15,10917.35,9.1735,3.5789,3.2263,1.0779,1.1093,32,53.3333,1.292592
5,120,20,0.01,0.5,3.5,2.5,0.25,10917.35,9.1735,3.5789,3.2263,1.0779,1.1093,32,53.3333,1.292592
5,120,20,0.01,0.5,3.5,2.5,0.35,10917.35,9.1735,3.5789,3.2263,1.0779,1.1093,32,53.3333,1.292592
5,120,20,0.01,0.75,3.5,2.5,0.15,10917.35,9.1735,3.5789,3.2263,1.0779,1.1093,32,53.3333,1.292592
5,120,20,0.01,0.75,3.5,2.5,0.25,10917.35,9.1735,3.5789,3.2263,1.0779,1.1093,32,53.3333,1.292592
5,120,20,0.01,0.75,3.5,2.5,0.35,10917.35,9.1735,3.5789,3.2263,1.0779,1.1093,32,53.3333,1.292592
5,120,20,0.01,0.95,3.5,2.5,0.15,10917.35,9.1735,3.5789,3.2263,1.0779,1.1093,32,53.3333,1.292592
5,120,20,0.01,0.95,3.5,2.5,0.25,10917.35,9.1735,3.5789,3.2263,1.0779,1.1093,32,53.3333,1.292592
5,120,20,0.01,0.95,3.5,2.5,0.35,10917.35,9.1735,3.5789,3.2263,1.0779,1.1093,32,53.3333,1.292592
10,120,10,0.01,0.5,2.5,3.5,0.15,11322.41,13.2241,5.1017,4.4969,0.9997,1.1345,18,75.0,1.28947
10,120,10,0.01,0.5,2.5,3.5,0.25,11322.41,13.2241,5.1017,4.4969,0.9997,1.1345,18,75.0,1.28947
10,120,10,0.01,0.5,2.5,3.5,0.35,11322.41,13.2241,5.1017,4.4969,0.9997,1.1345,18,75.0,1.28947
10,120,10,0.01,0.75,2.5,3.5,0.15,11322.41,13.2241,5.1017,4.4969,0.9997,1.1345,18,75.0,1.28947
10,120,10,0.01,0.75,2.5,3.5,0.25,11322.41,13.2241,5.1017,4.4969,0.9997,1.1345,18,75.0,1.28947
10,120,10,0.01,0.75,2.5,3.5,0.35,11322.41,13.2241,5.1017,4.4969,0.9997,1.1345,18,75.0,1.28947
10,120,10,0.01,0.95,2.5,3.5,0.15,11322.41,13.2241,5.1017,4.4969,0.9997,1.1345,18,75.0,1.28947
10,120,10,0.01,0.95,2.5,3.5,0.25,11322.41,13.2241,5.1017,4.4969,0.9997,1.1345,18,75.0,1.28947
10,120,10,0.01,0.95,2.5,3.5,0.35,11322.41,13.2241,5.1017,4.4969,0.9997,1.1345,18,75.0,1.28947
20,120,14,0.02,0.5,2.5,3.5,0.15,12761.72,27.6172,10.2633,8.7243,0.9844,1.1764,20,66.6667,1.286051
20,120,14,0.02,0.5,2.5,3.5,0.25,12761.72,27.6172,10.2633,8.7243,0.9844,1.1764,20,66.6667,1.286051
20,120,14,0.02,0.5,2.5,3.5,0.35,12761.72,27.6172,10.2633,8.7243,0.9844,1.1764,20,66.6667,1.286051
20,120,14,0.02,0.75,2.5,3.5,0.15,12761.72,27.6172,10.2633,8.7243,0.9844,1.1764,20,66.6667,1.286051
20,120,14,0.02,0.75,2.5,3.5,0.25,12761.72,27.6172,10.2633,8.7243,0.9844,1.1764,20,66.6667,1.286051
20,120,14,0.02,0.75,2.5,3.5,0.35,12761.72,27.6172,10.2633,8.7243,0.9844,1.1764,20,66.6667,1.286051
20,120,14,0.02,0.95,2.5,3.5,0.15,12761.72,27.6172,10.2633,8.7243,0.9844,1.1764,20,66.6667,1.286051
20,120,14,0.02,0.95,2.5,3.5,0.25,12761.72,27.6172,10.2633,8.7243,0.9844,1.1764,20,66.6667,1.286051
20,120,14,0.02,0.95,2.5,3.5,0.35,12761.72,27.6172,10.2633,8.7243,0.9844,1.1764,20,66.6667,1.286051
20,30,20,0.01,0.5,2.5,3.5,0.15,11411.01,14.1101,4.7349,4.18,0.9521,1.1327,34,75.0,1.281363
20,30,20,0.01,0.5,2.5,3.5,0.25,11411.01,14.1101,4.7349,4.18,0.9521,1.1327,34,75.0,1.281363
20,30,20,0.01,0.5,2.5,3.5,0.35,11411.01,14.1101,4.7349,4.18,0.9521,1.1327,34,75.0,1.281363
20,30,20,0.01,0.75,2.5,3.5,0.15,11411.01,14.1101,4.7349,4.18,0.9521,1.1327,34,75.0,1.281363
20,30,20,0.01,0.75,2.5,3.5,0.25,11411.01,14.1101,4.7349,4.18,0.9521,1.1327,34,75.0,1.281363
20,30,20,0.01,0.75,2.5,3.5,0.35,11411.01,14.1101,4.7349,4.18,0.9521,1.1327,34,75.0,1.281363
20,30,20,0.01,0.95,2.5,3.5,0.15,11411.01,14.1101,4.7349,4.18,0.9521,1.1327,34,75.0,1.281363
20,30,20,0.01,0.95,2.5,3.5,0.25,11411.01,14.1101,4.7349,4.18,0.9521,1.1327,34,75.0,1.281363
20,30,20,0.01,0.95,2.5,3.5,0.35,11411.01,14.1101,4.7349,4.18,0.9521,1.1327,34,75.0,1.281363
20,120,20,0.01,0.5,3.5,4.5,0.15,11254.0,12.54,4.8469,4.2757,0.9149,1.1336,10,75.0,1.273799
20,120,20,0.01,0.5,3.5,4.5,0.25,11254.0,12.54,4.8469,4.2757,0.9149,1.1336,10,75.0,1.273799
20,120,20,0.01,0.5,3.5,4.5,0.35,11254.0,12.54,4.8469,4.2757,0.9149,1.1336,10,75.0,1.273799
20,120,20,0.01,0.75,3.5,4.5,0.15,11254.0,12.54,4.8469,4.2757,0.9149,1.1336,10,75.0,1.273799
20,120,20,0.01,0.75,3.5,4.5,0.25,11254.0,12.54,4.8469,4.2757,0.9149,1.1336,10,75.0,1.273799
20,120,20,0.01,0.75,3.5,4.5,0.35,11254.0,12.54,4.8469,4.2757,0.9149,1.1336,10,75.0,1.273799
20,120,20,0.01,0.95,3.5,4.5,0.15,11254.0,12.54,4.8469,4.2757,0.9149,1.1336,10,75.0,1.273799
20,120,20,0.01,0.95,3.5,4.5,0.25,11254.0,12.54,4.8469,4.2757,0.9149,1.1336,10,75.0,1.273799
20,120,20,0.01,0.95,3.5,4.5,0.35,11254.0,12.54,4.8469,4.2757,0.9149,1.1336,10,75.0,1.273799
10,120,10,0.03,0.5,3.5,3.5,0.15,12880.38,28.8038,10.6729,9.1703,1.0029,1.1639,18,75.0,1.272725
10,120,10,0.03,0.5,3.5,3.5,0.25,12880.38,28.8038,10.6729,9.1703,1.0029,1.1639,18,75.0,1.272725
10,120,10,0.03,0.5,3.5,3.5,0.35,12880.38,28.8038,10.6729,9.1703,1.0029,1.1639,18,75.0,1.272725
10,120,10,0.03,0.75,3.5,3.5,0.15,12880.38,28.8038,10.6729,9.1703,1.0029,1.1639,18,75.0,1.272725
10,120,10,0.03,0.75,3.5,3.5,0.25,12880.38,28.8038,10.6729,9.1703,1.0029,1.1639,18,75.0,1.272725
10,120,10,0.03,0.75,3.5,3.5,0.35,12880.38,28.8038,10.6729,9.1703,1.0029,1.1639,18,75.0,1.272725
10,120,10,0.03,0.95,3.5,3.5,0.15,12880.38,28.8038,10.6729,9.1703,1.0029,1.1639,18,75.0,1.272725
10,120,10,0.03,0.95,3.5,3.5,0.25,12880.38,28.8038,10.6729,9.1703,1.0029,1.1639,18,75.0,1.272725
10,120,10,0.03,0.95,3.5,3.5,0.35,12880.38,28.8038,10.6729,9.1703,1.0029,1.1639,18,75.0,1.272725
5,120,20,0.03,0.5,3.5,4.5,0.15,14155.76,41.5576,14.9395,12.425,0.9485,1.2024,14,50.0,1.267824
5,120,20,0.03,0.5,3.5,4.5,0.25,14155.76,41.5576,14.9395,12.425,0.9485,1.2024,14,50.0,1.267824
5,120,20,0.03,0.5,3.5,4.5,0.35,14155.76,41.5576,14.9395,12.425,0.9485,1.2024,14,50.0,1.267824
5,120,20,0.03,0.75,3.5,4.5,0.15,14155.76,41.5576,14.9395,12.425,0.9485,1.2024,14,50.0,1.267824
5,120,20,0.03,0.75,3.5,4.5,0.25,14155.76,41.5576,14.9395,12.425,0.9485,1.2024,14,50.0,1.267824
5,120,20,0.03,0.75,3.5,4.5,0.35,14155.76,41.5576,14.9395,12.425,0.9485,1.2024,14,50.0,1.267824
5,120,20,0.03,0.95,3.5,4.5,0.15,14155.76,41.5576,14.9395,12.425,0.9485,1.2024,14,50.0,1.267824
5,120,20,0.03,0.95,3.5,4.5,0.25,14155.76,41.5576,14.9395,12.425,0.9485,1.2024,14,50.0,1.267824
5,120,20,0.03,0.95,3.5,4.5,0.35,14155.76,41.5576,14.9395,12.425,0.9485,1.2024,14,50.0,1.267824
10,120,10,0.02,0.5,3.5,3.5,0.15,11882.94,18.8294,7.1562,6.3919,0.985,1.1196,18,75.0,1.252655
10,120,10,0.02,0.5,3.5,3.5,0.25,11882.94,18.8294,7.1562,6.3919,0.985,1.1196,18,75.0,1.252655
10,120,10,0.02,0.5,3.5,3.5,0.35,11882.94,18.8294,7.1562,6.3919,0.985,1.1196,18,75.0,1.252655
10,120,10,0.02,0.75,3.5,3.5,0.15,11882.94,18.8294,7.1562,6.3919,0.985,1.1196,18,75.0,1.252655
10,120,10,0.02,0.75,3.5,3.5,0.25,11882.94,18.8294,7.1562,6.3919,0.985,1.1196,18,75.0,1.252655
10,120,10,0.02,0.75,3.5,3.5,0.35,11882.94,18.8294,7.1562,6.3919,0.985,1.1196,18,75.0,1.252655
10,120,10,0.02,0.95,3.5,3.5,0.15,11882.94,18.8294,7.1562,6.3919,0.985,1.1196,18,75.0,1.252655
10,120,10,0.02,0.95,3.5,3.5,0.25,11882.94,18.8294,7.1562,6.3919,0.985,1.1196,18,75.0,1.252655
10,120,10,0.02,0.95,3.5,3.5,0.35,11882.94,18.8294,7.1562,6.3919,0.985,1.1196,18,75.0,1.252655
20,30,20,0.01,0.5,3.5,3.5,0.15,10982.85,9.8285,3.3404,3.1147,0.9444,1.0725,34,75.0,1.230191
20,30,20,0.01,0.5,3.5,3.5,0.25,10982.85,9.8285,3.3404,3.1147,0.9444,1.0725,34,75.0,1.230191
20,30,20,0.01,0.5,3.5,3.5,0.35,10982.85,9.8285,3.3404,3.1147,0.9444,1.0725,34,75.0,1.230191
20,30,20,0.01,0.75,3.5,3.5,0.15,10982.85,9.8285,3.3404,3.1147,0.9444,1.0725,34,75.0,1.230191
20,30,20,0.01,0.75,3.5,3.5,0.25,10982.85,9.8285,3.3404,3.1147,0.9444,1.0725,34,75.0,1.230191
20,30,20,0.01,0.75,3.5,3.5,0.35,10982.85,9.8285,3.3404,3.1147,0.9444,1.0725,34,75.0,1.230191
20,30,20,0.01,0.95,3.5,3.5,0.15,10982.85,9.8285,3.3404,3.1147,0.9444,1.0725,34,75.0,1.230191
20,30,20,0.01,0.95,3.5,3.5,0.25,10982.85,9.8285,3.3404,3.1147,0.9444,1.0725,34,75.0,1.230191
20,30,20,0.01,0.95,3.5,3.5,0.35,10982.85,9.8285,3.3404,3.1147,0.9444,1.0725,34,75.0,1.230191
20,120,14,0.01,0.5,2.5,3.5,0.15,11278.09,12.7809,4.9367,4.5421,0.9334,1.0869,20,66.6667,1.228143
20,120,14,0.01,0.5,2.5,3.5,0.25,11278.09,12.7809,4.9367,4.5421,0.9334,1.0869,20,66.6667,1.228143
20,120,14,0.01,0.5,2.5,3.5,0.35,11278.09,12.7809,4.9367,4.5421,0.9334,1.0869,20,66.6667,1.228143
20,120,14,0.01,0.75,2.5,3.5,0.15,11278.09,12.7809,4.9367,4.5421,0.9334,1.0869,20,66.6667,1.228143
20,120,14,0.01,0.75,2.5,3.5,0.25,11278.09,12.7809,4.9367,4.5421,0.9334,1.0869,20,66.6667,1.228143
20,120,14,0.01,0.75,2.5,3.5,0.35,11278.09,12.7809,4.9367,4.5421,0.9334,1.0869,20,66.6667,1.228143
20,120,14,0.01,0.95,2.5,3.5,0.15,11278.09,12.7809,4.9367,4.5421,0.9334,1.0869,20,66.6667,1.228143
20,120,14,0.01,0.95,2.5,3.5,0.25,11278.09,12.7809,4.9367,4.5421,0.9334,1.0869,20,66.6667,1.228143
20,120,14,0.01,0.95,2.5,3.5,0.35,11278.09,12.7809,4.9367,4.5421,0.9334,1.0869,20,66.6667,1.228143
20,120,20,0.01,0.5,3.5,3.5,0.15,10899.03,8.9903,3.5092,3.3104,0.9484,1.0601,18,75.0,1.216626
20,120,20,0.01,0.5,3.5,3.5,0.25,10899.03,8.9903,3.5092,3.3104,0.9484,1.0601,18,75.0,1.216626
20,120,20,0.01,0.5,3.5,3.5,0.35,10899.03,8.9903,3.5092,3.3104,0.9484,1.0601,18,75.0,1.216626
20,120,20,0.01,0.75,3.5,3.5,0.15,10899.03,8.9903,3.5092,3.3104,0.9484,1.0601,18,75.0,1.216626
20,120,20,0.01,0.75,3.5,3.5,0.25,10899.03,8.9903,3.5092,3.3104,0.9484,1.0601,18,75.0,1.216626
20,120,20,0.01,0.75,3.5,3.5,0.35,10899.03,8.9903,3.5092,3.3104,0.9484,1.0601,18,75.0,1.216626
20,120,20,0.01,0.95,3.5,3.5,0.15,10899.03,8.9903,3.5092,3.3104,0.9484,1.0601,18,75.0,1.216626
20,120,20,0.01,0.95,3.5,3.5,0.25,10899.03,8.9903,3.5092,3.3104,0.9484,1.0601,18,75.0,1.216626
20,120,20,0.01,0.95,3.5,3.5,0.35,10899.03,8.9903,3.5092,3.3104,0.9484,1.0601,18,75.0,1.216626
20,120,10,0.03,0.5,2.5,3.5,0.15,13915.68,39.1568,14.1545,12.3708,0.9651,1.1442,18,75.0,1.213493
20,120,10,0.03,0.5,2.5,3.5,0.25,13915.68,39.1568,14.1545,12.3708,0.9651,1.1442,18,75.0,1.213493
20,120,10,0.03,0.5,2.5,3.5,0.35,13915.68,39.1568,14.1545,12.3708,0.9651,1.1442,18,75.0,1.213493
20,120,10,0.03,0.75,2.5,3.5,0.15,13915.68,39.1568,14.1545,12.3708,0.9651,1.1442,18,75.0,1.213493
20,120,10,0.03,0.75,2.5,3.5,0.25,13915.68,39.1568,14.1545,12.3708,0.9651,1.1442,18,75.0,1.213493
20,120,10,0.03,0.75,2.5,3.5,0.35,13915.68,39.1568,14.1545,12.3708,0.9651,1.1442,18,75.0,1.213493
20,120,10,0.03,0.95,2.5,3.5,0.15,13915.68,39.1568,14.1545,12.3708,0.9651,1.1442,18,75.0,1.213493
20,120,10,0.03,0.95,2.5,3.5,0.25,13915.68,39.1568,14.1545,12.3708,0.9651,1.1442,18,75.0,1.213493
20,120,10,0.03,0.95,2.5,3.5,0.35,13915.68,39.1568,14.1545,12.3708,0.9651,1.1442,18,75.0,1.213493
10,120,10,0.01,0.5,3.5,3.5,0.15,10877.99,8.7799,3.4291,3.272,0.955,1.048,18,75.0,1.206293
10,120,10,0.01,0.5,3.5,3.5,0.25,10877.99,8.7799,3.4291,3.272,0.955,1.048,18,75.0,1.206293
10,120,10,0.01,0.5,3.5,3.5,0.35,10877.99,8.7799,3.4291,3.272,0.955,1.048,18,75.0,1.206293
10,120,10,0.01,0.75,3.5,3.5,0.15,10877.99,8.7799,3.4291,3.272,0.955,1.048,18,75.0,1.206293
10,120,10,0.01,0.75,3.5,3.5,0.25,10877.99,8.7799,3.4291,3.272,0.955,1.048,18,75.0,1.206293
10,120,10,0.01,0.75,3.5,3.5,0.35,10877.99,8.7799,3.4291,3.272,0.955,1.048,18,75.0,1.206293
10,120,10,0.01,0.95,3.5,3.5,0.15,10877.99,8.7799,3.4291,3.272,0.955,1.048,18,75.0,1.206293
10,120,10,0.01,0.95,3.5,3.5,0.25,10877.99,8.7799,3.4291,3.272,0.955,1.048,18,75.0,1.206293
10,120,10,0.01,0.95,3.5,3.5,0.35,10877.99,8.7799,3.4291,3.272,0.955,1.048,18,75.0,1.206293
5,120,20,0.02,0.5,3.5,4.5,0.15,12651.42,26.5142,9.8805,8.8771,0.8992,1.113,14,50.0,1.204101
5,120,20,0.02,0.5,3.5,4.5,0.25,12651.42,26.5142,9.8805,8.8771,0.8992,1.113,14,50.0,1.204101
5,120,20,0.02,0.5,3.5,4.5,0.35,12651.42,26.5142,9.8805,8.8771,0.8992,1.113,14,50.0,1.204101
5,120,20,0.02,0.75,3.5,4.5,0.15,12651.42,26.5142,9.8805,8.8771,0.8992,1.113,14,50.0,1.204101
5,120,20,0.02,0.75,3.5,4.5,0.25,12651.42,26.5142,9.8805,8.8771,0.8992,1.113,14,50.0,1.204101
5,120,20,0.02,0.75,3.5,4.5,0.35,12651.42,26.5142,9.8805,8.8771,0.8992,1.113,14,50.0,1.204101
5,120,20,0.02,0.95,3.5,4.5,0.15,12651.42,26.5142,9.8805,8.8771,0.8992,1.113,14,50.0,1.204101
5,120,20,0.02,0.95,3.5,4.5,0.25,12651.42,26.5142,9.8805,8.8771,0.8992,1.113,14,50.0,1.204101
5,120,20,0.02,0.95,3.5,4.5,0.35,12651.42,26.5142,9.8805,8.8771,0.8992,1.113,14,50.0,1.204101
5,120,20,0.03,0.5,2.5,3.5,0.15,14141.59,41.4159,14.8934,13.0723,0.9676,1.1393,24,63.6364,1.202098
5,120,20,0.03,0.5,2.5,3.5,0.25,14141.59,41.4159,14.8934,13.0723,0.9676,1.1393,24,63.6364,1.202098
5,120,20,0.03,0.5,2.5,3.5,0.35,14141.59,41.4159,14.8934,13.0723,0.9676,1.1393,24,63.6364,1.202098
5,120,20,0.03,0.75,2.5,3.5,0.15,14141.59,41.4159,14.8934,13.0723,0.9676,1.1393,24,63.6364,1.202098
5,120,20,0.03,0.75,2.5,3.5,0.25,14141.59,41.4159,14.8934,13.0723,0.9676,1.1393,24,63.6364,1.202098
5,120,20,0.03,0.75,2.5,3.5,0.35,14141.59,41.4159,14.8934,13.0723,0.9676,1.1393,24,63.6364,1.202098
5,120,20,0.03,0.95,2.5,3.5,0.15,14141.59,41.4159,14.8934,13.0723,0.9676,1.1393,24,63.6364,1.202098
5,120,20,0.03,0.95,2.5,3.5,0.25,14141.59,41.4159,14.8934,13.0723,0.9676,1.1393,24,63.6364,1.202098
5,120,20,0.03,0.95,2.5,3.5,0.35,14141.59,41.4159,14.8934,13.0723,0.9676,1.1393,24,63.6364,1.202098
5,120,20,0.02,0.5,2.5,3.5,0.15,12671.53,26.7153,9.9505,9.085,0.9385,1.0953,24,63.6364,1.192102
5,120,20,0.02,0.5,2.5,3.5,0.25,12671.53,26.7153,9.9505,9.085,0.9385,1.0953,24,63.6364,1.192102
5,120,20,0.02,0.5,2.5,3.5,0.35,12671.53,26.7153,9.9505,9.085,0.9385,1.0953,24,63.6364,1.192102
5,120,20,0.02,0.75,2.5,3.5,0.15,12671.53,26.7153,9.9505,9.085,0.9385,1.0953,24,63.6364,1.192102
5,120,20,0.02,0.75,2.5,3.5,0.25,12671.53,26.7153,9.9505,9.085,0.9385,1.0953,24,63.6364,1.192102
5,120,20,0.02,0.75,2.5,3.5,0.35,12671.53,26.7153,9.9505,9.085,0.9385,1.0953,24,63.6364,1.192102
5,120,20,0.02,0.95,2.5,3.5,0.15,12671.53,26.7153,9.9505,9.085,0.9385,1.0953,24,63.6364,1.192102
5,120,20,0.02,0.95,2.5,3.5,0.25,12671.53,26.7153,9.9505,9.085,0.9385,1.0953,24,63.6364,1.192102
5,120,20,0.02,0.95,2.5,3.5,0.35,12671.53,26.7153,9.9505,9.085,0.9385,1.0953,24,63.6364,1.192102
20,120,20,0.02,0.5,3.5,3.5,0.15,11816.64,18.1664,6.9162,6.5351,0.9541,1.0583,18,75.0,1.183784
20,120,20,0.02,0.5,3.5,3.5,0.25,11816.64,18.1664,6.9162,6.5351,0.9541,1.0583,18,75.0,1.183784
20,120,20,0.02,0.5,3.5,3.5,0.35,11816.64,18.1664,6.9162,6.5351,0.9541,1.0583,18,75.0,1.183784
20,120,20,0.02,0.75,3.5,3.5,0.15,11816.64,18.1664,6.9162,6.5351,0.9541,1.0583,18,75.0,1.183784
20,120,20,0.02,0.75,3.5,3.5,0.25,11816.64,18.1664,6.9162,6.5351,0.9541,1.0583,18,75.0,1.183784
20,120,20,0.02,0.75,3.5,3.5,0.35,11816.64,18.1664,6.9162,6.5351,0.9541,1.0583,18,75.0,1.183784
20,120,20,0.02,0.95,3.5,3.5,0.15,11816.64,18.1664,6.9162,6.5351,0.9541,1.0583,18,75.0,1.183784
20,120,20,0.02,0.95,3.5,3.5,0.25,11816.64,18.1664,6.9162,6.5351,0.9541,1.0583,18,75.0,1.183784
20,120,20,0.02,0.95,3.5,3.5,0.35,11816.64,18.1664,6.9162,6.5351,0.9541,1.0583,18,75.0,1.183784
5,120,20,0.01,0.5,2.5,3.5,0.15,11302.33,13.0233,5.027,4.8065,0.9183,1.0459,24,63.6364,1.181463
5,120,20,0.01,0.5,2.5,3.5,0.25,11302.33,13.0233,5.027,4.8065,0.9183,1.0459,24,63.6364,1.181463
5,120,20,0.01,0.5,2.5,3.5,0.35,11302.33,13.0233,5.027,4.8065,0.9183,1.0459,24,63.6364,1.181463
5,120,20,0.01,0.75,2.5,3.5,0.15,11302.33,13.0233,5.027,4.8065,0.9183,1.0459,24,63.6364,1.181463
5,120,20,0.01,0.75,2.5,3.5,0.25,11302.33,13.0233,5.027,4.8065,0.9183,1.0459,24,63.6364,1.181463
5,120,20,0.01,0.75,2.5,3.5,0.35,11302.33,13.0233,5.027,4.8065,0.9183,1.0459,24,63.6364,1.181463
5,120,20,0.01,0.95,2.5,3.5,0.15,11302.33,13.0233,5.027,4.8065,0.9183,1.0459,24,63.6364,1.181463
5,120,20,0.01,0.95,2.5,3.5,0.25,11302.33,13.0233,5.027,4.8065,0.9183,1.0459,24,63.6364,1.181463
5,120,20,0.01,0.95,2.5,3.5,0.35,11302.33,13.0233,5.027,4.8065,0.9183,1.0459,24,63.6364,1.181463
20,120,10,0.01,0.5,2.5,3.5,0.15,11215.3,12.153,4.7023,4.5406,0.9176,1.0356,18,75.0,1.173724
20,120,10,0.01,0.5,2.5,3.5,0.25,11215.3,12.153,4.7023,4.5406,0.9176,1.0356,18,75.0,1.173724
20,120,10,0.01,0.5,2.5,3.5,0.35,11215.3,12.153,4.7023,4.5406,0.9176,1.0356,18,75.0,1.173724
20,120,10,0.01,0.75,2.5,3.5,0.15,11215.3,12.153,4.7023,4.5406,0.9176,1.0356,18,75.0,1.173724
20,120,10,0.01,0.75,2.5,3.5,0.25,11215.3,12.153,4.7023,4.5406,0.9176,1.0356,18,75.0,1.173724
20,120,10,0.01,0.75,2.5,3.5,0.35,11215.3,12.153,4.7023,4.5406,0.9176,1.0356,18,75.0,1.173724
20,120,10,0.01,0.95,2.5,3.5,0.15,11215.3,12.153,4.7023,4.5406,0.9176,1.0356,18,75.0,1.173724
20,120,10,0.01,0.95,2.5,3.5,0.25,11215.3,12.153,4.7023,4.5406,0.9176,1.0356,18,75.0,1.173724
20,120,10,0.01,0.95,2.5,3.5,0.35,11215.3,12.153,4.7023,4.5406,0.9176,1.0356,18,75.0,1.173724
20,120,10,0.02,0.5,2.5,3.5,0.15,12507.7,25.077,9.3787,8.7378,0.937,1.0733,18,75.0,1.173362
20,120,10,0.02,0.5,2.5,3.5,0.25,12507.7,25.077,9.3787,8.7378,0.937,1.0733,18,75.0,1.173362
20,120,10,0.02,0.5,2.5,3.5,0.35,12507.7,25.077,9.3787,8.7378,0.937,1.0733,18,75.0,1.173362
20,120,10,0.02,0.75,2.5,3.5,0.15,12507.7,25.077,9.3787,8.7378,0.937,1.0733,18,75.0,1.173362
20,120,10,0.02,0.75,2.5,3.5,0.25,12507.7,25.077,9.3787,8.7378,0.937,1.0733,18,75.0,1.173362
20,120,10,0.02,0.75,2.5,3.5,0.35,12507.7,25.077,9.3787,8.7378,0.937,1.0733,18,75.0,1.173362
20,120,10,0.02,0.95,2.5,3.5,0.15,12507.7,25.077,9.3787,8.7378,0.937,1.0733,18,75.0,1.173362
20,120,10,0.02,0.95,2.5,3.5,0.25,12507.7,25.077,9.3787,8.7378,0.937,1.0733,18,75.0,1.173362
20,120,10,0.02,0.95,2.5,3.5,0.35,12507.7,25.077,9.3787,8.7378,0.937,1.0733,18,75.0,1.173362
20,120,20,0.03,0.5,3.5,3.5,0.15,12815.54,28.1554,10.4494,9.7685,0.9609,1.0697,18,75.0,1.16419
20,120,20,0.03,0.5,3.5,3.5,0.25,12815.54,28.1554,10.4494,9.7685,0.9609,1.0697,18,75.0,1.16419
20,120,20,0.03,0.5,3.5,3.5,0.35,12815.54,28.1554,10.4494,9.7685,0.9609,1.0697,18,75.0,1.16419
20,120,20,0.03,0.75,3.5,3.5,0.15,12815.54,28.1554,10.4494,9.7685,0.9609,1.0697,18,75.0,1.16419
20,120,20,0.03,0.75,3.5,3.5,0.25,12815.54,28.1554,10.4494,9.7685,0.9609,1.0697,18,75.0,1.16419
20,120,20,0.03,0.75,3.5,3.5,0.35,12815.54,28.1554,10.4494,9.7685,0.9609,1.0697,18,75.0,1.16419
20,120,20,0.03,0.95,3.5,3.5,0.15,12815.54,28.1554,10.4494,9.7685,0.9609,1.0697,18,75.0,1.16419
20,120,20,0.03,0.95,3.5,3.5,0.25,12815.54,28.1554,10.4494,9.7685,0.9609,1.0697,18,75.0,1.16419
20,120,20,0.03,0.95,3.5,3.5,0.35,12815.54,28.1554,10.4494,9.7685,0.9609,1.0697,18,75.0,1.16419
5,120,14,0.03,0.5,3.5,4.5,0.15,13919.47,39.1947,14.167,12.8114,0.9291,1.1058,12,60.0,1.16351
5,120,14,0.03,0.5,3.5,4.5,0.25,13919.47,39.1947,14.167,12.8114,0.9291,1.1058,12,60.0,1.16351
5,120,14,0.03,0.5,3.5,4.5,0.35,13919.47,39.1947,14.167,12.8114,0.9291,1.1058,12,60.0,1.16351
5,120,14,0.03,0.75,3.5,4.5,0.15,13919.47,39.1947,14.167,12.8114,0.9291,1.1058,12,60.0,1.16351
5,120,14,0.03,0.75,3.5,4.5,0.25,13919.47,39.1947,14.167,12.8114,0.9291,1.1058,12,60.0,1.16351
5,120,14,0.03,0.75,3.5,4.5,0.35,13919.47,39.1947,14.167,12.8114,0.9291,1.1058,12,60.0,1.16351
5,120,14,0.03,0.95,3.5,4.5,0.15,13919.47,39.1947,14.167,12.8114,0.9291,1.1058,12,60.0,1.16351
5,120,14,0.03,0.95,3.5,4.5,0.25,13919.47,39.1947,14.167,12.8114,0.9291,1.1058,12,60.0,1.16351
5,120,14,0.03,0.95,3.5,4.5,0.35,13919.47,39.1947,14.167,12.8114,0.9291,1.1058,12,60.0,1.16351
5,120,20,0.03,0.5,1.5,4.5,0.35,20330.87,103.3087,32.8796,27.1535,1.0456,1.2109,18,37.5,1.148464
5,120,20,0.03,0.75,1.5,4.5,0.35,20330.87,103.3087,32.8796,27.1535,1.0456,1.2109,18,37.5,1.148464
5,120,20,0.03,0.95,1.5,4.5,0.35,20330.87,103.3087,32.8796,27.1535,1.0456,1.2109,18,37.5,1.148464
5,120,20,0.03,0.5,2.5,4.5,0.25,15803.47,58.0347,20.1233,18.0897,0.966,1.1124,16,42.8571,1.124722
5,120,20,0.03,0.5,2.5,4.5,0.35,15803.47,58.0347,20.1233,18.0897,0.966,1.1124,16,42.8571,1.124722
5,120,20,0.03,0.75,2.5,4.5,0.25,15803.47,58.0347,20.1233,18.0897,0.966,1.1124,16,42.8571,1.124722
5,120,20,0.03,0.75,2.5,4.5,0.35,15803.47,58.0347,20.1233,18.0897,0.966,1.1124,16,42.8571,1.124722
5,120,20,0.03,0.95,2.5,4.5,0.25,15803.47,58.0347,20.1233,18.0897,0.966,1.1124,16,42.8571,1.124722
5,120,20,0.03,0.95,2.5,4.5,0.35,15803.47,58.0347,20.1233,18.0897,0.966,1.1124,16,42.8571,1.124722
5,120,20,0.02,0.5,1.5,4.5,0.25,16511.17,65.1117,22.2502,19.7616,0.9765,1.1259,18,37.5,1.123625
5,120,20,0.02,0.5,1.5,4.5,0.35,16511.17,65.1117,22.2502,19.7616,0.9765,1.1259,18,37.5,1.123625
5,120,20,0.02,0.75,1.5,4.5,0.25,16511.17,65.1117,22.2502,19.7616,0.9765,1.1259,18,37.5,1.123625
5,120,20,0.02,0.75,1.5,4.5,0.35,16511.17,65.1117,22.2502,19.7616,0.9765,1.1259,18,37.5,1.123625
5,120,20,0.02,0.95,1.5,4.5,0.25,16511.17,65.1117,22.2502,19.7616,0.9765,1.1259,18,37.5,1.123625
5,120,20,0.02,0.95,1.5,4.5,0.35,16511.17,65.1117,22.2502,19.7616,0.9765,1.1259,18,37.5,1.123625
5,120,14,0.02,0.5,3.5,4.5,0.15,12466.44,24.6644,9.234,8.9093,0.8768,1.0364,12,60.0,1.122708
5,120,14,0.02,0.5,3.5,4.5,0.25,12466.44,24.6644,9.234,8.9093,0.8768,1.0364,12,60.0,1.122708
5,120,14,0.02,0.5,3.5,4.5,0.35,12466.44,24.6644,9.234,8.9093,0.8768,1.0364,12,60.0,1.122708
5,120,14,0.02,0.75,3.5,4.5,0.15,12466.44,24.6644,9.234,8.9093,0.8768,1.0364,12,60.0,1.122708
5,120,14,0.02,0.75,3.5,4.5,0.25,12466.44,24.6644,9.234,8.9093,0.8768,1.0364,12,60.0,1.122708
5,120,14,0.02,0.75,3.5,4.5,0.35,12466.44,24.6644,9.234,8.9093,0.8768,1.0364,12,60.0,1.122708
5,120,14,0.02,0.95,3.5,4.5,0.15,12466.44,24.6644,9.234,8.9093,0.8768,1.0364,12,60.0,1.122708
5,120,14,0.02,0.95,3.5,4.5,0.25,12466.44,24.6644,9.234,8.9093,0.8768,1.0364,12,60.0,1.122708
5,120,14,0.02,0.95,3.5,4.5,0.35,12466.44,24.6644,9.234,8.9093,0.8768,1.0364,12,60.0,1.122708
5,120,14,0.02,0.5,3.5,2.5,0.15,11861.88,18.6188,7.0801,7.3379,1.0571,0.9649,34,43.75,1.102893
5,120,14,0.02,0.5,3.5,2.5,0.25,11861.88,18.6188,7.0801,7.3379,1.0571,0.9649,34,43.75,1.102893
5,120,14,0.02,0.5,3.5,2.5,0.35,11861.88,18.6188,7.0801,7.3379,1.0571,0.9649,34,43.75,1.102893
5,120,14,0.02,0.75,3.5,2.5,0.15,11861.88,18.6188,7.0801,7.3379,1.0571,0.9649,34,43.75,1.102893
5,120,14,0.02,0.75,3.5,2.5,0.25,11861.88,18.6188,7.0801,7.3379,1.0571,0.9649,34,43.75,1.102893
5,120,14,0.02,0.75,3.5,2.5,0.35,11861.88,18.6188,7.0801,7.3379,1.0571,0.9649,34,43.75,1.102893
5,120,14,0.02,0.95,3.5,2.5,0.15,11861.88,18.6188,7.0801,7.3379,1.0571,0.9649,34,43.75,1.102893
5,120,14,0.02,0.95,3.5,2.5,0.25,11861.88,18.6188,7.0801,7.3379,1.0571,0.9649,34,43.75,1.102893
5,120,14,0.02,0.95,3.5,2.5,0.35,11861.88,18.6188,7.0801,7.3379,1.0571,0.9649,34,43.75,1.102893
5,120,20,0.01,0.5,3.5,4.5,0.15,11235.92,12.3592,4.7793,4.8831,0.8293,0.9788,14,50.0,1.095771
5,120,20,0.01,0.5,3.5,4.5,0.25,11235.92,12.3592,4.7793,4.8831,0.8293,0.9788,14,50.0,1.095771
5,120,20,0.01,0.5,3.5,4.5,0.35,11235.92,12.3592,4.7793,4.8831,0.8293,0.9788,14,50.0,1.095771
5,120,20,0.01,0.75,3.5,4.5,0.15,11235.92,12.3592,4.7793,4.8831,0.8293,0.9788,14,50.0,1.095771
5,120,20,0.01,0.75,3.5,4.5,0.25,11235.92,12.3592,4.7793,4.8831,0.8293,0.9788,14,50.0,1.095771
5,120,20,0.01,0.75,3.5,4.5,0.35,11235.92,12.3592,4.7793,4.8831,0.8293,0.9788,14,50.0,1.095771
5,120,20,0.01,0.95,3.5,4.5,0.15,11235.92,12.3592,4.7793,4.8831,0.8293,0.9788,14,50.0,1.095771
5,120,20,0.01,0.95,3.5,4.5,0.25,11235.92,12.3592,4.7793,4.8831,0.8293,0.9788,14,50.0,1.095771
5,120,20,0.01,0.95,3.5,4.5,0.35,11235.92,12.3592,4.7793,4.8831,0.8293,0.9788,14,50.0,1.095771
20,30,14,0.01,0.5,3.5,3.5,0.15,10943.37,9.4337,3.21,3.3703,0.869,0.9524,32,80.0,1.092547
20,30,14,0.01,0.5,3.5,3.5,0.25,10943.37,9.4337,3.21,3.3703,0.869,0.9524,32,80.0,1.092547
20,30,14,0.01,0.5,3.5,3.5,0.35,10943.37,9.4337,3.21,3.3703,0.869,0.9524,32,80.0,1.092547
20,30,14,0.01,0.75,3.5,3.5,0.15,10943.37,9.4337,3.21,3.3703,0.869,0.9524,32,80.0,1.092547
20,30,14,0.01,0.75,3.5,3.5,0.25,10943.37,9.4337,3.21,3.3703,0.869,0.9524,32,80.0,1.092547
20,30,14,0.01,0.75,3.5,3.5,0.35,10943.37,9.4337,3.21,3.3703,0.869,0.9524,32,80.0,1.092547
20,30,14,0.01,0.95,3.5,3.5,0.15,10943.37,9.4337,3.21,3.3703,0.869,0.9524,32,80.0,1.092547
20,30,14,0.01,0.95,3.5,3.5,0.25,10943.37,9.4337,3.21,3.3703,0.869,0.9524,32,80.0,1.092547
20,30,14,0.01,0.95,3.5,3.5,0.35,10943.37,9.4337,3.21,3.3703,0.869,0.9524,32,80.0,1.092547
5,120,10,0.03,0.5,2.5,4.5,0.25,15464.51,54.6451,19.0844,17.7121,0.954,1.0775,12,80.0,1.091153
5,120,10,0.03,0.5,2.5,4.5,0.35,15464.51,54.6451,19.0844,17.7121,0.954,1.0775,12,80.0,1.091153
5,120,10,0.03,0.75,2.5,4.5,0.25,15464.51,54.6451,19.0844,17.7121,0.954,1.0775,12,80.0,1.091153
5,120,10,0.03,0.75,2.5,4.5,0.35,15464.51,54.6451,19.0844,17.7121,0.954,1.0775,12,80.0,1.091153
5,120,10,0.03,0.95,2.5,4.5,0.25,15464.51,54.6451,19.0844,17.7121,0.954,1.0775,12,80.0,1.091153
5,120,10,0.03,0.95,2.5,4.5,0.35,15464.51,54.6451,19.0844,17.7121,0.954,1.0775,12,80.0,1.091153
5,120,20,0.01,0.5,1.5,4.5,0.15,13021.87,30.2187,11.1584,10.9366,0.8906,1.0203,18,37.5,1.089043
5,120,20,0.01,0.5,1.5,4.5,0.25,13021.87,30.2187,11.1584,10.9366,0.8906,1.0203,18,37.5,1.089043
5,120,20,0.01,0.5,1.5,4.5,0.35,13021.87,30.2187,11.1584,10.9366,0.8906,1.0203,18,37.5,1.089043
5,120,20,0.01,0.75,1.5,4.5,0.15,13021.87,30.2187,11.1584,10.9366,0.8906,1.0203,18,37.5,1.089043
5,120,20,0.01,0.75,1.5,4.5,0.25,13021.87,30.2187,11.1584,10.9366,0.8906,1.0203,18,37.5,1.089043
5,120,20,0.01,0.75,1.5,4.5,0.35,13021.87,30.2187,11.1584,10.9366,0.8906,1.0203,18,37.5,1.089043
5,120,20,0.01,0.95,1.5,4.5,0.15,13021.87,30.2187,11.1584,10.9366,0.8906,1.0203,18,37.5,1.089043
5,120,20,0.01,0.95,1.5,4.5,0.25,13021.87,30.2187,11.1584,10.9366,0.8906,1.0203,18,37.5,1.089043
5,120,20,0.01,0.95,1.5,4.5,0.35,13021.87,30.2187,11.1584,10.9366,0.8906,1.0203,18,37.5,1.089043
20,30,14,0.03,0.5,3.5,3.5,0.15,13112.33,31.1233,9.9627,9.9212,0.913,1.0042,32,80.0,1.087571
20,30,14,0.03,0.5,3.5,3.5,0.25,13112.33,31.1233,9.9627,9.9212,0.913,1.0042,32,80.0,1.087571
20,30,14,0.03,0.5,3.5,3.5,0.35,13112.33,31.1233,9.9627,9.9212,0.913,1.0042,32,80.0,1.087571
20,30,14,0.03,0.75,3.5,3.5,0.15,13112.33,31.1233,9.9627,9.9212,0.913,1.0042,32,80.0,1.087571
20,30,14,0.03,0.75,3.5,3.5,0.25,13112.33,31.1233,9.9627,9.9212,0.913,1.0042,32,80.0,1.087571
20,30,14,0.03,0.75,3.5,3.5,0.35,13112.33,31.1233,9.9627,9.9212,0.913,1.0042,32,80.0,1.087571
20,30,14,0.03,0.95,3.5,3.5,0.15,13112.33,31.1233,9.9627,9.9212,0.913,1.0042,32,80.0,1.087571
20,30,14,0.03,0.95,3.5,3.5,0.25,13112.33,31.1233,9.9627,9.9212,0.913,1.0042,32,80.0,1.087571
20,30,14,0.03,0.95,3.5,3.5,0.35,13112.33,31.1233,9.9627,9.9212,0.913,1.0042,32,80.0,1.087571
5,120,14,0.01,0.5,3.5,4.5,0.15,11172.24,11.7224,4.541,4.7045,0.8349,0.9652,12,60.0,1.08518
5,120,14,0.01,0.5,3.5,4.5,0.25,11172.24,11.7224,4.541,4.7045,0.8349,0.9652,12,60.0,1.08518
5,120,14,0.01,0.5,3.5,4.5,0.35,11172.24,11.7224,4.541,4.7045,0.8349,0.9652,12,60.0,1.08518
5,120,14,0.01,0.75,3.5,4.5,0.15,11172.24,11.7224,4.541,4.7045,0.8349,0.9652,12,60.0,1.08518
5,120,14,0.01,0.75,3.5,4.5,0.25,11172.24,11.7224,4.541,4.7045,0.8349,0.9652,12,60.0,1.08518
5,120,14,0.01,0.75,3.5,4.5,0.35,11172.24,11.7224,4.541,4.7045,0.8349,0.9652,12,60.0,1.08518
5,120,14,0.01,0.95,3.5,4.5,0.15,11172.24,11.7224,4.541,4.7045,0.8349,0.9652,12,60.0,1.08518
5,120,14,0.01,0.95,3.5,4.5,0.25,11172.24,11.7224,4.541,4.7045,0.8349,0.9652,12,60.0,1.08518
5,120,14,0.01,0.95,3.5,4.5,0.35,11172.24,11.7224,4.541,4.7045,0.8349,0.9652,12,60.0,1.08518
5,120,20,0.02,0.5,2.5,4.5,0.15,13643.17,36.4317,13.2536,12.8465,0.9036,1.0317,16,42.8571,1.083938
5,120,20,0.02,0.5,2.5,4.5,0.25,13643.17,36.4317,13.2536,12.8465,0.9036,1.0317,16,42.8571,1.083938
5,120,20,0.02,0.5,2.5,4.5,0.35,13643.17,36.4317,13.2536,12.8465,0.9036,1.0317,16,42.8571,1.083938
5,120,20,0.02,0.75,2.5,4.5,0.15,13643.17,36.4317,13.2536,12.8465,0.9036,1.0317,16,42.8571,1.083938
5,120,20,0.02,0.75,2.5,4.5,0.25,13643.17,36.4317,13.2536,12.8465,0.9036,1.0317,16,42.8571,1.083938
5,120,20,0.02,0.75,2.5,4.5,0.35,13643.17,36.4317,13.2536,12.8465,0.9036,1.0317,16,42.8571,1.083938
5,120,20,0.02,0.95,2.5,4.5,0.15,13643.17,36.4317,13.2536,12.8465,0.9036,1.0317,16,42.8571,1.083938
5,120,20,0.02,0.95,2.5,4.5,0.25,13643.17,36.4317,13.2536,12.8465,0.9036,1.0317,16,42.8571,1.083938
5,120,20,0.02,0.95,2.5,4.5,0.35,13643.17,36.4317,13.2536,12.8465,0.9036,1.0317,16,42.8571,1.083938
5,120,14,0.03,0.5,3.5,2.5,0.15,12853.74,28.5374,10.5812,10.8124,1.0602,0.9786,34,43.75,1.08253
5,120,14,0.03,0.5,3.5,2.5,0.25,12853.74,28.5374,10.5812,10.8124,1.0602,0.9786,34,43.75,1.08253
5,120,14,0.03,0.5,3.5,2.5,0.35,12853.74,28.5374,10.5812,10.8124,1.0602,0.9786,34,43.75,1.08253
5,120,14,0.03,0.75,3.5,2.5,0.15,12853.74,28.5374,10.5812,10.8124,1.0602,0.9786,34,43.75,1.08253
5,120,14,0.03,0.75,3.5,2.5,0.25,12853.74,28.5374,10.5812,10.8124,1.0602,0.9786,34,43.75,1.08253
5,120,14,0.03,0.75,3.5,2.5,0.35,12853.74,28.5374,10.5812,10.8124,1.0602,0.9786,34,43.75,1.08253
5,120,14,0.03,0.95,3.5,2.5,0.15,12853.74,28.5374,10.5812,10.8124,1.0602,0.9786,34,43.75,1.08253
5,120,14,0.03,0.95,3.5,2.5,0.25,12853.74,28.5374,10.5812,10.8124,1.0602,0.9786,34,43.75,1.08253
5,120,14,0.03,0.95,3.5,2.5,0.35,12853.74,28.5374,10.5812,10.8124,1.0602,0.9786,34,43.75,1.08253
20,30,14,0.03,0.5,1.5,3.5,0.25,18335.68,83.3568,23.6751,21.6204,0.9876,1.095,32,80.0,1.076359
20,30,14,0.03,0.5,1.5,3.5,0.35,18335.68,83.3568,23.6751,21.6204,0.9876,1.095,32,80.0,1.076359
20,30,14,0.03,0.75,1.5,3.5,0.25,18335.68,83.3568,23.6751,21.6204,0.9876,1.095,32,80.0,1.076359
20,30,14,0.03,0.75,1.5,3.5,0.35,18335.68,83.3568,23.6751,21.6204,0.9876,1.095,32,80.0,1.076359
20,30,14,0.03,0.95,1.5,3.5,0.25,18335.68,83.3568,23.6751,21.6204,0.9876,1.095,32,80.0,1.076359
20,30,14,0.03,0.95,1.5,3.5,0.35,18335.68,83.3568,23.6751,21.6204,0.9876,1.095,32,80.0,1.076359
20,30,14,0.02,0.5,1.5,3.5,0.25,15108.14,51.0814,15.5609,15.0172,0.9438,1.0362,32,80.0,1.07479
20,30,14,0.02,0.5,1.5,3.5,0.35,15108.14,51.0814,15.5609,15.0172,0.9438,1.0362,32,80.0,1.07479
20,30,14,0.02,0.75,1.5,3.5,0.25,15108.14,51.0814,15.5609,15.0172,0.9438,1.0362,32,80.0,1.07479
20,30,14,0.02,0.75,1.5,3.5,0.35,15108.14,51.0814,15.5609,15.0172,0.9438,1.0362,32,80.0,1.07479
20,30,14,0.02,0.95,1.5,3.5,0.25,15108.14,51.0814,15.5609,15.0172,0.9438,1.0362,32,80.0,1.07479
20,30,14,0.02,0.95,1.5,3.5,0.35,15108.14,51.0814,15.5609,15.0172,0.9438,1.0362,32,80.0,1.07479
20,30,14,0.01,0.5,1.5,3.5,0.15,12333.5,23.335,7.6278,7.8603,0.8893,0.9704,32,80.0,1.069682
20,30,14,0.01,0.5,1.5,3.5,0.25,12333.5,23.335,7.6278,7.8603,0.8893,0.9704,32,80.0,1.069682
20,30,14,0.01,0.5,1.5,3.5,0.35,12333.5,23.335,7.6278,7.8603,0.8893,0.9704,32,80.0,1.069682
20,30,14,0.01,0.75,1.5,3.5,0.15,12333.5,23.335,7.6278,7.8603,0.8893,0.9704,32,80.0,1.069682
20,30,14,0.01,0.75,1.5,3.5,0.25,12333.5,23.335,7.6278,7.8603,0.8893,0.9704,32,80.0,1.069682
20,30,14,0.01,0.75,1.5,3.5,0.35,12333.5,23.335,7.6278,7.8603,0.8893,0.9704,32,80.0,1.069682
20,30,14,0.01,0.95,1.5,3.5,0.15,12333.5,23.335,7.6278,7.8603,0.8893,0.9704,32,80.0,1.069682
20,30,14,0.01,0.95,1.5,3.5,0.25,12333.5,23.335,7.6278,7.8603,0.8893,0.9704,32,80.0,1.069682
20,30,14,0.01,0.95,1.5,3.5,0.35,12333.5,23.335,7.6278,7.8603,0.8893,0.9704,32,80.0,1.069682
5,120,14,0.02,0.5,2.5,2.5,0.15,12628.94,26.2894,9.8022,10.209,1.0536,0.9602,34,43.75,1.068789
5,120,14,0.02,0.5,2.5,2.5,0.25,12628.94,26.2894,9.8022,10.209,1.0536,0.9602,34,43.75,1.068789
5,120,14,0.02,0.5,2.5,2.5,0.35,12628.94,26.2894,9.8022,10.209,1.0536,0.9602,34,43.75,1.068789
5,120,14,0.02,0.75,2.5,2.5,0.15,12628.94,26.2894,9.8022,10.209,1.0536,0.9602,34,43.75,1.068789
5,120,14,0.02,0.75,2.5,2.5,0.25,12628.94,26.2894,9.8022,10.209,1.0536,0.9602,34,43.75,1.068789
5,120,14,0.02,0.75,2.5,2.5,0.35,12628.94,26.2894,9.8022,10.209,1.0536,0.9602,34,43.75,1.068789
5,120,14,0.02,0.95,2.5,2.5,0.15,12628.94,26.2894,9.8022,10.209,1.0536,0.9602,34,43.75,1.068789
5,120,14,0.02,0.95,2.5,2.5,0.25,12628.94,26.2894,9.8022,10.209,1.0536,0.9602,34,43.75,1.068789
5,120,14,0.02,0.95,2.5,2.5,0.35,12628.94,26.2894,9.8022,10.209,1.0536,0.9602,34,43.75,1.068789
5,120,14,0.01,0.5,3.5,2.5,0.15,10879.35,8.7935,3.4343,3.8112,1.0274,0.9011,34,43.75,1.068466
5,120,14,0.01,0.5,3.5,2.5,0.25,10879.35,8.7935,3.4343,3.8112,1.0274,0.9011,34,43.75,1.068466
5,120,14,0.01,0.5,3.5,2.5,0.35,10879.35,8.7935,3.4343,3.8112,1.0274,0.9011,34,43.75,1.068466
5,120,14,0.01,0.75,3.5,2.5,0.15,10879.35,8.7935,3.4343,3.8112,1.0274,0.9011,34,43.75,1.068466
5,120,14,0.01,0.75,3.5,2.5,0.25,10879.35,8.7935,3.4343,3.8112,1.0274,0.9011,34,43.75,1.068466
5,120,14,0.01,0.75,3.5,2.5,0.35,10879.35,8.7935,3.4343,3.8112,1.0274,0.9011,34,43.75,1.068466
5,120,14,0.01,0.95,3.5,2.5,0.15,10879.35,8.7935,3.4343,3.8112,1.0274,0.9011,34,43.75,1.068466
5,120,14,0.01,0.95,3.5,2.5,0.25,10879.35,8.7935,3.4343,3.8112,1.0274,0.9011,34,43.75,1.068466
5,120,14,0.01,0.95,3.5,2.5,0.35,10879.35,8.7935,3.4343,3.8112,1.0274,0.9011,34,43.75,1.068466
20,30,14,0.01,0.5,2.5,3.5,0.15,11339.18,13.3918,4.5033,4.7856,0.8722,0.941,32,80.0,1.067601
20,30,14,0.01,0.5,2.5,3.5,0.25,11339.18,13.3918,4.5033,4.7856,0.8722,0.941,32,80.0,1.067601
20,30,14,0.01,0.5,2.5,3.5,0.35,11339.18,13.3918,4.5033,4.7856,0.8722,0.941,32,80.0,1.067601
20,30,14,0.01,0.75,2.5,3.5,0.15,11339.18,13.3918,4.5033,4.7856,0.8722,0.941,32,80.0,1.067601
20,30,14,0.01,0.75,2.5,3.5,0.25,11339.18,13.3918,4.5033,4.7856,0.8722,0.941,32,80.0,1.067601
20,30,14,0.01,0.75,2.5,3.5,0.35,11339.18,13.3918,4.5033,4.7856,0.8722,0.941,32,80.0,1.067601
20,30,14,0.01,0.95,2.5,3.5,0.15,11339.18,13.3918,4.5033,4.7856,0.8722,0.941,32,80.0,1.067601
20,30,14,0.01,0.95,2.5,3.5,0.25,11339.18,13.3918,4.5033,4.7856,0.8722,0.941,32,80.0,1.067601
20,30,14,0.01,0.95,2.5,3.5,0.35,11339.18,13.3918,4.5033,4.7856,0.8722,0.941,32,80.0,1.067601
5,120,14,0.01,0.5,1.5,2.5,0.15,12174.77,21.7477,8.2028,8.6998,1.0577,0.9429,38,38.8889,1.067409
5,120,14,0.01,0.5,1.5,2.5,0.25,12174.77,21.7477,8.2028,8.6998,1.0577,0.9429,38,38.8889,1.067409
5,120,14,0.01,0.5,1.5,2.5,0.35,12174.77,21.7477,8.2028,8.6998,1.0577,0.9429,38,38.8889,1.067409
5,120,14,0.01,0.75,1.5,2.5,0.15,12174.77,21.7477,8.2028,8.6998,1.0577,0.9429,38,38.8889,1.067409
5,120,14,0.01,0.75,1.5,2.5,0.25,12174.77,21.7477,8.2028,8.6998,1.0577,0.9429,38,38.8889,1.067409
5,120,14,0.01,0.75,1.5,2.5,0.35,12174.77,21.7477,8.2028,8.6998,1.0577,0.9429,38,38.8889,1.067409
5,120,14,0.01,0.95,1.5,2.5,0.15,12174.77,21.7477,8.2028,8.6998,1.0577,0.9429,38,38.8889,1.067409
5,120,14,0.01,0.95,1.5,2.5,0.25,12174.77,21.7477,8.2028,8.6998,1.0577,0.9429,38,38.8889,1.067409
5,120,14,0.01,0.95,1.5,2.5,0.35,12174.77,21.7477,8.2028,8.6998,1.0577,0.9429,38,38.8889,1.067409
20,30,14,0.02,0.5,3.5,3.5,0.15,11950.03,19.5003,6.4429,6.718,0.8773,0.9591,32,80.0,1.067337
20,30,14,0.02,0.5,3.5,3.5,0.25,11950.03,19.5003,6.4429,6.718,0.8773,0.9591,32,80.0,1.067337
20,30,14,0.02,0.5,3.5,3.5,0.35,11950.03,19.5003,6.4429,6.718,0.8773,0.9591,32,80.0,1.067337
20,30,14,0.02,0.75,3.5,3.5,0.15,11950.03,19.5003,6.4429,6.718,0.8773,0.9591,32,80.0,1.067337
20,30,14,0.02,0.75,3.5,3.5,0.25,11950.03,19.5003,6.4429,6.718,0.8773,0.9591,32,80.0,1.067337
20,30,14,0.02,0.75,3.5,3.5,0.35,11950.03,19.5003,6.4429,6.718,0.8773,0.9591,32,80.0,1.067337
20,30,14,0.02,0.95,3.5,3.5,0.15,11950.03,19.5003,6.4429,6.718,0.8773,0.9591,32,80.0,1.067337
20,30,14,0.02,0.95,3.5,3.5,0.25,11950.03,19.5003,6.4429,6.718,0.8773,0.9591,32,80.0,1.067337
20,30,14,0.02,0.95,3.5,3.5,0.35,11950.03,19.5003,6.4429,6.718,0.8773,0.9591,32,80.0,1.067337
20,120,14,0.03,0.5,3.5,3.5,0.15,12695.69,26.9569,10.0344,10.1798,0.9153,0.9857,18,75.0,1.066975
20,120,14,0.03,0.5,3.5,3.5,0.25,12695.69,26.9569,10.0344,10.1798,0.9153,0.9857,18,75.0,1.066975
20,120,14,0.03,0.5,3.5,3.5,0.35,12695.69,26.9569,10.0344,10.1798,0.9153,0.9857,18,75.0,1.066975
20,120,14,0.03,0.75,3.5,3.5,0.15,12695.69,26.9569,10.0344,10.1798,0.9153,0.9857,18,75.0,1.066975
20,120,14,0.03,0.75,3.5,3.5,0.25,12695.69,26.9569,10.0344,10.1798,0.9153,0.9857,18,75.0,1.066975
20,120,14,0.03,0.75,3.5,3.5,0.35,12695.69,26.9569,10.0344,10.1798,0.9153,0.9857,18,75.0,1.066975
20,120,14,0.03,0.95,3.5,3.5,0.15,12695.69,26.9569,10.0344,10.1798,0.9153,0.9857,18,75.0,1.066975
20,120,14,0.03,0.95,3.5,3.5,0.25,12695.69,26.9569,10.0344,10.1798,0.9153,0.9857,18,75.0,1.066975
20,120,14,0.03,0.95,3.5,3.5,0.35,12695.69,26.9569,10.0344,10.1798,0.9153,0.9857,18,75.0,1.066975
5,120,14,0.02,0.5,1.5,2.5,0.25,14611.1,46.111,16.4067,16.2167,1.085,1.0117,38,38.8889,1.066548
5,120,14,0.02,0.5,1.5,2.5,0.35,14611.1,46.111,16.4067,16.2167,1.085,1.0117,38,38.8889,1.066548
5,120,14,0.02,0.75,1.5,2.5,0.25,14611.1,46.111,16.4067,16.2167,1.085,1.0117,38,38.8889,1.066548
5,120,14,0.02,0.75,1.5,2.5,0.35,14611.1,46.111,16.4067,16.2167,1.085,1.0117,38,38.8889,1.066548
5,120,14,0.02,0.95,1.5,2.5,0.25,14611.1,46.111,16.4067,16.2167,1.085,1.0117,38,38.8889,1.066548
5,120,14,0.02,0.95,1.5,2.5,0.35,14611.1,46.111,16.4067,16.2167,1.085,1.0117,38,38.8889,1.066548
5,120,10,0.03,0.5,1.5,4.5,0.35,19562.22,95.6222,30.8436,27.208,1.0196,1.1336,14,66.6667,1.065466
5,120,10,0.03,0.75,1.5,4.5,0.35,19562.22,95.6222,30.8436,27.208,1.0196,1.1336,14,66.6667,1.065466
5,120,10,0.03,0.95,1.5,4.5,0.35,19562.22,95.6222,30.8436,27.208,1.0196,1.1336,14,66.6667,1.065466
20,30,14,0.03,0.5,2.5,3.5,0.15,14495.67,44.9567,13.8969,13.6968,0.9293,1.0146,32,80.0,1.063501
20,30,14,0.03,0.5,2.5,3.5,0.25,14495.67,44.9567,13.8969,13.6968,0.9293,1.0146,32,80.0,1.063501
20,30,14,0.03,0.5,2.5,3.5,0.35,14495.67,44.9567,13.8969,13.6968,0.9293,1.0146,32,80.0,1.063501
20,30,14,0.03,0.75,2.5,3.5,0.15,14495.67,44.9567,13.8969,13.6968,0.9293,1.0146,32,80.0,1.063501
20,30,14,0.03,0.75,2.5,3.5,0.25,14495.67,44.9567,13.8969,13.6968,0.9293,1.0146,32,80.0,1.063501
20,30,14,0.03,0.75,2.5,3.5,0.35,14495.67,44.9567,13.8969,13.6968,0.9293,1.0146,32,80.0,1.063501
20,30,14,0.03,0.95,2.5,3.5,0.15,14495.67,44.9567,13.8969,13.6968,0.9293,1.0146,32,80.0,1.063501
20,30,14,0.03,0.95,2.5,3.5,0.25,14495.67,44.9567,13.8969,13.6968,0.9293,1.0146,32,80.0,1.063501
20,30,14,0.03,0.95,2.5,3.5,0.35,14495.67,44.9567,13.8969,13.6968,0.9293,1.0146,32,80.0,1.063501
5,120,20,0.01,0.5,2.5,4.5,0.15,11743.13,17.4313,6.6493,6.8961,0.8391,0.9642,16,42.8571,1.063074
5,120,20,0.01,0.5,2.5,4.5,0.25,11743.13,17.4313,6.6493,6.8961,0.8391,0.9642,16,42.8571,1.063074
5,120,20,0.01,0.5,2.5,4.5,0.35,11743.13,17.4313,6.6493,6.8961,0.8391,0.9642,16,42.8571,1.063074
5,120,20,0.01,0.75,2.5,4.5,0.15,11743.13,17.4313,6.6493,6.8961,0.8391,0.9642,16,42.8571,1.063074
5,120,20,0.01,0.75,2.5,4.5,0.25,11743.13,17.4313,6.6493,6.8961,0.8391,0.9642,16,42.8571,1.063074
5,120,20,0.01,0.75,2.5,4.5,0.35,11743.13,17.4313,6.6493,6.8961,0.8391,0.9642,16,42.8571,1.063074
5,120,20,0.01,0.95,2.5,4.5,0.15,11743.13,17.4313,6.6493,6.8961,0.8391,0.9642,16,42.8571,1.063074
5,120,20,0.01,0.95,2.5,4.5,0.25,11743.13,17.4313,6.6493,6.8961,0.8391,0.9642,16,42.8571,1.063074
5,120,20,0.01,0.95,2.5,4.5,0.35,11743.13,17.4313,6.6493,6.8961,0.8391,0.9642,16,42.8571,1.063074
5,120,10,0.02,0.5,2.5,4.5,0.15,13486.74,34.8674,12.7315,12.658,0.9019,1.0058,12,80.0,1.059619
5,120,10,0.02,0.5,2.5,4.5,0.25,13486.74,34.8674,12.7315,12.658,0.9019,1.0058,12,80.0,1.059619
5,120,10,0.02,0.5,2.5,4.5,0.35,13486.74,34.8674,12.7315,12.658,0.9019,1.0058,12,80.0,1.059619
5,120,10,0.02,0.75,2.5,4.5,0.15,13486.74,34.8674,12.7315,12.658,0.9019,1.0058,12,80.0,1.059619
5,120,10,0.02,0.75,2.5,4.5,0.25,13486.74,34.8674,12.7315,12.658,0.9019,1.0058,12,80.0,1.059619
5,120,10,0.02,0.75,2.5,4.5,0.35,13486.74,34.8674,12.7315,12.658,0.9019,1.0058,12,80.0,1.059619
5,120,10,0.02,0.95,2.5,4.5,0.15,13486.74,34.8674,12.7315,12.658,0.9019,1.0058,12,80.0,1.059619
5,120,10,0.02,0.95,2.5,4.5,0.25,13486.74,34.8674,12.7315,12.658,0.9019,1.0058,12,80.0,1.059619
5,120,10,0.02,0.95,2.5,4.5,0.35,13486.74,34.8674,12.7315,12.658,0.9019,1.0058,12,80.0,1.059619
20,30,14,0.02,0.5,2.5,3.5,0.15,12826.51,28.2651,9.1165,9.3612,0.8952,0.9739,32,80.0,1.059283
20,30,14,0.02,0.5,2.5,3.5,0.25,12826.51,28.2651,9.1165,9.3612,0.8952,0.9739,32,80.0,1.059283
20,30,14,0.02,0.5,2.5,3.5,0.35,12826.51,28.2651,9.1165,9.3612,0.8952,0.9739,32,80.0,1.059283
20,30,14,0.02,0.75,2.5,3.5,0.15,12826.51,28.2651,9.1165,9.3612,0.8952,0.9739,32,80.0,1.059283
20,30,14,0.02,0.75,2.5,3.5,0.25,12826.51,28.2651,9.1165,9.3612,0.8952,0.9739,32,80.0,1.059283
20,30,14,0.02,0.75,2.5,3.5,0.35,12826.51,28.2651,9.1165,9.3612,0.8952,0.9739,32,80.0,1.059283
20,30,14,0.02,0.95,2.5,3.5,0.15,12826.51,28.2651,9.1165,9.3612,0.8952,0.9739,32,80.0,1.059283
20,30,14,0.02,0.95,2.5,3.5,0.25,12826.51,28.2651,9.1165,9.3612,0.8952,0.9739,32,80.0,1.059283
20,30,14,0.02,0.95,2.5,3.5,0.35,12826.51,28.2651,9.1165,9.3612,0.8952,0.9739,32,80.0,1.059283
20,120,10,0.01,0.5,3.5,3.5,0.15,10777.3,7.773,3.0445,3.3029,0.8437,0.9218,18,75.0,1.057473
20,120,10,0.01,0.5,3.5,3.5,0.25,10777.3,7.773,3.0445,3.3029,0.8437,0.9218,18,75.0,1.057473
20,120,10,0.01,0.5,3.5,3.5,0.35,10777.3,7.773,3.0445,3.3029,0.8437,0.9218,18,75.0,1.057473
20,120,10,0.01,0.75,3.5,3.5,0.15,10777.3,7.773,3.0445,3.3029,0.8437,0.9218,18,75.0,1.057473
20,120,10,0.01,0.75,3.5,3.5,0.25,10777.3,7.773,3.0445,3.3029,0.8437,0.9218,18,75.0,1.057473
20,120,10,0.01,0.75,3.5,3.5,0.35,10777.3,7.773,3.0445,3.3029,0.8437,0.9218,18,75.0,1.057473
20,120,10,0.01,0.95,3.5,3.5,0.15,10777.3,7.773,3.0445,3.3029,0.8437,0.9218,18,75.0,1.057473
20,120,10,0.01,0.95,3.5,3.5,0.25,10777.3,7.773,3.0445,3.3029,0.8437,0.9218,18,75.0,1.057473
20,120,10,0.01,0.95,3.5,3.5,0.35,10777.3,7.773,3.0445,3.3029,0.8437,0.9218,18,75.0,1.057473
20,120,14,0.02,0.5,3.5,3.5,0.15,11727.88,17.2788,6.5938,6.9486,0.8886,0.9489,18,75.0,1.057162
20,120,14,0.02,0.5,3.5,3.5,0.25,11727.88,17.2788,6.5938,6.9486,0.8886,0.9489,18,75.0,1.057162
20,120,14,0.02,0.5,3.5,3.5,0.35,11727.88,17.2788,6.5938,6.9486,0.8886,0.9489,18,75.0,1.057162
20,120,14,0.02,0.75,3.5,3.5,0.15,11727.88,17.2788,6.5938,6.9486,0.8886,0.9489,18,75.0,1.057162
20,120,14,0.02,0.75,3.5,3.5,0.25,11727.88,17.2788,6.5938,6.9486,0.8886,0.9489,18,75.0,1.057162
20,120,14,0.02,0.75,3.5,3.5,0.35,11727.88,17.2788,6.5938,6.9486,0.8886,0.9489,18,75.0,1.057162
20,120,14,0.02,0.95,3.5,3.5,0.15,11727.88,17.2788,6.5938,6.9486,0.8886,0.9489,18,75.0,1.057162
20,120,14,0.02,0.95,3.5,3.5,0.25,11727.88,17.2788,6.5938,6.9486,0.8886,0.9489,18,75.0,1.057162
20,120,14,0.02,0.95,3.5,3.5,0.35,11727.88,17.2788,6.5938,6.9486,0.8886,0.9489,18,75.0,1.057162
5,120,14,0.01,0.5,2.5,2.5,0.15,11226.21,12.2621,4.743,5.2454,1.0216,0.9042,34,43.75,1.056105
5,120,14,0.01,0.5,2.5,2.5,0.25,11226.21,12.2621,4.743,5.2454,1.0216,0.9042,34,43.75,1.056105
5,120,14,0.01,0.5,2.5,2.5,0.35,11226.21,12.2621,4.743,5.2454,1.0216,0.9042,34,43.75,1.056105
5,120,14,0.01,0.75,2.5,2.5,0.15,11226.21,12.2621,4.743,5.2454,1.0216,0.9042,34,43.75,1.056105
5,120,14,0.01,0.75,2.5,2.5,0.25,11226.21,12.2621,4.743,5.2454,1.0216,0.9042,34,43.75,1.056105
5,120,14,0.01,0.75,2.5,2.5,0.35,11226.21,12.2621,4.743,5.2454,1.0216,0.9042,34,43.75,1.056105
5,120,14,0.01,0.95,2.5,2.5,0.15,11226.21,12.2621,4.743,5.2454,1.0216,0.9042,34,43.75,1.056105
5,120,14,0.01,0.95,2.5,2.5,0.25,11226.21,12.2621,4.743,5.2454,1.0216,0.9042,34,43.75,1.056105
5,120,14,0.01,0.95,2.5,2.5,0.35,11226.21,12.2621,4.743,5.2454,1.0216,0.9042,34,43.75,1.056105
5,120,14,0.03,0.5,2.5,2.5,0.15,14061.32,40.6132,14.6317,14.7819,1.0631,0.9898,34,43.75,1.054639
5,120,14,0.03,0.5,2.5,2.5,0.25,14061.32,40.6132,14.6317,14.7819,1.0631,0.9898,34,43.75,1.054639
5,120,14,0.03,0.5,2.5,2.5,0.35,14061.32,40.6132,14.6317,14.7819,1.0631,0.9898,34,43.75,1.054639
5,120,14,0.03,0.75,2.5,2.5,0.15,14061.32,40.6132,14.6317,14.7819,1.0631,0.9898,34,43.75,1.054639
5,120,14,0.03,0.75,2.5,2.5,0.25,14061.32,40.6132,14.6317,14.7819,1.0631,0.9898,34,43.75,1.054639
5,120,14,0.03,0.75,2.5,2.5,0.35,14061.32,40.6132,14.6317,14.7819,1.0631,0.9898,34,43.75,1.054639
5,120,14,0.03,0.95,2.5,2.5,0.15,14061.32,40.6132,14.6317,14.7819,1.0631,0.9898,34,43.75,1.054639
5,120,14,0.03,0.95,2.5,2.5,0.25,14061.32,40.6132,14.6317,14.7819,1.0631,0.9898,34,43.75,1.054639
5,120,14,0.03,0.95,2.5,2.5,0.35,14061.32,40.6132,14.6317,14.7819,1.0631,0.9898,34,43.75,1.054639
5,120,14,0.03,0.5,1.5,2.5,0.25,17272.82,72.7282,24.479,23.0322,1.1071,1.0628,38,38.8889,1.053912
5,120,14,0.03,0.5,1.5,2.5,0.35,17272.82,72.7282,24.479,23.0322,1.1071,1.0628,38,38.8889,1.053912
5,120,14,0.03,0.75,1.5,2.5,0.25,17272.82,72.7282,24.479,23.0322,1.1071,1.0628,38,38.8889,1.053912
5,120,14,0.03,0.75,1.5,2.5,0.35,17272.82,72.7282,24.479,23.0322,1.1071,1.0628,38,38.8889,1.053912
5,120,14,0.03,0.95,1.5,2.5,0.25,17272.82,72.7282,24.479,23.0322,1.1071,1.0628,38,38.8889,1.053912
5,120,14,0.03,0.95,1.5,2.5,0.35,17272.82,72.7282,24.479,23.0322,1.1071,1.0628,38,38.8889,1.053912
5,120,10,0.03,0.5,3.5,4.5,0.15,13718.76,37.1876,13.5045,13.4489,0.9045,1.0041,12,80.0,1.050542
5,120,10,0.03,0.5,3.5,4.5,0.25,13718.76,37.1876,13.5045,13.4489,0.9045,1.0041,12,80.0,1.050542
5,120,10,0.03,0.5,3.5,4.5,0.35,13718.76,37.1876,13.5045,13.4489,0.9045,1.0041,12,80.0,1.050542
5,120,10,0.03,0.75,3.5,4.5,0.15,13718.76,37.1876,13.5045,13.4489,0.9045,1.0041,12,80.0,1.050542
5,120,10,0.03,0.75,3.5,4.5,0.25,13718.76,37.1876,13.5045,13.4489,0.9045,1.0041,12,80.0,1.050542
5,120,10,0.03,0.75,3.5,4.5,0.35,13718.76,37.1876,13.5045,13.4489,0.9045,1.0041,12,80.0,1.050542
5,120,10,0.03,0.95,3.5,4.5,0.15,13718.76,37.1876,13.5045,13.4489,0.9045,1.0041,12,80.0,1.050542
5,120,10,0.03,0.95,3.5,4.5,0.25,13718.76,37.1876,13.5045,13.4489,0.9045,1.0041,12,80.0,1.050542
5,120,10,0.03,0.95,3.5,4.5,0.35,13718.76,37.1876,13.5045,13.4489,0.9045,1.0041,12,80.0,1.050542
5,30,10,0.01,0.5,1.5,2.5,0.15,12606.61,26.0661,8.4572,9.055,1.0078,0.934,50,50.0,1.044999
5,30,10,0.01,0.5,1.5,2.5,0.25,12606.61,26.0661,8.4572,9.055,1.0078,0.934,50,50.0,1.044999
5,30,10,0.01,0.5,1.5,2.5,0.35,12606.61,26.0661,8.4572,9.055,1.0078,0.934,50,50.0,1.044999
5,30,10,0.01,0.75,1.5,2.5,0.15,12606.61,26.0661,8.4572,9.055,1.0078,0.934,50,50.0,1.044999
5,30,10,0.01,0.75,1.5,2.5,0.25,12606.61,26.0661,8.4572,9.055,1.0078,0.934,50,50.0,1.044999
5,30,10,0.01,0.75,1.5,2.5,0.35,12606.61,26.0661,8.4572,9.055,1.0078,0.934,50,50.0,1.044999
5,30,10,0.01,0.95,1.5,2.5,0.15,12606.61,26.0661,8.4572,9.055,1.0078,0.934,50,50.0,1.044999
5,30,10,0.01,0.95,1.5,2.5,0.25,12606.61,26.0661,8.4572,9.055,1.0078,0.934,50,50.0,1.044999
5,30,10,0.01,0.95,1.5,2.5,0.35,12606.61,26.0661,8.4572,9.055,1.0078,0.934,50,50.0,1.044999
5,120,14,0.03,0.5,1.5,3.5,0.25,16595.73,65.9573,22.5007,21.1072,0.9432,1.066,26,58.3333,1.043581
5,120,14,0.03,0.5,1.5,3.5,0.35,16595.73,65.9573,22.5007,21.1072,0.9432,1.066,26,58.3333,1.043581
5,120,14,0.03,0.75,1.5,3.5,0.25,16595.73,65.9573,22.5007,21.1072,0.9432,1.066,26,58.3333,1.043581
5,120,14,0.03,0.75,1.5,3.5,0.35,16595.73,65.9573,22.5007,21.1072,0.9432,1.066,26,58.3333,1.043581
5,120,14,0.03,0.95,1.5,3.5,0.25,16595.73,65.9573,22.5007,21.1072,0.9432,1.066,26,58.3333,1.043581
5,120,14,0.03,0.95,1.5,3.5,0.35,16595.73,65.9573,22.5007,21.1072,0.9432,1.066,26,58.3333,1.043581
5,120,20,0.02,0.5,3.5,3.5,0.15,11812.11,18.1211,6.8998,7.3961,0.8987,0.9329,24,54.5455,1.038685
5,120,20,0.02,0.5,3.5,3.5,0.25,11812.11,18.1211,6.8998,7.3961,0.8987,0.9329,24,54.5455,1.038685
5,120,20,0.02,0.5,3.5,3.5,0.35,11812.11,18.1211,6.8998,7.3961,0.8987,0.9329,24,54.5455,1.038685
5,120,20,0.02,0.75,3.5,3.5,0.15,11812.11,18.1211,6.8998,7.3961,0.8987,0.9329,24,54.5455,1.038685
5,120,20,0.02,0.75,3.5,3.5,0.25,11812.11,18.1211,6.8998,7.3961,0.8987,0.9329,24,54.5455,1.038685
5,120,20,0.02,0.75,3.5,3.5,0.35,11812.11,18.1211,6.8998,7.3961,0.8987,0.9329,24,54.5455,1.038685
5,120,20,0.02,0.95,3.5,3.5,0.15,11812.11,18.1211,6.8998,7.3961,0.8987,0.9329,24,54.5455,1.038685
5,120,20,0.02,0.95,3.5,3.5,0.25,11812.11,18.1211,6.8998,7.3961,0.8987,0.9329,24,54.5455,1.038685
5,120,20,0.02,0.95,3.5,3.5,0.35,11812.11,18.1211,6.8998,7.3961,0.8987,0.9329,24,54.5455,1.038685
20,120,10,0.03,0.5,3.5,3.5,0.15,12511.53,25.1153,9.3921,9.7778,0.8792,0.9606,18,75.0,1.038625
20,120,10,0.03,0.5,3.5,3.5,0.25,12511.53,25.1153,9.3921,9.7778,0.8792,0.9606,18,75.0,1.038625
20,120,10,0.03,0.5,3.5,3.5,0.35,12511.53,25.1153,9.3921,9.7778,0.8792,0.9606,18,75.0,1.038625
20,120,10,0.03,0.75,3.5,3.5,0.15,12511.53,25.1153,9.3921,9.7778,0.8792,0.9606,18,75.0,1.038625
20,120,10,0.03,0.75,3.5,3.5,0.25,12511.53,25.1153,9.3921,9.7778,0.8792,0.9606,18,75.0,1.038625
20,120,10,0.03,0.75,3.5,3.5,0.35,12511.53,25.1153,9.3921,9.7778,0.8792,0.9606,18,75.0,1.038625
20,120,10,0.03,0.95,3.5,3.5,0.15,12511.53,25.1153,9.3921,9.7778,0.8792,0.9606,18,75.0,1.038625
20,120,10,0.03,0.95,3.5,3.5,0.25,12511.53,25.1153,9.3921,9.7778,0.8792,0.9606,18,75.0,1.038625
20,120,10,0.03,0.95,3.5,3.5,0.35,12511.53,25.1153,9.3921,9.7778,0.8792,0.9606,18,75.0,1.038625
5,120,14,0.03,0.5,1.5,4.5,0.35,19488.35,94.8835,30.6455,27.6132,1.0121,1.1098,16,42.8571,1.036093
5,120,14,0.03,0.75,1.5,4.5,0.35,19488.35,94.8835,30.6455,27.6132,1.0121,1.1098,16,42.8571,1.036093
5,120,14,0.03,0.95,1.5,4.5,0.35,19488.35,94.8835,30.6455,27.6132,1.0121,1.1098,16,42.8571,1.036093
5,120,14,0.01,0.5,1.5,3.5,0.15,11999.75,19.9975,7.577,8.0242,0.8533,0.9443,26,58.3333,1.034679
5,120,14,0.01,0.5,1.5,3.5,0.25,11999.75,19.9975,7.577,8.0242,0.8533,0.9443,26,58.3333,1.034679
5,120,14,0.01,0.5,1.5,3.5,0.35,11999.75,19.9975,7.577,8.0242,0.8533,0.9443,26,58.3333,1.034679
5,120,14,0.01,0.75,1.5,3.5,0.15,11999.75,19.9975,7.577,8.0242,0.8533,0.9443,26,58.3333,1.034679
5,120,14,0.01,0.75,1.5,3.5,0.25,11999.75,19.9975,7.577,8.0242,0.8533,0.9443,26,58.3333,1.034679
5,120,14,0.01,0.75,1.5,3.5,0.35,11999.75,19.9975,7.577,8.0242,0.8533,0.9443,26,58.3333,1.034679
5,120,14,0.01,0.95,1.5,3.5,0.15,11999.75,19.9975,7.577,8.0242,0.8533,0.9443,26,58.3333,1.034679
5,120,14,0.01,0.95,1.5,3.5,0.25,11999.75,19.9975,7.577,8.0242,0.8533,0.9443,26,58.3333,1.034679
5,120,14,0.01,0.95,1.5,3.5,0.35,11999.75,19.9975,7.577,8.0242,0.8533,0.9443,26,58.3333,1.034679
5,120,14,0.02,0.5,1.5,3.5,0.15,14171.5,41.715,14.9907,14.9722,0.8966,1.0012,26,58.3333,1.030833
5,120,14,0.02,0.5,1.5,3.5,0.25,14171.5,41.715,14.9907,14.9722,0.8966,1.0012,26,58.3333,1.030833
5,120,14,0.02,0.5,1.5,3.5,0.35,14171.5,41.715,14.9907,14.9722,0.8966,1.0012,26,58.3333,1.030833
5,120,14,0.02,0.75,1.5,3.5,0.15,14171.5,41.715,14.9907,14.9722,0.8966,1.0012,26,58.3333,1.030833
5,120,14,0.02,0.75,1.5,3.5,0.25,14171.5,41.715,14.9907,14.9722,0.8966,1.0012,26,58.3333,1.030833
5,120,14,0.02,0.75,1.5,3.5,0.35,14171.5,41.715,14.9907,14.9722,0.8966,1.0012,26,58.3333,1.030833
5,120,14,0.02,0.95,1.5,3.5,0.15,14171.5,41.715,14.9907,14.9722,0.8966,1.0012,26,58.3333,1.030833
5,120,14,0.02,0.95,1.5,3.5,0.25,14171.5,41.715,14.9907,14.9722,0.8966,1.0012,26,58.3333,1.030833
5,120,14,0.02,0.95,1.5,3.5,0.35,14171.5,41.715,14.9907,14.9722,0.8966,1.0012,26,58.3333,1.030833
5,30,10,0.02,0.5,1.5,2.5,0.25,15702.49,57.0249,17.1344,17.3058,1.0455,0.9901,50,50.0,1.026137
5,30,10,0.02,0.5,1.5,2.5,0.35,15702.49,57.0249,17.1344,17.3058,1.0455,0.9901,50,50.0,1.026137
5,30,10,0.02,0.75,1.5,2.5,0.25,15702.49,57.0249,17.1344,17.3058,1.0455,0.9901,50,50.0,1.026137
5,30,10,0.02,0.75,1.5,2.5,0.35,15702.49,57.0249,17.1344,17.3058,1.0455,0.9901,50,50.0,1.026137
5,30,10,0.02,0.95,1.5,2.5,0.25,15702.49,57.0249,17.1344,17.3058,1.0455,0.9901,50,50.0,1.026137
5,30,10,0.02,0.95,1.5,2.5,0.35,15702.49,57.0249,17.1344,17.3058,1.0455,0.9901,50,50.0,1.026137
5,120,10,0.02,0.5,1.5,4.5,0.25,16016.02,60.1602,20.768,20.1451,0.9523,1.0309,14,66.6667,1.019938
5,120,10,0.02,0.5,1.5,4.5,0.35,16016.02,60.1602,20.768,20.1451,0.9523,1.0309,14,66.6667,1.019938
5,120,10,0.02,0.75,1.5,4.5,0.25,16016.02,60.1602,20.768,20.1451,0.9523,1.0309,14,66.6667,1.019938
5,120,10,0.02,0.75,1.5,4.5,0.35,16016.02,60.1602,20.768,20.1451,0.9523,1.0309,14,66.6667,1.019938
5,120,10,0.02,0.95,1.5,4.5,0.25,16016.02,60.1602,20.768,20.1451,0.9523,1.0309,14,66.6667,1.019938
5,120,10,0.02,0.95,1.5,4.5,0.35,16016.02,60.1602,20.768,20.1451,0.9523,1.0309,14,66.6667,1.019938
5,120,10,0.02,0.5,3.5,4.5,0.15,12399.72,23.9972,8.9994,9.5618,0.8581,0.9412,12,80.0,1.017195
5,120,10,0.02,0.5,3.5,4.5,0.25,12399.72,23.9972,8.9994,9.5618,0.8581,0.9412,12,80.0,1.017195
5,120,10,0.02,0.5,3.5,4.5,0.35,12399.72,23.9972,8.9994,9.5618,0.8581,0.9412,12,80.0,1.017195
5,120,10,0.02,0.75,3.5,4.5,0.15,12399.72,23.9972,8.9994,9.5618,0.8581,0.9412,12,80.0,1.017195
5,120,10,0.02,0.75,3.5,4.5,0.25,12399.72,23.9972,8.9994,9.5618,0.8581,0.9412,12,80.0,1.017195
5,120,10,0.02,0.75,3.5,4.5,0.35,12399.72,23.9972,8.9994,9.5618,0.8581,0.9412,12,80.0,1.017195
5,120,10,0.02,0.95,3.5,4.5,0.15,12399.72,23.9972,8.9994,9.5618,0.8581,0.9412,12,80.0,1.017195
5,120,10,0.02,0.95,3.5,4.5,0.25,12399.72,23.9972,8.9994,9.5618,0.8581,0.9412,12,80.0,1.017195
5,120,10,0.02,0.95,3.5,4.5,0.35,12399.72,23.9972,8.9994,9.5618,0.8581,0.9412,12,80.0,1.017195
10,30,20,0.01,0.5,3.5,2.5,0.15,10826.79,8.2679,2.8233,3.2571,0.9068,0.8668,44,47.619,1.015607
10,30,20,0.01,0.5,3.5,2.5,0.25,10826.79,8.2679,2.8233,3.2571,0.9068,0.8668,44,47.619,1.015607
10,30,20,0.01,0.5,3.5,2.5,0.35,10826.79,8.2679,2.8233,3.2571,0.9068,0.8668,44,47.619,1.015607
10,30,20,0.01,0.75,3.5,2.5,0.15,10826.79,8.2679,2.8233,3.2571,0.9068,0.8668,44,47.619,1.015607
10,30,20,0.01,0.75,3.5,2.5,0.25,10826.79,8.2679,2.8233,3.2571,0.9068,0.8668,44,47.619,1.015607
10,30,20,0.01,0.75,3.5,2.5,0.35,10826.79,8.2679,2.8233,3.2571,0.9068,0.8668,44,47.619,1.015607
10,30,20,0.01,0.95,3.5,2.5,0.15,10826.79,8.2679,2.8233,3.2571,0.9068,0.8668,44,47.619,1.015607
10,30,20,0.01,0.95,3.5,2.5,0.25,10826.79,8.2679,2.8233,3.2571,0.9068,0.8668,44,47.619,1.015607
10,30,20,0.01,0.95,3.5,2.5,0.35,10826.79,8.2679,2.8233,3.2571,0.9068,0.8668,44,47.619,1.015607
5,120,10,0.01,0.5,3.5,4.5,0.15,11149.57,11.4957,4.456,4.9483,0.8113,0.9005,12,80.0,1.013286
5,120,10,0.01,0.5,3.5,4.5,0.25,11149.57,11.4957,4.456,4.9483,0.8113,0.9005,12,80.0,1.013286
5,120,10,0.01,0.5,3.5,4.5,0.35,11149.57,11.4957,4.456,4.9483,0.8113,0.9005,12,80.0,1.013286
5,120,10,0.01,0.75,3.5,4.5,0.15,11149.57,11.4957,4.456,4.9483,0.8113,0.9005,12,80.0,1.013286
5,120,10,0.01,0.75,3.5,4.5,0.25,11149.57,11.4957,4.456,4.9483,0.8113,0.9005,12,80.0,1.013286
5,120,10,0.01,0.75,3.5,4.5,0.35,11149.57,11.4957,4.456,4.9483,0.8113,0.9005,12,80.0,1.013286
5,120,10,0.01,0.95,3.5,4.5,0.15,11149.57,11.4957,4.456,4.9483,0.8113,0.9005,12,80.0,1.013286
5,120,10,0.01,0.95,3.5,4.5,0.25,11149.57,11.4957,4.456,4.9483,0.8113,0.9005,12,80.0,1.013286
5,120,10,0.01,0.95,3.5,4.5,0.35,11149.57,11.4957,4.456,4.9483,0.8113,0.9005,12,80.0,1.013286
5,120,14,0.03,0.5,2.5,4.5,0.25,15366.13,53.6613,18.7803,18.5709,0.9337,1.0113,14,50.0,1.012311
5,120,14,0.03,0.5,2.5,4.5,0.35,15366.13,53.6613,18.7803,18.5709,0.9337,1.0113,14,50.0,1.012311
5,120,14,0.03,0.75,2.5,4.5,0.25,15366.13,53.6613,18.7803,18.5709,0.9337,1.0113,14,50.0,1.012311
5,120,14,0.03,0.75,2.5,4.5,0.35,15366.13,53.6613,18.7803,18.5709,0.9337,1.0113,14,50.0,1.012311
5,120,14,0.03,0.95,2.5,4.5,0.25,15366.13,53.6613,18.7803,18.5709,0.9337,1.0113,14,50.0,1.012311
5,120,14,0.03,0.95,2.5,4.5,0.35,15366.13,53.6613,18.7803,18.5709,0.9337,1.0113,14,50.0,1.012311
20,120,10,0.02,0.5,3.5,3.5,0.15,11623.69,16.2369,6.2134,6.8442,0.8554,0.9078,18,75.0,1.010471
20,120,10,0.02,0.5,3.5,3.5,0.25,11623.69,16.2369,6.2134,6.8442,0.8554,0.9078,18,75.0,1.010471
20,120,10,0.02,0.5,3.5,3.5,0.35,11623.69,16.2369,6.2134,6.8442,0.8554,0.9078,18,75.0,1.010471
20,120,10,0.02,0.75,3.5,3.5,0.15,11623.69,16.2369,6.2134,6.8442,0.8554,0.9078,18,75.0,1.010471
20,120,10,0.02,0.75,3.5,3.5,0.25,11623.69,16.2369,6.2134,6.8442,0.8554,0.9078,18,75.0,1.010471
20,120,10,0.02,0.75,3.5,3.5,0.35,11623.69,16.2369,6.2134,6.8442,0.8554,0.9078,18,75.0,1.010471
20,120,10,0.02,0.95,3.5,3.5,0.15,11623.69,16.2369,6.2134,6.8442,0.8554,0.9078,18,75.0,1.010471
20,120,10,0.02,0.95,3.5,3.5,0.25,11623.69,16.2369,6.2134,6.8442,0.8554,0.9078,18,75.0,1.010471
20,120,10,0.02,0.95,3.5,3.5,0.35,11623.69,16.2369,6.2134,6.8442,0.8554,0.9078,18,75.0,1.010471
5,120,14,0.02,0.5,1.5,4.5,0.25,15990.64,59.9064,20.6913,20.2421,0.9469,1.0222,16,42.8571,1.009141
5,120,14,0.02,0.5,1.5,4.5,0.35,15990.64,59.9064,20.6913,20.2421,0.9469,1.0222,16,42.8571,1.009141
5,120,14,0.02,0.75,1.5,4.5,0.25,15990.64,59.9064,20.6913,20.2421,0.9469,1.0222,16,42.8571,1.009141
5,120,14,0.02,0.75,1.5,4.5,0.35,15990.64,59.9064,20.6913,20.2421,0.9469,1.0222,16,42.8571,1.009141
5,120,14,0.02,0.95,1.5,4.5,0.25,15990.64,59.9064,20.6913,20.2421,0.9469,1.0222,16,42.8571,1.009141
5,120,14,0.02,0.95,1.5,4.5,0.35,15990.64,59.9064,20.6913,20.2421,0.9469,1.0222,16,42.8571,1.009141
5,30,10,0.03,0.5,1.5,2.5,0.25,19252.06,92.5206,25.8072,24.8173,1.0827,1.0399,50,50.0,1.008245
5,30,10,0.03,0.5,1.5,2.5,0.35,19252.06,92.5206,25.8072,24.8173,1.0827,1.0399,50,50.0,1.008245
5,30,10,0.03,0.75,1.5,2.5,0.25,19252.06,92.5206,25.8072,24.8173,1.0827,1.0399,50,50.0,1.008245
5,30,10,0.03,0.75,1.5,2.5,0.35,19252.06,92.5206,25.8072,24.8173,1.0827,1.0399,50,50.0,1.008245
5,30,10,0.03,0.95,1.5,2.5,0.25,19252.06,92.5206,25.8072,24.8173,1.0827,1.0399,50,50.0,1.008245
5,30,10,0.03,0.95,1.5,2.5,0.35,19252.06,92.5206,25.8072,24.8173,1.0827,1.0399,50,50.0,1.008245
5,30,20,0.01,0.5,3.5,2.5,0.15,10979.32,9.7932,3.3287,3.9518,1.0223,0.8423,52,40.0,1.007287
5,30,20,0.01,0.5,3.5,2.5,0.25,10979.32,9.7932,3.3287,3.9518,1.0223,0.8423,52,40.0,1.007287
5,30,20,0.01,0.5,3.5,2.5,0.35,10979.32,9.7932,3.3287,3.9518,1.0223,0.8423,52,40.0,1.007287
5,30,20,0.01,0.75,3.5,2.5,0.15,10979.32,9.7932,3.3287,3.9518,1.0223,0.8423,52,40.0,1.007287
5,30,20,0.01,0.75,3.5,2.5,0.25,10979.32,9.7932,3.3287,3.9518,1.0223,0.8423,52,40.0,1.007287
5,30,20,0.01,0.75,3.5,2.5,0.35,10979.32,9.7932,3.3287,3.9518,1.0223,0.8423,52,40.0,1.007287
5,30,20,0.01,0.95,3.5,2.5,0.15,10979.32,9.7932,3.3287,3.9518,1.0223,0.8423,52,40.0,1.007287
5,30,20,0.01,0.95,3.5,2.5,0.25,10979.32,9.7932,3.3287,3.9518,1.0223,0.8423,52,40.0,1.007287
5,30,20,0.01,0.95,3.5,2.5,0.35,10979.32,9.7932,3.3287,3.9518,1.0223,0.8423,52,40.0,1.007287
5,120,20,0.03,0.5,3.5,3.5,0.15,12700.58,27.0058,10.0514,10.7567,0.8956,0.9344,24,54.5455,1.00598
5,120,20,0.03,0.5,3.5,3.5,0.25,12700.58,27.0058,10.0514,10.7567,0.8956,0.9344,24,54.5455,1.00598
5,120,20,0.03,0.5,3.5,3.5,0.35,12700.58,27.0058,10.0514,10.7567,0.8956,0.9344,24,54.5455,1.00598
5,120,20,0.03,0.75,3.5,3.5,0.15,12700.58,27.0058,10.0514,10.7567,0.8956,0.9344,24,54.5455,1.00598
5,120,20,0.03,0.75,3.5,3.5,0.25,12700.58,27.0058,10.0514,10.7567,0.8956,0.9344,24,54.5455,1.00598
5,120,20,0.03,0.75,3.5,3.5,0.35,12700.58,27.0058,10.0514,10.7567,0.8956,0.9344,24,54.5455,1.00598
5,120,20,0.03,0.95,3.5,3.5,0.15,12700.58,27.0058,10.0514,10.7567,0.8956,0.9344,24,54.5455,1.00598
5,120,20,0.03,0.95,3.5,3.5,0.25,12700.58,27.0058,10.0514,10.7567,0.8956,0.9344,24,54.5455,1.00598
5,120,20,0.03,0.95,3.5,3.5,0.35,12700.58,27.0058,10.0514,10.7567,0.8956,0.9344,24,54.5455,1.00598
5,120,14,0.02,0.5,2.5,4.5,0.15,13426.28,34.2628,12.5288,13.0768,0.8847,0.9581,14,50.0,1.004273
5,120,14,0.02,0.5,2.5,4.5,0.25,13426.28,34.2628,12.5288,13.0768,0.8847,0.9581,14,50.0,1.004273
5,120,14,0.02,0.5,2.5,4.5,0.35,13426.28,34.2628,12.5288,13.0768,0.8847,0.9581,14,50.0,1.004273
5,120,14,0.02,0.75,2.5,4.5,0.15,13426.28,34.2628,12.5288,13.0768,0.8847,0.9581,14,50.0,1.004273
5,120,14,0.02,0.75,2.5,4.5,0.25,13426.28,34.2628,12.5288,13.0768,0.8847,0.9581,14,50.0,1.004273
5,120,14,0.02,0.75,2.5,4.5,0.35,13426.28,34.2628,12.5288,13.0768,0.8847,0.9581,14,50.0,1.004273
5,120,14,0.02,0.95,2.5,4.5,0.15,13426.28,34.2628,12.5288,13.0768,0.8847,0.9581,14,50.0,1.004273
5,120,14,0.02,0.95,2.5,4.5,0.25,13426.28,34.2628,12.5288,13.0768,0.8847,0.9581,14,50.0,1.004273
5,120,14,0.02,0.95,2.5,4.5,0.35,13426.28,34.2628,12.5288,13.0768,0.8847,0.9581,14,50.0,1.004273
5,120,10,0.02,0.5,1.5,3.5,0.25,14071.9,40.719,14.6662,15.0478,0.8939,0.9746,26,58.3333,1.002934
5,120,10,0.02,0.5,1.5,3.5,0.35,14071.9,40.719,14.6662,15.0478,0.8939,0.9746,26,58.3333,1.002934
5,120,10,0.02,0.75,1.5,3.5,0.25,14071.9,40.719,14.6662,15.0478,0.8939,0.9746,26,58.3333,1.002934
5,120,10,0.02,0.75,1.5,3.5,0.35,14071.9,40.719,14.6662,15.0478,0.8939,0.9746,26,58.3333,1.002934
5,120,10,0.02,0.95,1.5,3.5,0.25,14071.9,40.719,14.6662,15.0478,0.8939,0.9746,26,58.3333,1.002934
5,120,10,0.02,0.95,1.5,3.5,0.35,14071.9,40.719,14.6662,15.0478,0.8939,0.9746,26,58.3333,1.002934
5,120,10,0.01,0.5,2.5,4.5,0.15,11598.16,15.9816,6.1198,6.7921,0.8222,0.901,12,80.0,0.99755
5,120,10,0.01,0.5,2.5,4.5,0.25,11598.16,15.9816,6.1198,6.7921,0.8222,0.901,12,80.0,0.99755
5,120,10,0.01,0.5,2.5,4.5,0.35,11598.16,15.9816,6.1198,6.7921,0.8222,0.901,12,80.0,0.99755
5,120,10,0.01,0.75,2.5,4.5,0.15,11598.16,15.9816,6.1198,6.7921,0.8222,0.901,12,80.0,0.99755
5,120,10,0.01,0.75,2.5,4.5,0.25,11598.16,15.9816,6.1198,6.7921,0.8222,0.901,12,80.0,0.99755
5,120,10,0.01,0.75,2.5,4.5,0.35,11598.16,15.9816,6.1198,6.7921,0.8222,0.901,12,80.0,0.99755
5,120,10,0.01,0.95,2.5,4.5,0.15,11598.16,15.9816,6.1198,6.7921,0.8222,0.901,12,80.0,0.99755
5,120,10,0.01,0.95,2.5,4.5,0.25,11598.16,15.9816,6.1198,6.7921,0.8222,0.901,12,80.0,0.99755
5,120,10,0.01,0.95,2.5,4.5,0.35,11598.16,15.9816,6.1198,6.7921,0.8222,0.901,12,80.0,0.99755
5,120,10,0.03,0.5,1.5,3.5,0.25,16356.14,63.5614,21.789,21.3233,0.9327,1.0218,26,58.3333,0.995149
5,120,10,0.03,0.5,1.5,3.5,0.35,16356.14,63.5614,21.789,21.3233,0.9327,1.0218,26,58.3333,0.995149
5,120,10,0.03,0.75,1.5,3.5,0.25,16356.14,63.5614,21.789,21.3233,0.9327,1.0218,26,58.3333,0.995149
5,120,10,0.03,0.75,1.5,3.5,0.35,16356.14,63.5614,21.789,21.3233,0.9327,1.0218,26,58.3333,0.995149
5,120,10,0.03,0.95,1.5,3.5,0.25,16356.14,63.5614,21.789,21.3233,0.9327,1.0218,26,58.3333,0.995149
5,120,10,0.03,0.95,1.5,3.5,0.35,16356.14,63.5614,21.789,21.3233,0.9327,1.0218,26,58.3333,0.995149
5,30,20,0.02,0.5,2.5,2.5,0.15,13043.27,30.4327,9.7593,10.9604,1.0628,0.8904,52,40.0,0.993374
5,30,20,0.02,0.5,2.5,2.5,0.25,13043.27,30.4327,9.7593,10.9604,1.0628,0.8904,52,40.0,0.993374
5,30,20,0.02,0.5,2.5,2.5,0.35,13043.27,30.4327,9.7593,10.9604,1.0628,0.8904,52,40.0,0.993374
5,30,20,0.02,0.75,2.5,2.5,0.15,13043.27,30.4327,9.7593,10.9604,1.0628,0.8904,52,40.0,0.993374
5,30,20,0.02,0.75,2.5,2.5,0.25,13043.27,30.4327,9.7593,10.9604,1.0628,0.8904,52,40.0,0.993374
5,30,20,0.02,0.75,2.5,2.5,0.35,13043.27,30.4327,9.7593,10.9604,1.0628,0.8904,52,40.0,0.993374
5,30,20,0.02,0.95,2.5,2.5,0.15,13043.27,30.4327,9.7593,10.9604,1.0628,0.8904,52,40.0,0.993374
5,30,20,0.02,0.95,2.5,2.5,0.25,13043.27,30.4327,9.7593,10.9604,1.0628,0.8904,52,40.0,0.993374
5,30,20,0.02,0.95,2.5,2.5,0.35,13043.27,30.4327,9.7593,10.9604,1.0628,0.8904,52,40.0,0.993374
5,120,10,0.01,0.5,1.5,3.5,0.15,11885.58,18.8558,7.1657,7.9109,0.8332,0.9058,26,58.3333,0.993324
5,120,10,0.01,0.5,1.5,3.5,0.25,11885.58,18.8558,7.1657,7.9109,0.8332,0.9058,26,58.3333,0.993324
5,120,10,0.01,0.5,1.5,3.5,0.35,11885.58,18.8558,7.1657,7.9109,0.8332,0.9058,26,58.3333,0.993324
5,120,10,0.01,0.75,1.5,3.5,0.15,11885.58,18.8558,7.1657,7.9109,0.8332,0.9058,26,58.3333,0.993324
5,120,10,0.01,0.75,1.5,3.5,0.25,11885.58,18.8558,7.1657,7.9109,0.8332,0.9058,26,58.3333,0.993324
5,120,10,0.01,0.75,1.5,3.5,0.35,11885.58,18.8558,7.1657,7.9109,0.8332,0.9058,26,58.3333,0.993324
5,120,10,0.01,0.95,1.5,3.5,0.15,11885.58,18.8558,7.1657,7.9109,0.8332,0.9058,26,58.3333,0.993324
5,120,10,0.01,0.95,1.5,3.5,0.25,11885.58,18.8558,7.1657,7.9109,0.8332,0.9058,26,58.3333,0.993324
5,120,10,0.01,0.95,1.5,3.5,0.35,11885.58,18.8558,7.1657,7.9109,0.8332,0.9058,26,58.3333,0.993324
10,30,20,0.02,0.5,3.5,2.5,0.15,11724.11,17.2411,5.7333,6.5777,0.9155,0.8716,44,47.619,0.988951
10,30,20,0.02,0.5,3.5,2.5,0.25,11724.11,17.2411,5.7333,6.5777,0.9155,0.8716,44,47.619,0.988951
10,30,20,0.02,0.5,3.5,2.5,0.35,11724.11,17.2411,5.7333,6.5777,0.9155,0.8716,44,47.619,0.988951
10,30,20,0.02,0.75,3.5,2.5,0.15,11724.11,17.2411,5.7333,6.5777,0.9155,0.8716,44,47.619,0.988951
10,30,20,0.02,0.75,3.5,2.5,0.25,11724.11,17.2411,5.7333,6.5777,0.9155,0.8716,44,47.619,0.988951
10,30,20,0.02,0.75,3.5,2.5,0.35,11724.11,17.2411,5.7333,6.5777,0.9155,0.8716,44,47.619,0.988951
10,30,20,0.02,0.95,3.5,2.5,0.15,11724.11,17.2411,5.7333,6.5777,0.9155,0.8716,44,47.619,0.988951
10,30,20,0.02,0.95,3.5,2.5,0.25,11724.11,17.2411,5.7333,6.5777,0.9155,0.8716,44,47.619,0.988951
10,30,20,0.02,0.95,3.5,2.5,0.35,11724.11,17.2411,5.7333,6.5777,0.9155,0.8716,44,47.619,0.988951
5,30,20,0.02,0.5,3.5,2.5,0.15,12065.9,20.659,6.8035,7.9222,1.0381,0.8588,52,40.0,0.987198
5,30,20,0.02,0.5,3.5,2.5,0.25,12065.9,20.659,6.8035,7.9222,1.0381,0.8588,52,40.0,0.987198
5,30,20,0.02,0.5,3.5,2.5,0.35,12065.9,20.659,6.8035,7.9222,1.0381,0.8588,52,40.0,0.987198
5,30,20,0.02,0.75,3.5,2.5,0.15,12065.9,20.659,6.8035,7.9222,1.0381,0.8588,52,40.0,0.987198
5,30,20,0.02,0.75,3.5,2.5,0.25,12065.9,20.659,6.8035,7.9222,1.0381,0.8588,52,40.0,0.987198
5,30,20,0.02,0.75,3.5,2.5,0.35,12065.9,20.659,6.8035,7.9222,1.0381,0.8588,52,40.0,0.987198
5,30,20,0.02,0.95,3.5,2.5,0.15,12065.9,20.659,6.8035,7.9222,1.0381,0.8588,52,40.0,0.987198
5,30,20,0.02,0.95,3.5,2.5,0.25,12065.9,20.659,6.8035,7.9222,1.0381,0.8588,52,40.0,0.987198
5,30,20,0.02,0.95,3.5,2.5,0.35,12065.9,20.659,6.8035,7.9222,1.0381,0.8588,52,40.0,0.987198
5,30,20,0.01,0.5,2.5,2.5,0.15,11392.87,13.9287,4.6765,5.6121,1.0165,0.8333,52,40.0,0.980468
5,30,20,0.01,0.5,2.5,2.5,0.25,11392.87,13.9287,4.6765,5.6121,1.0165,0.8333,52,40.0,0.980468
5,30,20,0.01,0.5,2.5,2.5,0.35,11392.87,13.9287,4.6765,5.6121,1.0165,0.8333,52,40.0,0.980468
5,30,20,0.01,0.75,2.5,2.5,0.15,11392.87,13.9287,4.6765,5.6121,1.0165,0.8333,52,40.0,0.980468
5,30,20,0.01,0.75,2.5,2.5,0.25,11392.87,13.9287,4.6765,5.6121,1.0165,0.8333,52,40.0,0.980468
5,30,20,0.01,0.75,2.5,2.5,0.35,11392.87,13.9287,4.6765,5.6121,1.0165,0.8333,52,40.0,0.980468
5,30,20,0.01,0.95,2.5,2.5,0.15,11392.87,13.9287,4.6765,5.6121,1.0165,0.8333,52,40.0,0.980468
5,30,20,0.01,0.95,2.5,2.5,0.25,11392.87,13.9287,4.6765,5.6121,1.0165,0.8333,52,40.0,0.980468
5,30,20,0.01,0.95,2.5,2.5,0.35,11392.87,13.9287,4.6765,5.6121,1.0165,0.8333,52,40.0,0.980468
5,30,20,0.03,0.5,3.5,2.5,0.15,13250.92,32.5092,10.3686,11.7392,1.0579,0.8832,52,40.0,0.97744
5,30,20,0.03,0.5,3.5,2.5,0.25,13250.92,32.5092,10.3686,11.7392,1.0579,0.8832,52,40.0,0.97744
5,30,20,0.03,0.5,3.5,2.5,0.35,13250.92,32.5092,10.3686,11.7392,1.0579,0.8832,52,40.0,0.97744
5,30,20,0.03,0.75,3.5,2.5,0.15,13250.92,32.5092,10.3686,11.7392,1.0579,0.8832,52,40.0,0.97744
5,30,20,0.03,0.75,3.5,2.5,0.25,13250.92,32.5092,10.3686,11.7392,1.0579,0.8832,52,40.0,0.97744
5,30,20,0.03,0.75,3.5,2.5,0.35,13250.92,32.5092,10.3686,11.7392,1.0579,0.8832,52,40.0,0.97744
5,30,20,0.03,0.95,3.5,2.5,0.15,13250.92,32.5092,10.3686,11.7392,1.0579,0.8832,52,40.0,0.97744
5,30,20,0.03,0.95,3.5,2.5,0.25,13250.92,32.5092,10.3686,11.7392,1.0579,0.8832,52,40.0,0.97744
5,30,20,0.03,0.95,3.5,2.5,0.35,13250.92,32.5092,10.3686,11.7392,1.0579,0.8832,52,40.0,0.97744
20,30,10,0.03,0.5,2.5,3.5,0.15,14438.12,44.3812,13.7382,14.6358,0.9188,0.9387,32,80.0,0.97607
20,30,10,0.03,0.5,2.5,3.5,0.25,14438.12,44.3812,13.7382,14.6358,0.9188,0.9387,32,80.0,0.97607
20,30,10,0.03,0.5,2.5,3.5,0.35,14438.12,44.3812,13.7382,14.6358,0.9188,0.9387,32,80.0,0.97607
20,30,10,0.03,0.75,2.5,3.5,0.15,14438.12,44.3812,13.7382,14.6358,0.9188,0.9387,32,80.0,0.97607
20,30,10,0.03,0.75,2.5,3.5,0.25,14438.12,44.3812,13.7382,14.6358,0.9188,0.9387,32,80.0,0.97607
20,30,10,0.03,0.75,2.5,3.5,0.35,14438.12,44.3812,13.7382,14.6358,0.9188,0.9387,32,80.0,0.97607
20,30,10,0.03,0.95,2.5,3.5,0.15,14438.12,44.3812,13.7382,14.6358,0.9188,0.9387,32,80.0,0.97607
20,30,10,0.03,0.95,2.5,3.5,0.25,14438.12,44.3812,13.7382,14.6358,0.9188,0.9387,32,80.0,0.97607
20,30,10,0.03,0.95,2.5,3.5,0.35,14438.12,44.3812,13.7382,14.6358,0.9188,0.9387,32,80.0,0.97607
5,30,14,0.01,0.5,1.5,2.5,0.15,12363.57,23.6357,7.7197,8.9448,1.0038,0.863,54,42.3077,0.974353
5,30,14,0.01,0.5,1.5,2.5,0.25,12363.57,23.6357,7.7197,8.9448,1.0038,0.863,54,42.3077,0.974353
5,30,14,0.01,0.5,1.5,2.5,0.35,12363.57,23.6357,7.7197,8.9448,1.0038,0.863,54,42.3077,0.974353
5,30,14,0.01,0.75,1.5,2.5,0.15,12363.57,23.6357,7.7197,8.9448,1.0038,0.863,54,42.3077,0.974353
5,30,14,0.01,0.75,1.5,2.5,0.25,12363.57,23.6357,7.7197,8.9448,1.0038,0.863,54,42.3077,0.974353
5,30,14,0.01,0.75,1.5,2.5,0.35,12363.57,23.6357,7.7197,8.9448,1.0038,0.863,54,42.3077,0.974353
5,30,14,0.01,0.95,1.5,2.5,0.15,12363.57,23.6357,7.7197,8.9448,1.0038,0.863,54,42.3077,0.974353
5,30,14,0.01,0.95,1.5,2.5,0.25,12363.57,23.6357,7.7197,8.9448,1.0038,0.863,54,42.3077,0.974353
5,30,14,0.01,0.95,1.5,2.5,0.35,12363.57,23.6357,7.7197,8.9448,1.0038,0.863,54,42.3077,0.974353
5,120,14,0.01,0.5,1.5,4.5,0.15,12753.09,27.5309,10.2334,11.1906,0.85,0.9145,16,42.8571,0.972559
5,120,14,0.01,0.5,1.5,4.5,0.25,12753.09,27.5309,10.2334,11.1906,0.85,0.9145,16,42.8571,0.972559
5,120,14,0.01,0.5,1.5,4.5,0.35,12753.09,27.5309,10.2334,11.1906,0.85,0.9145,16,42.8571,0.972559
5,120,14,0.01,0.75,1.5,4.5,0.15,12753.09,27.5309,10.2334,11.1906,0.85,0.9145,16,42.8571,0.972559
5,120,14,0.01,0.75,1.5,4.5,0.25,12753.09,27.5309,10.2334,11.1906,0.85,0.9145,16,42.8571,0.972559
5,120,14,0.01,0.75,1.5,4.5,0.35,12753.09,27.5309,10.2334,11.1906,0.85,0.9145,16,42.8571,0.972559
5,120,14,0.01,0.95,1.5,4.5,0.15,12753.09,27.5309,10.2334,11.1906,0.85,0.9145,16,42.8571,0.972559
5,120,14,0.01,0.95,1.5,4.5,0.25,12753.09,27.5309,10.2334,11.1906,0.85,0.9145,16,42.8571,0.972559
5,120,14,0.01,0.95,1.5,4.5,0.35,12753.09,27.5309,10.2334,11.1906,0.85,0.9145,16,42.8571,0.972559
20,30,10,0.02,0.5,1.5,3.5,0.25,14967.93,49.6793,15.1839,16.0383,0.9243,0.9467,32,80.0,0.97121
20,30,10,0.02,0.5,1.5,3.5,0.35,14967.93,49.6793,15.1839,16.0383,0.9243,0.9467,32,80.0,0.97121
20,30,10,0.02,0.75,1.5,3.5,0.25,14967.93,49.6793,15.1839,16.0383,0.9243,0.9467,32,80.0,0.97121
20,30,10,0.02,0.75,1.5,3.5,0.35,14967.93,49.6793,15.1839,16.0383,0.9243,0.9467,32,80.0,0.97121
20,30,10,0.02,0.95,1.5,3.5,0.25,14967.93,49.6793,15.1839,16.0383,0.9243,0.9467,32,80.0,0.97121
20,30,10,0.02,0.95,1.5,3.5,0.35,14967.93,49.6793,15.1839,16.0383,0.9243,0.9467,32,80.0,0.97121
5,120,14,0.01,0.5,2.5,3.5,0.15,11128.71,11.2871,4.3776,5.0815,0.8019,0.8615,24,54.5455,0.971048
5,120,14,0.01,0.5,2.5,3.5,0.25,11128.71,11.2871,4.3776,5.0815,0.8019,0.8615,24,54.5455,0.971048
5,120,14,0.01,0.5,2.5,3.5,0.35,11128.71,11.2871,4.3776,5.0815,0.8019,0.8615,24,54.5455,0.971048
5,120,14,0.01,0.75,2.5,3.5,0.15,11128.71,11.2871,4.3776,5.0815,0.8019,0.8615,24,54.5455,0.971048
5,120,14,0.01,0.75,2.5,3.5,0.25,11128.71,11.2871,4.3776,5.0815,0.8019,0.8615,24,54.5455,0.971048
5,120,14,0.01,0.75,2.5,3.5,0.35,11128.71,11.2871,4.3776,5.0815,0.8019,0.8615,24,54.5455,0.971048
5,120,14,0.01,0.95,2.5,3.5,0.15,11128.71,11.2871,4.3776,5.0815,0.8019,0.8615,24,54.5455,0.971048
5,120,14,0.01,0.95,2.5,3.5,0.25,11128.71,11.2871,4.3776,5.0815,0.8019,0.8615,24,54.5455,0.971048
5,120,14,0.01,0.95,2.5,3.5,0.35,11128.71,11.2871,4.3776,5.0815,0.8019,0.8615,24,54.5455,0.971048
20,120,14,0.01,0.5,3.5,3.5,0.15,10772.36,7.7236,3.0255,3.5919,0.8139,0.8423,18,75.0,0.969192
20,120,14,0.01,0.5,3.5,3.5,0.25,10772.36,7.7236,3.0255,3.5919,0.8139,0.8423,18,75.0,0.969192
20,120,14,0.01,0.5,3.5,3.5,0.35,10772.36,7.7236,3.0255,3.5919,0.8139,0.8423,18,75.0,0.969192
20,120,14,0.01,0.75,3.5,3.5,0.15,10772.36,7.7236,3.0255,3.5919,0.8139,0.8423,18,75.0,0.969192
20,120,14,0.01,0.75,3.5,3.5,0.25,10772.36,7.7236,3.0255,3.5919,0.8139,0.8423,18,75.0,0.969192
20,120,14,0.01,0.75,3.5,3.5,0.35,10772.36,7.7236,3.0255,3.5919,0.8139,0.8423,18,75.0,0.969192
20,120,14,0.01,0.95,3.5,3.5,0.15,10772.36,7.7236,3.0255,3.5919,0.8139,0.8423,18,75.0,0.969192
20,120,14,0.01,0.95,3.5,3.5,0.25,10772.36,7.7236,3.0255,3.5919,0.8139,0.8423,18,75.0,0.969192
20,120,14,0.01,0.95,3.5,3.5,0.35,10772.36,7.7236,3.0255,3.5919,0.8139,0.8423,18,75.0,0.969192
10,30,20,0.02,0.5,2.5,2.5,0.15,12471.27,24.7127,8.0477,9.1967,0.9232,0.8751,44,47.619,0.96773
10,30,20,0.02,0.5,2.5,2.5,0.25,12471.27,24.7127,8.0477,9.1967,0.9232,0.8751,44,47.619,0.96773
10,30,20,0.02,0.5,2.5,2.5,0.35,12471.27,24.7127,8.0477,9.1967,0.9232,0.8751,44,47.619,0.96773
10,30,20,0.02,0.75,2.5,2.5,0.15,12471.27,24.7127,8.0477,9.1967,0.9232,0.8751,44,47.619,0.96773
10,30,20,0.02,0.75,2.5,2.5,0.25,12471.27,24.7127,8.0477,9.1967,0.9232,0.8751,44,47.619,0.96773
10,30,20,0.02,0.75,2.5,2.5,0.35,12471.27,24.7127,8.0477,9.1967,0.9232,0.8751,44,47.619,0.96773
10,30,20,0.02,0.95,2.5,2.5,0.15,12471.27,24.7127,8.0477,9.1967,0.9232,0.8751,44,47.619,0.96773
10,30,20,0.02,0.95,2.5,2.5,0.25,12471.27,24.7127,8.0477,9.1967,0.9232,0.8751,44,47.619,0.96773
10,30,20,0.02,0.95,2.5,2.5,0.35,12471.27,24.7127,8.0477,9.1967,0.9232,0.8751,44,47.619,0.96773
5,30,10,0.02,0.5,3.5,2.5,0.15,12208.89,22.0889,7.2454,8.499,0.9946,0.8525,48,47.8261,0.966444
5,30,10,0.02,0.5,3.5,2.5,0.25,12208.89,22.0889,7.2454,8.499,0.9946,0.8525,48,47.8261,0.966444
5,30,10,0.02,0.5,3.5,2.5,0.35,12208.89,22.0889,7.2454,8.499,0.9946,0.8525,48,47.8261,0.966444
5,30,10,0.02,0.75,3.5,2.5,0.15,12208.89,22.0889,7.2454,8.499,0.9946,0.8525,48,47.8261,0.966444
5,30,10,0.02,0.75,3.5,2.5,0.25,12208.89,22.0889,7.2454,8.499,0.9946,0.8525,48,47.8261,0.966444
5,30,10,0.02,0.75,3.5,2.5,0.35,12208.89,22.0889,7.2454,8.499,0.9946,0.8525,48,47.8261,0.966444
5,30,10,0.02,0.95,3.5,2.5,0.15,12208.89,22.0889,7.2454,8.499,0.9946,0.8525,48,47.8261,0.966444
5,30,10,0.02,0.95,3.5,2.5,0.25,12208.89,22.0889,7.2454,8.499,0.9946,0.8525,48,47.8261,0.966444
5,30,10,0.02,0.95,3.5,2.5,0.35,12208.89,22.0889,7.2454,8.499,0.9946,0.8525,48,47.8261,0.966444
10,30,20,0.01,0.5,2.5,2.5,0.15,11154.26,11.5426,3.9028,4.6839,0.8966,0.8332,44,47.619,0.965718
10,30,20,0.01,0.5,2.5,2.5,0.25,11154.26,11.5426,3.9028,4.6839,0.8966,0.8332,44,47.619,0.965718
10,30,20,0.01,0.5,2.5,2.5,0.35,11154.26,11.5426,3.9028,4.6839,0.8966,0.8332,44,47.619,0.965718
10,30,20,0.01,0.75,2.5,2.5,0.15,11154.26,11.5426,3.9028,4.6839,0.8966,0.8332,44,47.619,0.965718
10,30,20,0.01,0.75,2.5,2.5,0.25,11154.26,11.5426,3.9028,4.6839,0.8966,0.8332,44,47.619,0.965718
10,30,20,0.01,0.75,2.5,2.5,0.35,11154.26,11.5426,3.9028,4.6839,0.8966,0.8332,44,47.619,0.965718
10,30,20,0.01,0.95,2.5,2.5,0.15,11154.26,11.5426,3.9028,4.6839,0.8966,0.8332,44,47.619,0.965718
10,30,20,0.01,0.95,2.5,2.5,0.25,11154.26,11.5426,3.9028,4.6839,0.8966,0.8332,44,47.619,0.965718
10,30,20,0.01,0.95,2.5,2.5,0.35,11154.26,11.5426,3.9028,4.6839,0.8966,0.8332,44,47.619,0.965718
5,30,10,0.02,0.5,2.5,2.5,0.15,13222.95,32.2295,10.2869,11.7213,1.0153,0.8776,48,47.8261,0.963478
5,30,10,0.02,0.5,2.5,2.5,0.25,13222.95,32.2295,10.2869,11.7213,1.0153,0.8776,48,47.8261,0.963478
5,30,10,0.02,0.5,2.5,2.5,0.35,13222.95,32.2295,10.2869,11.7213,1.0153,0.8776,48,47.8261,0.963478
5,30,10,0.02,0.75,2.5,2.5,0.15,13222.95,32.2295,10.2869,11.7213,1.0153,0.8776,48,47.8261,0.963478
5,30,10,0.02,0.75,2.5,2.5,0.25,13222.95,32.2295,10.2869,11.7213,1.0153,0.8776,48,47.8261,0.963478
5,30,10,0.02,0.75,2.5,2.5,0.35,13222.95,32.2295,10.2869,11.7213,1.0153,0.8776,48,47.8261,0.963478
5,30,10,0.02,0.95,2.5,2.5,0.15,13222.95,32.2295,10.2869,11.7213,1.0153,0.8776,48,47.8261,0.963478
5,30,10,0.02,0.95,2.5,2.5,0.25,13222.95,32.2295,10.2869,11.7213,1.0153,0.8776,48,47.8261,0.963478
5,30,10,0.02,0.95,2.5,2.5,0.35,13222.95,32.2295,10.2869,11.7213,1.0153,0.8776,48,47.8261,0.963478
20,30,10,0.02,0.5,2.5,3.5,0.15,12770.01,27.7001,8.9478,10.0724,0.8777,0.8884,32,80.0,0.963165
20,30,10,0.02,0.5,2.5,3.5,0.25,12770.01,27.7001,8.9478,10.0724,0.8777,0.8884,32,80.0,0.963165
20,30,10,0.02,0.5,2.5,3.5,0.35,12770.01,27.7001,8.9478,10.0724,0.8777,0.8884,32,80.0,0.963165
20,30,10,0.02,0.75,2.5,3.5,0.15,12770.01,27.7001,8.9478,10.0724,0.8777,0.8884,32,80.0,0.963165
20,30,10,0.02,0.75,2.5,3.5,0.25,12770.01,27.7001,8.9478,10.0724,0.8777,0.8884,32,80.0,0.963165
20,30,10,0.02,0.75,2.5,3.5,0.35,12770.01,27.7001,8.9478,10.0724,0.8777,0.8884,32,80.0,0.963165
20,30,10,0.02,0.95,2.5,3.5,0.15,12770.01,27.7001,8.9478,10.0724,0.8777,0.8884,32,80.0,0.963165
20,30,10,0.02,0.95,2.5,3.5,0.25,12770.01,27.7001,8.9478,10.0724,0.8777,0.8884,32,80.0,0.963165
20,30,10,0.02,0.95,2.5,3.5,0.35,12770.01,27.7001,8.9478,10.0724,0.8777,0.8884,32,80.0,0.963165
5,120,20,0.01,0.5,3.5,3.5,0.15,10806.82,8.0682,3.1574,3.7798,0.828,0.8353,24,54.5455,0.963157
5,120,20,0.01,0.5,3.5,3.5,0.25,10806.82,8.0682,3.1574,3.7798,0.828,0.8353,24,54.5455,0.963157
5,120,20,0.01,0.5,3.5,3.5,0.35,10806.82,8.0682,3.1574,3.7798,0.828,0.8353,24,54.5455,0.963157
5,120,20,0.01,0.75,3.5,3.5,0.15,10806.82,8.0682,3.1574,3.7798,0.828,0.8353,24,54.5455,0.963157
5,120,20,0.01,0.75,3.5,3.5,0.25,10806.82,8.0682,3.1574,3.7798,0.828,0.8353,24,54.5455,0.963157
5,120,20,0.01,0.75,3.5,3.5,0.35,10806.82,8.0682,3.1574,3.7798,0.828,0.8353,24,54.5455,0.963157
5,120,20,0.01,0.95,3.5,3.5,0.15,10806.82,8.0682,3.1574,3.7798,0.828,0.8353,24,54.5455,0.963157
5,120,20,0.01,0.95,3.5,3.5,0.25,10806.82,8.0682,3.1574,3.7798,0.828,0.8353,24,54.5455,0.963157
5,120,20,0.01,0.95,3.5,3.5,0.35,10806.82,8.0682,3.1574,3.7798,0.828,0.8353,24,54.5455,0.963157
20,30,10,0.03,0.5,1.5,3.5,0.25,18034.45,80.3445,22.9591,23.0008,0.9667,0.9982,32,80.0,0.961517
20,30,10,0.03,0.5,1.5,3.5,0.35,18034.45,80.3445,22.9591,23.0008,0.9667,0.9982,32,80.0,0.961517
20,30,10,0.03,0.75,1.5,3.5,0.25,18034.45,80.3445,22.9591,23.0008,0.9667,0.9982,32,80.0,0.961517
20,30,10,0.03,0.75,1.5,3.5,0.35,18034.45,80.3445,22.9591,23.0008,0.9667,0.9982,32,80.0,0.961517
20,30,10,0.03,0.95,1.5,3.5,0.25,18034.45,80.3445,22.9591,23.0008,0.9667,0.9982,32,80.0,0.961517
20,30,10,0.03,0.95,1.5,3.5,0.35,18034.45,80.3445,22.9591,23.0008,0.9667,0.9982,32,80.0,0.961517
20,30,10,0.01,0.5,1.5,3.5,0.15,12249.54,22.4954,7.3705,8.4479,0.8655,0.8725,32,80.0,0.961089
20,30,10,0.01,0.5,1.5,3.5,0.25,12249.54,22.4954,7.3705,8.4479,0.8655,0.8725,32,80.0,0.961089
20,30,10,0.01,0.5,1.5,3.5,0.35,12249.54,22.4954,7.3705,8.4479,0.8655,0.8725,32,80.0,0.961089
20,30,10,0.01,0.75,1.5,3.5,0.15,12249.54,22.4954,7.3705,8.4479,0.8655,0.8725,32,80.0,0.961089
20,30,10,0.01,0.75,1.5,3.5,0.25,12249.54,22.4954,7.3705,8.4479,0.8655,0.8725,32,80.0,0.961089
20,30,10,0.01,0.75,1.5,3.5,0.35,12249.54,22.4954,7.3705,8.4479,0.8655,0.8725,32,80.0,0.961089
20,30,10,0.01,0.95,1.5,3.5,0.15,12249.54,22.4954,7.3705,8.4479,0.8655,0.8725,32,80.0,0.961089
20,30,10,0.01,0.95,1.5,3.5,0.25,12249.54,22.4954,7.3705,8.4479,0.8655,0.8725,32,80.0,0.961089
20,30,10,0.01,0.95,1.5,3.5,0.35,12249.54,22.4954,7.3705,8.4479,0.8655,0.8725,32,80.0,0.961089
5,120,14,0.01,0.5,2.5,4.5,0.15,11595.55,15.9555,6.1103,7.0241,0.807,0.8699,14,50.0,0.961068
5,120,14,0.01,0.5,2.5,4.5,0.25,11595.55,15.9555,6.1103,7.0241,0.807,0.8699,14,50.0,0.961068
5,120,14,0.01,0.5,2.5,4.5,0.35,11595.55,15.9555,6.1103,7.0241,0.807,0.8699,14,50.0,0.961068
5,120,14,0.01,0.75,2.5,4.5,0.15,11595.55,15.9555,6.1103,7.0241,0.807,0.8699,14,50.0,0.961068
5,120,14,0.01,0.75,2.5,4.5,0.25,11595.55,15.9555,6.1103,7.0241,0.807,0.8699,14,50.0,0.961068
5,120,14,0.01,0.75,2.5,4.5,0.35,11595.55,15.9555,6.1103,7.0241,0.807,0.8699,14,50.0,0.961068
5,120,14,0.01,0.95,2.5,4.5,0.15,11595.55,15.9555,6.1103,7.0241,0.807,0.8699,14,50.0,0.961068
5,120,14,0.01,0.95,2.5,4.5,0.25,11595.55,15.9555,6.1103,7.0241,0.807,0.8699,14,50.0,0.961068
5,120,14,0.01,0.95,2.5,4.5,0.35,11595.55,15.9555,6.1103,7.0241,0.807,0.8699,14,50.0,0.961068
10,30,20,0.03,0.5,3.5,2.5,0.15,12636.25,26.3625,8.5465,9.7888,0.919,0.8731,44,47.619,0.95901
10,30,20,0.03,0.5,3.5,2.5,0.25,12636.25,26.3625,8.5465,9.7888,0.919,0.8731,44,47.619,0.95901
10,30,20,0.03,0.5,3.5,2.5,0.35,12636.25,26.3625,8.5465,9.7888,0.919,0.8731,44,47.619,0.95901
10,30,20,0.03,0.75,3.5,2.5,0.15,12636.25,26.3625,8.5465,9.7888,0.919,0.8731,44,47.619,0.95901
10,30,20,0.03,0.75,3.5,2.5,0.25,12636.25,26.3625,8.5465,9.7888,0.919,0.8731,44,47.619,0.95901
10,30,20,0.03,0.75,3.5,2.5,0.35,12636.25,26.3625,8.5465,9.7888,0.919,0.8731,44,47.619,0.95901
10,30,20,0.03,0.95,3.5,2.5,0.15,12636.25,26.3625,8.5465,9.7888,0.919,0.8731,44,47.619,0.95901
10,30,20,0.03,0.95,3.5,2.5,0.25,12636.25,26.3625,8.5465,9.7888,0.919,0.8731,44,47.619,0.95901
10,30,20,0.03,0.95,3.5,2.5,0.35,12636.25,26.3625,8.5465,9.7888,0.919,0.8731,44,47.619,0.95901
5,30,10,0.01,0.5,3.5,2.5,0.15,11017.92,10.1792,3.4559,4.2603,0.9442,0.8112,48,47.8261,0.957434
5,30,10,0.01,0.5,3.5,2.5,0.25,11017.92,10.1792,3.4559,4.2603,0.9442,0.8112,48,47.8261,0.957434
5,30,10,0.01,0.5,3.5,2.5,0.35,11017.92,10.1792,3.4559,4.2603,0.9442,0.8112,48,47.8261,0.957434
5,30,10,0.01,0.75,3.5,2.5,0.15,11017.92,10.1792,3.4559,4.2603,0.9442,0.8112,48,47.8261,0.957434
5,30,10,0.01,0.75,3.5,2.5,0.25,11017.92,10.1792,3.4559,4.2603,0.9442,0.8112,48,47.8261,0.957434
5,30,10,0.01,0.75,3.5,2.5,0.35,11017.92,10.1792,3.4559,4.2603,0.9442,0.8112,48,47.8261,0.957434
5,30,10,0.01,0.95,3.5,2.5,0.15,11017.92,10.1792,3.4559,4.2603,0.9442,0.8112,48,47.8261,0.957434
5,30,10,0.01,0.95,3.5,2.5,0.25,11017.92,10.1792,3.4559,4.2603,0.9442,0.8112,48,47.8261,0.957434
5,30,10,0.01,0.95,3.5,2.5,0.35,11017.92,10.1792,3.4559,4.2603,0.9442,0.8112,48,47.8261,0.957434
5,120,14,0.03,0.5,2.5,3.5,0.15,13655.69,36.5569,13.2952,14.3773,0.8756,0.9247,24,54.5455,0.956073
5,120,14,0.03,0.5,2.5,3.5,0.25,13655.69,36.5569,13.2952,14.3773,0.8756,0.9247,24,54.5455,0.956073
5,120,14,0.03,0.5,2.5,3.5,0.35,13655.69,36.5569,13.2952,14.3773,0.8756,0.9247,24,54.5455,0.956073
5,120,14,0.03,0.75,2.5,3.5,0.15,13655.69,36.5569,13.2952,14.3773,0.8756,0.9247,24,54.5455,0.956073
5,120,14,0.03,0.75,2.5,3.5,0.25,13655.69,36.5569,13.2952,14.3773,0.8756,0.9247,24,54.5455,0.956073
5,120,14,0.03,0.75,2.5,3.5,0.35,13655.69,36.5569,13.2952,14.3773,0.8756,0.9247,24,54.5455,0.956073
5,120,14,0.03,0.95,2.5,3.5,0.15,13655.69,36.5569,13.2952,14.3773,0.8756,0.9247,24,54.5455,0.956073
5,120,14,0.03,0.95,2.5,3.5,0.25,13655.69,36.5569,13.2952,14.3773,0.8756,0.9247,24,54.5455,0.956073
5,120,14,0.03,0.95,2.5,3.5,0.35,13655.69,36.5569,13.2952,14.3773,0.8756,0.9247,24,54.5455,0.956073
5,30,10,0.01,0.5,2.5,2.5,0.15,11452.04,14.5204,4.8667,5.9269,0.964,0.8211,48,47.8261,0.954651
5,30,10,0.01,0.5,2.5,2.5,0.25,11452.04,14.5204,4.8667,5.9269,0.964,0.8211,48,47.8261,0.954651
5,30,10,0.01,0.5,2.5,2.5,0.35,11452.04,14.5204,4.8667,5.9269,0.964,0.8211,48,47.8261,0.954651
5,30,10,0.01,0.75,2.5,2.5,0.15,11452.04,14.5204,4.8667,5.9269,0.964,0.8211,48,47.8261,0.954651
5,30,10,0.01,0.75,2.5,2.5,0.25,11452.04,14.5204,4.8667,5.9269,0.964,0.8211,48,47.8261,0.954651
5,30,10,0.01,0.75,2.5,2.5,0.35,11452.04,14.5204,4.8667,5.9269,0.964,0.8211,48,47.8261,0.954651
5,30,10,0.01,0.95,2.5,2.5,0.15,11452.04,14.5204,4.8667,5.9269,0.964,0.8211,48,47.8261,0.954651
5,30,10,0.01,0.95,2.5,2.5,0.25,11452.04,14.5204,4.8667,5.9269,0.964,0.8211,48,47.8261,0.954651
5,30,10,0.01,0.95,2.5,2.5,0.35,11452.04,14.5204,4.8667,5.9269,0.964,0.8211,48,47.8261,0.954651
5,30,20,0.03,0.5,2.5,2.5,0.25,14720.62,47.2062,14.5133,16.1031,1.0696,0.9013,52,40.0,0.954165
5,30,20,0.03,0.5,2.5,2.5,0.35,14720.62,47.2062,14.5133,16.1031,1.0696,0.9013,52,40.0,0.954165
5,30,20,0.03,0.75,2.5,2.5,0.25,14720.62,47.2062,14.5133,16.1031,1.0696,0.9013,52,40.0,0.954165
5,30,20,0.03,0.75,2.5,2.5,0.35,14720.62,47.2062,14.5133,16.1031,1.0696,0.9013,52,40.0,0.954165
5,30,20,0.03,0.95,2.5,2.5,0.25,14720.62,47.2062,14.5133,16.1031,1.0696,0.9013,52,40.0,0.954165
5,30,20,0.03,0.95,2.5,2.5,0.35,14720.62,47.2062,14.5133,16.1031,1.0696,0.9013,52,40.0,0.954165
5,30,14,0.01,0.5,3.5,2.5,0.15,10965.41,9.6541,3.2828,4.1347,0.9951,0.794,50,37.5,0.951641
5,30,14,0.01,0.5,3.5,2.5,0.25,10965.41,9.6541,3.2828,4.1347,0.9951,0.794,50,37.5,0.951641
5,30,14,0.01,0.5,3.5,2.5,0.35,10965.41,9.6541,3.2828,4.1347,0.9951,0.794,50,37.5,0.951641
5,30,14,0.01,0.75,3.5,2.5,0.15,10965.41,9.6541,3.2828,4.1347,0.9951,0.794,50,37.5,0.951641
5,30,14,0.01,0.75,3.5,2.5,0.25,10965.41,9.6541,3.2828,4.1347,0.9951,0.794,50,37.5,0.951641
5,30,14,0.01,0.75,3.5,2.5,0.35,10965.41,9.6541,3.2828,4.1347,0.9951,0.794,50,37.5,0.951641
5,30,14,0.01,0.95,3.5,2.5,0.15,10965.41,9.6541,3.2828,4.1347,0.9951,0.794,50,37.5,0.951641
5,30,14,0.01,0.95,3.5,2.5,0.25,10965.41,9.6541,3.2828,4.1347,0.9951,0.794,50,37.5,0.951641
5,30,14,0.01,0.95,3.5,2.5,0.35,10965.41,9.6541,3.2828,4.1347,0.9951,0.794,50,37.5,0.951641
20,30,10,0.01,0.5,2.5,3.5,0.15,11281.84,12.8184,4.3178,5.1629,0.8323,0.8363,32,80.0,0.951143
20,30,10,0.01,0.5,2.5,3.5,0.25,11281.84,12.8184,4.3178,5.1629,0.8323,0.8363,32,80.0,0.951143
20,30,10,0.01,0.5,2.5,3.5,0.35,11281.84,12.8184,4.3178,5.1629,0.8323,0.8363,32,80.0,0.951143
20,30,10,0.01,0.75,2.5,3.5,0.15,11281.84,12.8184,4.3178,5.1629,0.8323,0.8363,32,80.0,0.951143
20,30,10,0.01,0.75,2.5,3.5,0.25,11281.84,12.8184,4.3178,5.1629,0.8323,0.8363,32,80.0,0.951143
20,30,10,0.01,0.75,2.5,3.5,0.35,11281.84,12.8184,4.3178,5.1629,0.8323,0.8363,32,80.0,0.951143
20,30,10,0.01,0.95,2.5,3.5,0.15,11281.84,12.8184,4.3178,5.1629,0.8323,0.8363,32,80.0,0.951143
20,30,10,0.01,0.95,2.5,3.5,0.25,11281.84,12.8184,4.3178,5.1629,0.8323,0.8363,32,80.0,0.951143
20,30,10,0.01,0.95,2.5,3.5,0.35,11281.84,12.8184,4.3178,5.1629,0.8323,0.8363,32,80.0,0.951143
20,30,10,0.03,0.5,3.5,3.5,0.15,12962.16,29.6216,9.5196,10.7829,0.8784,0.8828,32,80.0,0.950698
20,30,10,0.03,0.5,3.5,3.5,0.25,12962.16,29.6216,9.5196,10.7829,0.8784,0.8828,32,80.0,0.950698
20,30,10,0.03,0.5,3.5,3.5,0.35,12962.16,29.6216,9.5196,10.7829,0.8784,0.8828,32,80.0,0.950698
20,30,10,0.03,0.75,3.5,3.5,0.15,12962.16,29.6216,9.5196,10.7829,0.8784,0.8828,32,80.0,0.950698
20,30,10,0.03,0.75,3.5,3.5,0.25,12962.16,29.6216,9.5196,10.7829,0.8784,0.8828,32,80.0,0.950698
20,30,10,0.03,0.75,3.5,3.5,0.35,12962.16,29.6216,9.5196,10.7829,0.8784,0.8828,32,80.0,0.950698
20,30,10,0.03,0.95,3.5,3.5,0.15,12962.16,29.6216,9.5196,10.7829,0.8784,0.8828,32,80.0,0.950698
20,30,10,0.03,0.95,3.5,3.5,0.25,12962.16,29.6216,9.5196,10.7829,0.8784,0.8828,32,80.0,0.950698
20,30,10,0.03,0.95,3.5,3.5,0.35,12962.16,29.6216,9.5196,10.7829,0.8784,0.8828,32,80.0,0.950698
5,120,10,0.01,0.5,1.5,4.5,0.15,12718.01,27.1801,10.1119,11.3258,0.8516,0.8928,14,66.6667,0.949874
5,120,10,0.01,0.5,1.5,4.5,0.25,12718.01,27.1801,10.1119,11.3258,0.8516,0.8928,14,66.6667,0.949874
5,120,10,0.01,0.5,1.5,4.5,0.35,12718.01,27.1801,10.1119,11.3258,0.8516,0.8928,14,66.6667,0.949874
5,120,10,0.01,0.75,1.5,4.5,0.15,12718.01,27.1801,10.1119,11.3258,0.8516,0.8928,14,66.6667,0.949874
5,120,10,0.01,0.75,1.5,4.5,0.25,12718.01,27.1801,10.1119,11.3258,0.8516,0.8928,14,66.6667,0.949874
5,120,10,0.01,0.75,1.5,4.5,0.35,12718.01,27.1801,10.1119,11.3258,0.8516,0.8928,14,66.6667,0.949874
5,120,10,0.01,0.95,1.5,4.5,0.15,12718.01,27.1801,10.1119,11.3258,0.8516,0.8928,14,66.6667,0.949874
5,120,10,0.01,0.95,1.5,4.5,0.25,12718.01,27.1801,10.1119,11.3258,0.8516,0.8928,14,66.6667,0.949874
5,120,10,0.01,0.95,1.5,4.5,0.35,12718.01,27.1801,10.1119,11.3258,0.8516,0.8928,14,66.6667,0.949874
20,30,10,0.02,0.5,3.5,3.5,0.15,11878.55,18.7855,6.2193,7.3024,0.8507,0.8517,32,80.0,0.948805
20,30,10,0.02,0.5,3.5,3.5,0.25,11878.55,18.7855,6.2193,7.3024,0.8507,0.8517,32,80.0,0.948805
20,30,10,0.02,0.5,3.5,3.5,0.35,11878.55,18.7855,6.2193,7.3024,0.8507,0.8517,32,80.0,0.948805
20,30,10,0.02,0.75,3.5,3.5,0.15,11878.55,18.7855,6.2193,7.3024,0.8507,0.8517,32,80.0,0.948805
20,30,10,0.02,0.75,3.5,3.5,0.25,11878.55,18.7855,6.2193,7.3024,0.8507,0.8517,32,80.0,0.948805
20,30,10,0.02,0.75,3.5,3.5,0.35,11878.55,18.7855,6.2193,7.3024,0.8507,0.8517,32,80.0,0.948805
20,30,10,0.02,0.95,3.5,3.5,0.15,11878.55,18.7855,6.2193,7.3024,0.8507,0.8517,32,80.0,0.948805
20,30,10,0.02,0.95,3.5,3.5,0.25,11878.55,18.7855,6.2193,7.3024,0.8507,0.8517,32,80.0,0.948805
20,30,10,0.02,0.95,3.5,3.5,0.35,11878.55,18.7855,6.2193,7.3024,0.8507,0.8517,32,80.0,0.948805
5,30,10,0.03,0.5,3.5,2.5,0.15,13447.62,34.4762,10.9401,12.5505,1.0116,0.8717,48,47.8261,0.948494
5,30,10,0.03,0.5,3.5,2.5,0.25,13447.62,34.4762,10.9401,12.5505,1.0116,0.8717,48,47.8261,0.948494
5,30,10,0.03,0.5,3.5,2.5,0.35,13447.62,34.4762,10.9401,12.5505,1.0116,0.8717,48,47.8261,0.948494
5,30,10,0.03,0.75,3.5,2.5,0.15,13447.62,34.4762,10.9401,12.5505,1.0116,0.8717,48,47.8261,0.948494
5,30,10,0.03,0.75,3.5,2.5,0.25,13447.62,34.4762,10.9401,12.5505,1.0116,0.8717,48,47.8261,0.948494
5,30,10,0.03,0.75,3.5,2.5,0.35,13447.62,34.4762,10.9401,12.5505,1.0116,0.8717,48,47.8261,0.948494
5,30,10,0.03,0.95,3.5,2.5,0.15,13447.62,34.4762,10.9401,12.5505,1.0116,0.8717,48,47.8261,0.948494
5,30,10,0.03,0.95,3.5,2.5,0.25,13447.62,34.4762,10.9401,12.5505,1.0116,0.8717,48,47.8261,0.948494
5,30,10,0.03,0.95,3.5,2.5,0.35,13447.62,34.4762,10.9401,12.5505,1.0116,0.8717,48,47.8261,0.948494
5,30,14,0.02,0.5,3.5,2.5,0.15,12062.1,20.621,6.7917,8.2295,1.0244,0.8253,50,37.5,0.947878
5,30,14,0.02,0.5,3.5,2.5,0.25,12062.1,20.621,6.7917,8.2295,1.0244,0.8253,50,37.5,0.947878
5,30,14,0.02,0.5,3.5,2.5,0.35,12062.1,20.621,6.7917,8.2295,1.0244,0.8253,50,37.5,0.947878
5,30,14,0.02,0.75,3.5,2.5,0.15,12062.1,20.621,6.7917,8.2295,1.0244,0.8253,50,37.5,0.947878
5,30,14,0.02,0.75,3.5,2.5,0.25,12062.1,20.621,6.7917,8.2295,1.0244,0.8253,50,37.5,0.947878
5,30,14,0.02,0.75,3.5,2.5,0.35,12062.1,20.621,6.7917,8.2295,1.0244,0.8253,50,37.5,0.947878
5,30,14,0.02,0.95,3.5,2.5,0.15,12062.1,20.621,6.7917,8.2295,1.0244,0.8253,50,37.5,0.947878
5,30,14,0.02,0.95,3.5,2.5,0.25,12062.1,20.621,6.7917,8.2295,1.0244,0.8253,50,37.5,0.947878
5,30,14,0.02,0.95,3.5,2.5,0.35,12062.1,20.621,6.7917,8.2295,1.0244,0.8253,50,37.5,0.947878
5,30,20,0.01,0.5,1.5,2.5,0.15,12258.89,22.5889,7.3992,8.8255,0.9748,0.8384,56,44.4444,0.945092
5,30,20,0.01,0.5,1.5,2.5,0.25,12258.89,22.5889,7.3992,8.8255,0.9748,0.8384,56,44.4444,0.945092
5,30,20,0.01,0.5,1.5,2.5,0.35,12258.89,22.5889,7.3992,8.8255,0.9748,0.8384,56,44.4444,0.945092
5,30,20,0.01,0.75,1.5,2.5,0.15,12258.89,22.5889,7.3992,8.8255,0.9748,0.8384,56,44.4444,0.945092
5,30,20,0.01,0.75,1.5,2.5,0.25,12258.89,22.5889,7.3992,8.8255,0.9748,0.8384,56,44.4444,0.945092
5,30,20,0.01,0.75,1.5,2.5,0.35,12258.89,22.5889,7.3992,8.8255,0.9748,0.8384,56,44.4444,0.945092
5,30,20,0.01,0.95,1.5,2.5,0.15,12258.89,22.5889,7.3992,8.8255,0.9748,0.8384,56,44.4444,0.945092
5,30,20,0.01,0.95,1.5,2.5,0.25,12258.89,22.5889,7.3992,8.8255,0.9748,0.8384,56,44.4444,0.945092
5,30,20,0.01,0.95,1.5,2.5,0.35,12258.89,22.5889,7.3992,8.8255,0.9748,0.8384,56,44.4444,0.945092
10,30,10,0.02,0.5,3.5,2.5,0.15,11866.82,18.6682,6.1826,7.3854,0.8984,0.8371,38,50.0,0.942957
10,30,10,0.02,0.5,3.5,2.5,0.25,11866.82,18.6682,6.1826,7.3854,0.8984,0.8371,38,50.0,0.942957
10,30,10,0.02,0.5,3.5,2.5,0.35,11866.82,18.6682,6.1826,7.3854,0.8984,0.8371,38,50.0,0.942957
10,30,10,0.02,0.75,3.5,2.5,0.15,11866.82,18.6682,6.1826,7.3854,0.8984,0.8371,38,50.0,0.942957
10,30,10,0.02,0.75,3.5,2.5,0.25,11866.82,18.6682,6.1826,7.3854,0.8984,0.8371,38,50.0,0.942957
10,30,10,0.02,0.75,3.5,2.5,0.35,11866.82,18.6682,6.1826,7.3854,0.8984,0.8371,38,50.0,0.942957
10,30,10,0.02,0.95,3.5,2.5,0.15,11866.82,18.6682,6.1826,7.3854,0.8984,0.8371,38,50.0,0.942957
10,30,10,0.02,0.95,3.5,2.5,0.25,11866.82,18.6682,6.1826,7.3854,0.8984,0.8371,38,50.0,0.942957
10,30,10,0.02,0.95,3.5,2.5,0.35,11866.82,18.6682,6.1826,7.3854,0.8984,0.8371,38,50.0,0.942957
10,30,10,0.03,0.5,3.5,2.5,0.15,12902.59,29.0259,9.343,10.8053,0.9186,0.8647,38,50.0,0.940324
10,30,10,0.03,0.5,3.5,2.5,0.25,12902.59,29.0259,9.343,10.8053,0.9186,0.8647,38,50.0,0.940324
10,30,10,0.03,0.5,3.5,2.5,0.35,12902.59,29.0259,9.343,10.8053,0.9186,0.8647,38,50.0,0.940324
10,30,10,0.03,0.75,3.5,2.5,0.15,12902.59,29.0259,9.343,10.8053,0.9186,0.8647,38,50.0,0.940324
10,30,10,0.03,0.75,3.5,2.5,0.25,12902.59,29.0259,9.343,10.8053,0.9186,0.8647,38,50.0,0.940324
10,30,10,0.03,0.75,3.5,2.5,0.35,12902.59,29.0259,9.343,10.8053,0.9186,0.8647,38,50.0,0.940324
10,30,10,0.03,0.95,3.5,2.5,0.15,12902.59,29.0259,9.343,10.8053,0.9186,0.8647,38,50.0,0.940324
10,30,10,0.03,0.95,3.5,2.5,0.25,12902.59,29.0259,9.343,10.8053,0.9186,0.8647,38,50.0,0.940324
10,30,10,0.03,0.95,3.5,2.5,0.35,12902.59,29.0259,9.343,10.8053,0.9186,0.8647,38,50.0,0.940324
5,30,14,0.02,0.5,2.5,2.5,0.15,13012.14,30.1214,9.6674,11.4623,1.0422,0.8434,50,37.5,0.937226
5,30,14,0.02,0.5,2.5,2.5,0.25,13012.14,30.1214,9.6674,11.4623,1.0422,0.8434,50,37.5,0.937226
5,30,14,0.02,0.5,2.5,2.5,0.35,13012.14,30.1214,9.6674,11.4623,1.0422,0.8434,50,37.5,0.937226
5,30,14,0.02,0.75,2.5,2.5,0.15,13012.14,30.1214,9.6674,11.4623,1.0422,0.8434,50,37.5,0.937226
5,30,14,0.02,0.75,2.5,2.5,0.25,13012.14,30.1214,9.6674,11.4623,1.0422,0.8434,50,37.5,0.937226
5,30,14,0.02,0.75,2.5,2.5,0.35,13012.14,30.1214,9.6674,11.4623,1.0422,0.8434,50,37.5,0.937226
5,30,14,0.02,0.95,2.5,2.5,0.15,13012.14,30.1214,9.6674,11.4623,1.0422,0.8434,50,37.5,0.937226
5,30,14,0.02,0.95,2.5,2.5,0.25,13012.14,30.1214,9.6674,11.4623,1.0422,0.8434,50,37.5,0.937226
5,30,14,0.02,0.95,2.5,2.5,0.35,13012.14,30.1214,9.6674,11.4623,1.0422,0.8434,50,37.5,0.937226
5,30,10,0.03,0.5,2.5,2.5,0.25,15072.58,50.7258,15.4655,17.1632,1.0375,0.9011,48,47.8261,0.936953
5,30,10,0.03,0.5,2.5,2.5,0.35,15072.58,50.7258,15.4655,17.1632,1.0375,0.9011,48,47.8261,0.936953
5,30,10,0.03,0.75,2.5,2.5,0.25,15072.58,50.7258,15.4655,17.1632,1.0375,0.9011,48,47.8261,0.936953
5,30,10,0.03,0.75,2.5,2.5,0.35,15072.58,50.7258,15.4655,17.1632,1.0375,0.9011,48,47.8261,0.936953
5,30,10,0.03,0.95,2.5,2.5,0.25,15072.58,50.7258,15.4655,17.1632,1.0375,0.9011,48,47.8261,0.936953
5,30,10,0.03,0.95,2.5,2.5,0.35,15072.58,50.7258,15.4655,17.1632,1.0375,0.9011,48,47.8261,0.936953
10,30,20,0.03,0.5,2.5,2.5,0.15,13800.96,38.0096,11.9532,13.5056,0.9312,0.8851,44,47.619,0.936239
10,30,20,0.03,0.5,2.5,2.5,0.25,13800.96,38.0096,11.9532,13.5056,0.9312,0.8851,44,47.619,0.936239
10,30,20,0.03,0.5,2.5,2.5,0.35,13800.96,38.0096,11.9532,13.5056,0.9312,0.8851,44,47.619,0.936239
10,30,20,0.03,0.75,2.5,2.5,0.15,13800.96,38.0096,11.9532,13.5056,0.9312,0.8851,44,47.619,0.936239
10,30,20,0.03,0.75,2.5,2.5,0.25,13800.96,38.0096,11.9532,13.5056,0.9312,0.8851,44,47.619,0.936239
10,30,20,0.03,0.75,2.5,2.5,0.35,13800.96,38.0096,11.9532,13.5056,0.9312,0.8851,44,47.619,0.936239
10,30,20,0.03,0.95,2.5,2.5,0.15,13800.96,38.0096,11.9532,13.5056,0.9312,0.8851,44,47.619,0.936239
10,30,20,0.03,0.95,2.5,2.5,0.25,13800.96,38.0096,11.9532,13.5056,0.9312,0.8851,44,47.619,0.936239
10,30,20,0.03,0.95,2.5,2.5,0.35,13800.96,38.0096,11.9532,13.5056,0.9312,0.8851,44,47.619,0.936239
20,30,10,0.01,0.5,3.5,3.5,0.15,10887.98,8.8798,3.0266,3.7414,0.8147,0.809,32,80.0,0.934482
20,30,10,0.01,0.5,3.5,3.5,0.25,10887.98,8.8798,3.0266,3.7414,0.8147,0.809,32,80.0,0.934482
20,30,10,0.01,0.5,3.5,3.5,0.35,10887.98,8.8798,3.0266,3.7414,0.8147,0.809,32,80.0,0.934482
20,30,10,0.01,0.75,3.5,3.5,0.15,10887.98,8.8798,3.0266,3.7414,0.8147,0.809,32,80.0,0.934482
20,30,10,0.01,0.75,3.5,3.5,0.25,10887.98,8.8798,3.0266,3.7414,0.8147,0.809,32,80.0,0.934482
20,30,10,0.01,0.75,3.5,3.5,0.35,10887.98,8.8798,3.0266,3.7414,0.8147,0.809,32,80.0,0.934482
20,30,10,0.01,0.95,3.5,3.5,0.15,10887.98,8.8798,3.0266,3.7414,0.8147,0.809,32,80.0,0.934482
20,30,10,0.01,0.95,3.5,3.5,0.25,10887.98,8.8798,3.0266,3.7414,0.8147,0.809,32,80.0,0.934482
20,30,10,0.01,0.95,3.5,3.5,0.35,10887.98,8.8798,3.0266,3.7414,0.8147,0.809,32,80.0,0.934482
10,30,10,0.03,0.5,2.5,2.5,0.15,14231.18,42.3118,13.1642,14.768,0.9371,0.8914,38,50.0,0.931146
10,30,10,0.03,0.5,2.5,2.5,0.25,14231.18,42.3118,13.1642,14.768,0.9371,0.8914,38,50.0,0.931146
10,30,10,0.03,0.5,2.5,2.5,0.35,14231.18,42.3118,13.1642,14.768,0.9371,0.8914,38,50.0,0.931146
10,30,10,0.03,0.75,2.5,2.5,0.15,14231.18,42.3118,13.1642,14.768,0.9371,0.8914,38,50.0,0.931146
10,30,10,0.03,0.75,2.5,2.5,0.25,14231.18,42.3118,13.1642,14.768,0.9371,0.8914,38,50.0,0.931146
10,30,10,0.03,0.75,2.5,2.5,0.35,14231.18,42.3118,13.1642,14.768,0.9371,0.8914,38,50.0,0.931146
10,30,10,0.03,0.95,2.5,2.5,0.15,14231.18,42.3118,13.1642,14.768,0.9371,0.8914,38,50.0,0.931146
10,30,10,0.03,0.95,2.5,2.5,0.25,14231.18,42.3118,13.1642,14.768,0.9371,0.8914,38,50.0,0.931146
10,30,10,0.03,0.95,2.5,2.5,0.35,14231.18,42.3118,13.1642,14.768,0.9371,0.8914,38,50.0,0.931146
5,30,20,0.01,0.5,3.5,4.5,0.15,11038.37,10.3837,3.5232,4.503,0.9635,0.7824,40,42.1053,0.930079
5,30,20,0.01,0.5,3.5,4.5,0.25,11038.37,10.3837,3.5232,4.503,0.9635,0.7824,40,42.1053,0.930079
5,30,20,0.01,0.5,3.5,4.5,0.35,11038.37,10.3837,3.5232,4.503,0.9635,0.7824,40,42.1053,0.930079
5,30,20,0.01,0.75,3.5,4.5,0.15,11038.37,10.3837,3.5232,4.503,0.9635,0.7824,40,42.1053,0.930079
5,30,20,0.01,0.75,3.5,4.5,0.25,11038.37,10.3837,3.5232,4.503,0.9635,0.7824,40,42.1053,0.930079
5,30,20,0.01,0.75,3.5,4.5,0.35,11038.37,10.3837,3.5232,4.503,0.9635,0.7824,40,42.1053,0.930079
5,30,20,0.01,0.95,3.5,4.5,0.15,11038.37,10.3837,3.5232,4.503,0.9635,0.7824,40,42.1053,0.930079
5,30,20,0.01,0.95,3.5,4.5,0.25,11038.37,10.3837,3.5232,4.503,0.9635,0.7824,40,42.1053,0.930079
5,30,20,0.01,0.95,3.5,4.5,0.35,11038.37,10.3837,3.5232,4.503,0.9635,0.7824,40,42.1053,0.930079
5,120,10,0.01,0.5,2.5,3.5,0.15,11092.95,10.9295,4.2431,5.1738,0.7974,0.8201,24,54.5455,0.927866
5,120,10,0.01,0.5,2.5,3.5,0.25,11092.95,10.9295,4.2431,5.1738,0.7974,0.8201,24,54.5455,0.927866
5,120,10,0.01,0.5,2.5,3.5,0.35,11092.95,10.9295,4.2431,5.1738,0.7974,0.8201,24,54.5455,0.927866
5,120,10,0.01,0.75,2.5,3.5,0.15,11092.95,10.9295,4.2431,5.1738,0.7974,0.8201,24,54.5455,0.927866
5,120,10,0.01,0.75,2.5,3.5,0.25,11092.95,10.9295,4.2431,5.1738,0.7974,0.8201,24,54.5455,0.927866
5,120,10,0.01,0.75,2.5,3.5,0.35,11092.95,10.9295,4.2431,5.1738,0.7974,0.8201,24,54.5455,0.927866
5,120,10,0.01,0.95,2.5,3.5,0.15,11092.95,10.9295,4.2431,5.1738,0.7974,0.8201,24,54.5455,0.927866
5,120,10,0.01,0.95,2.5,3.5,0.25,11092.95,10.9295,4.2431,5.1738,0.7974,0.8201,24,54.5455,0.927866
5,120,10,0.01,0.95,2.5,3.5,0.35,11092.95,10.9295,4.2431,5.1738,0.7974,0.8201,24,54.5455,0.927866
10,30,10,0.02,0.5,2.5,2.5,0.15,12638.65,26.3865,8.5537,10.0839,0.9022,0.8483,38,50.0,0.927859
10,30,10,0.02,0.5,2.5,2.5,0.25,12638.65,26.3865,8.5537,10.0839,0.9022,0.8483,38,50.0,0.927859
10,30,10,0.02,0.5,2.5,2.5,0.35,12638.65,26.3865,8.5537,10.0839,0.9022,0.8483,38,50.0,0.927859
10,30,10,0.02,0.75,2.5,2.5,0.15,12638.65,26.3865,8.5537,10.0839,0.9022,0.8483,38,50.0,0.927859
10,30,10,0.02,0.75,2.5,2.5,0.25,12638.65,26.3865,8.5537,10.0839,0.9022,0.8483,38,50.0,0.927859
10,30,10,0.02,0.75,2.5,2.5,0.35,12638.65,26.3865,8.5537,10.0839,0.9022,0.8483,38,50.0,0.927859
10,30,10,0.02,0.95,2.5,2.5,0.15,12638.65,26.3865,8.5537,10.0839,0.9022,0.8483,38,50.0,0.927859
10,30,10,0.02,0.95,2.5,2.5,0.25,12638.65,26.3865,8.5537,10.0839,0.9022,0.8483,38,50.0,0.927859
10,30,10,0.02,0.95,2.5,2.5,0.35,12638.65,26.3865,8.5537,10.0839,0.9022,0.8483,38,50.0,0.927859
5,30,14,0.02,0.5,1.5,2.5,0.25,14991.66,49.9166,15.2479,17.0581,1.0204,0.8939,54,42.3077,0.927387
5,30,14,0.02,0.5,1.5,2.5,0.35,14991.66,49.9166,15.2479,17.0581,1.0204,0.8939,54,42.3077,0.927387
5,30,14,0.02,0.75,1.5,2.5,0.25,14991.66,49.9166,15.2479,17.0581,1.0204,0.8939,54,42.3077,0.927387
5,30,14,0.02,0.75,1.5,2.5,0.35,14991.66,49.9166,15.2479,17.0581,1.0204,0.8939,54,42.3077,0.927387
5,30,14,0.02,0.95,1.5,2.5,0.25,14991.66,49.9166,15.2479,17.0581,1.0204,0.8939,54,42.3077,0.927387
5,30,14,0.02,0.95,1.5,2.5,0.35,14991.66,49.9166,15.2479,17.0581,1.0204,0.8939,54,42.3077,0.927387
10,30,10,0.01,0.5,2.5,2.5,0.15,11234.27,12.3427,4.1634,5.1686,0.8674,0.8055,38,50.0,0.927314
10,30,10,0.01,0.5,2.5,2.5,0.25,11234.27,12.3427,4.1634,5.1686,0.8674,0.8055,38,50.0,0.927314
10,30,10,0.01,0.5,2.5,2.5,0.35,11234.27,12.3427,4.1634,5.1686,0.8674,0.8055,38,50.0,0.927314
10,30,10,0.01,0.75,2.5,2.5,0.15,11234.27,12.3427,4.1634,5.1686,0.8674,0.8055,38,50.0,0.927314
10,30,10,0.01,0.75,2.5,2.5,0.25,11234.27,12.3427,4.1634,5.1686,0.8674,0.8055,38,50.0,0.927314
10,30,10,0.01,0.75,2.5,2.5,0.35,11234.27,12.3427,4.1634,5.1686,0.8674,0.8055,38,50.0,0.927314
10,30,10,0.01,0.95,2.5,2.5,0.15,11234.27,12.3427,4.1634,5.1686,0.8674,0.8055,38,50.0,0.927314
10,30,10,0.01,0.95,2.5,2.5,0.25,11234.27,12.3427,4.1634,5.1686,0.8674,0.8055,38,50.0,0.927314
10,30,10,0.01,0.95,2.5,2.5,0.35,11234.27,12.3427,4.1634,5.1686,0.8674,0.8055,38,50.0,0.927314
5,120,14,0.02,0.5,2.5,3.5,0.15,12290.15,22.9015,8.6125,9.9976,0.824,0.8615,24,54.5455,0.926274
5,120,14,0.02,0.5,2.5,3.5,0.25,12290.15,22.9015,8.6125,9.9976,0.824,0.8615,24,54.5455,0.926274
5,120,14,0.02,0.5,2.5,3.5,0.35,12290.15,22.9015,8.6125,9.9976,0.824,0.8615,24,54.5455,0.926274
5,120,14,0.02,0.75,2.5,3.5,0.15,12290.15,22.9015,8.6125,9.9976,0.824,0.8615,24,54.5455,0.926274
5,120,14,0.02,0.75,2.5,3.5,0.25,12290.15,22.9015,8.6125,9.9976,0.824,0.8615,24,54.5455,0.926274
5,120,14,0.02,0.75,2.5,3.5,0.35,12290.15,22.9015,8.6125,9.9976,0.824,0.8615,24,54.5455,0.926274
5,120,14,0.02,0.95,2.5,3.5,0.15,12290.15,22.9015,8.6125,9.9976,0.824,0.8615,24,54.5455,0.926274
5,120,14,0.02,0.95,2.5,3.5,0.25,12290.15,22.9015,8.6125,9.9976,0.824,0.8615,24,54.5455,0.926274
5,120,14,0.02,0.95,2.5,3.5,0.35,12290.15,22.9015,8.6125,9.9976,0.824,0.8615,24,54.5455,0.926274
10,30,10,0.01,0.5,3.5,2.5,0.15,10847.97,8.4797,2.8938,3.6571,0.8465,0.7913,38,50.0,0.924001
10,30,10,0.01,0.5,3.5,2.5,0.25,10847.97,8.4797,2.8938,3.6571,0.8465,0.7913,38,50.0,0.924001
10,30,10,0.01,0.5,3.5,2.5,0.35,10847.97,8.4797,2.8938,3.6571,0.8465,0.7913,38,50.0,0.924001
10,30,10,0.01,0.75,3.5,2.5,0.15,10847.97,8.4797,2.8938,3.6571,0.8465,0.7913,38,50.0,0.924001
10,30,10,0.01,0.75,3.5,2.5,0.25,10847.97,8.4797,2.8938,3.6571,0.8465,0.7913,38,50.0,0.924001
10,30,10,0.01,0.75,3.5,2.5,0.35,10847.97,8.4797,2.8938,3.6571,0.8465,0.7913,38,50.0,0.924001
10,30,10,0.01,0.95,3.5,2.5,0.15,10847.97,8.4797,2.8938,3.6571,0.8465,0.7913,38,50.0,0.924001
10,30,10,0.01,0.95,3.5,2.5,0.25,10847.97,8.4797,2.8938,3.6571,0.8465,0.7913,38,50.0,0.924001
10,30,10,0.01,0.95,3.5,2.5,0.35,10847.97,8.4797,2.8938,3.6571,0.8465,0.7913,38,50.0,0.924001
5,30,14,0.03,0.5,3.5,2.5,0.15,13206.04,32.0604,10.2375,12.2338,1.034,0.8368,50,37.5,0.921276
5,30,14,0.03,0.5,3.5,2.5,0.25,13206.04,32.0604,10.2375,12.2338,1.034,0.8368,50,37.5,0.921276
5,30,14,0.03,0.5,3.5,2.5,0.35,13206.04,32.0604,10.2375,12.2338,1.034,0.8368,50,37.5,0.921276
5,30,14,0.03,0.75,3.5,2.5,0.15,13206.04,32.0604,10.2375,12.2338,1.034,0.8368,50,37.5,0.921276
5,30,14,0.03,0.75,3.5,2.5,0.25,13206.04,32.0604,10.2375,12.2338,1.034,0.8368,50,37.5,0.921276
5,30,14,0.03,0.75,3.5,2.5,0.35,13206.04,32.0604,10.2375,12.2338,1.034,0.8368,50,37.5,0.921276
5,30,14,0.03,0.95,3.5,2.5,0.15,13206.04,32.0604,10.2375,12.2338,1.034,0.8368,50,37.5,0.921276
5,30,14,0.03,0.95,3.5,2.5,0.25,13206.04,32.0604,10.2375,12.2338,1.034,0.8368,50,37.5,0.921276
5,30,14,0.03,0.95,3.5,2.5,0.35,13206.04,32.0604,10.2375,12.2338,1.034,0.8368,50,37.5,0.921276
5,120,10,0.02,0.5,2.5,3.5,0.15,12244.25,22.4425,8.4498,9.928,0.8242,0.8511,24,54.5455,0.916667
5,120,10,0.02,0.5,2.5,3.5,0.25,12244.25,22.4425,8.4498,9.928,0.8242,0.8511,24,54.5455,0.916667
5,120,10,0.02,0.5,2.5,3.5,0.35,12244.25,22.4425,8.4498,9.928,0.8242,0.8511,24,54.5455,0.916667
5,120,10,0.02,0.75,2.5,3.5,0.15,12244.25,22.4425,8.4498,9.928,0.8242,0.8511,24,54.5455,0.916667
5,120,10,0.02,0.75,2.5,3.5,0.25,12244.25,22.4425,8.4498,9.928,0.8242,0.8511,24,54.5455,0.916667
5,120,10,0.02,0.75,2.5,3.5,0.35,12244.25,22.4425,8.4498,9.928,0.8242,0.8511,24,54.5455,0.916667
5,120,10,0.02,0.95,2.5,3.5,0.15,12244.25,22.4425,8.4498,9.928,0.8242,0.8511,24,54.5455,0.916667
5,120,10,0.02,0.95,2.5,3.5,0.25,12244.25,22.4425,8.4498,9.928,0.8242,0.8511,24,54.5455,0.916667
5,120,10,0.02,0.95,2.5,3.5,0.35,12244.25,22.4425,8.4498,9.928,0.8242,0.8511,24,54.5455,0.916667
5,30,14,0.01,0.5,2.5,4.5,0.15,11570.77,15.7077,5.2465,6.6781,0.9802,0.7856,40,42.1053,0.914892
5,30,14,0.01,0.5,2.5,4.5,0.25,11570.77,15.7077,5.2465,6.6781,0.9802,0.7856,40,42.1053,0.914892
5,30,14,0.01,0.5,2.5,4.5,0.35,11570.77,15.7077,5.2465,6.6781,0.9802,0.7856,40,42.1053,0.914892
5,30,14,0.01,0.75,2.5,4.5,0.15,11570.77,15.7077,5.2465,6.6781,0.9802,0.7856,40,42.1053,0.914892
5,30,14,0.01,0.75,2.5,4.5,0.25,11570.77,15.7077,5.2465,6.6781,0.9802,0.7856,40,42.1053,0.914892
5,30,14,0.01,0.75,2.5,4.5,0.35,11570.77,15.7077,5.2465,6.6781,0.9802,0.7856,40,42.1053,0.914892
5,30,14,0.01,0.95,2.5,4.5,0.15,11570.77,15.7077,5.2465,6.6781,0.9802,0.7856,40,42.1053,0.914892
5,30,14,0.01,0.95,2.5,4.5,0.25,11570.77,15.7077,5.2465,6.6781,0.9802,0.7856,40,42.1053,0.914892
5,30,14,0.01,0.95,2.5,4.5,0.35,11570.77,15.7077,5.2465,6.6781,0.9802,0.7856,40,42.1053,0.914892
5,30,14,0.01,0.5,2.5,2.5,0.15,11351.53,13.5153,4.5432,5.8633,0.9853,0.7749,50,37.5,0.91328
5,30,14,0.01,0.5,2.5,2.5,0.25,11351.53,13.5153,4.5432,5.8633,0.9853,0.7749,50,37.5,0.91328
5,30,14,0.01,0.5,2.5,2.5,0.35,11351.53,13.5153,4.5432,5.8633,0.9853,0.7749,50,37.5,0.91328
5,30,14,0.01,0.75,2.5,2.5,0.15,11351.53,13.5153,4.5432,5.8633,0.9853,0.7749,50,37.5,0.91328
5,30,14,0.01,0.75,2.5,2.5,0.25,11351.53,13.5153,4.5432,5.8633,0.9853,0.7749,50,37.5,0.91328
5,30,14,0.01,0.75,2.5,2.5,0.35,11351.53,13.5153,4.5432,5.8633,0.9853,0.7749,50,37.5,0.91328
5,30,14,0.01,0.95,2.5,2.5,0.15,11351.53,13.5153,4.5432,5.8633,0.9853,0.7749,50,37.5,0.91328
5,30,14,0.01,0.95,2.5,2.5,0.25,11351.53,13.5153,4.5432,5.8633,0.9853,0.7749,50,37.5,0.91328
5,30,14,0.01,0.95,2.5,2.5,0.35,11351.53,13.5153,4.5432,5.8633,0.9853,0.7749,50,37.5,0.91328
5,30,14,0.01,0.5,1.5,4.5,0.15,12604.55,26.0455,8.451,10.3336,0.9693,0.8178,44,47.619,0.908335
5,30,14,0.01,0.5,1.5,4.5,0.25,12604.55,26.0455,8.451,10.3336,0.9693,0.8178,44,47.619,0.908335
5,30,14,0.01,0.5,1.5,4.5,0.35,12604.55,26.0455,8.451,10.3336,0.9693,0.8178,44,47.619,0.908335
5,30,14,0.01,0.75,1.5,4.5,0.15,12604.55,26.0455,8.451,10.3336,0.9693,0.8178,44,47.619,0.908335
5,30,14,0.01,0.75,1.5,4.5,0.25,12604.55,26.0455,8.451,10.3336,0.9693,0.8178,44,47.619,0.908335
5,30,14,0.01,0.75,1.5,4.5,0.35,12604.55,26.0455,8.451,10.3336,0.9693,0.8178,44,47.619,0.908335
5,30,14,0.01,0.95,1.5,4.5,0.15,12604.55,26.0455,8.451,10.3336,0.9693,0.8178,44,47.619,0.908335
5,30,14,0.01,0.95,1.5,4.5,0.25,12604.55,26.0455,8.451,10.3336,0.9693,0.8178,44,47.619,0.908335
5,30,14,0.01,0.95,1.5,4.5,0.35,12604.55,26.0455,8.451,10.3336,0.9693,0.8178,44,47.619,0.908335
5,30,20,0.02,0.5,1.5,2.5,0.25,14864.59,48.6459,14.9046,17.0192,1.0069,0.8758,56,44.4444,0.906938
5,30,20,0.02,0.5,1.5,2.5,0.35,14864.59,48.6459,14.9046,17.0192,1.0069,0.8758,56,44.4444,0.906938
5,30,20,0.02,0.75,1.5,2.5,0.25,14864.59,48.6459,14.9046,17.0192,1.0069,0.8758,56,44.4444,0.906938
5,30,20,0.02,0.75,1.5,2.5,0.35,14864.59,48.6459,14.9046,17.0192,1.0069,0.8758,56,44.4444,0.906938
5,30,20,0.02,0.95,1.5,2.5,0.25,14864.59,48.6459,14.9046,17.0192,1.0069,0.8758,56,44.4444,0.906938
5,30,20,0.02,0.95,1.5,2.5,0.35,14864.59,48.6459,14.9046,17.0192,1.0069,0.8758,56,44.4444,0.906938
5,30,20,0.02,0.5,3.5,4.5,0.15,12173.17,21.7317,7.1354,8.9246,0.9806,0.7995,40,42.1053,0.906393
5,30,20,0.02,0.5,3.5,4.5,0.25,12173.17,21.7317,7.1354,8.9246,0.9806,0.7995,40,42.1053,0.906393
5,30,20,0.02,0.5,3.5,4.5,0.35,12173.17,21.7317,7.1354,8.9246,0.9806,0.7995,40,42.1053,0.906393
5,30,20,0.02,0.75,3.5,4.5,0.15,12173.17,21.7317,7.1354,8.9246,0.9806,0.7995,40,42.1053,0.906393
5,30,20,0.02,0.75,3.5,4.5,0.25,12173.17,21.7317,7.1354,8.9246,0.9806,0.7995,40,42.1053,0.906393
5,30,20,0.02,0.75,3.5,4.5,0.35,12173.17,21.7317,7.1354,8.9246,0.9806,0.7995,40,42.1053,0.906393
5,30,20,0.02,0.95,3.5,4.5,0.15,12173.17,21.7317,7.1354,8.9246,0.9806,0.7995,40,42.1053,0.906393
5,30,20,0.02,0.95,3.5,4.5,0.25,12173.17,21.7317,7.1354,8.9246,0.9806,0.7995,40,42.1053,0.906393
5,30,20,0.02,0.95,3.5,4.5,0.35,12173.17,21.7317,7.1354,8.9246,0.9806,0.7995,40,42.1053,0.906393
5,120,10,0.03,0.5,2.5,3.5,0.15,13473.76,34.7376,12.6881,14.4315,0.8552,0.8792,24,54.5455,0.905924
5,120,10,0.03,0.5,2.5,3.5,0.25,13473.76,34.7376,12.6881,14.4315,0.8552,0.8792,24,54.5455,0.905924
5,120,10,0.03,0.5,2.5,3.5,0.35,13473.76,34.7376,12.6881,14.4315,0.8552,0.8792,24,54.5455,0.905924
5,120,10,0.03,0.75,2.5,3.5,0.15,13473.76,34.7376,12.6881,14.4315,0.8552,0.8792,24,54.5455,0.905924
5,120,10,0.03,0.75,2.5,3.5,0.25,13473.76,34.7376,12.6881,14.4315,0.8552,0.8792,24,54.5455,0.905924
5,120,10,0.03,0.75,2.5,3.5,0.35,13473.76,34.7376,12.6881,14.4315,0.8552,0.8792,24,54.5455,0.905924
5,120,10,0.03,0.95,2.5,3.5,0.15,13473.76,34.7376,12.6881,14.4315,0.8552,0.8792,24,54.5455,0.905924
5,120,10,0.03,0.95,2.5,3.5,0.25,13473.76,34.7376,12.6881,14.4315,0.8552,0.8792,24,54.5455,0.905924
5,120,10,0.03,0.95,2.5,3.5,0.35,13473.76,34.7376,12.6881,14.4315,0.8552,0.8792,24,54.5455,0.905924
5,30,20,0.03,0.5,3.5,4.5,0.15,13406.95,34.0695,10.8224,12.9623,1.0022,0.8349,40,42.1053,0.905729
5,30,20,0.03,0.5,3.5,4.5,0.25,13406.95,34.0695,10.8224,12.9623,1.0022,0.8349,40,42.1053,0.905729
5,30,20,0.03,0.5,3.5,4.5,0.35,13406.95,34.0695,10.8224,12.9623,1.0022,0.8349,40,42.1053,0.905729
5,30,20,0.03,0.75,3.5,4.5,0.15,13406.95,34.0695,10.8224,12.9623,1.0022,0.8349,40,42.1053,0.905729
5,30,20,0.03,0.75,3.5,4.5,0.25,13406.95,34.0695,10.8224,12.9623,1.0022,0.8349,40,42.1053,0.905729
5,30,20,0.03,0.75,3.5,4.5,0.35,13406.95,34.0695,10.8224,12.9623,1.0022,0.8349,40,42.1053,0.905729
5,30,20,0.03,0.95,3.5,4.5,0.15,13406.95,34.0695,10.8224,12.9623,1.0022,0.8349,40,42.1053,0.905729
5,30,20,0.03,0.95,3.5,4.5,0.25,13406.95,34.0695,10.8224,12.9623,1.0022,0.8349,40,42.1053,0.905729
5,30,20,0.03,0.95,3.5,4.5,0.35,13406.95,34.0695,10.8224,12.9623,1.0022,0.8349,40,42.1053,0.905729
5,120,20,0.01,0.5,1.5,3.5,0.15,11980.1,19.801,7.5063,9.0841,0.8487,0.8263,30,42.8571,0.905216
5,120,20,0.01,0.5,1.5,3.5,0.25,11980.1,19.801,7.5063,9.0841,0.8487,0.8263,30,42.8571,0.905216
5,120,20,0.01,0.5,1.5,3.5,0.35,11980.1,19.801,7.5063,9.0841,0.8487,0.8263,30,42.8571,0.905216
5,120,20,0.01,0.75,1.5,3.5,0.15,11980.1,19.801,7.5063,9.0841,0.8487,0.8263,30,42.8571,0.905216
5,120,20,0.01,0.75,1.5,3.5,0.25,11980.1,19.801,7.5063,9.0841,0.8487,0.8263,30,42.8571,0.905216
5,120,20,0.01,0.75,1.5,3.5,0.35,11980.1,19.801,7.5063,9.0841,0.8487,0.8263,30,42.8571,0.905216
5,120,20,0.01,0.95,1.5,3.5,0.15,11980.1,19.801,7.5063,9.0841,0.8487,0.8263,30,42.8571,0.905216
5,120,20,0.01,0.95,1.5,3.5,0.25,11980.1,19.801,7.5063,9.0841,0.8487,0.8263,30,42.8571,0.905216
5,120,20,0.01,0.95,1.5,3.5,0.35,11980.1,19.801,7.5063,9.0841,0.8487,0.8263,30,42.8571,0.905216
5,30,10,0.01,0.5,1.5,4.5,0.15,12660.6,26.606,8.6198,10.6276,0.9839,0.8111,44,47.619,0.901579
5,30,10,0.01,0.5,1.5,4.5,0.25,12660.6,26.606,8.6198,10.6276,0.9839,0.8111,44,47.619,0.901579
5,30,10,0.01,0.5,1.5,4.5,0.35,12660.6,26.606,8.6198,10.6276,0.9839,0.8111,44,47.619,0.901579
5,30,10,0.01,0.75,1.5,4.5,0.15,12660.6,26.606,8.6198,10.6276,0.9839,0.8111,44,47.619,0.901579
5,30,10,0.01,0.75,1.5,4.5,0.25,12660.6,26.606,8.6198,10.6276,0.9839,0.8111,44,47.619,0.901579
5,30,10,0.01,0.75,1.5,4.5,0.35,12660.6,26.606,8.6198,10.6276,0.9839,0.8111,44,47.619,0.901579
5,30,10,0.01,0.95,1.5,4.5,0.15,12660.6,26.606,8.6198,10.6276,0.9839,0.8111,44,47.619,0.901579
5,30,10,0.01,0.95,1.5,4.5,0.25,12660.6,26.606,8.6198,10.6276,0.9839,0.8111,44,47.619,0.901579
5,30,10,0.01,0.95,1.5,4.5,0.35,12660.6,26.606,8.6198,10.6276,0.9839,0.8111,44,47.619,0.901579
5,30,10,0.01,0.5,2.5,4.5,0.15,11588.03,15.8803,5.3015,6.8944,0.9954,0.769,40,42.1053,0.899096
5,30,10,0.01,0.5,2.5,4.5,0.25,11588.03,15.8803,5.3015,6.8944,0.9954,0.769,40,42.1053,0.899096
5,30,10,0.01,0.5,2.5,4.5,0.35,11588.03,15.8803,5.3015,6.8944,0.9954,0.769,40,42.1053,0.899096
5,30,10,0.01,0.75,2.5,4.5,0.15,11588.03,15.8803,5.3015,6.8944,0.9954,0.769,40,42.1053,0.899096
5,30,10,0.01,0.75,2.5,4.5,0.25,11588.03,15.8803,5.3015,6.8944,0.9954,0.769,40,42.1053,0.899096
5,30,10,0.01,0.75,2.5,4.5,0.35,11588.03,15.8803,5.3015,6.8944,0.9954,0.769,40,42.1053,0.899096
5,30,10,0.01,0.95,2.5,4.5,0.15,11588.03,15.8803,5.3015,6.8944,0.9954,0.769,40,42.1053,0.899096
5,30,10,0.01,0.95,2.5,4.5,0.25,11588.03,15.8803,5.3015,6.8944,0.9954,0.769,40,42.1053,0.899096
5,30,10,0.01,0.95,2.5,4.5,0.35,11588.03,15.8803,5.3015,6.8944,0.9954,0.769,40,42.1053,0.899096
5,30,14,0.03,0.5,1.5,2.5,0.25,17988.36,79.8836,22.8489,24.4808,1.0481,0.9333,54,42.3077,0.898147
5,30,14,0.03,0.5,1.5,2.5,0.35,17988.36,79.8836,22.8489,24.4808,1.0481,0.9333,54,42.3077,0.898147
5,30,14,0.03,0.75,1.5,2.5,0.25,17988.36,79.8836,22.8489,24.4808,1.0481,0.9333,54,42.3077,0.898147
5,30,14,0.03,0.75,1.5,2.5,0.35,17988.36,79.8836,22.8489,24.4808,1.0481,0.9333,54,42.3077,0.898147
5,30,14,0.03,0.95,1.5,2.5,0.25,17988.36,79.8836,22.8489,24.4808,1.0481,0.9333,54,42.3077,0.898147
5,30,14,0.03,0.95,1.5,2.5,0.35,17988.36,79.8836,22.8489,24.4808,1.0481,0.9333,54,42.3077,0.898147
5,30,14,0.03,0.5,2.5,2.5,0.25,14650.74,46.5074,14.3225,16.781,1.0474,0.8535,50,37.5,0.895161
5,30,14,0.03,0.5,2.5,2.5,0.35,14650.74,46.5074,14.3225,16.781,1.0474,0.8535,50,37.5,0.895161
5,30,14,0.03,0.75,2.5,2.5,0.25,14650.74,46.5074,14.3225,16.781,1.0474,0.8535,50,37.5,0.895161
5,30,14,0.03,0.75,2.5,2.5,0.35,14650.74,46.5074,14.3225,16.781,1.0474,0.8535,50,37.5,0.895161
5,30,14,0.03,0.95,2.5,2.5,0.25,14650.74,46.5074,14.3225,16.781,1.0474,0.8535,50,37.5,0.895161
5,30,14,0.03,0.95,2.5,2.5,0.35,14650.74,46.5074,14.3225,16.781,1.0474,0.8535,50,37.5,0.895161
10,30,14,0.02,0.5,3.5,2.5,0.15,11686.03,16.8603,5.6128,7.1738,0.8898,0.7824,42,45.0,0.888609
10,30,14,0.02,0.5,3.5,2.5,0.25,11686.03,16.8603,5.6128,7.1738,0.8898,0.7824,42,45.0,0.888609
10,30,14,0.02,0.5,3.5,2.5,0.35,11686.03,16.8603,5.6128,7.1738,0.8898,0.7824,42,45.0,0.888609
10,30,14,0.02,0.75,3.5,2.5,0.15,11686.03,16.8603,5.6128,7.1738,0.8898,0.7824,42,45.0,0.888609
10,30,14,0.02,0.75,3.5,2.5,0.25,11686.03,16.8603,5.6128,7.1738,0.8898,0.7824,42,45.0,0.888609
10,30,14,0.02,0.75,3.5,2.5,0.35,11686.03,16.8603,5.6128,7.1738,0.8898,0.7824,42,45.0,0.888609
10,30,14,0.02,0.95,3.5,2.5,0.15,11686.03,16.8603,5.6128,7.1738,0.8898,0.7824,42,45.0,0.888609
10,30,14,0.02,0.95,3.5,2.5,0.25,11686.03,16.8603,5.6128,7.1738,0.8898,0.7824,42,45.0,0.888609
10,30,14,0.02,0.95,3.5,2.5,0.35,11686.03,16.8603,5.6128,7.1738,0.8898,0.7824,42,45.0,0.888609
5,30,20,0.01,0.5,3.5,3.5,0.15,10924.98,9.2498,3.1492,4.1792,0.8795,0.7535,44,42.8571,0.887648
5,30,20,0.01,0.5,3.5,3.5,0.25,10924.98,9.2498,3.1492,4.1792,0.8795,0.7535,44,42.8571,0.887648
5,30,20,0.01,0.5,3.5,3.5,0.35,10924.98,9.2498,3.1492,4.1792,0.8795,0.7535,44,42.8571,0.887648
5,30,20,0.01,0.75,3.5,3.5,0.15,10924.98,9.2498,3.1492,4.1792,0.8795,0.7535,44,42.8571,0.887648
5,30,20,0.01,0.75,3.5,3.5,0.25,10924.98,9.2498,3.1492,4.1792,0.8795,0.7535,44,42.8571,0.887648
5,30,20,0.01,0.75,3.5,3.5,0.35,10924.98,9.2498,3.1492,4.1792,0.8795,0.7535,44,42.8571,0.887648
5,30,20,0.01,0.95,3.5,3.5,0.15,10924.98,9.2498,3.1492,4.1792,0.8795,0.7535,44,42.8571,0.887648
5,30,20,0.01,0.95,3.5,3.5,0.25,10924.98,9.2498,3.1492,4.1792,0.8795,0.7535,44,42.8571,0.887648
5,30,20,0.01,0.95,3.5,3.5,0.35,10924.98,9.2498,3.1492,4.1792,0.8795,0.7535,44,42.8571,0.887648
5,120,14,0.01,0.5,3.5,3.5,0.15,10776.83,7.7683,3.0427,3.9642,0.7845,0.7675,24,54.5455,0.884801
5,120,14,0.01,0.5,3.5,3.5,0.25,10776.83,7.7683,3.0427,3.9642,0.7845,0.7675,24,54.5455,0.884801
5,120,14,0.01,0.5,3.5,3.5,0.35,10776.83,7.7683,3.0427,3.9642,0.7845,0.7675,24,54.5455,0.884801
5,120,14,0.01,0.75,3.5,3.5,0.15,10776.83,7.7683,3.0427,3.9642,0.7845,0.7675,24,54.5455,0.884801
5,120,14,0.01,0.75,3.5,3.5,0.25,10776.83,7.7683,3.0427,3.9642,0.7845,0.7675,24,54.5455,0.884801
5,120,14,0.01,0.75,3.5,3.5,0.35,10776.83,7.7683,3.0427,3.9642,0.7845,0.7675,24,54.5455,0.884801
5,120,14,0.01,0.95,3.5,3.5,0.15,10776.83,7.7683,3.0427,3.9642,0.7845,0.7675,24,54.5455,0.884801
5,120,14,0.01,0.95,3.5,3.5,0.25,10776.83,7.7683,3.0427,3.9642,0.7845,0.7675,24,54.5455,0.884801
5,120,14,0.01,0.95,3.5,3.5,0.35,10776.83,7.7683,3.0427,3.9642,0.7845,0.7675,24,54.5455,0.884801
5,30,20,0.02,0.5,2.5,4.5,0.15,13151.23,31.5123,10.0769,12.4784,0.999,0.8075,40,42.1053,0.882555
5,30,20,0.02,0.5,2.5,4.5,0.25,13151.23,31.5123,10.0769,12.4784,0.999,0.8075,40,42.1053,0.882555
5,30,20,0.02,0.5,2.5,4.5,0.35,13151.23,31.5123,10.0769,12.4784,0.999,0.8075,40,42.1053,0.882555
5,30,20,0.02,0.75,2.5,4.5,0.15,13151.23,31.5123,10.0769,12.4784,0.999,0.8075,40,42.1053,0.882555
5,30,20,0.02,0.75,2.5,4.5,0.25,13151.23,31.5123,10.0769,12.4784,0.999,0.8075,40,42.1053,0.882555
5,30,20,0.02,0.75,2.5,4.5,0.35,13151.23,31.5123,10.0769,12.4784,0.999,0.8075,40,42.1053,0.882555
5,30,20,0.02,0.95,2.5,4.5,0.15,13151.23,31.5123,10.0769,12.4784,0.999,0.8075,40,42.1053,0.882555
5,30,20,0.02,0.95,2.5,4.5,0.25,13151.23,31.5123,10.0769,12.4784,0.999,0.8075,40,42.1053,0.882555
5,30,20,0.02,0.95,2.5,4.5,0.35,13151.23,31.5123,10.0769,12.4784,0.999,0.8075,40,42.1053,0.882555
5,30,20,0.01,0.5,2.5,4.5,0.15,11438.93,14.3893,4.8246,6.3949,0.9497,0.7544,40,42.1053,0.88044
5,30,20,0.01,0.5,2.5,4.5,0.25,11438.93,14.3893,4.8246,6.3949,0.9497,0.7544,40,42.1053,0.88044
5,30,20,0.01,0.5,2.5,4.5,0.35,11438.93,14.3893,4.8246,6.3949,0.9497,0.7544,40,42.1053,0.88044
5,30,20,0.01,0.75,2.5,4.5,0.15,11438.93,14.3893,4.8246,6.3949,0.9497,0.7544,40,42.1053,0.88044
5,30,20,0.01,0.75,2.5,4.5,0.25,11438.93,14.3893,4.8246,6.3949,0.9497,0.7544,40,42.1053,0.88044
5,30,20,0.01,0.75,2.5,4.5,0.35,11438.93,14.3893,4.8246,6.3949,0.9497,0.7544,40,42.1053,0.88044
5,30,20,0.01,0.95,2.5,4.5,0.15,11438.93,14.3893,4.8246,6.3949,0.9497,0.7544,40,42.1053,0.88044
5,30,20,0.01,0.95,2.5,4.5,0.25,11438.93,14.3893,4.8246,6.3949,0.9497,0.7544,40,42.1053,0.88044
5,30,20,0.01,0.95,2.5,4.5,0.35,11438.93,14.3893,4.8246,6.3949,0.9497,0.7544,40,42.1053,0.88044
5,120,14,0.03,0.5,3.5,3.5,0.15,12471.79,24.7179,9.2528,11.255,0.8243,0.8221,24,54.5455,0.87441
5,120,14,0.03,0.5,3.5,3.5,0.25,12471.79,24.7179,9.2528,11.255,0.8243,0.8221,24,54.5455,0.87441
5,120,14,0.03,0.5,3.5,3.5,0.35,12471.79,24.7179,9.2528,11.255,0.8243,0.8221,24,54.5455,0.87441
5,120,14,0.03,0.75,3.5,3.5,0.15,12471.79,24.7179,9.2528,11.255,0.8243,0.8221,24,54.5455,0.87441
5,120,14,0.03,0.75,3.5,3.5,0.25,12471.79,24.7179,9.2528,11.255,0.8243,0.8221,24,54.5455,0.87441
5,120,14,0.03,0.75,3.5,3.5,0.35,12471.79,24.7179,9.2528,11.255,0.8243,0.8221,24,54.5455,0.87441
5,120,14,0.03,0.95,3.5,3.5,0.15,12471.79,24.7179,9.2528,11.255,0.8243,0.8221,24,54.5455,0.87441
5,120,14,0.03,0.95,3.5,3.5,0.25,12471.79,24.7179,9.2528,11.255,0.8243,0.8221,24,54.5455,0.87441
5,120,14,0.03,0.95,3.5,3.5,0.35,12471.79,24.7179,9.2528,11.255,0.8243,0.8221,24,54.5455,0.87441
10,30,14,0.03,0.5,3.5,2.5,0.15,12623.41,26.2341,8.5078,10.6572,0.9058,0.7983,42,45.0,0.872908
10,30,14,0.03,0.5,3.5,2.5,0.25,12623.41,26.2341,8.5078,10.6572,0.9058,0.7983,42,45.0,0.872908
10,30,14,0.03,0.5,3.5,2.5,0.35,12623.41,26.2341,8.5078,10.6572,0.9058,0.7983,42,45.0,0.872908
10,30,14,0.03,0.75,3.5,2.5,0.15,12623.41,26.2341,8.5078,10.6572,0.9058,0.7983,42,45.0,0.872908
10,30,14,0.03,0.75,3.5,2.5,0.25,12623.41,26.2341,8.5078,10.6572,0.9058,0.7983,42,45.0,0.872908
10,30,14,0.03,0.75,3.5,2.5,0.35,12623.41,26.2341,8.5078,10.6572,0.9058,0.7983,42,45.0,0.872908
10,30,14,0.03,0.95,3.5,2.5,0.15,12623.41,26.2341,8.5078,10.6572,0.9058,0.7983,42,45.0,0.872908
10,30,14,0.03,0.95,3.5,2.5,0.25,12623.41,26.2341,8.5078,10.6572,0.9058,0.7983,42,45.0,0.872908
10,30,14,0.03,0.95,3.5,2.5,0.35,12623.41,26.2341,8.5078,10.6572,0.9058,0.7983,42,45.0,0.872908
10,30,14,0.01,0.5,2.5,2.5,0.15,11155.93,11.5593,3.9083,5.2249,0.8821,0.748,42,45.0,0.872184
10,30,14,0.01,0.5,2.5,2.5,0.25,11155.93,11.5593,3.9083,5.2249,0.8821,0.748,42,45.0,0.872184
10,30,14,0.01,0.5,2.5,2.5,0.35,11155.93,11.5593,3.9083,5.2249,0.8821,0.748,42,45.0,0.872184
10,30,14,0.01,0.75,2.5,2.5,0.15,11155.93,11.5593,3.9083,5.2249,0.8821,0.748,42,45.0,0.872184
10,30,14,0.01,0.75,2.5,2.5,0.25,11155.93,11.5593,3.9083,5.2249,0.8821,0.748,42,45.0,0.872184
10,30,14,0.01,0.75,2.5,2.5,0.35,11155.93,11.5593,3.9083,5.2249,0.8821,0.748,42,45.0,0.872184
10,30,14,0.01,0.95,2.5,2.5,0.15,11155.93,11.5593,3.9083,5.2249,0.8821,0.748,42,45.0,0.872184
10,30,14,0.01,0.95,2.5,2.5,0.25,11155.93,11.5593,3.9083,5.2249,0.8821,0.748,42,45.0,0.872184
10,30,14,0.01,0.95,2.5,2.5,0.35,11155.93,11.5593,3.9083,5.2249,0.8821,0.748,42,45.0,0.872184
5,120,10,0.01,0.5,3.5,3.5,0.15,10743.24,7.4324,2.9139,3.8657,0.7838,0.7538,24,54.5455,0.871869
5,120,10,0.01,0.5,3.5,3.5,0.25,10743.24,7.4324,2.9139,3.8657,0.7838,0.7538,24,54.5455,0.871869
5,120,10,0.01,0.5,3.5,3.5,0.35,10743.24,7.4324,2.9139,3.8657,0.7838,0.7538,24,54.5455,0.871869
5,120,10,0.01,0.75,3.5,3.5,0.15,10743.24,7.4324,2.9139,3.8657,0.7838,0.7538,24,54.5455,0.871869
5,120,10,0.01,0.75,3.5,3.5,0.25,10743.24,7.4324,2.9139,3.8657,0.7838,0.7538,24,54.5455,0.871869
5,120,10,0.01,0.75,3.5,3.5,0.35,10743.24,7.4324,2.9139,3.8657,0.7838,0.7538,24,54.5455,0.871869
5,120,10,0.01,0.95,3.5,3.5,0.15,10743.24,7.4324,2.9139,3.8657,0.7838,0.7538,24,54.5455,0.871869
5,120,10,0.01,0.95,3.5,3.5,0.25,10743.24,7.4324,2.9139,3.8657,0.7838,0.7538,24,54.5455,0.871869
5,120,10,0.01,0.95,3.5,3.5,0.35,10743.24,7.4324,2.9139,3.8657,0.7838,0.7538,24,54.5455,0.871869
5,30,20,0.03,0.5,1.5,2.5,0.25,17754.64,77.5464,22.2871,24.5023,1.0322,0.9096,56,44.4444,0.871016
5,30,20,0.03,0.5,1.5,2.5,0.35,17754.64,77.5464,22.2871,24.5023,1.0322,0.9096,56,44.4444,0.871016
5,30,20,0.03,0.75,1.5,2.5,0.25,17754.64,77.5464,22.2871,24.5023,1.0322,0.9096,56,44.4444,0.871016
5,30,20,0.03,0.75,1.5,2.5,0.35,17754.64,77.5464,22.2871,24.5023,1.0322,0.9096,56,44.4444,0.871016
5,30,20,0.03,0.95,1.5,2.5,0.25,17754.64,77.5464,22.2871,24.5023,1.0322,0.9096,56,44.4444,0.871016
5,30,20,0.03,0.95,1.5,2.5,0.35,17754.64,77.5464,22.2871,24.5023,1.0322,0.9096,56,44.4444,0.871016
5,30,10,0.02,0.5,1.5,4.5,0.25,15746.77,57.4677,17.25,19.9695,1.0224,0.8638,44,47.619,0.868604
5,30,10,0.02,0.5,1.5,4.5,0.35,15746.77,57.4677,17.25,19.9695,1.0224,0.8638,44,47.619,0.868604
5,30,10,0.02,0.75,1.5,4.5,0.25,15746.77,57.4677,17.25,19.9695,1.0224,0.8638,44,47.619,0.868604
5,30,10,0.02,0.75,1.5,4.5,0.35,15746.77,57.4677,17.25,19.9695,1.0224,0.8638,44,47.619,0.868604
5,30,10,0.02,0.95,1.5,4.5,0.25,15746.77,57.4677,17.25,19.9695,1.0224,0.8638,44,47.619,0.868604
5,30,10,0.02,0.95,1.5,4.5,0.35,15746.77,57.4677,17.25,19.9695,1.0224,0.8638,44,47.619,0.868604
5,30,14,0.02,0.5,1.5,4.5,0.25,15634.07,56.3407,16.9552,19.6499,1.0076,0.8629,44,47.619,0.867885
5,30,14,0.02,0.5,1.5,4.5,0.35,15634.07,56.3407,16.9552,19.6499,1.0076,0.8629,44,47.619,0.867885
5,30,14,0.02,0.75,1.5,4.5,0.25,15634.07,56.3407,16.9552,19.6499,1.0076,0.8629,44,47.619,0.867885
5,30,14,0.02,0.75,1.5,4.5,0.35,15634.07,56.3407,16.9552,19.6499,1.0076,0.8629,44,47.619,0.867885
5,30,14,0.02,0.95,1.5,4.5,0.25,15634.07,56.3407,16.9552,19.6499,1.0076,0.8629,44,47.619,0.867885
5,30,14,0.02,0.95,1.5,4.5,0.35,15634.07,56.3407,16.9552,19.6499,1.0076,0.8629,44,47.619,0.867885
5,30,14,0.02,0.5,3.5,4.5,0.15,12275.34,22.7534,7.4497,9.7168,0.9872,0.7667,40,42.1053,0.866942
5,30,14,0.02,0.5,3.5,4.5,0.25,12275.34,22.7534,7.4497,9.7168,0.9872,0.7667,40,42.1053,0.866942
5,30,14,0.02,0.5,3.5,4.5,0.35,12275.34,22.7534,7.4497,9.7168,0.9872,0.7667,40,42.1053,0.866942
5,30,14,0.02,0.75,3.5,4.5,0.15,12275.34,22.7534,7.4497,9.7168,0.9872,0.7667,40,42.1053,0.866942
5,30,14,0.02,0.75,3.5,4.5,0.25,12275.34,22.7534,7.4497,9.7168,0.9872,0.7667,40,42.1053,0.866942
5,30,14,0.02,0.75,3.5,4.5,0.35,12275.34,22.7534,7.4497,9.7168,0.9872,0.7667,40,42.1053,0.866942
5,30,14,0.02,0.95,3.5,4.5,0.15,12275.34,22.7534,7.4497,9.7168,0.9872,0.7667,40,42.1053,0.866942
5,30,14,0.02,0.95,3.5,4.5,0.25,12275.34,22.7534,7.4497,9.7168,0.9872,0.7667,40,42.1053,0.866942
5,30,14,0.02,0.95,3.5,4.5,0.35,12275.34,22.7534,7.4497,9.7168,0.9872,0.7667,40,42.1053,0.866942
5,30,20,0.01,0.5,2.5,3.5,0.15,11317.56,13.1756,4.4335,5.916,0.8817,0.7494,44,42.8571,0.866575
5,30,20,0.01,0.5,2.5,3.5,0.25,11317.56,13.1756,4.4335,5.916,0.8817,0.7494,44,42.8571,0.866575
5,30,20,0.01,0.5,2.5,3.5,0.35,11317.56,13.1756,4.4335,5.916,0.8817,0.7494,44,42.8571,0.866575
5,30,20,0.01,0.75,2.5,3.5,0.15,11317.56,13.1756,4.4335,5.916,0.8817,0.7494,44,42.8571,0.866575
5,30,20,0.01,0.75,2.5,3.5,0.25,11317.56,13.1756,4.4335,5.916,0.8817,0.7494,44,42.8571,0.866575
5,30,20,0.01,0.75,2.5,3.5,0.35,11317.56,13.1756,4.4335,5.916,0.8817,0.7494,44,42.8571,0.866575
5,30,20,0.01,0.95,2.5,3.5,0.15,11317.56,13.1756,4.4335,5.916,0.8817,0.7494,44,42.8571,0.866575
5,30,20,0.01,0.95,2.5,3.5,0.25,11317.56,13.1756,4.4335,5.916,0.8817,0.7494,44,42.8571,0.866575
5,30,20,0.01,0.95,2.5,3.5,0.35,11317.56,13.1756,4.4335,5.916,0.8817,0.7494,44,42.8571,0.866575
5,30,20,0.02,0.5,3.5,3.5,0.15,11939.87,19.3987,6.4112,8.369,0.9025,0.7661,44,42.8571,0.862871
5,30,20,0.02,0.5,3.5,3.5,0.25,11939.87,19.3987,6.4112,8.369,0.9025,0.7661,44,42.8571,0.862871
5,30,20,0.02,0.5,3.5,3.5,0.35,11939.87,19.3987,6.4112,8.369,0.9025,0.7661,44,42.8571,0.862871
5,30,20,0.02,0.75,3.5,3.5,0.15,11939.87,19.3987,6.4112,8.369,0.9025,0.7661,44,42.8571,0.862871
5,30,20,0.02,0.75,3.5,3.5,0.25,11939.87,19.3987,6.4112,8.369,0.9025,0.7661,44,42.8571,0.862871
5,30,20,0.02,0.75,3.5,3.5,0.35,11939.87,19.3987,6.4112,8.369,0.9025,0.7661,44,42.8571,0.862871
5,30,20,0.02,0.95,3.5,3.5,0.15,11939.87,19.3987,6.4112,8.369,0.9025,0.7661,44,42.8571,0.862871
5,30,20,0.02,0.95,3.5,3.5,0.25,11939.87,19.3987,6.4112,8.369,0.9025,0.7661,44,42.8571,0.862871
5,30,20,0.02,0.95,3.5,3.5,0.35,11939.87,19.3987,6.4112,8.369,0.9025,0.7661,44,42.8571,0.862871
5,30,14,0.02,0.5,2.5,4.5,0.15,13282.02,32.8202,10.4593,13.2085,0.9969,0.7919,40,42.1053,0.859156
5,30,14,0.02,0.5,2.5,4.5,0.25,13282.02,32.8202,10.4593,13.2085,0.9969,0.7919,40,42.1053,0.859156
5,30,14,0.02,0.5,2.5,4.5,0.35,13282.02,32.8202,10.4593,13.2085,0.9969,0.7919,40,42.1053,0.859156
5,30,14,0.02,0.75,2.5,4.5,0.15,13282.02,32.8202,10.4593,13.2085,0.9969,0.7919,40,42.1053,0.859156
5,30,14,0.02,0.75,2.5,4.5,0.25,13282.02,32.8202,10.4593,13.2085,0.9969,0.7919,40,42.1053,0.859156
5,30,14,0.02,0.75,2.5,4.5,0.35,13282.02,32.8202,10.4593,13.2085,0.9969,0.7919,40,42.1053,0.859156
5,30,14,0.02,0.95,2.5,4.5,0.15,13282.02,32.8202,10.4593,13.2085,0.9969,0.7919,40,42.1053,0.859156
5,30,14,0.02,0.95,2.5,4.5,0.25,13282.02,32.8202,10.4593,13.2085,0.9969,0.7919,40,42.1053,0.859156
5,30,14,0.02,0.95,2.5,4.5,0.35,13282.02,32.8202,10.4593,13.2085,0.9969,0.7919,40,42.1053,0.859156
5,30,20,0.03,0.5,3.5,3.5,0.15,13063.83,30.6383,9.8199,12.3446,0.9295,0.7955,44,42.8571,0.857944
5,30,20,0.03,0.5,3.5,3.5,0.25,13063.83,30.6383,9.8199,12.3446,0.9295,0.7955,44,42.8571,0.857944
5,30,20,0.03,0.5,3.5,3.5,0.35,13063.83,30.6383,9.8199,12.3446,0.9295,0.7955,44,42.8571,0.857944
5,30,20,0.03,0.75,3.5,3.5,0.15,13063.83,30.6383,9.8199,12.3446,0.9295,0.7955,44,42.8571,0.857944
5,30,20,0.03,0.75,3.5,3.5,0.25,13063.83,30.6383,9.8199,12.3446,0.9295,0.7955,44,42.8571,0.857944
5,30,20,0.03,0.75,3.5,3.5,0.35,13063.83,30.6383,9.8199,12.3446,0.9295,0.7955,44,42.8571,0.857944
5,30,20,0.03,0.95,3.5,3.5,0.15,13063.83,30.6383,9.8199,12.3446,0.9295,0.7955,44,42.8571,0.857944
5,30,20,0.03,0.95,3.5,3.5,0.25,13063.83,30.6383,9.8199,12.3446,0.9295,0.7955,44,42.8571,0.857944
5,30,20,0.03,0.95,3.5,3.5,0.35,13063.83,30.6383,9.8199,12.3446,0.9295,0.7955,44,42.8571,0.857944
5,120,20,0.02,0.5,1.5,3.5,0.25,14079.69,40.7969,14.6916,17.2437,0.8812,0.852,30,42.8571,0.855803
5,120,20,0.02,0.5,1.5,3.5,0.35,14079.69,40.7969,14.6916,17.2437,0.8812,0.852,30,42.8571,0.855803
5,120,20,0.02,0.75,1.5,3.5,0.25,14079.69,40.7969,14.6916,17.2437,0.8812,0.852,30,42.8571,0.855803
5,120,20,0.02,0.75,1.5,3.5,0.35,14079.69,40.7969,14.6916,17.2437,0.8812,0.852,30,42.8571,0.855803
5,120,20,0.02,0.95,1.5,3.5,0.25,14079.69,40.7969,14.6916,17.2437,0.8812,0.852,30,42.8571,0.855803
5,120,20,0.02,0.95,1.5,3.5,0.35,14079.69,40.7969,14.6916,17.2437,0.8812,0.852,30,42.8571,0.855803
5,120,14,0.02,0.5,3.5,3.5,0.15,11539.94,15.3994,5.9061,7.6255,0.7819,0.7745,24,54.5455,0.854637
5,120,14,0.02,0.5,3.5,3.5,0.25,11539.94,15.3994,5.9061,7.6255,0.7819,0.7745,24,54.5455,0.854637
5,120,14,0.02,0.5,3.5,3.5,0.35,11539.94,15.3994,5.9061,7.6255,0.7819,0.7745,24,54.5455,0.854637
5,120,14,0.02,0.75,3.5,3.5,0.15,11539.94,15.3994,5.9061,7.6255,0.7819,0.7745,24,54.5455,0.854637
5,120,14,0.02,0.75,3.5,3.5,0.25,11539.94,15.3994,5.9061,7.6255,0.7819,0.7745,24,54.5455,0.854637
5,120,14,0.02,0.75,3.5,3.5,0.35,11539.94,15.3994,5.9061,7.6255,0.7819,0.7745,24,54.5455,0.854637
5,120,14,0.02,0.95,3.5,3.5,0.15,11539.94,15.3994,5.9061,7.6255,0.7819,0.7745,24,54.5455,0.854637
5,120,14,0.02,0.95,3.5,3.5,0.25,11539.94,15.3994,5.9061,7.6255,0.7819,0.7745,24,54.5455,0.854637
5,120,14,0.02,0.95,3.5,3.5,0.35,11539.94,15.3994,5.9061,7.6255,0.7819,0.7745,24,54.5455,0.854637
10,30,10,0.01,0.5,1.5,2.5,0.15,12045.9,20.459,6.7414,8.7318,0.8493,0.7721,40,47.3684,0.854596
10,30,10,0.01,0.5,1.5,2.5,0.25,12045.9,20.459,6.7414,8.7318,0.8493,0.7721,40,47.3684,0.854596
10,30,10,0.01,0.5,1.5,2.5,0.35,12045.9,20.459,6.7414,8.7318,0.8493,0.7721,40,47.3684,0.854596
10,30,10,0.01,0.75,1.5,2.5,0.15,12045.9,20.459,6.7414,8.7318,0.8493,0.7721,40,47.3684,0.854596
10,30,10,0.01,0.75,1.5,2.5,0.25,12045.9,20.459,6.7414,8.7318,0.8493,0.7721,40,47.3684,0.854596
10,30,10,0.01,0.75,1.5,2.5,0.35,12045.9,20.459,6.7414,8.7318,0.8493,0.7721,40,47.3684,0.854596
10,30,10,0.01,0.95,1.5,2.5,0.15,12045.9,20.459,6.7414,8.7318,0.8493,0.7721,40,47.3684,0.854596
10,30,10,0.01,0.95,1.5,2.5,0.25,12045.9,20.459,6.7414,8.7318,0.8493,0.7721,40,47.3684,0.854596
10,30,10,0.01,0.95,1.5,2.5,0.35,12045.9,20.459,6.7414,8.7318,0.8493,0.7721,40,47.3684,0.854596
5,30,10,0.02,0.5,2.5,4.5,0.15,13316.94,33.1694,10.561,13.4499,1.007,0.7852,40,42.1053,0.852112
5,30,10,0.02,0.5,2.5,4.5,0.25,13316.94,33.1694,10.561,13.4499,1.007,0.7852,40,42.1053,0.852112
5,30,10,0.02,0.5,2.5,4.5,0.35,13316.94,33.1694,10.561,13.4499,1.007,0.7852,40,42.1053,0.852112
5,30,10,0.02,0.75,2.5,4.5,0.15,13316.94,33.1694,10.561,13.4499,1.007,0.7852,40,42.1053,0.852112
5,30,10,0.02,0.75,2.5,4.5,0.25,13316.94,33.1694,10.561,13.4499,1.007,0.7852,40,42.1053,0.852112
5,30,10,0.02,0.75,2.5,4.5,0.35,13316.94,33.1694,10.561,13.4499,1.007,0.7852,40,42.1053,0.852112
5,30,10,0.02,0.95,2.5,4.5,0.15,13316.94,33.1694,10.561,13.4499,1.007,0.7852,40,42.1053,0.852112
5,30,10,0.02,0.95,2.5,4.5,0.25,13316.94,33.1694,10.561,13.4499,1.007,0.7852,40,42.1053,0.852112
5,30,10,0.02,0.95,2.5,4.5,0.35,13316.94,33.1694,10.561,13.4499,1.007,0.7852,40,42.1053,0.852112
5,30,10,0.03,0.5,1.5,4.5,0.35,19343.69,93.4369,26.0167,28.245,1.0622,0.9211,44,47.619,0.851094
5,30,10,0.03,0.75,1.5,4.5,0.35,19343.69,93.4369,26.0167,28.245,1.0622,0.9211,44,47.619,0.851094
5,30,10,0.03,0.95,1.5,4.5,0.35,19343.69,93.4369,26.0167,28.245,1.0622,0.9211,44,47.619,0.851094
5,30,14,0.01,0.5,3.5,4.5,0.15,11039.8,10.398,3.5279,4.9552,0.9318,0.712,40,42.1053,0.84877
5,30,14,0.01,0.5,3.5,4.5,0.25,11039.8,10.398,3.5279,4.9552,0.9318,0.712,40,42.1053,0.84877
5,30,14,0.01,0.5,3.5,4.5,0.35,11039.8,10.398,3.5279,4.9552,0.9318,0.712,40,42.1053,0.84877
5,30,14,0.01,0.75,3.5,4.5,0.15,11039.8,10.398,3.5279,4.9552,0.9318,0.712,40,42.1053,0.84877
5,30,14,0.01,0.75,3.5,4.5,0.25,11039.8,10.398,3.5279,4.9552,0.9318,0.712,40,42.1053,0.84877
5,30,14,0.01,0.75,3.5,4.5,0.35,11039.8,10.398,3.5279,4.9552,0.9318,0.712,40,42.1053,0.84877
5,30,14,0.01,0.95,3.5,4.5,0.15,11039.8,10.398,3.5279,4.9552,0.9318,0.712,40,42.1053,0.84877
5,30,14,0.01,0.95,3.5,4.5,0.25,11039.8,10.398,3.5279,4.9552,0.9318,0.712,40,42.1053,0.84877
5,30,14,0.01,0.95,3.5,4.5,0.35,11039.8,10.398,3.5279,4.9552,0.9318,0.712,40,42.1053,0.84877
5,30,14,0.03,0.5,1.5,4.5,0.35,19119.93,91.1993,25.5039,27.8252,1.0464,0.9166,44,47.619,0.847603
5,30,14,0.03,0.75,1.5,4.5,0.35,19119.93,91.1993,25.5039,27.8252,1.0464,0.9166,44,47.619,0.847603
5,30,14,0.03,0.95,1.5,4.5,0.35,19119.93,91.1993,25.5039,27.8252,1.0464,0.9166,44,47.619,0.847603
5,30,10,0.02,0.5,3.5,4.5,0.15,12302.11,23.0211,7.5317,10.0536,0.992,0.7492,40,42.1053,0.847022
5,30,10,0.02,0.5,3.5,4.5,0.25,12302.11,23.0211,7.5317,10.0536,0.992,0.7492,40,42.1053,0.847022
5,30,10,0.02,0.5,3.5,4.5,0.35,12302.11,23.0211,7.5317,10.0536,0.992,0.7492,40,42.1053,0.847022
5,30,10,0.02,0.75,3.5,4.5,0.15,12302.11,23.0211,7.5317,10.0536,0.992,0.7492,40,42.1053,0.847022
5,30,10,0.02,0.75,3.5,4.5,0.25,12302.11,23.0211,7.5317,10.0536,0.992,0.7492,40,42.1053,0.847022
5,30,10,0.02,0.75,3.5,4.5,0.35,12302.11,23.0211,7.5317,10.0536,0.992,0.7492,40,42.1053,0.847022
5,30,10,0.02,0.95,3.5,4.5,0.15,12302.11,23.0211,7.5317,10.0536,0.992,0.7492,40,42.1053,0.847022
5,30,10,0.02,0.95,3.5,4.5,0.25,12302.11,23.0211,7.5317,10.0536,0.992,0.7492,40,42.1053,0.847022
5,30,10,0.02,0.95,3.5,4.5,0.35,12302.11,23.0211,7.5317,10.0536,0.992,0.7492,40,42.1053,0.847022
5,30,14,0.03,0.5,2.5,4.5,0.25,15192.79,51.9279,15.7875,18.9961,1.0236,0.8311,40,42.1053,0.845844
5,30,14,0.03,0.5,2.5,4.5,0.35,15192.79,51.9279,15.7875,18.9961,1.0236,0.8311,40,42.1053,0.845844
5,30,14,0.03,0.75,2.5,4.5,0.25,15192.79,51.9279,15.7875,18.9961,1.0236,0.8311,40,42.1053,0.845844
5,30,14,0.03,0.75,2.5,4.5,0.35,15192.79,51.9279,15.7875,18.9961,1.0236,0.8311,40,42.1053,0.845844
5,30,14,0.03,0.95,2.5,4.5,0.25,15192.79,51.9279,15.7875,18.9961,1.0236,0.8311,40,42.1053,0.845844
5,30,14,0.03,0.95,2.5,4.5,0.35,15192.79,51.9279,15.7875,18.9961,1.0236,0.8311,40,42.1053,0.845844
5,30,20,0.03,0.5,2.5,4.5,0.25,14880.54,48.8054,14.9478,18.1765,1.0113,0.8224,40,42.1053,0.842873
5,30,20,0.03,0.5,2.5,4.5,0.35,14880.54,48.8054,14.9478,18.1765,1.0113,0.8224,40,42.1053,0.842873
5,30,20,0.03,0.75,2.5,4.5,0.25,14880.54,48.8054,14.9478,18.1765,1.0113,0.8224,40,42.1053,0.842873
5,30,20,0.03,0.75,2.5,4.5,0.35,14880.54,48.8054,14.9478,18.1765,1.0113,0.8224,40,42.1053,0.842873
5,30,20,0.03,0.95,2.5,4.5,0.25,14880.54,48.8054,14.9478,18.1765,1.0113,0.8224,40,42.1053,0.842873
5,30,20,0.03,0.95,2.5,4.5,0.35,14880.54,48.8054,14.9478,18.1765,1.0113,0.8224,40,42.1053,0.842873
10,30,14,0.01,0.5,3.5,2.5,0.15,10753.77,7.5377,2.5797,3.6265,0.829,0.7114,42,45.0,0.840895
10,30,14,0.01,0.5,3.5,2.5,0.25,10753.77,7.5377,2.5797,3.6265,0.829,0.7114,42,45.0,0.840895
10,30,14,0.01,0.5,3.5,2.5,0.35,10753.77,7.5377,2.5797,3.6265,0.829,0.7114,42,45.0,0.840895
10,30,14,0.01,0.75,3.5,2.5,0.15,10753.77,7.5377,2.5797,3.6265,0.829,0.7114,42,45.0,0.840895
10,30,14,0.01,0.75,3.5,2.5,0.25,10753.77,7.5377,2.5797,3.6265,0.829,0.7114,42,45.0,0.840895
10,30,14,0.01,0.75,3.5,2.5,0.35,10753.77,7.5377,2.5797,3.6265,0.829,0.7114,42,45.0,0.840895
10,30,14,0.01,0.95,3.5,2.5,0.15,10753.77,7.5377,2.5797,3.6265,0.829,0.7114,42,45.0,0.840895
10,30,14,0.01,0.95,3.5,2.5,0.25,10753.77,7.5377,2.5797,3.6265,0.829,0.7114,42,45.0,0.840895
10,30,14,0.01,0.95,3.5,2.5,0.35,10753.77,7.5377,2.5797,3.6265,0.829,0.7114,42,45.0,0.840895
10,30,20,0.01,0.5,3.5,4.5,0.15,10805.13,8.0513,2.7512,3.8334,0.8067,0.7177,30,42.8571,0.840688
10,30,20,0.01,0.5,3.5,4.5,0.25,10805.13,8.0513,2.7512,3.8334,0.8067,0.7177,30,42.8571,0.840688
10,30,20,0.01,0.5,3.5,4.5,0.35,10805.13,8.0513,2.7512,3.8334,0.8067,0.7177,30,42.8571,0.840688
10,30,20,0.01,0.75,3.5,4.5,0.15,10805.13,8.0513,2.7512,3.8334,0.8067,0.7177,30,42.8571,0.840688
10,30,20,0.01,0.75,3.5,4.5,0.25,10805.13,8.0513,2.7512,3.8334,0.8067,0.7177,30,42.8571,0.840688
10,30,20,0.01,0.75,3.5,4.5,0.35,10805.13,8.0513,2.7512,3.8334,0.8067,0.7177,30,42.8571,0.840688
10,30,20,0.01,0.95,3.5,4.5,0.15,10805.13,8.0513,2.7512,3.8334,0.8067,0.7177,30,42.8571,0.840688
10,30,20,0.01,0.95,3.5,4.5,0.25,10805.13,8.0513,2.7512,3.8334,0.8067,0.7177,30,42.8571,0.840688
10,30,20,0.01,0.95,3.5,4.5,0.35,10805.13,8.0513,2.7512,3.8334,0.8067,0.7177,30,42.8571,0.840688
5,30,10,0.01,0.5,3.5,4.5,0.15,11052.91,10.5291,3.571,5.0783,0.9385,0.7032,40,42.1053,0.8401
5,30,10,0.01,0.5,3.5,4.5,0.25,11052.91,10.5291,3.571,5.0783,0.9385,0.7032,40,42.1053,0.8401
5,30,10,0.01,0.5,3.5,4.5,0.35,11052.91,10.5291,3.571,5.0783,0.9385,0.7032,40,42.1053,0.8401
5,30,10,0.01,0.75,3.5,4.5,0.15,11052.91,10.5291,3.571,5.0783,0.9385,0.7032,40,42.1053,0.8401
5,30,10,0.01,0.75,3.5,4.5,0.25,11052.91,10.5291,3.571,5.0783,0.9385,0.7032,40,42.1053,0.8401
5,30,10,0.01,0.75,3.5,4.5,0.35,11052.91,10.5291,3.571,5.0783,0.9385,0.7032,40,42.1053,0.8401
5,30,10,0.01,0.95,3.5,4.5,0.15,11052.91,10.5291,3.571,5.0783,0.9385,0.7032,40,42.1053,0.8401
5,30,10,0.01,0.95,3.5,4.5,0.25,11052.91,10.5291,3.571,5.0783,0.9385,0.7032,40,42.1053,0.8401
5,30,10,0.01,0.95,3.5,4.5,0.35,11052.91,10.5291,3.571,5.0783,0.9385,0.7032,40,42.1053,0.8401
5,120,20,0.03,0.5,1.5,3.5,0.25,16303.7,63.037,21.6325,24.1112,0.9171,0.8972,30,42.8571,0.839498
5,120,20,0.03,0.5,1.5,3.5,0.35,16303.7,63.037,21.6325,24.1112,0.9171,0.8972,30,42.8571,0.839498
5,120,20,0.03,0.75,1.5,3.5,0.25,16303.7,63.037,21.6325,24.1112,0.9171,0.8972,30,42.8571,0.839498
5,120,20,0.03,0.75,1.5,3.5,0.35,16303.7,63.037,21.6325,24.1112,0.9171,0.8972,30,42.8571,0.839498
5,120,20,0.03,0.95,1.5,3.5,0.25,16303.7,63.037,21.6325,24.1112,0.9171,0.8972,30,42.8571,0.839498
5,120,20,0.03,0.95,1.5,3.5,0.35,16303.7,63.037,21.6325,24.1112,0.9171,0.8972,30,42.8571,0.839498
10,30,10,0.02,0.5,1.5,2.5,0.25,14420.67,44.2067,13.69,16.6176,0.8954,0.8238,40,47.3684,0.83673
10,30,10,0.02,0.5,1.5,2.5,0.35,14420.67,44.2067,13.69,16.6176,0.8954,0.8238,40,47.3684,0.83673
10,30,10,0.02,0.75,1.5,2.5,0.25,14420.67,44.2067,13.69,16.6176,0.8954,0.8238,40,47.3684,0.83673
10,30,10,0.02,0.75,1.5,2.5,0.35,14420.67,44.2067,13.69,16.6176,0.8954,0.8238,40,47.3684,0.83673
10,30,10,0.02,0.95,1.5,2.5,0.25,14420.67,44.2067,13.69,16.6176,0.8954,0.8238,40,47.3684,0.83673
10,30,10,0.02,0.95,1.5,2.5,0.35,14420.67,44.2067,13.69,16.6176,0.8954,0.8238,40,47.3684,0.83673
10,30,14,0.02,0.5,2.5,2.5,0.15,12391.84,23.9184,7.806,10.2636,0.8927,0.7606,42,45.0,0.836452
10,30,14,0.02,0.5,2.5,2.5,0.25,12391.84,23.9184,7.806,10.2636,0.8927,0.7606,42,45.0,0.836452
10,30,14,0.02,0.5,2.5,2.5,0.35,12391.84,23.9184,7.806,10.2636,0.8927,0.7606,42,45.0,0.836452
10,30,14,0.02,0.75,2.5,2.5,0.15,12391.84,23.9184,7.806,10.2636,0.8927,0.7606,42,45.0,0.836452
10,30,14,0.02,0.75,2.5,2.5,0.25,12391.84,23.9184,7.806,10.2636,0.8927,0.7606,42,45.0,0.836452
10,30,14,0.02,0.75,2.5,2.5,0.35,12391.84,23.9184,7.806,10.2636,0.8927,0.7606,42,45.0,0.836452
10,30,14,0.02,0.95,2.5,2.5,0.15,12391.84,23.9184,7.806,10.2636,0.8927,0.7606,42,45.0,0.836452
10,30,14,0.02,0.95,2.5,2.5,0.25,12391.84,23.9184,7.806,10.2636,0.8927,0.7606,42,45.0,0.836452
10,30,14,0.02,0.95,2.5,2.5,0.35,12391.84,23.9184,7.806,10.2636,0.8927,0.7606,42,45.0,0.836452
5,30,20,0.01,0.5,1.5,4.5,0.15,12327.19,23.2719,7.6085,10.114,0.9168,0.7523,44,47.619,0.834504
5,30,20,0.01,0.5,1.5,4.5,0.25,12327.19,23.2719,7.6085,10.114,0.9168,0.7523,44,47.619,0.834504
5,30,20,0.01,0.5,1.5,4.5,0.35,12327.19,23.2719,7.6085,10.114,0.9168,0.7523,44,47.619,0.834504
5,30,20,0.01,0.75,1.5,4.5,0.15,12327.19,23.2719,7.6085,10.114,0.9168,0.7523,44,47.619,0.834504
5,30,20,0.01,0.75,1.5,4.5,0.25,12327.19,23.2719,7.6085,10.114,0.9168,0.7523,44,47.619,0.834504
5,30,20,0.01,0.75,1.5,4.5,0.35,12327.19,23.2719,7.6085,10.114,0.9168,0.7523,44,47.619,0.834504
5,30,20,0.01,0.95,1.5,4.5,0.15,12327.19,23.2719,7.6085,10.114,0.9168,0.7523,44,47.619,0.834504
5,30,20,0.01,0.95,1.5,4.5,0.25,12327.19,23.2719,7.6085,10.114,0.9168,0.7523,44,47.619,0.834504
5,30,20,0.01,0.95,1.5,4.5,0.35,12327.19,23.2719,7.6085,10.114,0.9168,0.7523,44,47.619,0.834504
5,30,14,0.03,0.5,3.5,4.5,0.15,13511.33,35.1133,11.124,14.2961,0.9965,0.7781,40,42.1053,0.834457
5,30,14,0.03,0.5,3.5,4.5,0.25,13511.33,35.1133,11.124,14.2961,0.9965,0.7781,40,42.1053,0.834457
5,30,14,0.03,0.5,3.5,4.5,0.35,13511.33,35.1133,11.124,14.2961,0.9965,0.7781,40,42.1053,0.834457
5,30,14,0.03,0.75,3.5,4.5,0.15,13511.33,35.1133,11.124,14.2961,0.9965,0.7781,40,42.1053,0.834457
5,30,14,0.03,0.75,3.5,4.5,0.25,13511.33,35.1133,11.124,14.2961,0.9965,0.7781,40,42.1053,0.834457
5,30,14,0.03,0.75,3.5,4.5,0.35,13511.33,35.1133,11.124,14.2961,0.9965,0.7781,40,42.1053,0.834457
5,30,14,0.03,0.95,3.5,4.5,0.15,13511.33,35.1133,11.124,14.2961,0.9965,0.7781,40,42.1053,0.834457
5,30,14,0.03,0.95,3.5,4.5,0.25,13511.33,35.1133,11.124,14.2961,0.9965,0.7781,40,42.1053,0.834457
5,30,14,0.03,0.95,3.5,4.5,0.35,13511.33,35.1133,11.124,14.2961,0.9965,0.7781,40,42.1053,0.834457
5,30,20,0.02,0.5,2.5,3.5,0.15,12771.49,27.7149,8.9523,11.6572,0.9139,0.768,44,42.8571,0.834164
5,30,20,0.02,0.5,2.5,3.5,0.25,12771.49,27.7149,8.9523,11.6572,0.9139,0.768,44,42.8571,0.834164
5,30,20,0.02,0.5,2.5,3.5,0.35,12771.49,27.7149,8.9523,11.6572,0.9139,0.768,44,42.8571,0.834164
5,30,20,0.02,0.75,2.5,3.5,0.15,12771.49,27.7149,8.9523,11.6572,0.9139,0.768,44,42.8571,0.834164
5,30,20,0.02,0.75,2.5,3.5,0.25,12771.49,27.7149,8.9523,11.6572,0.9139,0.768,44,42.8571,0.834164
5,30,20,0.02,0.75,2.5,3.5,0.35,12771.49,27.7149,8.9523,11.6572,0.9139,0.768,44,42.8571,0.834164
5,30,20,0.02,0.95,2.5,3.5,0.15,12771.49,27.7149,8.9523,11.6572,0.9139,0.768,44,42.8571,0.834164
5,30,20,0.02,0.95,2.5,3.5,0.25,12771.49,27.7149,8.9523,11.6572,0.9139,0.768,44,42.8571,0.834164
5,30,20,0.02,0.95,2.5,3.5,0.35,12771.49,27.7149,8.9523,11.6572,0.9139,0.768,44,42.8571,0.834164
5,30,10,0.03,0.5,2.5,4.5,0.25,15283.94,52.8394,16.0305,19.5136,1.0333,0.8215,40,42.1053,0.833018
5,30,10,0.03,0.5,2.5,4.5,0.35,15283.94,52.8394,16.0305,19.5136,1.0333,0.8215,40,42.1053,0.833018
5,30,10,0.03,0.75,2.5,4.5,0.25,15283.94,52.8394,16.0305,19.5136,1.0333,0.8215,40,42.1053,0.833018
5,30,10,0.03,0.75,2.5,4.5,0.35,15283.94,52.8394,16.0305,19.5136,1.0333,0.8215,40,42.1053,0.833018
5,30,10,0.03,0.95,2.5,4.5,0.25,15283.94,52.8394,16.0305,19.5136,1.0333,0.8215,40,42.1053,0.833018
5,30,10,0.03,0.95,2.5,4.5,0.35,15283.94,52.8394,16.0305,19.5136,1.0333,0.8215,40,42.1053,0.833018
5,30,14,0.01,0.5,1.5,3.5,0.15,12402.28,24.0228,7.8378,10.3817,0.9076,0.755,46,50.0,0.83266
5,30,14,0.01,0.5,1.5,3.5,0.25,12402.28,24.0228,7.8378,10.3817,0.9076,0.755,46,50.0,0.83266
5,30,14,0.01,0.5,1.5,3.5,0.35,12402.28,24.0228,7.8378,10.3817,0.9076,0.755,46,50.0,0.83266
5,30,14,0.01,0.75,1.5,3.5,0.15,12402.28,24.0228,7.8378,10.3817,0.9076,0.755,46,50.0,0.83266
5,30,14,0.01,0.75,1.5,3.5,0.25,12402.28,24.0228,7.8378,10.3817,0.9076,0.755,46,50.0,0.83266
5,30,14,0.01,0.75,1.5,3.5,0.35,12402.28,24.0228,7.8378,10.3817,0.9076,0.755,46,50.0,0.83266
5,30,14,0.01,0.95,1.5,3.5,0.15,12402.28,24.0228,7.8378,10.3817,0.9076,0.755,46,50.0,0.83266
5,30,14,0.01,0.95,1.5,3.5,0.25,12402.28,24.0228,7.8378,10.3817,0.9076,0.755,46,50.0,0.83266
5,30,14,0.01,0.95,1.5,3.5,0.35,12402.28,24.0228,7.8378,10.3817,0.9076,0.755,46,50.0,0.83266
5,30,10,0.01,0.5,1.5,3.5,0.15,12430.01,24.3001,7.9223,10.5527,0.9156,0.7507,46,50.0,0.828326
5,30,10,0.01,0.5,1.5,3.5,0.25,12430.01,24.3001,7.9223,10.5527,0.9156,0.7507,46,50.0,0.828326
5,30,10,0.01,0.5,1.5,3.5,0.35,12430.01,24.3001,7.9223,10.5527,0.9156,0.7507,46,50.0,0.828326
5,30,10,0.01,0.75,1.5,3.5,0.15,12430.01,24.3001,7.9223,10.5527,0.9156,0.7507,46,50.0,0.828326
5,30,10,0.01,0.75,1.5,3.5,0.25,12430.01,24.3001,7.9223,10.5527,0.9156,0.7507,46,50.0,0.828326
5,30,10,0.01,0.75,1.5,3.5,0.35,12430.01,24.3001,7.9223,10.5527,0.9156,0.7507,46,50.0,0.828326
5,30,10,0.01,0.95,1.5,3.5,0.15,12430.01,24.3001,7.9223,10.5527,0.9156,0.7507,46,50.0,0.828326
5,30,10,0.01,0.95,1.5,3.5,0.25,12430.01,24.3001,7.9223,10.5527,0.9156,0.7507,46,50.0,0.828326
5,30,10,0.01,0.95,1.5,3.5,0.35,12430.01,24.3001,7.9223,10.5527,0.9156,0.7507,46,50.0,0.828326
5,30,10,0.03,0.5,3.5,4.5,0.15,13578.07,35.7807,11.3161,14.7256,1.0038,0.7685,40,42.1053,0.82197
5,30,10,0.03,0.5,3.5,4.5,0.25,13578.07,35.7807,11.3161,14.7256,1.0038,0.7685,40,42.1053,0.82197
5,30,10,0.03,0.5,3.5,4.5,0.35,13578.07,35.7807,11.3161,14.7256,1.0038,0.7685,40,42.1053,0.82197
5,30,10,0.03,0.75,3.5,4.5,0.15,13578.07,35.7807,11.3161,14.7256,1.0038,0.7685,40,42.1053,0.82197
5,30,10,0.03,0.75,3.5,4.5,0.25,13578.07,35.7807,11.3161,14.7256,1.0038,0.7685,40,42.1053,0.82197
5,30,10,0.03,0.75,3.5,4.5,0.35,13578.07,35.7807,11.3161,14.7256,1.0038,0.7685,40,42.1053,0.82197
5,30,10,0.03,0.95,3.5,4.5,0.15,13578.07,35.7807,11.3161,14.7256,1.0038,0.7685,40,42.1053,0.82197
5,30,10,0.03,0.95,3.5,4.5,0.25,13578.07,35.7807,11.3161,14.7256,1.0038,0.7685,40,42.1053,0.82197
5,30,10,0.03,0.95,3.5,4.5,0.35,13578.07,35.7807,11.3161,14.7256,1.0038,0.7685,40,42.1053,0.82197
5,120,10,0.03,0.5,3.5,3.5,0.15,12308.89,23.0889,8.6788,11.2194,0.8008,0.7736,24,54.5455,0.821513
5,120,10,0.03,0.5,3.5,3.5,0.25,12308.89,23.0889,8.6788,11.2194,0.8008,0.7736,24,54.5455,0.821513
5,120,10,0.03,0.5,3.5,3.5,0.35,12308.89,23.0889,8.6788,11.2194,0.8008,0.7736,24,54.5455,0.821513
5,120,10,0.03,0.75,3.5,3.5,0.15,12308.89,23.0889,8.6788,11.2194,0.8008,0.7736,24,54.5455,0.821513
5,120,10,0.03,0.75,3.5,3.5,0.25,12308.89,23.0889,8.6788,11.2194,0.8008,0.7736,24,54.5455,0.821513
5,120,10,0.03,0.75,3.5,3.5,0.35,12308.89,23.0889,8.6788,11.2194,0.8008,0.7736,24,54.5455,0.821513
5,120,10,0.03,0.95,3.5,3.5,0.15,12308.89,23.0889,8.6788,11.2194,0.8008,0.7736,24,54.5455,0.821513
5,120,10,0.03,0.95,3.5,3.5,0.25,12308.89,23.0889,8.6788,11.2194,0.8008,0.7736,24,54.5455,0.821513
5,120,10,0.03,0.95,3.5,3.5,0.35,12308.89,23.0889,8.6788,11.2194,0.8008,0.7736,24,54.5455,0.821513
5,120,10,0.02,0.5,3.5,3.5,0.15,11501.94,15.0194,5.7662,7.763,0.7706,0.7428,24,54.5455,0.819284
5,120,10,0.02,0.5,3.5,3.5,0.25,11501.94,15.0194,5.7662,7.763,0.7706,0.7428,24,54.5455,0.819284
5,120,10,0.02,0.5,3.5,3.5,0.35,11501.94,15.0194,5.7662,7.763,0.7706,0.7428,24,54.5455,0.819284
5,120,10,0.02,0.75,3.5,3.5,0.15,11501.94,15.0194,5.7662,7.763,0.7706,0.7428,24,54.5455,0.819284
5,120,10,0.02,0.75,3.5,3.5,0.25,11501.94,15.0194,5.7662,7.763,0.7706,0.7428,24,54.5455,0.819284
5,120,10,0.02,0.75,3.5,3.5,0.35,11501.94,15.0194,5.7662,7.763,0.7706,0.7428,24,54.5455,0.819284
5,120,10,0.02,0.95,3.5,3.5,0.15,11501.94,15.0194,5.7662,7.763,0.7706,0.7428,24,54.5455,0.819284
5,120,10,0.02,0.95,3.5,3.5,0.25,11501.94,15.0194,5.7662,7.763,0.7706,0.7428,24,54.5455,0.819284
5,120,10,0.02,0.95,3.5,3.5,0.35,11501.94,15.0194,5.7662,7.763,0.7706,0.7428,24,54.5455,0.819284
10,30,10,0.03,0.5,1.5,2.5,0.25,17049.31,70.4931,20.5619,23.719,0.9295,0.8669,40,47.3684,0.815607
10,30,10,0.03,0.5,1.5,2.5,0.35,17049.31,70.4931,20.5619,23.719,0.9295,0.8669,40,47.3684,0.815607
10,30,10,0.03,0.75,1.5,2.5,0.25,17049.31,70.4931,20.5619,23.719,0.9295,0.8669,40,47.3684,0.815607
10,30,10,0.03,0.75,1.5,2.5,0.35,17049.31,70.4931,20.5619,23.719,0.9295,0.8669,40,47.3684,0.815607
10,30,10,0.03,0.95,1.5,2.5,0.25,17049.31,70.4931,20.5619,23.719,0.9295,0.8669,40,47.3684,0.815607
10,30,10,0.03,0.95,1.5,2.5,0.35,17049.31,70.4931,20.5619,23.719,0.9295,0.8669,40,47.3684,0.815607
5,30,20,0.03,0.5,2.5,3.5,0.25,14349.06,43.4906,13.4918,16.9576,0.9369,0.7956,44,42.8571,0.813434
5,30,20,0.03,0.5,2.5,3.5,0.35,14349.06,43.4906,13.4918,16.9576,0.9369,0.7956,44,42.8571,0.813434
5,30,20,0.03,0.75,2.5,3.5,0.25,14349.06,43.4906,13.4918,16.9576,0.9369,0.7956,44,42.8571,0.813434
5,30,20,0.03,0.75,2.5,3.5,0.35,14349.06,43.4906,13.4918,16.9576,0.9369,0.7956,44,42.8571,0.813434
5,30,20,0.03,0.95,2.5,3.5,0.25,14349.06,43.4906,13.4918,16.9576,0.9369,0.7956,44,42.8571,0.813434
5,30,20,0.03,0.95,2.5,3.5,0.35,14349.06,43.4906,13.4918,16.9576,0.9369,0.7956,44,42.8571,0.813434
5,30,20,0.01,0.5,1.5,3.5,0.15,12112.78,21.1278,6.9488,9.4401,0.8491,0.7361,48,47.8261,0.81152
5,30,20,0.01,0.5,1.5,3.5,0.25,12112.78,21.1278,6.9488,9.4401,0.8491,0.7361,48,47.8261,0.81152
5,30,20,0.01,0.5,1.5,3.5,0.35,12112.78,21.1278,6.9488,9.4401,0.8491,0.7361,48,47.8261,0.81152
5,30,20,0.01,0.75,1.5,3.5,0.15,12112.78,21.1278,6.9488,9.4401,0.8491,0.7361,48,47.8261,0.81152
5,30,20,0.01,0.75,1.5,3.5,0.25,12112.78,21.1278,6.9488,9.4401,0.8491,0.7361,48,47.8261,0.81152
5,30,20,0.01,0.75,1.5,3.5,0.35,12112.78,21.1278,6.9488,9.4401,0.8491,0.7361,48,47.8261,0.81152
5,30,20,0.01,0.95,1.5,3.5,0.15,12112.78,21.1278,6.9488,9.4401,0.8491,0.7361,48,47.8261,0.81152
5,30,20,0.01,0.95,1.5,3.5,0.25,12112.78,21.1278,6.9488,9.4401,0.8491,0.7361,48,47.8261,0.81152
5,30,20,0.01,0.95,1.5,3.5,0.35,12112.78,21.1278,6.9488,9.4401,0.8491,0.7361,48,47.8261,0.81152
10,30,20,0.02,0.5,3.5,4.5,0.15,11690.11,16.9011,5.6257,7.8427,0.8222,0.7173,30,42.8571,0.803333
10,30,20,0.02,0.5,3.5,4.5,0.25,11690.11,16.9011,5.6257,7.8427,0.8222,0.7173,30,42.8571,0.803333
10,30,20,0.02,0.5,3.5,4.5,0.35,11690.11,16.9011,5.6257,7.8427,0.8222,0.7173,30,42.8571,0.803333
10,30,20,0.02,0.75,3.5,4.5,0.15,11690.11,16.9011,5.6257,7.8427,0.8222,0.7173,30,42.8571,0.803333
10,30,20,0.02,0.75,3.5,4.5,0.25,11690.11,16.9011,5.6257,7.8427,0.8222,0.7173,30,42.8571,0.803333
10,30,20,0.02,0.75,3.5,4.5,0.35,11690.11,16.9011,5.6257,7.8427,0.8222,0.7173,30,42.8571,0.803333
10,30,20,0.02,0.95,3.5,4.5,0.15,11690.11,16.9011,5.6257,7.8427,0.8222,0.7173,30,42.8571,0.803333
10,30,20,0.02,0.95,3.5,4.5,0.25,11690.11,16.9011,5.6257,7.8427,0.8222,0.7173,30,42.8571,0.803333
10,30,20,0.02,0.95,3.5,4.5,0.35,11690.11,16.9011,5.6257,7.8427,0.8222,0.7173,30,42.8571,0.803333
5,30,10,0.03,0.5,1.5,4.5,0.15,14145.27,41.4527,12.9243,16.1828,0.8189,0.7986,16,50.0,0.800589
5,30,10,0.03,0.75,1.5,4.5,0.15,14145.27,41.4527,12.9243,16.1828,0.8189,0.7986,16,50.0,0.800589
5,30,10,0.03,0.95,1.5,4.5,0.15,14145.27,41.4527,12.9243,16.1828,0.8189,0.7986,16,50.0,0.800589
10,30,14,0.03,0.5,2.5,2.5,0.15,13641.27,36.4127,11.4974,14.9616,0.897,0.7685,42,45.0,0.798244
10,30,14,0.03,0.5,2.5,2.5,0.25,13641.27,36.4127,11.4974,14.9616,0.897,0.7685,42,45.0,0.798244
10,30,14,0.03,0.5,2.5,2.5,0.35,13641.27,36.4127,11.4974,14.9616,0.897,0.7685,42,45.0,0.798244
10,30,14,0.03,0.75,2.5,2.5,0.15,13641.27,36.4127,11.4974,14.9616,0.897,0.7685,42,45.0,0.798244
10,30,14,0.03,0.75,2.5,2.5,0.25,13641.27,36.4127,11.4974,14.9616,0.897,0.7685,42,45.0,0.798244
10,30,14,0.03,0.75,2.5,2.5,0.35,13641.27,36.4127,11.4974,14.9616,0.897,0.7685,42,45.0,0.798244
10,30,14,0.03,0.95,2.5,2.5,0.15,13641.27,36.4127,11.4974,14.9616,0.897,0.7685,42,45.0,0.798244
10,30,14,0.03,0.95,2.5,2.5,0.25,13641.27,36.4127,11.4974,14.9616,0.897,0.7685,42,45.0,0.798244
10,30,14,0.03,0.95,2.5,2.5,0.35,13641.27,36.4127,11.4974,14.9616,0.897,0.7685,42,45.0,0.798244
5,30,14,0.02,0.5,2.5,3.5,0.15,13038.27,30.3827,9.7446,13.1333,0.9379,0.742,42,45.0,0.798217
5,30,14,0.02,0.5,2.5,3.5,0.25,13038.27,30.3827,9.7446,13.1333,0.9379,0.742,42,45.0,0.798217
5,30,14,0.02,0.5,2.5,3.5,0.35,13038.27,30.3827,9.7446,13.1333,0.9379,0.742,42,45.0,0.798217
5,30,14,0.02,0.75,2.5,3.5,0.15,13038.27,30.3827,9.7446,13.1333,0.9379,0.742,42,45.0,0.798217
5,30,14,0.02,0.75,2.5,3.5,0.25,13038.27,30.3827,9.7446,13.1333,0.9379,0.742,42,45.0,0.798217
5,30,14,0.02,0.75,2.5,3.5,0.35,13038.27,30.3827,9.7446,13.1333,0.9379,0.742,42,45.0,0.798217
5,30,14,0.02,0.95,2.5,3.5,0.15,13038.27,30.3827,9.7446,13.1333,0.9379,0.742,42,45.0,0.798217
5,30,14,0.02,0.95,2.5,3.5,0.25,13038.27,30.3827,9.7446,13.1333,0.9379,0.742,42,45.0,0.798217
5,30,14,0.02,0.95,2.5,3.5,0.35,13038.27,30.3827,9.7446,13.1333,0.9379,0.742,42,45.0,0.798217
5,30,20,0.02,0.5,1.5,4.5,0.25,15046.99,50.4699,15.3968,19.3124,0.9562,0.7972,44,47.619,0.795363
5,30,20,0.02,0.5,1.5,4.5,0.35,15046.99,50.4699,15.3968,19.3124,0.9562,0.7972,44,47.619,0.795363
5,30,20,0.02,0.75,1.5,4.5,0.25,15046.99,50.4699,15.3968,19.3124,0.9562,0.7972,44,47.619,0.795363
5,30,20,0.02,0.75,1.5,4.5,0.35,15046.99,50.4699,15.3968,19.3124,0.9562,0.7972,44,47.619,0.795363
5,30,20,0.02,0.95,1.5,4.5,0.25,15046.99,50.4699,15.3968,19.3124,0.9562,0.7972,44,47.619,0.795363
5,30,20,0.02,0.95,1.5,4.5,0.35,15046.99,50.4699,15.3968,19.3124,0.9562,0.7972,44,47.619,0.795363
10,30,20,0.03,0.5,3.5,4.5,0.15,12601.14,26.0114,8.4407,11.3957,0.834,0.7407,30,42.8571,0.793544
10,30,20,0.03,0.5,3.5,4.5,0.25,12601.14,26.0114,8.4407,11.3957,0.834,0.7407,30,42.8571,0.793544
10,30,20,0.03,0.5,3.5,4.5,0.35,12601.14,26.0114,8.4407,11.3957,0.834,0.7407,30,42.8571,0.793544
10,30,20,0.03,0.75,3.5,4.5,0.15,12601.14,26.0114,8.4407,11.3957,0.834,0.7407,30,42.8571,0.793544
10,30,20,0.03,0.75,3.5,4.5,0.25,12601.14,26.0114,8.4407,11.3957,0.834,0.7407,30,42.8571,0.793544
10,30,20,0.03,0.75,3.5,4.5,0.35,12601.14,26.0114,8.4407,11.3957,0.834,0.7407,30,42.8571,0.793544
10,30,20,0.03,0.95,3.5,4.5,0.15,12601.14,26.0114,8.4407,11.3957,0.834,0.7407,30,42.8571,0.793544
10,30,20,0.03,0.95,3.5,4.5,0.25,12601.14,26.0114,8.4407,11.3957,0.834,0.7407,30,42.8571,0.793544
10,30,20,0.03,0.95,3.5,4.5,0.35,12601.14,26.0114,8.4407,11.3957,0.834,0.7407,30,42.8571,0.793544
5,30,14,0.01,0.5,2.5,3.5,0.15,11359.88,13.5988,4.5702,6.7072,0.8829,0.6814,42,45.0,0.790887
5,30,14,0.01,0.5,2.5,3.5,0.25,11359.88,13.5988,4.5702,6.7072,0.8829,0.6814,42,45.0,0.790887
5,30,14,0.01,0.5,2.5,3.5,0.35,11359.88,13.5988,4.5702,6.7072,0.8829,0.6814,42,45.0,0.790887
5,30,14,0.01,0.75,2.5,3.5,0.15,11359.88,13.5988,4.5702,6.7072,0.8829,0.6814,42,45.0,0.790887
5,30,14,0.01,0.75,2.5,3.5,0.25,11359.88,13.5988,4.5702,6.7072,0.8829,0.6814,42,45.0,0.790887
5,30,14,0.01,0.75,2.5,3.5,0.35,11359.88,13.5988,4.5702,6.7072,0.8829,0.6814,42,45.0,0.790887
5,30,14,0.01,0.95,2.5,3.5,0.15,11359.88,13.5988,4.5702,6.7072,0.8829,0.6814,42,45.0,0.790887
5,30,14,0.01,0.95,2.5,3.5,0.25,11359.88,13.5988,4.5702,6.7072,0.8829,0.6814,42,45.0,0.790887
5,30,14,0.01,0.95,2.5,3.5,0.35,11359.88,13.5988,4.5702,6.7072,0.8829,0.6814,42,45.0,0.790887
5,30,14,0.02,0.5,1.5,3.5,0.25,15100.68,51.0068,15.5409,19.6153,0.941,0.7923,46,50.0,0.784326
5,30,14,0.02,0.5,1.5,3.5,0.35,15100.68,51.0068,15.5409,19.6153,0.941,0.7923,46,50.0,0.784326
5,30,14,0.02,0.75,1.5,3.5,0.25,15100.68,51.0068,15.5409,19.6153,0.941,0.7923,46,50.0,0.784326
5,30,14,0.02,0.75,1.5,3.5,0.35,15100.68,51.0068,15.5409,19.6153,0.941,0.7923,46,50.0,0.784326
5,30,14,0.02,0.95,1.5,3.5,0.25,15100.68,51.0068,15.5409,19.6153,0.941,0.7923,46,50.0,0.784326
5,30,14,0.02,0.95,1.5,3.5,0.35,15100.68,51.0068,15.5409,19.6153,0.941,0.7923,46,50.0,0.784326
10,30,20,0.01,0.5,1.5,2.5,0.15,11808.86,18.0886,6.0005,8.5367,0.8287,0.7029,46,45.4545,0.783275
10,30,20,0.01,0.5,1.5,2.5,0.25,11808.86,18.0886,6.0005,8.5367,0.8287,0.7029,46,45.4545,0.783275
10,30,20,0.01,0.5,1.5,2.5,0.35,11808.86,18.0886,6.0005,8.5367,0.8287,0.7029,46,45.4545,0.783275
10,30,20,0.01,0.75,1.5,2.5,0.15,11808.86,18.0886,6.0005,8.5367,0.8287,0.7029,46,45.4545,0.783275
10,30,20,0.01,0.75,1.5,2.5,0.25,11808.86,18.0886,6.0005,8.5367,0.8287,0.7029,46,45.4545,0.783275
10,30,20,0.01,0.75,1.5,2.5,0.35,11808.86,18.0886,6.0005,8.5367,0.8287,0.7029,46,45.4545,0.783275
10,30,20,0.01,0.95,1.5,2.5,0.15,11808.86,18.0886,6.0005,8.5367,0.8287,0.7029,46,45.4545,0.783275
10,30,20,0.01,0.95,1.5,2.5,0.25,11808.86,18.0886,6.0005,8.5367,0.8287,0.7029,46,45.4545,0.783275
10,30,20,0.01,0.95,1.5,2.5,0.35,11808.86,18.0886,6.0005,8.5367,0.8287,0.7029,46,45.4545,0.783275
5,30,10,0.02,0.5,1.5,3.5,0.25,15192.15,51.9215,15.7858,19.9463,0.9524,0.7914,46,50.0,0.782434
5,30,10,0.02,0.5,1.5,3.5,0.35,15192.15,51.9215,15.7858,19.9463,0.9524,0.7914,46,50.0,0.782434
5,30,10,0.02,0.75,1.5,3.5,0.25,15192.15,51.9215,15.7858,19.9463,0.9524,0.7914,46,50.0,0.782434
5,30,10,0.02,0.75,1.5,3.5,0.35,15192.15,51.9215,15.7858,19.9463,0.9524,0.7914,46,50.0,0.782434
5,30,10,0.02,0.95,1.5,3.5,0.25,15192.15,51.9215,15.7858,19.9463,0.9524,0.7914,46,50.0,0.782434
5,30,10,0.02,0.95,1.5,3.5,0.35,15192.15,51.9215,15.7858,19.9463,0.9524,0.7914,46,50.0,0.782434
5,30,10,0.02,0.5,2.5,3.5,0.15,13041.43,30.4143,9.7539,13.4196,0.9393,0.7268,42,45.0,0.780499
5,30,10,0.02,0.5,2.5,3.5,0.25,13041.43,30.4143,9.7539,13.4196,0.9393,0.7268,42,45.0,0.780499
5,30,10,0.02,0.5,2.5,3.5,0.35,13041.43,30.4143,9.7539,13.4196,0.9393,0.7268,42,45.0,0.780499
5,30,10,0.02,0.75,2.5,3.5,0.15,13041.43,30.4143,9.7539,13.4196,0.9393,0.7268,42,45.0,0.780499
5,30,10,0.02,0.75,2.5,3.5,0.25,13041.43,30.4143,9.7539,13.4196,0.9393,0.7268,42,45.0,0.780499
5,30,10,0.02,0.75,2.5,3.5,0.35,13041.43,30.4143,9.7539,13.4196,0.9393,0.7268,42,45.0,0.780499
5,30,10,0.02,0.95,2.5,3.5,0.15,13041.43,30.4143,9.7539,13.4196,0.9393,0.7268,42,45.0,0.780499
5,30,10,0.02,0.95,2.5,3.5,0.25,13041.43,30.4143,9.7539,13.4196,0.9393,0.7268,42,45.0,0.780499
5,30,10,0.02,0.95,2.5,3.5,0.35,13041.43,30.4143,9.7539,13.4196,0.9393,0.7268,42,45.0,0.780499
5,30,10,0.01,0.5,2.5,3.5,0.15,11379.17,13.7917,4.6324,6.9231,0.884,0.6691,42,45.0,0.776687
5,30,10,0.01,0.5,2.5,3.5,0.25,11379.17,13.7917,4.6324,6.9231,0.884,0.6691,42,45.0,0.776687
5,30,10,0.01,0.5,2.5,3.5,0.35,11379.17,13.7917,4.6324,6.9231,0.884,0.6691,42,45.0,0.776687
5,30,10,0.01,0.75,2.5,3.5,0.15,11379.17,13.7917,4.6324,6.9231,0.884,0.6691,42,45.0,0.776687
5,30,10,0.01,0.75,2.5,3.5,0.25,11379.17,13.7917,4.6324,6.9231,0.884,0.6691,42,45.0,0.776687
5,30,10,0.01,0.75,2.5,3.5,0.35,11379.17,13.7917,4.6324,6.9231,0.884,0.6691,42,45.0,0.776687
5,30,10,0.01,0.95,2.5,3.5,0.15,11379.17,13.7917,4.6324,6.9231,0.884,0.6691,42,45.0,0.776687
5,30,10,0.01,0.95,2.5,3.5,0.25,11379.17,13.7917,4.6324,6.9231,0.884,0.6691,42,45.0,0.776687
5,30,10,0.01,0.95,2.5,3.5,0.35,11379.17,13.7917,4.6324,6.9231,0.884,0.6691,42,45.0,0.776687
10,30,20,0.01,0.5,3.5,3.5,0.15,10682.32,6.8232,2.3404,3.489,0.6874,0.6708,36,41.1765,0.773378
10,30,20,0.01,0.5,3.5,3.5,0.25,10682.32,6.8232,2.3404,3.489,0.6874,0.6708,36,41.1765,0.773378
10,30,20,0.01,0.5,3.5,3.5,0.35,10682.32,6.8232,2.3404,3.489,0.6874,0.6708,36,41.1765,0.773378
10,30,20,0.01,0.75,3.5,3.5,0.15,10682.32,6.8232,2.3404,3.489,0.6874,0.6708,36,41.1765,0.773378
10,30,20,0.01,0.75,3.5,3.5,0.25,10682.32,6.8232,2.3404,3.489,0.6874,0.6708,36,41.1765,0.773378
10,30,20,0.01,0.75,3.5,3.5,0.35,10682.32,6.8232,2.3404,3.489,0.6874,0.6708,36,41.1765,0.773378
10,30,20,0.01,0.95,3.5,3.5,0.15,10682.32,6.8232,2.3404,3.489,0.6874,0.6708,36,41.1765,0.773378
10,30,20,0.01,0.95,3.5,3.5,0.25,10682.32,6.8232,2.3404,3.489,0.6874,0.6708,36,41.1765,0.773378
10,30,20,0.01,0.95,3.5,3.5,0.35,10682.32,6.8232,2.3404,3.489,0.6874,0.6708,36,41.1765,0.773378
5,30,20,0.02,0.5,1.5,3.5,0.25,14481.52,44.8152,13.8579,17.8956,0.8842,0.7744,48,47.8261,0.772258
5,30,20,0.02,0.5,1.5,3.5,0.35,14481.52,44.8152,13.8579,17.8956,0.8842,0.7744,48,47.8261,0.772258
5,30,20,0.02,0.75,1.5,3.5,0.25,14481.52,44.8152,13.8579,17.8956,0.8842,0.7744,48,47.8261,0.772258
5,30,20,0.02,0.75,1.5,3.5,0.35,14481.52,44.8152,13.8579,17.8956,0.8842,0.7744,48,47.8261,0.772258
5,30,20,0.02,0.95,1.5,3.5,0.25,14481.52,44.8152,13.8579,17.8956,0.8842,0.7744,48,47.8261,0.772258
5,30,20,0.02,0.95,1.5,3.5,0.35,14481.52,44.8152,13.8579,17.8956,0.8842,0.7744,48,47.8261,0.772258
5,30,14,0.01,0.5,3.5,3.5,0.15,10960.88,9.6088,3.2679,5.0541,0.8652,0.6466,42,45.0,0.769076
5,30,14,0.01,0.5,3.5,3.5,0.25,10960.88,9.6088,3.2679,5.0541,0.8652,0.6466,42,45.0,0.769076
5,30,14,0.01,0.5,3.5,3.5,0.35,10960.88,9.6088,3.2679,5.0541,0.8652,0.6466,42,45.0,0.769076
5,30,14,0.01,0.75,3.5,3.5,0.15,10960.88,9.6088,3.2679,5.0541,0.8652,0.6466,42,45.0,0.769076
5,30,14,0.01,0.75,3.5,3.5,0.25,10960.88,9.6088,3.2679,5.0541,0.8652,0.6466,42,45.0,0.769076
5,30,14,0.01,0.75,3.5,3.5,0.35,10960.88,9.6088,3.2679,5.0541,0.8652,0.6466,42,45.0,0.769076
5,30,14,0.01,0.95,3.5,3.5,0.15,10960.88,9.6088,3.2679,5.0541,0.8652,0.6466,42,45.0,0.769076
5,30,14,0.01,0.95,3.5,3.5,0.25,10960.88,9.6088,3.2679,5.0541,0.8652,0.6466,42,45.0,0.769076
5,30,14,0.01,0.95,3.5,3.5,0.35,10960.88,9.6088,3.2679,5.0541,0.8652,0.6466,42,45.0,0.769076
10,30,20,0.01,0.5,2.5,4.5,0.15,11089.66,10.8966,3.6915,5.5242,0.761,0.6682,32,40.0,0.765199
10,30,20,0.01,0.5,2.5,4.5,0.25,11089.66,10.8966,3.6915,5.5242,0.761,0.6682,32,40.0,0.765199
10,30,20,0.01,0.5,2.5,4.5,0.35,11089.66,10.8966,3.6915,5.5242,0.761,0.6682,32,40.0,0.765199
10,30,20,0.01,0.75,2.5,4.5,0.15,11089.66,10.8966,3.6915,5.5242,0.761,0.6682,32,40.0,0.765199
10,30,20,0.01,0.75,2.5,4.5,0.25,11089.66,10.8966,3.6915,5.5242,0.761,0.6682,32,40.0,0.765199
10,30,20,0.01,0.75,2.5,4.5,0.35,11089.66,10.8966,3.6915,5.5242,0.761,0.6682,32,40.0,0.765199
10,30,20,0.01,0.95,2.5,4.5,0.15,11089.66,10.8966,3.6915,5.5242,0.761,0.6682,32,40.0,0.765199
10,30,20,0.01,0.95,2.5,4.5,0.25,11089.66,10.8966,3.6915,5.5242,0.761,0.6682,32,40.0,0.765199
10,30,20,0.01,0.95,2.5,4.5,0.35,11089.66,10.8966,3.6915,5.5242,0.761,0.6682,32,40.0,0.765199
5,30,14,0.03,0.5,1.5,4.5,0.15,13835.19,38.3519,12.0504,15.7947,0.7965,0.7629,16,50.0,0.764302
5,30,14,0.03,0.75,1.5,4.5,0.15,13835.19,38.3519,12.0504,15.7947,0.7965,0.7629,16,50.0,0.764302
5,30,14,0.03,0.95,1.5,4.5,0.15,13835.19,38.3519,12.0504,15.7947,0.7965,0.7629,16,50.0,0.764302
5,30,20,0.03,0.5,1.5,4.5,0.35,18079.78,80.7978,23.0673,27.4505,0.9913,0.8403,44,47.619,0.764073
5,30,20,0.03,0.75,1.5,4.5,0.35,18079.78,80.7978,23.0673,27.4505,0.9913,0.8403,44,47.619,0.764073
5,30,20,0.03,0.95,1.5,4.5,0.35,18079.78,80.7978,23.0673,27.4505,0.9913,0.8403,44,47.619,0.764073
10,30,14,0.01,0.5,1.5,2.5,0.15,11875.89,18.7589,6.211,9.1236,0.8412,0.6808,44,42.8571,0.757767
10,30,14,0.01,0.5,1.5,2.5,0.25,11875.89,18.7589,6.211,9.1236,0.8412,0.6808,44,42.8571,0.757767
10,30,14,0.01,0.5,1.5,2.5,0.35,11875.89,18.7589,6.211,9.1236,0.8412,0.6808,44,42.8571,0.757767
10,30,14,0.01,0.75,1.5,2.5,0.15,11875.89,18.7589,6.211,9.1236,0.8412,0.6808,44,42.8571,0.757767
10,30,14,0.01,0.75,1.5,2.5,0.25,11875.89,18.7589,6.211,9.1236,0.8412,0.6808,44,42.8571,0.757767
10,30,14,0.01,0.75,1.5,2.5,0.35,11875.89,18.7589,6.211,9.1236,0.8412,0.6808,44,42.8571,0.757767
10,30,14,0.01,0.95,1.5,2.5,0.15,11875.89,18.7589,6.211,9.1236,0.8412,0.6808,44,42.8571,0.757767
10,30,14,0.01,0.95,1.5,2.5,0.25,11875.89,18.7589,6.211,9.1236,0.8412,0.6808,44,42.8571,0.757767
10,30,14,0.01,0.95,1.5,2.5,0.35,11875.89,18.7589,6.211,9.1236,0.8412,0.6808,44,42.8571,0.757767
5,30,14,0.03,0.5,2.5,3.5,0.25,14692.51,46.9251,14.4366,19.061,0.9535,0.7574,42,45.0,0.757477
5,30,14,0.03,0.5,2.5,3.5,0.35,14692.51,46.9251,14.4366,19.061,0.9535,0.7574,42,45.0,0.757477
5,30,14,0.03,0.75,2.5,3.5,0.25,14692.51,46.9251,14.4366,19.061,0.9535,0.7574,42,45.0,0.757477
5,30,14,0.03,0.75,2.5,3.5,0.35,14692.51,46.9251,14.4366,19.061,0.9535,0.7574,42,45.0,0.757477
5,30,14,0.03,0.95,2.5,3.5,0.25,14692.51,46.9251,14.4366,19.061,0.9535,0.7574,42,45.0,0.757477
5,30,14,0.03,0.95,2.5,3.5,0.35,14692.51,46.9251,14.4366,19.061,0.9535,0.7574,42,45.0,0.757477
5,30,14,0.02,0.5,3.5,3.5,0.15,12066.65,20.6665,6.8059,10.0564,0.9046,0.6768,42,45.0,0.757121
5,30,14,0.02,0.5,3.5,3.5,0.25,12066.65,20.6665,6.8059,10.0564,0.9046,0.6768,42,45.0,0.757121
5,30,14,0.02,0.5,3.5,3.5,0.35,12066.65,20.6665,6.8059,10.0564,0.9046,0.6768,42,45.0,0.757121
5,30,14,0.02,0.75,3.5,3.5,0.15,12066.65,20.6665,6.8059,10.0564,0.9046,0.6768,42,45.0,0.757121
5,30,14,0.02,0.75,3.5,3.5,0.25,12066.65,20.6665,6.8059,10.0564,0.9046,0.6768,42,45.0,0.757121
5,30,14,0.02,0.75,3.5,3.5,0.35,12066.65,20.6665,6.8059,10.0564,0.9046,0.6768,42,45.0,0.757121
5,30,14,0.02,0.95,3.5,3.5,0.15,12066.65,20.6665,6.8059,10.0564,0.9046,0.6768,42,45.0,0.757121
5,30,14,0.02,0.95,3.5,3.5,0.25,12066.65,20.6665,6.8059,10.0564,0.9046,0.6768,42,45.0,0.757121
5,30,14,0.02,0.95,3.5,3.5,0.35,12066.65,20.6665,6.8059,10.0564,0.9046,0.6768,42,45.0,0.757121
10,30,20,0.02,0.5,2.5,4.5,0.15,12311.41,23.1141,7.5602,10.7345,0.7947,0.7043,32,40.0,0.755886
10,30,20,0.02,0.5,2.5,4.5,0.25,12311.41,23.1141,7.5602,10.7345,0.7947,0.7043,32,40.0,0.755886
10,30,20,0.02,0.5,2.5,4.5,0.35,12311.41,23.1141,7.5602,10.7345,0.7947,0.7043,32,40.0,0.755886
10,30,20,0.02,0.75,2.5,4.5,0.15,12311.41,23.1141,7.5602,10.7345,0.7947,0.7043,32,40.0,0.755886
10,30,20,0.02,0.75,2.5,4.5,0.25,12311.41,23.1141,7.5602,10.7345,0.7947,0.7043,32,40.0,0.755886
10,30,20,0.02,0.75,2.5,4.5,0.35,12311.41,23.1141,7.5602,10.7345,0.7947,0.7043,32,40.0,0.755886
10,30,20,0.02,0.95,2.5,4.5,0.15,12311.41,23.1141,7.5602,10.7345,0.7947,0.7043,32,40.0,0.755886
10,30,20,0.02,0.95,2.5,4.5,0.25,12311.41,23.1141,7.5602,10.7345,0.7947,0.7043,32,40.0,0.755886
10,30,20,0.02,0.95,2.5,4.5,0.35,12311.41,23.1141,7.5602,10.7345,0.7947,0.7043,32,40.0,0.755886
5,30,14,0.03,0.5,1.5,3.5,0.35,18145.32,81.4532,23.2235,27.8172,0.9767,0.8349,46,50.0,0.752026
5,30,14,0.03,0.75,1.5,3.5,0.35,18145.32,81.4532,23.2235,27.8172,0.9767,0.8349,46,50.0,0.752026
5,30,14,0.03,0.95,1.5,3.5,0.35,18145.32,81.4532,23.2235,27.8172,0.9767,0.8349,46,50.0,0.752026
20,60,20,0.01,0.5,2.5,4.5,0.15,11635.16,16.3516,5.6954,8.3087,0.7413,0.6855,16,28.5714,0.750654
20,60,20,0.01,0.5,2.5,4.5,0.25,11635.16,16.3516,5.6954,8.3087,0.7413,0.6855,16,28.5714,0.750654
20,60,20,0.01,0.5,2.5,4.5,0.35,11635.16,16.3516,5.6954,8.3087,0.7413,0.6855,16,28.5714,0.750654
20,60,20,0.01,0.75,2.5,4.5,0.15,11635.16,16.3516,5.6954,8.3087,0.7413,0.6855,16,28.5714,0.750654
20,60,20,0.01,0.75,2.5,4.5,0.25,11635.16,16.3516,5.6954,8.3087,0.7413,0.6855,16,28.5714,0.750654
20,60,20,0.01,0.75,2.5,4.5,0.35,11635.16,16.3516,5.6954,8.3087,0.7413,0.6855,16,28.5714,0.750654
20,60,20,0.01,0.95,2.5,4.5,0.15,11635.16,16.3516,5.6954,8.3087,0.7413,0.6855,16,28.5714,0.750654
20,60,20,0.01,0.95,2.5,4.5,0.25,11635.16,16.3516,5.6954,8.3087,0.7413,0.6855,16,28.5714,0.750654
20,60,20,0.01,0.95,2.5,4.5,0.35,11635.16,16.3516,5.6954,8.3087,0.7413,0.6855,16,28.5714,0.750654
5,30,10,0.03,0.5,1.5,3.5,0.35,18286.95,82.8695,23.5598,28.233,0.9878,0.8345,46,50.0,0.749704
5,30,10,0.03,0.75,1.5,3.5,0.35,18286.95,82.8695,23.5598,28.233,0.9878,0.8345,46,50.0,0.749704
5,30,10,0.03,0.95,1.5,3.5,0.35,18286.95,82.8695,23.5598,28.233,0.9878,0.8345,46,50.0,0.749704
5,30,10,0.01,0.5,3.5,3.5,0.15,10953.7,9.537,3.2442,5.1815,0.8655,0.6261,42,45.0,0.747397
5,30,10,0.01,0.5,3.5,3.5,0.25,10953.7,9.537,3.2442,5.1815,0.8655,0.6261,42,45.0,0.747397
5,30,10,0.01,0.5,3.5,3.5,0.35,10953.7,9.537,3.2442,5.1815,0.8655,0.6261,42,45.0,0.747397
5,30,10,0.01,0.75,3.5,3.5,0.15,10953.7,9.537,3.2442,5.1815,0.8655,0.6261,42,45.0,0.747397
5,30,10,0.01,0.75,3.5,3.5,0.25,10953.7,9.537,3.2442,5.1815,0.8655,0.6261,42,45.0,0.747397
5,30,10,0.01,0.75,3.5,3.5,0.35,10953.7,9.537,3.2442,5.1815,0.8655,0.6261,42,45.0,0.747397
5,30,10,0.01,0.95,3.5,3.5,0.15,10953.7,9.537,3.2442,5.1815,0.8655,0.6261,42,45.0,0.747397
5,30,10,0.01,0.95,3.5,3.5,0.25,10953.7,9.537,3.2442,5.1815,0.8655,0.6261,42,45.0,0.747397
5,30,10,0.01,0.95,3.5,3.5,0.35,10953.7,9.537,3.2442,5.1815,0.8655,0.6261,42,45.0,0.747397
5,30,10,0.02,0.5,3.5,3.5,0.15,12094.47,20.9447,6.8921,10.3359,0.9134,0.6668,42,45.0,0.746127
5,30,10,0.02,0.5,3.5,3.5,0.25,12094.47,20.9447,6.8921,10.3359,0.9134,0.6668,42,45.0,0.746127
5,30,10,0.02,0.5,3.5,3.5,0.35,12094.47,20.9447,6.8921,10.3359,0.9134,0.6668,42,45.0,0.746127
5,30,10,0.02,0.75,3.5,3.5,0.15,12094.47,20.9447,6.8921,10.3359,0.9134,0.6668,42,45.0,0.746127
5,30,10,0.02,0.75,3.5,3.5,0.25,12094.47,20.9447,6.8921,10.3359,0.9134,0.6668,42,45.0,0.746127
5,30,10,0.02,0.75,3.5,3.5,0.35,12094.47,20.9447,6.8921,10.3359,0.9134,0.6668,42,45.0,0.746127
5,30,10,0.02,0.95,3.5,3.5,0.15,12094.47,20.9447,6.8921,10.3359,0.9134,0.6668,42,45.0,0.746127
5,30,10,0.02,0.95,3.5,3.5,0.25,12094.47,20.9447,6.8921,10.3359,0.9134,0.6668,42,45.0,0.746127
5,30,10,0.02,0.95,3.5,3.5,0.35,12094.47,20.9447,6.8921,10.3359,0.9134,0.6668,42,45.0,0.746127
5,30,10,0.03,0.5,2.5,3.5,0.25,14748.85,47.4885,14.5902,19.5085,0.9582,0.7479,42,45.0,0.744436
5,30,10,0.03,0.5,2.5,3.5,0.35,14748.85,47.4885,14.5902,19.5085,0.9582,0.7479,42,45.0,0.744436
5,30,10,0.03,0.75,2.5,3.5,0.25,14748.85,47.4885,14.5902,19.5085,0.9582,0.7479,42,45.0,0.744436
5,30,10,0.03,0.75,2.5,3.5,0.35,14748.85,47.4885,14.5902,19.5085,0.9582,0.7479,42,45.0,0.744436
5,30,10,0.03,0.95,2.5,3.5,0.25,14748.85,47.4885,14.5902,19.5085,0.9582,0.7479,42,45.0,0.744436
5,30,10,0.03,0.95,2.5,3.5,0.35,14748.85,47.4885,14.5902,19.5085,0.9582,0.7479,42,45.0,0.744436
10,30,20,0.01,0.5,2.5,3.5,0.15,10946.92,9.4692,3.2218,4.9037,0.6797,0.657,36,41.1765,0.743917
10,30,20,0.01,0.5,2.5,3.5,0.25,10946.92,9.4692,3.2218,4.9037,0.6797,0.657,36,41.1765,0.743917
10,30,20,0.01,0.5,2.5,3.5,0.35,10946.92,9.4692,3.2218,4.9037,0.6797,0.657,36,41.1765,0.743917
10,30,20,0.01,0.75,2.5,3.5,0.15,10946.92,9.4692,3.2218,4.9037,0.6797,0.657,36,41.1765,0.743917
10,30,20,0.01,0.75,2.5,3.5,0.25,10946.92,9.4692,3.2218,4.9037,0.6797,0.657,36,41.1765,0.743917
10,30,20,0.01,0.75,2.5,3.5,0.35,10946.92,9.4692,3.2218,4.9037,0.6797,0.657,36,41.1765,0.743917
10,30,20,0.01,0.95,2.5,3.5,0.15,10946.92,9.4692,3.2218,4.9037,0.6797,0.657,36,41.1765,0.743917
10,30,20,0.01,0.95,2.5,3.5,0.25,10946.92,9.4692,3.2218,4.9037,0.6797,0.657,36,41.1765,0.743917
10,30,20,0.01,0.95,2.5,3.5,0.35,10946.92,9.4692,3.2218,4.9037,0.6797,0.657,36,41.1765,0.743917
10,60,10,0.01,0.5,3.5,2.5,0.15,10692.59,6.9259,2.4795,3.8785,0.7163,0.6393,34,37.5,0.743766
10,60,10,0.01,0.5,3.5,2.5,0.25,10692.59,6.9259,2.4795,3.8785,0.7163,0.6393,34,37.5,0.743766
10,60,10,0.01,0.5,3.5,2.5,0.35,10692.59,6.9259,2.4795,3.8785,0.7163,0.6393,34,37.5,0.743766
10,60,10,0.01,0.75,3.5,2.5,0.15,10692.59,6.9259,2.4795,3.8785,0.7163,0.6393,34,37.5,0.743766
10,60,10,0.01,0.75,3.5,2.5,0.25,10692.59,6.9259,2.4795,3.8785,0.7163,0.6393,34,37.5,0.743766
10,60,10,0.01,0.75,3.5,2.5,0.35,10692.59,6.9259,2.4795,3.8785,0.7163,0.6393,34,37.5,0.743766
10,60,10,0.01,0.95,3.5,2.5,0.15,10692.59,6.9259,2.4795,3.8785,0.7163,0.6393,34,37.5,0.743766
10,60,10,0.01,0.95,3.5,2.5,0.25,10692.59,6.9259,2.4795,3.8785,0.7163,0.6393,34,37.5,0.743766
10,60,10,0.01,0.95,3.5,2.5,0.35,10692.59,6.9259,2.4795,3.8785,0.7163,0.6393,34,37.5,0.743766
10,60,10,0.01,0.5,2.5,2.5,0.15,11005.45,10.0545,3.5662,5.5029,0.7363,0.6481,34,37.5,0.740283
10,60,10,0.01,0.5,2.5,2.5,0.25,11005.45,10.0545,3.5662,5.5029,0.7363,0.6481,34,37.5,0.740283
10,60,10,0.01,0.5,2.5,2.5,0.35,11005.45,10.0545,3.5662,5.5029,0.7363,0.6481,34,37.5,0.740283
10,60,10,0.01,0.75,2.5,2.5,0.15,11005.45,10.0545,3.5662,5.5029,0.7363,0.6481,34,37.5,0.740283
10,60,10,0.01,0.75,2.5,2.5,0.25,11005.45,10.0545,3.5662,5.5029,0.7363,0.6481,34,37.5,0.740283
10,60,10,0.01,0.75,2.5,2.5,0.35,11005.45,10.0545,3.5662,5.5029,0.7363,0.6481,34,37.5,0.740283
10,60,10,0.01,0.95,2.5,2.5,0.15,11005.45,10.0545,3.5662,5.5029,0.7363,0.6481,34,37.5,0.740283
10,60,10,0.01,0.95,2.5,2.5,0.25,11005.45,10.0545,3.5662,5.5029,0.7363,0.6481,34,37.5,0.740283
10,60,10,0.01,0.95,2.5,2.5,0.35,11005.45,10.0545,3.5662,5.5029,0.7363,0.6481,34,37.5,0.740283
5,30,10,0.03,0.5,1.5,2.5,0.15,13575.88,35.7588,11.3098,15.3479,0.7613,0.7369,26,53.8462,0.73568
5,30,10,0.03,0.75,1.5,2.5,0.15,13575.88,35.7588,11.3098,15.3479,0.7613,0.7369,26,53.8462,0.73568
5,30,10,0.03,0.95,1.5,2.5,0.15,13575.88,35.7588,11.3098,15.3479,0.7613,0.7369,26,53.8462,0.73568
5,30,20,0.03,0.5,1.5,3.5,0.35,17049.45,70.4945,20.5623,25.5041,0.9154,0.8062,48,47.8261,0.734282
5,30,20,0.03,0.75,1.5,3.5,0.35,17049.45,70.4945,20.5623,25.5041,0.9154,0.8062,48,47.8261,0.734282
5,30,20,0.03,0.95,1.5,3.5,0.35,17049.45,70.4945,20.5623,25.5041,0.9154,0.8062,48,47.8261,0.734282
5,30,14,0.03,0.5,3.5,3.5,0.15,13189.57,31.8957,10.1893,14.6572,0.9223,0.6952,42,45.0,0.733049
5,30,14,0.03,0.5,3.5,3.5,0.25,13189.57,31.8957,10.1893,14.6572,0.9223,0.6952,42,45.0,0.733049
5,30,14,0.03,0.5,3.5,3.5,0.35,13189.57,31.8957,10.1893,14.6572,0.9223,0.6952,42,45.0,0.733049
5,30,14,0.03,0.75,3.5,3.5,0.15,13189.57,31.8957,10.1893,14.6572,0.9223,0.6952,42,45.0,0.733049
5,30,14,0.03,0.75,3.5,3.5,0.25,13189.57,31.8957,10.1893,14.6572,0.9223,0.6952,42,45.0,0.733049
5,30,14,0.03,0.75,3.5,3.5,0.35,13189.57,31.8957,10.1893,14.6572,0.9223,0.6952,42,45.0,0.733049
5,30,14,0.03,0.95,3.5,3.5,0.15,13189.57,31.8957,10.1893,14.6572,0.9223,0.6952,42,45.0,0.733049
5,30,14,0.03,0.95,3.5,3.5,0.25,13189.57,31.8957,10.1893,14.6572,0.9223,0.6952,42,45.0,0.733049
5,30,14,0.03,0.95,3.5,3.5,0.35,13189.57,31.8957,10.1893,14.6572,0.9223,0.6952,42,45.0,0.733049
10,30,20,0.03,0.5,2.5,4.5,0.25,13551.76,35.5176,11.2405,15.6206,0.8109,0.7196,32,40.0,0.725567
10,30,20,0.03,0.5,2.5,4.5,0.35,13551.76,35.5176,11.2405,15.6206,0.8109,0.7196,32,40.0,0.725567
10,30,20,0.03,0.75,2.5,4.5,0.25,13551.76,35.5176,11.2405,15.6206,0.8109,0.7196,32,40.0,0.725567
10,30,20,0.03,0.75,2.5,4.5,0.35,13551.76,35.5176,11.2405,15.6206,0.8109,0.7196,32,40.0,0.725567
10,30,20,0.03,0.95,2.5,4.5,0.25,13551.76,35.5176,11.2405,15.6206,0.8109,0.7196,32,40.0,0.725567
10,30,20,0.03,0.95,2.5,4.5,0.35,13551.76,35.5176,11.2405,15.6206,0.8109,0.7196,32,40.0,0.725567
10,30,20,0.02,0.5,1.5,2.5,0.25,13764.83,37.6483,11.8504,16.4608,0.8491,0.7199,46,45.4545,0.725134
10,30,20,0.02,0.5,1.5,2.5,0.35,13764.83,37.6483,11.8504,16.4608,0.8491,0.7199,46,45.4545,0.725134
10,30,20,0.02,0.75,1.5,2.5,0.25,13764.83,37.6483,11.8504,16.4608,0.8491,0.7199,46,45.4545,0.725134
10,30,20,0.02,0.75,1.5,2.5,0.35,13764.83,37.6483,11.8504,16.4608,0.8491,0.7199,46,45.4545,0.725134
10,30,20,0.02,0.95,1.5,2.5,0.25,13764.83,37.6483,11.8504,16.4608,0.8491,0.7199,46,45.4545,0.725134
10,30,20,0.02,0.95,1.5,2.5,0.35,13764.83,37.6483,11.8504,16.4608,0.8491,0.7199,46,45.4545,0.725134
10,60,10,0.02,0.5,3.5,2.5,0.15,11455.31,14.5531,5.0949,7.7954,0.7456,0.6536,34,37.5,0.724752
10,60,10,0.02,0.5,3.5,2.5,0.25,11455.31,14.5531,5.0949,7.7954,0.7456,0.6536,34,37.5,0.724752
10,60,10,0.02,0.5,3.5,2.5,0.35,11455.31,14.5531,5.0949,7.7954,0.7456,0.6536,34,37.5,0.724752
10,60,10,0.02,0.75,3.5,2.5,0.15,11455.31,14.5531,5.0949,7.7954,0.7456,0.6536,34,37.5,0.724752
10,60,10,0.02,0.75,3.5,2.5,0.25,11455.31,14.5531,5.0949,7.7954,0.7456,0.6536,34,37.5,0.724752
10,60,10,0.02,0.75,3.5,2.5,0.35,11455.31,14.5531,5.0949,7.7954,0.7456,0.6536,34,37.5,0.724752
10,60,10,0.02,0.95,3.5,2.5,0.15,11455.31,14.5531,5.0949,7.7954,0.7456,0.6536,34,37.5,0.724752
10,60,10,0.02,0.95,3.5,2.5,0.25,11455.31,14.5531,5.0949,7.7954,0.7456,0.6536,34,37.5,0.724752
10,60,10,0.02,0.95,3.5,2.5,0.35,11455.31,14.5531,5.0949,7.7954,0.7456,0.6536,34,37.5,0.724752
10,60,10,0.03,0.5,3.5,2.5,0.15,12285.3,22.853,7.8183,11.4814,0.7743,0.681,34,37.5,0.720998
10,60,10,0.03,0.5,3.5,2.5,0.25,12285.3,22.853,7.8183,11.4814,0.7743,0.681,34,37.5,0.720998
10,60,10,0.03,0.5,3.5,2.5,0.35,12285.3,22.853,7.8183,11.4814,0.7743,0.681,34,37.5,0.720998
10,60,10,0.03,0.75,3.5,2.5,0.15,12285.3,22.853,7.8183,11.4814,0.7743,0.681,34,37.5,0.720998
10,60,10,0.03,0.75,3.5,2.5,0.25,12285.3,22.853,7.8183,11.4814,0.7743,0.681,34,37.5,0.720998
10,60,10,0.03,0.75,3.5,2.5,0.35,12285.3,22.853,7.8183,11.4814,0.7743,0.681,34,37.5,0.720998
10,60,10,0.03,0.95,3.5,2.5,0.15,12285.3,22.853,7.8183,11.4814,0.7743,0.681,34,37.5,0.720998
10,60,10,0.03,0.95,3.5,2.5,0.25,12285.3,22.853,7.8183,11.4814,0.7743,0.681,34,37.5,0.720998
10,60,10,0.03,0.95,3.5,2.5,0.35,12285.3,22.853,7.8183,11.4814,0.7743,0.681,34,37.5,0.720998
10,30,20,0.02,0.5,3.5,3.5,0.15,11364.86,13.6486,4.5862,7.022,0.6853,0.6531,36,41.1765,0.719963
10,30,20,0.02,0.5,3.5,3.5,0.25,11364.86,13.6486,4.5862,7.022,0.6853,0.6531,36,41.1765,0.719963
10,30,20,0.02,0.5,3.5,3.5,0.35,11364.86,13.6486,4.5862,7.022,0.6853,0.6531,36,41.1765,0.719963
10,30,20,0.02,0.75,3.5,3.5,0.15,11364.86,13.6486,4.5862,7.022,0.6853,0.6531,36,41.1765,0.719963
10,30,20,0.02,0.75,3.5,3.5,0.25,11364.86,13.6486,4.5862,7.022,0.6853,0.6531,36,41.1765,0.719963
10,30,20,0.02,0.75,3.5,3.5,0.35,11364.86,13.6486,4.5862,7.022,0.6853,0.6531,36,41.1765,0.719963
10,30,20,0.02,0.95,3.5,3.5,0.15,11364.86,13.6486,4.5862,7.022,0.6853,0.6531,36,41.1765,0.719963
10,30,20,0.02,0.95,3.5,3.5,0.25,11364.86,13.6486,4.5862,7.022,0.6853,0.6531,36,41.1765,0.719963
10,30,20,0.02,0.95,3.5,3.5,0.35,11364.86,13.6486,4.5862,7.022,0.6853,0.6531,36,41.1765,0.719963
10,30,14,0.02,0.5,3.5,4.5,0.15,11720.39,17.2039,5.7215,8.85,0.8034,0.6465,30,42.8571,0.718668
10,30,14,0.02,0.5,3.5,4.5,0.25,11720.39,17.2039,5.7215,8.85,0.8034,0.6465,30,42.8571,0.718668
10,30,14,0.02,0.5,3.5,4.5,0.35,11720.39,17.2039,5.7215,8.85,0.8034,0.6465,30,42.8571,0.718668
10,30,14,0.02,0.75,3.5,4.5,0.15,11720.39,17.2039,5.7215,8.85,0.8034,0.6465,30,42.8571,0.718668
10,30,14,0.02,0.75,3.5,4.5,0.25,11720.39,17.2039,5.7215,8.85,0.8034,0.6465,30,42.8571,0.718668
10,30,14,0.02,0.75,3.5,4.5,0.35,11720.39,17.2039,5.7215,8.85,0.8034,0.6465,30,42.8571,0.718668
10,30,14,0.02,0.95,3.5,4.5,0.15,11720.39,17.2039,5.7215,8.85,0.8034,0.6465,30,42.8571,0.718668
10,30,14,0.02,0.95,3.5,4.5,0.25,11720.39,17.2039,5.7215,8.85,0.8034,0.6465,30,42.8571,0.718668
10,30,14,0.02,0.95,3.5,4.5,0.35,11720.39,17.2039,5.7215,8.85,0.8034,0.6465,30,42.8571,0.718668
5,30,10,0.03,0.5,3.5,3.5,0.25,13219.13,32.1913,10.2757,15.0922,0.9248,0.6809,42,45.0,0.714906
5,30,10,0.03,0.5,3.5,3.5,0.35,13219.13,32.1913,10.2757,15.0922,0.9248,0.6809,42,45.0,0.714906
5,30,10,0.03,0.75,3.5,3.5,0.25,13219.13,32.1913,10.2757,15.0922,0.9248,0.6809,42,45.0,0.714906
5,30,10,0.03,0.75,3.5,3.5,0.35,13219.13,32.1913,10.2757,15.0922,0.9248,0.6809,42,45.0,0.714906
5,30,10,0.03,0.95,3.5,3.5,0.25,13219.13,32.1913,10.2757,15.0922,0.9248,0.6809,42,45.0,0.714906
5,30,10,0.03,0.95,3.5,3.5,0.35,13219.13,32.1913,10.2757,15.0922,0.9248,0.6809,42,45.0,0.714906
10,30,10,0.02,0.5,3.5,4.5,0.15,11755.74,17.5574,5.8331,9.0383,0.7865,0.6454,30,42.8571,0.71229
10,30,10,0.02,0.5,3.5,4.5,0.25,11755.74,17.5574,5.8331,9.0383,0.7865,0.6454,30,42.8571,0.71229
10,30,10,0.02,0.5,3.5,4.5,0.35,11755.74,17.5574,5.8331,9.0383,0.7865,0.6454,30,42.8571,0.71229
10,30,10,0.02,0.75,3.5,4.5,0.15,11755.74,17.5574,5.8331,9.0383,0.7865,0.6454,30,42.8571,0.71229
10,30,10,0.02,0.75,3.5,4.5,0.25,11755.74,17.5574,5.8331,9.0383,0.7865,0.6454,30,42.8571,0.71229
10,30,10,0.02,0.75,3.5,4.5,0.35,11755.74,17.5574,5.8331,9.0383,0.7865,0.6454,30,42.8571,0.71229
10,30,10,0.02,0.95,3.5,4.5,0.15,11755.74,17.5574,5.8331,9.0383,0.7865,0.6454,30,42.8571,0.71229
10,30,10,0.02,0.95,3.5,4.5,0.25,11755.74,17.5574,5.8331,9.0383,0.7865,0.6454,30,42.8571,0.71229
10,30,10,0.02,0.95,3.5,4.5,0.35,11755.74,17.5574,5.8331,9.0383,0.7865,0.6454,30,42.8571,0.71229
10,30,20,0.02,0.5,2.5,3.5,0.15,11970.76,19.7076,6.5076,9.7494,0.7061,0.6675,36,41.1765,0.711222
10,30,20,0.02,0.5,2.5,3.5,0.25,11970.76,19.7076,6.5076,9.7494,0.7061,0.6675,36,41.1765,0.711222
10,30,20,0.02,0.5,2.5,3.5,0.35,11970.76,19.7076,6.5076,9.7494,0.7061,0.6675,36,41.1765,0.711222
10,30,20,0.02,0.75,2.5,3.5,0.15,11970.76,19.7076,6.5076,9.7494,0.7061,0.6675,36,41.1765,0.711222
10,30,20,0.02,0.75,2.5,3.5,0.25,11970.76,19.7076,6.5076,9.7494,0.7061,0.6675,36,41.1765,0.711222
10,30,20,0.02,0.75,2.5,3.5,0.35,11970.76,19.7076,6.5076,9.7494,0.7061,0.6675,36,41.1765,0.711222
10,30,20,0.02,0.95,2.5,3.5,0.15,11970.76,19.7076,6.5076,9.7494,0.7061,0.6675,36,41.1765,0.711222
10,30,20,0.02,0.95,2.5,3.5,0.25,11970.76,19.7076,6.5076,9.7494,0.7061,0.6675,36,41.1765,0.711222
10,30,20,0.02,0.95,2.5,3.5,0.35,11970.76,19.7076,6.5076,9.7494,0.7061,0.6675,36,41.1765,0.711222
20,60,20,0.02,0.5,2.5,4.5,0.25,13336.46,33.3646,11.1049,15.6419,0.7851,0.7099,16,28.5714,0.710546
20,60,20,0.02,0.5,2.5,4.5,0.35,13336.46,33.3646,11.1049,15.6419,0.7851,0.7099,16,28.5714,0.710546
20,60,20,0.02,0.75,2.5,4.5,0.25,13336.46,33.3646,11.1049,15.6419,0.7851,0.7099,16,28.5714,0.710546
20,60,20,0.02,0.75,2.5,4.5,0.35,13336.46,33.3646,11.1049,15.6419,0.7851,0.7099,16,28.5714,0.710546
20,60,20,0.02,0.95,2.5,4.5,0.25,13336.46,33.3646,11.1049,15.6419,0.7851,0.7099,16,28.5714,0.710546
20,60,20,0.02,0.95,2.5,4.5,0.35,13336.46,33.3646,11.1049,15.6419,0.7851,0.7099,16,28.5714,0.710546
10,60,10,0.02,0.5,2.5,2.5,0.15,12082.52,20.8252,7.164,10.7774,0.7559,0.6647,34,37.5,0.708138
10,60,10,0.02,0.5,2.5,2.5,0.25,12082.52,20.8252,7.164,10.7774,0.7559,0.6647,34,37.5,0.708138
10,60,10,0.02,0.5,2.5,2.5,0.35,12082.52,20.8252,7.164,10.7774,0.7559,0.6647,34,37.5,0.708138
10,60,10,0.02,0.75,2.5,2.5,0.15,12082.52,20.8252,7.164,10.7774,0.7559,0.6647,34,37.5,0.708138
10,60,10,0.02,0.75,2.5,2.5,0.25,12082.52,20.8252,7.164,10.7774,0.7559,0.6647,34,37.5,0.708138
10,60,10,0.02,0.75,2.5,2.5,0.35,12082.52,20.8252,7.164,10.7774,0.7559,0.6647,34,37.5,0.708138
10,60,10,0.02,0.95,2.5,2.5,0.15,12082.52,20.8252,7.164,10.7774,0.7559,0.6647,34,37.5,0.708138
10,60,10,0.02,0.95,2.5,2.5,0.25,12082.52,20.8252,7.164,10.7774,0.7559,0.6647,34,37.5,0.708138
10,60,10,0.02,0.95,2.5,2.5,0.35,12082.52,20.8252,7.164,10.7774,0.7559,0.6647,34,37.5,0.708138
10,30,20,0.03,0.5,3.5,3.5,0.15,12106.9,21.069,6.9306,10.3768,0.7055,0.6679,36,41.1765,0.705217
10,30,20,0.03,0.5,3.5,3.5,0.25,12106.9,21.069,6.9306,10.3768,0.7055,0.6679,36,41.1765,0.705217
10,30,20,0.03,0.5,3.5,3.5,0.35,12106.9,21.069,6.9306,10.3768,0.7055,0.6679,36,41.1765,0.705217
10,30,20,0.03,0.75,3.5,3.5,0.15,12106.9,21.069,6.9306,10.3768,0.7055,0.6679,36,41.1765,0.705217
10,30,20,0.03,0.75,3.5,3.5,0.25,12106.9,21.069,6.9306,10.3768,0.7055,0.6679,36,41.1765,0.705217
10,30,20,0.03,0.75,3.5,3.5,0.35,12106.9,21.069,6.9306,10.3768,0.7055,0.6679,36,41.1765,0.705217
10,30,20,0.03,0.95,3.5,3.5,0.15,12106.9,21.069,6.9306,10.3768,0.7055,0.6679,36,41.1765,0.705217
10,30,20,0.03,0.95,3.5,3.5,0.25,12106.9,21.069,6.9306,10.3768,0.7055,0.6679,36,41.1765,0.705217
10,30,20,0.03,0.95,3.5,3.5,0.35,12106.9,21.069,6.9306,10.3768,0.7055,0.6679,36,41.1765,0.705217
10,30,10,0.01,0.5,3.5,4.5,0.15,10800.7,8.007,2.7364,4.5508,0.7343,0.6013,30,42.8571,0.702649
10,30,10,0.01,0.5,3.5,4.5,0.25,10800.7,8.007,2.7364,4.5508,0.7343,0.6013,30,42.8571,0.702649
10,30,10,0.01,0.5,3.5,4.5,0.35,10800.7,8.007,2.7364,4.5508,0.7343,0.6013,30,42.8571,0.702649
10,30,10,0.01,0.75,3.5,4.5,0.15,10800.7,8.007,2.7364,4.5508,0.7343,0.6013,30,42.8571,0.702649
10,30,10,0.01,0.75,3.5,4.5,0.25,10800.7,8.007,2.7364,4.5508,0.7343,0.6013,30,42.8571,0.702649
10,30,10,0.01,0.75,3.5,4.5,0.35,10800.7,8.007,2.7364,4.5508,0.7343,0.6013,30,42.8571,0.702649
10,30,10,0.01,0.95,3.5,4.5,0.15,10800.7,8.007,2.7364,4.5508,0.7343,0.6013,30,42.8571,0.702649
10,30,10,0.01,0.95,3.5,4.5,0.25,10800.7,8.007,2.7364,4.5508,0.7343,0.6013,30,42.8571,0.702649
10,30,10,0.01,0.95,3.5,4.5,0.35,10800.7,8.007,2.7364,4.5508,0.7343,0.6013,30,42.8571,0.702649
10,30,14,0.03,0.5,3.5,4.5,0.15,12644.42,26.4442,8.5711,12.8479,0.8198,0.6671,30,42.8571,0.702602
10,30,14,0.03,0.5,3.5,4.5,0.25,12644.42,26.4442,8.5711,12.8479,0.8198,0.6671,30,42.8571,0.702602
10,30,14,0.03,0.5,3.5,4.5,0.35,12644.42,26.4442,8.5711,12.8479,0.8198,0.6671,30,42.8571,0.702602
10,30,14,0.03,0.75,3.5,4.5,0.15,12644.42,26.4442,8.5711,12.8479,0.8198,0.6671,30,42.8571,0.702602
10,30,14,0.03,0.75,3.5,4.5,0.25,12644.42,26.4442,8.5711,12.8479,0.8198,0.6671,30,42.8571,0.702602
10,30,14,0.03,0.75,3.5,4.5,0.35,12644.42,26.4442,8.5711,12.8479,0.8198,0.6671,30,42.8571,0.702602
10,30,14,0.03,0.95,3.5,4.5,0.15,12644.42,26.4442,8.5711,12.8479,0.8198,0.6671,30,42.8571,0.702602
10,30,14,0.03,0.95,3.5,4.5,0.25,12644.42,26.4442,8.5711,12.8479,0.8198,0.6671,30,42.8571,0.702602
10,30,14,0.03,0.95,3.5,4.5,0.35,12644.42,26.4442,8.5711,12.8479,0.8198,0.6671,30,42.8571,0.702602
10,30,14,0.01,0.5,3.5,4.5,0.15,10766.1,7.661,2.621,4.4191,0.7542,0.5931,30,42.8571,0.699743
10,30,14,0.01,0.5,3.5,4.5,0.25,10766.1,7.661,2.621,4.4191,0.7542,0.5931,30,42.8571,0.699743
10,30,14,0.01,0.5,3.5,4.5,0.35,10766.1,7.661,2.621,4.4191,0.7542,0.5931,30,42.8571,0.699743
10,30,14,0.01,0.75,3.5,4.5,0.15,10766.1,7.661,2.621,4.4191,0.7542,0.5931,30,42.8571,0.699743
10,30,14,0.01,0.75,3.5,4.5,0.25,10766.1,7.661,2.621,4.4191,0.7542,0.5931,30,42.8571,0.699743
10,30,14,0.01,0.75,3.5,4.5,0.35,10766.1,7.661,2.621,4.4191,0.7542,0.5931,30,42.8571,0.699743
10,30,14,0.01,0.95,3.5,4.5,0.15,10766.1,7.661,2.621,4.4191,0.7542,0.5931,30,42.8571,0.699743
10,30,14,0.01,0.95,3.5,4.5,0.25,10766.1,7.661,2.621,4.4191,0.7542,0.5931,30,42.8571,0.699743
10,30,14,0.01,0.95,3.5,4.5,0.35,10766.1,7.661,2.621,4.4191,0.7542,0.5931,30,42.8571,0.699743
10,60,10,0.01,0.5,1.5,2.5,0.15,11717.89,17.1789,5.9696,9.294,0.7472,0.6423,34,37.5,0.698818
10,60,10,0.01,0.5,1.5,2.5,0.25,11717.89,17.1789,5.9696,9.294,0.7472,0.6423,34,37.5,0.698818
10,60,10,0.01,0.5,1.5,2.5,0.35,11717.89,17.1789,5.9696,9.294,0.7472,0.6423,34,37.5,0.698818
10,60,10,0.01,0.75,1.5,2.5,0.15,11717.89,17.1789,5.9696,9.294,0.7472,0.6423,34,37.5,0.698818
10,60,10,0.01,0.75,1.5,2.5,0.25,11717.89,17.1789,5.9696,9.294,0.7472,0.6423,34,37.5,0.698818
10,60,10,0.01,0.75,1.5,2.5,0.35,11717.89,17.1789,5.9696,9.294,0.7472,0.6423,34,37.5,0.698818
10,60,10,0.01,0.95,1.5,2.5,0.15,11717.89,17.1789,5.9696,9.294,0.7472,0.6423,34,37.5,0.698818
10,60,10,0.01,0.95,1.5,2.5,0.25,11717.89,17.1789,5.9696,9.294,0.7472,0.6423,34,37.5,0.698818
10,60,10,0.01,0.95,1.5,2.5,0.35,11717.89,17.1789,5.9696,9.294,0.7472,0.6423,34,37.5,0.698818
10,30,14,0.02,0.5,1.5,2.5,0.25,13908.23,39.0823,12.2574,17.5,0.8607,0.7004,44,42.8571,0.697566
10,30,14,0.02,0.5,1.5,2.5,0.35,13908.23,39.0823,12.2574,17.5,0.8607,0.7004,44,42.8571,0.697566
10,30,14,0.02,0.75,1.5,2.5,0.25,13908.23,39.0823,12.2574,17.5,0.8607,0.7004,44,42.8571,0.697566
10,30,14,0.02,0.75,1.5,2.5,0.35,13908.23,39.0823,12.2574,17.5,0.8607,0.7004,44,42.8571,0.697566
10,30,14,0.02,0.95,1.5,2.5,0.25,13908.23,39.0823,12.2574,17.5,0.8607,0.7004,44,42.8571,0.697566
10,30,14,0.02,0.95,1.5,2.5,0.35,13908.23,39.0823,12.2574,17.5,0.8607,0.7004,44,42.8571,0.697566
10,30,20,0.03,0.5,2.5,3.5,0.15,13054.62,30.5462,9.7928,14.2231,0.7306,0.6885,36,41.1765,0.692401
10,30,20,0.03,0.5,2.5,3.5,0.25,13054.62,30.5462,9.7928,14.2231,0.7306,0.6885,36,41.1765,0.692401
10,30,20,0.03,0.5,2.5,3.5,0.35,13054.62,30.5462,9.7928,14.2231,0.7306,0.6885,36,41.1765,0.692401
10,30,20,0.03,0.75,2.5,3.5,0.15,13054.62,30.5462,9.7928,14.2231,0.7306,0.6885,36,41.1765,0.692401
10,30,20,0.03,0.75,2.5,3.5,0.25,13054.62,30.5462,9.7928,14.2231,0.7306,0.6885,36,41.1765,0.692401
10,30,20,0.03,0.75,2.5,3.5,0.35,13054.62,30.5462,9.7928,14.2231,0.7306,0.6885,36,41.1765,0.692401
10,30,20,0.03,0.95,2.5,3.5,0.15,13054.62,30.5462,9.7928,14.2231,0.7306,0.6885,36,41.1765,0.692401
10,30,20,0.03,0.95,2.5,3.5,0.25,13054.62,30.5462,9.7928,14.2231,0.7306,0.6885,36,41.1765,0.692401
10,30,20,0.03,0.95,2.5,3.5,0.35,13054.62,30.5462,9.7928,14.2231,0.7306,0.6885,36,41.1765,0.692401
10,30,14,0.01,0.5,2.5,4.5,0.15,11123.84,11.2384,3.8034,6.3388,0.7635,0.6,32,40.0,0.689327
10,30,14,0.01,0.5,2.5,4.5,0.25,11123.84,11.2384,3.8034,6.3388,0.7635,0.6,32,40.0,0.689327
10,30,14,0.01,0.5,2.5,4.5,0.35,11123.84,11.2384,3.8034,6.3388,0.7635,0.6,32,40.0,0.689327
10,30,14,0.01,0.75,2.5,4.5,0.15,11123.84,11.2384,3.8034,6.3388,0.7635,0.6,32,40.0,0.689327
10,30,14,0.01,0.75,2.5,4.5,0.25,11123.84,11.2384,3.8034,6.3388,0.7635,0.6,32,40.0,0.689327
10,30,14,0.01,0.75,2.5,4.5,0.35,11123.84,11.2384,3.8034,6.3388,0.7635,0.6,32,40.0,0.689327
10,30,14,0.01,0.95,2.5,4.5,0.15,11123.84,11.2384,3.8034,6.3388,0.7635,0.6,32,40.0,0.689327
10,30,14,0.01,0.95,2.5,4.5,0.25,11123.84,11.2384,3.8034,6.3388,0.7635,0.6,32,40.0,0.689327
10,30,14,0.01,0.95,2.5,4.5,0.35,11123.84,11.2384,3.8034,6.3388,0.7635,0.6,32,40.0,0.689327
20,60,20,0.03,0.5,2.5,4.5,0.25,15100.3,51.003,16.2689,21.9256,0.8281,0.742,16,28.5714,0.688367
20,60,20,0.03,0.5,2.5,4.5,0.35,15100.3,51.003,16.2689,21.9256,0.8281,0.742,16,28.5714,0.688367
20,60,20,0.03,0.75,2.5,4.5,0.25,15100.3,51.003,16.2689,21.9256,0.8281,0.742,16,28.5714,0.688367
20,60,20,0.03,0.75,2.5,4.5,0.35,15100.3,51.003,16.2689,21.9256,0.8281,0.742,16,28.5714,0.688367
20,60,20,0.03,0.95,2.5,4.5,0.25,15100.3,51.003,16.2689,21.9256,0.8281,0.742,16,28.5714,0.688367
20,60,20,0.03,0.95,2.5,4.5,0.35,15100.3,51.003,16.2689,21.9256,0.8281,0.742,16,28.5714,0.688367
10,60,10,0.03,0.5,2.5,2.5,0.25,13247.95,32.4795,10.8347,15.7818,0.7865,0.6865,34,37.5,0.686003
10,60,10,0.03,0.5,2.5,2.5,0.35,13247.95,32.4795,10.8347,15.7818,0.7865,0.6865,34,37.5,0.686003
10,60,10,0.03,0.75,2.5,2.5,0.25,13247.95,32.4795,10.8347,15.7818,0.7865,0.6865,34,37.5,0.686003
10,60,10,0.03,0.75,2.5,2.5,0.35,13247.95,32.4795,10.8347,15.7818,0.7865,0.6865,34,37.5,0.686003
10,60,10,0.03,0.95,2.5,2.5,0.25,13247.95,32.4795,10.8347,15.7818,0.7865,0.6865,34,37.5,0.686003
10,60,10,0.03,0.95,2.5,2.5,0.35,13247.95,32.4795,10.8347,15.7818,0.7865,0.6865,34,37.5,0.686003
20,30,10,0.03,0.5,1.5,4.5,0.15,13512.61,35.1261,11.1277,15.8319,0.6871,0.7029,10,80.0,0.681975
20,30,10,0.03,0.75,1.5,4.5,0.15,13512.61,35.1261,11.1277,15.8319,0.6871,0.7029,10,80.0,0.681975
20,30,10,0.03,0.95,1.5,4.5,0.15,13512.61,35.1261,11.1277,15.8319,0.6871,0.7029,10,80.0,0.681975
10,30,20,0.03,0.5,1.5,2.5,0.25,15832.9,58.329,17.4744,23.6755,0.868,0.7381,46,45.4545,0.674922
10,30,20,0.03,0.5,1.5,2.5,0.35,15832.9,58.329,17.4744,23.6755,0.868,0.7381,46,45.4545,0.674922
10,30,20,0.03,0.75,1.5,2.5,0.25,15832.9,58.329,17.4744,23.6755,0.868,0.7381,46,45.4545,0.674922
10,30,20,0.03,0.75,1.5,2.5,0.35,15832.9,58.329,17.4744,23.6755,0.868,0.7381,46,45.4545,0.674922
10,30,20,0.03,0.95,1.5,2.5,0.25,15832.9,58.329,17.4744,23.6755,0.868,0.7381,46,45.4545,0.674922
10,30,20,0.03,0.95,1.5,2.5,0.35,15832.9,58.329,17.4744,23.6755,0.868,0.7381,46,45.4545,0.674922
10,30,10,0.03,0.5,3.5,4.5,0.15,12652.62,26.5262,8.5958,13.2456,0.7902,0.649,30,42.8571,0.674532
10,30,10,0.03,0.5,3.5,4.5,0.25,12652.62,26.5262,8.5958,13.2456,0.7902,0.649,30,42.8571,0.674532
10,30,10,0.03,0.5,3.5,4.5,0.35,12652.62,26.5262,8.5958,13.2456,0.7902,0.649,30,42.8571,0.674532
10,30,10,0.03,0.75,3.5,4.5,0.15,12652.62,26.5262,8.5958,13.2456,0.7902,0.649,30,42.8571,0.674532
10,30,10,0.03,0.75,3.5,4.5,0.25,12652.62,26.5262,8.5958,13.2456,0.7902,0.649,30,42.8571,0.674532
10,30,10,0.03,0.75,3.5,4.5,0.35,12652.62,26.5262,8.5958,13.2456,0.7902,0.649,30,42.8571,0.674532
10,30,10,0.03,0.95,3.5,4.5,0.15,12652.62,26.5262,8.5958,13.2456,0.7902,0.649,30,42.8571,0.674532
10,30,10,0.03,0.95,3.5,4.5,0.25,12652.62,26.5262,8.5958,13.2456,0.7902,0.649,30,42.8571,0.674532
10,30,10,0.03,0.95,3.5,4.5,0.35,12652.62,26.5262,8.5958,13.2456,0.7902,0.649,30,42.8571,0.674532
10,60,14,0.01,0.5,2.5,2.5,0.15,10965.67,9.6567,3.4291,5.9461,0.7558,0.5767,40,31.5789,0.66839
10,60,14,0.01,0.5,2.5,2.5,0.25,10965.67,9.6567,3.4291,5.9461,0.7558,0.5767,40,31.5789,0.66839
10,60,14,0.01,0.5,2.5,2.5,0.35,10965.67,9.6567,3.4291,5.9461,0.7558,0.5767,40,31.5789,0.66839
10,60,14,0.01,0.75,2.5,2.5,0.15,10965.67,9.6567,3.4291,5.9461,0.7558,0.5767,40,31.5789,0.66839
10,60,14,0.01,0.75,2.5,2.5,0.25,10965.67,9.6567,3.4291,5.9461,0.7558,0.5767,40,31.5789,0.66839
10,60,14,0.01,0.75,2.5,2.5,0.35,10965.67,9.6567,3.4291,5.9461,0.7558,0.5767,40,31.5789,0.66839
10,60,14,0.01,0.95,2.5,2.5,0.15,10965.67,9.6567,3.4291,5.9461,0.7558,0.5767,40,31.5789,0.66839
10,60,14,0.01,0.95,2.5,2.5,0.25,10965.67,9.6567,3.4291,5.9461,0.7558,0.5767,40,31.5789,0.66839
10,60,14,0.01,0.95,2.5,2.5,0.35,10965.67,9.6567,3.4291,5.9461,0.7558,0.5767,40,31.5789,0.66839
20,60,20,0.01,0.5,1.5,4.5,0.15,12664.78,26.6478,9.0247,13.8702,0.7533,0.6507,18,25.0,0.662618
20,60,20,0.01,0.5,1.5,4.5,0.25,12664.78,26.6478,9.0247,13.8702,0.7533,0.6507,18,25.0,0.662618
20,60,20,0.01,0.5,1.5,4.5,0.35,12664.78,26.6478,9.0247,13.8702,0.7533,0.6507,18,25.0,0.662618
20,60,20,0.01,0.75,1.5,4.5,0.15,12664.78,26.6478,9.0247,13.8702,0.7533,0.6507,18,25.0,0.662618
20,60,20,0.01,0.75,1.5,4.5,0.25,12664.78,26.6478,9.0247,13.8702,0.7533,0.6507,18,25.0,0.662618
20,60,20,0.01,0.75,1.5,4.5,0.35,12664.78,26.6478,9.0247,13.8702,0.7533,0.6507,18,25.0,0.662618
20,60,20,0.01,0.95,1.5,4.5,0.15,12664.78,26.6478,9.0247,13.8702,0.7533,0.6507,18,25.0,0.662618
20,60,20,0.01,0.95,1.5,4.5,0.25,12664.78,26.6478,9.0247,13.8702,0.7533,0.6507,18,25.0,0.662618
20,60,20,0.01,0.95,1.5,4.5,0.35,12664.78,26.6478,9.0247,13.8702,0.7533,0.6507,18,25.0,0.662618
10,60,20,0.01,0.5,3.5,4.5,0.15,10853.18,8.5318,3.0398,5.274,0.6886,0.5764,20,44.4444,0.661352
10,60,20,0.01,0.5,3.5,4.5,0.25,10853.18,8.5318,3.0398,5.274,0.6886,0.5764,20,44.4444,0.661352
10,60,20,0.01,0.5,3.5,4.5,0.35,10853.18,8.5318,3.0398,5.274,0.6886,0.5764,20,44.4444,0.661352
10,60,20,0.01,0.75,3.5,4.5,0.15,10853.18,8.5318,3.0398,5.274,0.6886,0.5764,20,44.4444,0.661352
10,60,20,0.01,0.75,3.5,4.5,0.25,10853.18,8.5318,3.0398,5.274,0.6886,0.5764,20,44.4444,0.661352
10,60,20,0.01,0.75,3.5,4.5,0.35,10853.18,8.5318,3.0398,5.274,0.6886,0.5764,20,44.4444,0.661352
10,60,20,0.01,0.95,3.5,4.5,0.15,10853.18,8.5318,3.0398,5.274,0.6886,0.5764,20,44.4444,0.661352
10,60,20,0.01,0.95,3.5,4.5,0.25,10853.18,8.5318,3.0398,5.274,0.6886,0.5764,20,44.4444,0.661352
10,60,20,0.01,0.95,3.5,4.5,0.35,10853.18,8.5318,3.0398,5.274,0.6886,0.5764,20,44.4444,0.661352
10,60,20,0.02,0.5,3.5,4.5,0.15,11792.47,17.9247,6.2158,10.1699,0.7283,0.6112,20,44.4444,0.655163
10,60,20,0.02,0.5,3.5,4.5,0.25,11792.47,17.9247,6.2158,10.1699,0.7283,0.6112,20,44.4444,0.655163
10,60,20,0.02,0.5,3.5,4.5,0.35,11792.47,17.9247,6.2158,10.1699,0.7283,0.6112,20,44.4444,0.655163
10,60,20,0.02,0.75,3.5,4.5,0.15,11792.47,17.9247,6.2158,10.1699,0.7283,0.6112,20,44.4444,0.655163
10,60,20,0.02,0.75,3.5,4.5,0.25,11792.47,17.9247,6.2158,10.1699,0.7283,0.6112,20,44.4444,0.655163
10,60,20,0.02,0.75,3.5,4.5,0.35,11792.47,17.9247,6.2158,10.1699,0.7283,0.6112,20,44.4444,0.655163
10,60,20,0.02,0.95,3.5,4.5,0.15,11792.47,17.9247,6.2158,10.1699,0.7283,0.6112,20,44.4444,0.655163
10,60,20,0.02,0.95,3.5,4.5,0.25,11792.47,17.9247,6.2158,10.1699,0.7283,0.6112,20,44.4444,0.655163
10,60,20,0.02,0.95,3.5,4.5,0.35,11792.47,17.9247,6.2158,10.1699,0.7283,0.6112,20,44.4444,0.655163
5,30,10,0.03,0.5,1.5,3.5,0.15,13409.55,34.0955,10.8299,16.1334,0.7128,0.6713,18,55.5556,0.652505
5,30,10,0.03,0.75,1.5,3.5,0.15,13409.55,34.0955,10.8299,16.1334,0.7128,0.6713,18,55.5556,0.652505
5,30,10,0.03,0.95,1.5,3.5,0.15,13409.55,34.0955,10.8299,16.1334,0.7128,0.6713,18,55.5556,0.652505
10,30,14,0.03,0.5,1.5,2.5,0.35,16093.01,60.9301,18.1473,25.0594,0.883,0.7242,44,42.8571,0.650185
10,30,14,0.03,0.75,1.5,2.5,0.35,16093.01,60.9301,18.1473,25.0594,0.883,0.7242,44,42.8571,0.650185
10,30,14,0.03,0.95,1.5,2.5,0.35,16093.01,60.9301,18.1473,25.0594,0.883,0.7242,44,42.8571,0.650185
20,30,20,0.03,0.5,1.5,4.5,0.15,13179.88,31.7988,10.1609,15.133,0.6386,0.6714,16,62.5,0.64782
20,30,20,0.03,0.75,1.5,4.5,0.15,13179.88,31.7988,10.1609,15.133,0.6386,0.6714,16,62.5,0.64782
20,30,20,0.03,0.95,1.5,4.5,0.15,13179.88,31.7988,10.1609,15.133,0.6386,0.6714,16,62.5,0.64782
10,30,14,0.02,0.5,3.5,3.5,0.15,11480.89,14.8089,4.9592,8.4124,0.712,0.5895,34,43.75,0.647787
10,30,14,0.02,0.5,3.5,3.5,0.25,11480.89,14.8089,4.9592,8.4124,0.712,0.5895,34,43.75,0.647787
10,30,14,0.02,0.5,3.5,3.5,0.35,11480.89,14.8089,4.9592,8.4124,0.712,0.5895,34,43.75,0.647787
10,30,14,0.02,0.75,3.5,3.5,0.15,11480.89,14.8089,4.9592,8.4124,0.712,0.5895,34,43.75,0.647787
10,30,14,0.02,0.75,3.5,3.5,0.25,11480.89,14.8089,4.9592,8.4124,0.712,0.5895,34,43.75,0.647787
10,30,14,0.02,0.75,3.5,3.5,0.35,11480.89,14.8089,4.9592,8.4124,0.712,0.5895,34,43.75,0.647787
10,30,14,0.02,0.95,3.5,3.5,0.15,11480.89,14.8089,4.9592,8.4124,0.712,0.5895,34,43.75,0.647787
10,30,14,0.02,0.95,3.5,3.5,0.25,11480.89,14.8089,4.9592,8.4124,0.712,0.5895,34,43.75,0.647787
10,30,14,0.02,0.95,3.5,3.5,0.35,11480.89,14.8089,4.9592,8.4124,0.712,0.5895,34,43.75,0.647787
20,120,20,0.03,0.5,1.5,4.5,0.15,12871.83,28.7183,10.6435,16.099,0.7349,0.6611,2,100.0,0.647112
20,120,20,0.03,0.75,1.5,4.5,0.15,12871.83,28.7183,10.6435,16.099,0.7349,0.6611,2,100.0,0.647112
20,120,20,0.03,0.95,1.5,4.5,0.15,12871.83,28.7183,10.6435,16.099,0.7349,0.6611,2,100.0,0.647112
10,30,10,0.01,0.5,2.5,4.5,0.15,11080.19,10.8019,3.6605,6.4499,0.7149,0.5675,32,40.0,0.646001
10,30,10,0.01,0.5,2.5,4.5,0.25,11080.19,10.8019,3.6605,6.4499,0.7149,0.5675,32,40.0,0.646001
10,30,10,0.01,0.5,2.5,4.5,0.35,11080.19,10.8019,3.6605,6.4499,0.7149,0.5675,32,40.0,0.646001
10,30,10,0.01,0.75,2.5,4.5,0.15,11080.19,10.8019,3.6605,6.4499,0.7149,0.5675,32,40.0,0.646001
10,30,10,0.01,0.75,2.5,4.5,0.25,11080.19,10.8019,3.6605,6.4499,0.7149,0.5675,32,40.0,0.646001
10,30,10,0.01,0.75,2.5,4.5,0.35,11080.19,10.8019,3.6605,6.4499,0.7149,0.5675,32,40.0,0.646001
10,30,10,0.01,0.95,2.5,4.5,0.15,11080.19,10.8019,3.6605,6.4499,0.7149,0.5675,32,40.0,0.646001
10,30,10,0.01,0.95,2.5,4.5,0.25,11080.19,10.8019,3.6605,6.4499,0.7149,0.5675,32,40.0,0.646001
10,30,10,0.01,0.95,2.5,4.5,0.35,11080.19,10.8019,3.6605,6.4499,0.7149,0.5675,32,40.0,0.646001
10,60,10,0.02,0.5,1.5,2.5,0.25,13542.86,35.4286,11.7308,17.6001,0.7773,0.6665,34,37.5,0.645983
10,60,10,0.02,0.5,1.5,2.5,0.35,13542.86,35.4286,11.7308,17.6001,0.7773,0.6665,34,37.5,0.645983
10,60,10,0.02,0.75,1.5,2.5,0.25,13542.86,35.4286,11.7308,17.6001,0.7773,0.6665,34,37.5,0.645983
10,60,10,0.02,0.75,1.5,2.5,0.35,13542.86,35.4286,11.7308,17.6001,0.7773,0.6665,34,37.5,0.645983
10,60,10,0.02,0.95,1.5,2.5,0.25,13542.86,35.4286,11.7308,17.6001,0.7773,0.6665,34,37.5,0.645983
10,60,10,0.02,0.95,1.5,2.5,0.35,13542.86,35.4286,11.7308,17.6001,0.7773,0.6665,34,37.5,0.645983
20,120,14,0.03,0.5,1.5,4.5,0.15,12818.32,28.1832,10.459,15.9022,0.7326,0.6577,2,100.0,0.645195
20,120,14,0.03,0.75,1.5,4.5,0.15,12818.32,28.1832,10.459,15.9022,0.7326,0.6577,2,100.0,0.645195
20,120,14,0.03,0.95,1.5,4.5,0.15,12818.32,28.1832,10.459,15.9022,0.7326,0.6577,2,100.0,0.645195
20,30,14,0.03,0.5,1.5,4.5,0.15,13222.97,32.2297,10.287,15.3083,0.6305,0.672,16,62.5,0.644997
20,30,14,0.03,0.75,1.5,4.5,0.15,13222.97,32.2297,10.287,15.3083,0.6305,0.672,16,62.5,0.644997
20,30,14,0.03,0.95,1.5,4.5,0.15,13222.97,32.2297,10.287,15.3083,0.6305,0.672,16,62.5,0.644997
10,60,14,0.02,0.5,3.5,2.5,0.15,11393.19,13.9319,4.8861,8.4533,0.7561,0.578,40,31.5789,0.644691
10,60,14,0.02,0.5,3.5,2.5,0.25,11393.19,13.9319,4.8861,8.4533,0.7561,0.578,40,31.5789,0.644691
10,60,14,0.02,0.5,3.5,2.5,0.35,11393.19,13.9319,4.8861,8.4533,0.7561,0.578,40,31.5789,0.644691
10,60,14,0.02,0.75,3.5,2.5,0.15,11393.19,13.9319,4.8861,8.4533,0.7561,0.578,40,31.5789,0.644691
10,60,14,0.02,0.75,3.5,2.5,0.25,11393.19,13.9319,4.8861,8.4533,0.7561,0.578,40,31.5789,0.644691
10,60,14,0.02,0.75,3.5,2.5,0.35,11393.19,13.9319,4.8861,8.4533,0.7561,0.578,40,31.5789,0.644691
10,60,14,0.02,0.95,3.5,2.5,0.15,11393.19,13.9319,4.8861,8.4533,0.7561,0.578,40,31.5789,0.644691
10,60,14,0.02,0.95,3.5,2.5,0.25,11393.19,13.9319,4.8861,8.4533,0.7561,0.578,40,31.5789,0.644691
10,60,14,0.02,0.95,3.5,2.5,0.35,11393.19,13.9319,4.8861,8.4533,0.7561,0.578,40,31.5789,0.644691
20,120,10,0.03,0.5,1.5,4.5,0.15,12800.48,28.0048,10.3974,15.836,0.7318,0.6566,2,100.0,0.644559
20,120,10,0.03,0.75,1.5,4.5,0.15,12800.48,28.0048,10.3974,15.836,0.7318,0.6566,2,100.0,0.644559
20,120,10,0.03,0.95,1.5,4.5,0.15,12800.48,28.0048,10.3974,15.836,0.7318,0.6566,2,100.0,0.644559
20,60,14,0.01,0.5,3.5,4.5,0.15,11042.12,10.4212,3.6923,6.4781,0.6855,0.57,14,33.3333,0.642287
20,60,14,0.01,0.5,3.5,4.5,0.25,11042.12,10.4212,3.6923,6.4781,0.6855,0.57,14,33.3333,0.642287
20,60,14,0.01,0.5,3.5,4.5,0.35,11042.12,10.4212,3.6923,6.4781,0.6855,0.57,14,33.3333,0.642287
20,60,14,0.01,0.75,3.5,4.5,0.15,11042.12,10.4212,3.6923,6.4781,0.6855,0.57,14,33.3333,0.642287
20,60,14,0.01,0.75,3.5,4.5,0.25,11042.12,10.4212,3.6923,6.4781,0.6855,0.57,14,33.3333,0.642287
20,60,14,0.01,0.75,3.5,4.5,0.35,11042.12,10.4212,3.6923,6.4781,0.6855,0.57,14,33.3333,0.642287
20,60,14,0.01,0.95,3.5,4.5,0.15,11042.12,10.4212,3.6923,6.4781,0.6855,0.57,14,33.3333,0.642287
20,60,14,0.01,0.95,3.5,4.5,0.25,11042.12,10.4212,3.6923,6.4781,0.6855,0.57,14,33.3333,0.642287
20,60,14,0.01,0.95,3.5,4.5,0.35,11042.12,10.4212,3.6923,6.4781,0.6855,0.57,14,33.3333,0.642287
10,60,20,0.01,0.5,2.5,4.5,0.15,11176.26,11.7626,4.1512,7.2452,0.6821,0.573,22,40.0,0.636925
10,60,20,0.01,0.5,2.5,4.5,0.25,11176.26,11.7626,4.1512,7.2452,0.6821,0.573,22,40.0,0.636925
10,60,20,0.01,0.5,2.5,4.5,0.35,11176.26,11.7626,4.1512,7.2452,0.6821,0.573,22,40.0,0.636925
10,60,20,0.01,0.75,2.5,4.5,0.15,11176.26,11.7626,4.1512,7.2452,0.6821,0.573,22,40.0,0.636925
10,60,20,0.01,0.75,2.5,4.5,0.25,11176.26,11.7626,4.1512,7.2452,0.6821,0.573,22,40.0,0.636925
10,60,20,0.01,0.75,2.5,4.5,0.35,11176.26,11.7626,4.1512,7.2452,0.6821,0.573,22,40.0,0.636925
10,60,20,0.01,0.95,2.5,4.5,0.15,11176.26,11.7626,4.1512,7.2452,0.6821,0.573,22,40.0,0.636925
10,60,20,0.01,0.95,2.5,4.5,0.25,11176.26,11.7626,4.1512,7.2452,0.6821,0.573,22,40.0,0.636925
10,60,20,0.01,0.95,2.5,4.5,0.35,11176.26,11.7626,4.1512,7.2452,0.6821,0.573,22,40.0,0.636925
10,60,20,0.03,0.5,3.5,4.5,0.15,12722.14,27.2214,9.205,14.5587,0.7487,0.6323,20,44.4444,0.63642
10,60,20,0.03,0.5,3.5,4.5,0.25,12722.14,27.2214,9.205,14.5587,0.7487,0.6323,20,44.4444,0.63642
10,60,20,0.03,0.5,3.5,4.5,0.35,12722.14,27.2214,9.205,14.5587,0.7487,0.6323,20,44.4444,0.63642
10,60,20,0.03,0.75,3.5,4.5,0.15,12722.14,27.2214,9.205,14.5587,0.7487,0.6323,20,44.4444,0.63642
10,60,20,0.03,0.75,3.5,4.5,0.25,12722.14,27.2214,9.205,14.5587,0.7487,0.6323,20,44.4444,0.63642
10,60,20,0.03,0.75,3.5,4.5,0.35,12722.14,27.2214,9.205,14.5587,0.7487,0.6323,20,44.4444,0.63642
10,60,20,0.03,0.95,3.5,4.5,0.15,12722.14,27.2214,9.205,14.5587,0.7487,0.6323,20,44.4444,0.63642
10,60,20,0.03,0.95,3.5,4.5,0.25,12722.14,27.2214,9.205,14.5587,0.7487,0.6323,20,44.4444,0.63642
10,60,20,0.03,0.95,3.5,4.5,0.35,12722.14,27.2214,9.205,14.5587,0.7487,0.6323,20,44.4444,0.63642
20,60,14,0.01,0.5,2.5,4.5,0.15,11445.12,14.4512,5.0607,8.7225,0.6987,0.5802,16,28.5714,0.632695
20,60,14,0.01,0.5,2.5,4.5,0.25,11445.12,14.4512,5.0607,8.7225,0.6987,0.5802,16,28.5714,0.632695
20,60,14,0.01,0.5,2.5,4.5,0.35,11445.12,14.4512,5.0607,8.7225,0.6987,0.5802,16,28.5714,0.632695
20,60,14,0.01,0.75,2.5,4.5,0.15,11445.12,14.4512,5.0607,8.7225,0.6987,0.5802,16,28.5714,0.632695
20,60,14,0.01,0.75,2.5,4.5,0.25,11445.12,14.4512,5.0607,8.7225,0.6987,0.5802,16,28.5714,0.632695
20,60,14,0.01,0.75,2.5,4.5,0.35,11445.12,14.4512,5.0607,8.7225,0.6987,0.5802,16,28.5714,0.632695
20,60,14,0.01,0.95,2.5,4.5,0.15,11445.12,14.4512,5.0607,8.7225,0.6987,0.5802,16,28.5714,0.632695
20,60,14,0.01,0.95,2.5,4.5,0.25,11445.12,14.4512,5.0607,8.7225,0.6987,0.5802,16,28.5714,0.632695
20,60,14,0.01,0.95,2.5,4.5,0.35,11445.12,14.4512,5.0607,8.7225,0.6987,0.5802,16,28.5714,0.632695
10,30,10,0.02,0.5,2.5,4.5,0.15,12296.47,22.9647,7.5145,12.5078,0.7542,0.6008,32,40.0,0.626539
10,30,10,0.02,0.5,2.5,4.5,0.25,12296.47,22.9647,7.5145,12.5078,0.7542,0.6008,32,40.0,0.626539
10,30,10,0.02,0.5,2.5,4.5,0.35,12296.47,22.9647,7.5145,12.5078,0.7542,0.6008,32,40.0,0.626539
10,30,10,0.02,0.75,2.5,4.5,0.15,12296.47,22.9647,7.5145,12.5078,0.7542,0.6008,32,40.0,0.626539
10,30,10,0.02,0.75,2.5,4.5,0.25,12296.47,22.9647,7.5145,12.5078,0.7542,0.6008,32,40.0,0.626539
10,30,10,0.02,0.75,2.5,4.5,0.35,12296.47,22.9647,7.5145,12.5078,0.7542,0.6008,32,40.0,0.626539
10,30,10,0.02,0.95,2.5,4.5,0.15,12296.47,22.9647,7.5145,12.5078,0.7542,0.6008,32,40.0,0.626539
10,30,10,0.02,0.95,2.5,4.5,0.25,12296.47,22.9647,7.5145,12.5078,0.7542,0.6008,32,40.0,0.626539
10,30,10,0.02,0.95,2.5,4.5,0.35,12296.47,22.9647,7.5145,12.5078,0.7542,0.6008,32,40.0,0.626539
10,30,14,0.01,0.5,3.5,3.5,0.15,10667.65,6.6765,2.2911,4.274,0.6592,0.536,34,43.75,0.62514
10,30,14,0.01,0.5,3.5,3.5,0.25,10667.65,6.6765,2.2911,4.274,0.6592,0.536,34,43.75,0.62514
10,30,14,0.01,0.5,3.5,3.5,0.35,10667.65,6.6765,2.2911,4.274,0.6592,0.536,34,43.75,0.62514
10,30,14,0.01,0.75,3.5,3.5,0.15,10667.65,6.6765,2.2911,4.274,0.6592,0.536,34,43.75,0.62514
10,30,14,0.01,0.75,3.5,3.5,0.25,10667.65,6.6765,2.2911,4.274,0.6592,0.536,34,43.75,0.62514
10,30,14,0.01,0.75,3.5,3.5,0.35,10667.65,6.6765,2.2911,4.274,0.6592,0.536,34,43.75,0.62514
10,30,14,0.01,0.95,3.5,3.5,0.15,10667.65,6.6765,2.2911,4.274,0.6592,0.536,34,43.75,0.62514
10,30,14,0.01,0.95,3.5,3.5,0.25,10667.65,6.6765,2.2911,4.274,0.6592,0.536,34,43.75,0.62514
10,30,14,0.01,0.95,3.5,3.5,0.35,10667.65,6.6765,2.2911,4.274,0.6592,0.536,34,43.75,0.62514
5,30,14,0.03,0.5,1.5,3.5,0.15,13177.77,31.7777,10.1547,15.781,0.695,0.6435,18,55.5556,0.624665
5,30,14,0.03,0.75,1.5,3.5,0.15,13177.77,31.7777,10.1547,15.781,0.695,0.6435,18,55.5556,0.624665
5,30,14,0.03,0.95,1.5,3.5,0.15,13177.77,31.7777,10.1547,15.781,0.695,0.6435,18,55.5556,0.624665
10,60,14,0.01,0.5,3.5,2.5,0.15,10628.39,6.2839,2.254,4.2934,0.7026,0.525,40,31.5789,0.622593
10,60,14,0.01,0.5,3.5,2.5,0.25,10628.39,6.2839,2.254,4.2934,0.7026,0.525,40,31.5789,0.622593
10,60,14,0.01,0.5,3.5,2.5,0.35,10628.39,6.2839,2.254,4.2934,0.7026,0.525,40,31.5789,0.622593
10,60,14,0.01,0.75,3.5,2.5,0.15,10628.39,6.2839,2.254,4.2934,0.7026,0.525,40,31.5789,0.622593
10,60,14,0.01,0.75,3.5,2.5,0.25,10628.39,6.2839,2.254,4.2934,0.7026,0.525,40,31.5789,0.622593
10,60,14,0.01,0.75,3.5,2.5,0.35,10628.39,6.2839,2.254,4.2934,0.7026,0.525,40,31.5789,0.622593
10,60,14,0.01,0.95,3.5,2.5,0.15,10628.39,6.2839,2.254,4.2934,0.7026,0.525,40,31.5789,0.622593
10,60,14,0.01,0.95,3.5,2.5,0.25,10628.39,6.2839,2.254,4.2934,0.7026,0.525,40,31.5789,0.622593
10,60,14,0.01,0.95,3.5,2.5,0.35,10628.39,6.2839,2.254,4.2934,0.7026,0.525,40,31.5789,0.622593
10,60,14,0.03,0.5,3.5,2.5,0.15,12088.0,20.88,7.1818,12.2031,0.7583,0.5885,40,31.5789,0.618149
10,60,14,0.03,0.5,3.5,2.5,0.25,12088.0,20.88,7.1818,12.2031,0.7583,0.5885,40,31.5789,0.618149
10,60,14,0.03,0.5,3.5,2.5,0.35,12088.0,20.88,7.1818,12.2031,0.7583,0.5885,40,31.5789,0.618149
10,60,14,0.03,0.75,3.5,2.5,0.15,12088.0,20.88,7.1818,12.2031,0.7583,0.5885,40,31.5789,0.618149
10,60,14,0.03,0.75,3.5,2.5,0.25,12088.0,20.88,7.1818,12.2031,0.7583,0.5885,40,31.5789,0.618149
10,60,14,0.03,0.75,3.5,2.5,0.35,12088.0,20.88,7.1818,12.2031,0.7583,0.5885,40,31.5789,0.618149
10,60,14,0.03,0.95,3.5,2.5,0.15,12088.0,20.88,7.1818,12.2031,0.7583,0.5885,40,31.5789,0.618149
10,60,14,0.03,0.95,3.5,2.5,0.25,12088.0,20.88,7.1818,12.2031,0.7583,0.5885,40,31.5789,0.618149
10,60,14,0.03,0.95,3.5,2.5,0.35,12088.0,20.88,7.1818,12.2031,0.7583,0.5885,40,31.5789,0.618149
10,30,14,0.02,0.5,2.5,4.5,0.15,12246.22,22.4622,7.3603,12.4494,0.7566,0.5912,32,40.0,0.618038
10,30,14,0.02,0.5,2.5,4.5,0.25,12246.22,22.4622,7.3603,12.4494,0.7566,0.5912,32,40.0,0.618038
10,30,14,0.02,0.5,2.5,4.5,0.35,12246.22,22.4622,7.3603,12.4494,0.7566,0.5912,32,40.0,0.618038
10,30,14,0.02,0.75,2.5,4.5,0.15,12246.22,22.4622,7.3603,12.4494,0.7566,0.5912,32,40.0,0.618038
10,30,14,0.02,0.75,2.5,4.5,0.25,12246.22,22.4622,7.3603,12.4494,0.7566,0.5912,32,40.0,0.618038
10,30,14,0.02,0.75,2.5,4.5,0.35,12246.22,22.4622,7.3603,12.4494,0.7566,0.5912,32,40.0,0.618038
10,30,14,0.02,0.95,2.5,4.5,0.15,12246.22,22.4622,7.3603,12.4494,0.7566,0.5912,32,40.0,0.618038
10,30,14,0.02,0.95,2.5,4.5,0.25,12246.22,22.4622,7.3603,12.4494,0.7566,0.5912,32,40.0,0.618038
10,30,14,0.02,0.95,2.5,4.5,0.35,12246.22,22.4622,7.3603,12.4494,0.7566,0.5912,32,40.0,0.618038
10,60,20,0.02,0.5,2.5,4.5,0.15,12454.84,24.5484,8.3602,13.7355,0.7237,0.6087,22,40.0,0.61604
10,60,20,0.02,0.5,2.5,4.5,0.25,12454.84,24.5484,8.3602,13.7355,0.7237,0.6087,22,40.0,0.61604
10,60,20,0.02,0.5,2.5,4.5,0.35,12454.84,24.5484,8.3602,13.7355,0.7237,0.6087,22,40.0,0.61604
10,60,20,0.02,0.75,2.5,4.5,0.15,12454.84,24.5484,8.3602,13.7355,0.7237,0.6087,22,40.0,0.61604
10,60,20,0.02,0.75,2.5,4.5,0.25,12454.84,24.5484,8.3602,13.7355,0.7237,0.6087,22,40.0,0.61604
10,60,20,0.02,0.75,2.5,4.5,0.35,12454.84,24.5484,8.3602,13.7355,0.7237,0.6087,22,40.0,0.61604
10,60,20,0.02,0.95,2.5,4.5,0.15,12454.84,24.5484,8.3602,13.7355,0.7237,0.6087,22,40.0,0.61604
10,60,20,0.02,0.95,2.5,4.5,0.25,12454.84,24.5484,8.3602,13.7355,0.7237,0.6087,22,40.0,0.61604
10,60,20,0.02,0.95,2.5,4.5,0.35,12454.84,24.5484,8.3602,13.7355,0.7237,0.6087,22,40.0,0.61604
10,60,10,0.03,0.5,1.5,2.5,0.35,15569.19,55.6919,17.5766,25.1209,0.8139,0.6997,34,37.5,0.611248
10,60,10,0.03,0.75,1.5,2.5,0.35,15569.19,55.6919,17.5766,25.1209,0.8139,0.6997,34,37.5,0.611248
10,60,10,0.03,0.95,1.5,2.5,0.35,15569.19,55.6919,17.5766,25.1209,0.8139,0.6997,34,37.5,0.611248
10,30,10,0.01,0.5,2.5,3.5,0.15,10966.68,9.6668,3.287,6.0989,0.6593,0.539,34,43.75,0.609833
10,30,10,0.01,0.5,2.5,3.5,0.25,10966.68,9.6668,3.287,6.0989,0.6593,0.539,34,43.75,0.609833
10,30,10,0.01,0.5,2.5,3.5,0.35,10966.68,9.6668,3.287,6.0989,0.6593,0.539,34,43.75,0.609833
10,30,10,0.01,0.75,2.5,3.5,0.15,10966.68,9.6668,3.287,6.0989,0.6593,0.539,34,43.75,0.609833
10,30,10,0.01,0.75,2.5,3.5,0.25,10966.68,9.6668,3.287,6.0989,0.6593,0.539,34,43.75,0.609833
10,30,10,0.01,0.75,2.5,3.5,0.35,10966.68,9.6668,3.287,6.0989,0.6593,0.539,34,43.75,0.609833
10,30,10,0.01,0.95,2.5,3.5,0.15,10966.68,9.6668,3.287,6.0989,0.6593,0.539,34,43.75,0.609833
10,30,10,0.01,0.95,2.5,3.5,0.25,10966.68,9.6668,3.287,6.0989,0.6593,0.539,34,43.75,0.609833
10,30,10,0.01,0.95,2.5,3.5,0.35,10966.68,9.6668,3.287,6.0989,0.6593,0.539,34,43.75,0.609833
10,60,14,0.02,0.5,2.5,2.5,0.15,11931.91,19.3191,6.6735,11.6038,0.7526,0.5751,40,31.5789,0.609598
10,60,14,0.02,0.5,2.5,2.5,0.25,11931.91,19.3191,6.6735,11.6038,0.7526,0.5751,40,31.5789,0.609598
10,60,14,0.02,0.5,2.5,2.5,0.35,11931.91,19.3191,6.6735,11.6038,0.7526,0.5751,40,31.5789,0.609598
10,60,14,0.02,0.75,2.5,2.5,0.15,11931.91,19.3191,6.6735,11.6038,0.7526,0.5751,40,31.5789,0.609598
10,60,14,0.02,0.75,2.5,2.5,0.25,11931.91,19.3191,6.6735,11.6038,0.7526,0.5751,40,31.5789,0.609598
10,60,14,0.02,0.75,2.5,2.5,0.35,11931.91,19.3191,6.6735,11.6038,0.7526,0.5751,40,31.5789,0.609598
10,60,14,0.02,0.95,2.5,2.5,0.15,11931.91,19.3191,6.6735,11.6038,0.7526,0.5751,40,31.5789,0.609598
10,60,14,0.02,0.95,2.5,2.5,0.25,11931.91,19.3191,6.6735,11.6038,0.7526,0.5751,40,31.5789,0.609598
10,60,14,0.02,0.95,2.5,2.5,0.35,11931.91,19.3191,6.6735,11.6038,0.7526,0.5751,40,31.5789,0.609598
10,30,14,0.03,0.5,3.5,3.5,0.15,12237.51,22.3751,7.3335,12.4254,0.7173,0.5902,34,43.75,0.609412
10,30,14,0.03,0.5,3.5,3.5,0.25,12237.51,22.3751,7.3335,12.4254,0.7173,0.5902,34,43.75,0.609412
10,30,14,0.03,0.5,3.5,3.5,0.35,12237.51,22.3751,7.3335,12.4254,0.7173,0.5902,34,43.75,0.609412
10,30,14,0.03,0.75,3.5,3.5,0.15,12237.51,22.3751,7.3335,12.4254,0.7173,0.5902,34,43.75,0.609412
10,30,14,0.03,0.75,3.5,3.5,0.25,12237.51,22.3751,7.3335,12.4254,0.7173,0.5902,34,43.75,0.609412
10,30,14,0.03,0.75,3.5,3.5,0.35,12237.51,22.3751,7.3335,12.4254,0.7173,0.5902,34,43.75,0.609412
10,30,14,0.03,0.95,3.5,3.5,0.15,12237.51,22.3751,7.3335,12.4254,0.7173,0.5902,34,43.75,0.609412
10,30,14,0.03,0.95,3.5,3.5,0.25,12237.51,22.3751,7.3335,12.4254,0.7173,0.5902,34,43.75,0.609412
10,30,14,0.03,0.95,3.5,3.5,0.35,12237.51,22.3751,7.3335,12.4254,0.7173,0.5902,34,43.75,0.609412
10,30,10,0.03,0.5,2.5,4.5,0.25,13621.01,36.2101,11.4394,18.0714,0.7847,0.633,32,40.0,0.609237
10,30,10,0.03,0.5,2.5,4.5,0.35,13621.01,36.2101,11.4394,18.0714,0.7847,0.633,32,40.0,0.609237
10,30,10,0.03,0.75,2.5,4.5,0.25,13621.01,36.2101,11.4394,18.0714,0.7847,0.633,32,40.0,0.609237
10,30,10,0.03,0.75,2.5,4.5,0.35,13621.01,36.2101,11.4394,18.0714,0.7847,0.633,32,40.0,0.609237
10,30,10,0.03,0.95,2.5,4.5,0.25,13621.01,36.2101,11.4394,18.0714,0.7847,0.633,32,40.0,0.609237
10,30,10,0.03,0.95,2.5,4.5,0.35,13621.01,36.2101,11.4394,18.0714,0.7847,0.633,32,40.0,0.609237
10,60,20,0.01,0.5,2.5,2.5,0.15,10965.12,9.6512,3.4272,6.558,0.7384,0.5226,40,31.5789,0.604704
10,60,20,0.01,0.5,2.5,2.5,0.25,10965.12,9.6512,3.4272,6.558,0.7384,0.5226,40,31.5789,0.604704
10,60,20,0.01,0.5,2.5,2.5,0.35,10965.12,9.6512,3.4272,6.558,0.7384,0.5226,40,31.5789,0.604704
10,60,20,0.01,0.75,2.5,2.5,0.15,10965.12,9.6512,3.4272,6.558,0.7384,0.5226,40,31.5789,0.604704
10,60,20,0.01,0.75,2.5,2.5,0.25,10965.12,9.6512,3.4272,6.558,0.7384,0.5226,40,31.5789,0.604704
10,60,20,0.01,0.75,2.5,2.5,0.35,10965.12,9.6512,3.4272,6.558,0.7384,0.5226,40,31.5789,0.604704
10,60,20,0.01,0.95,2.5,2.5,0.15,10965.12,9.6512,3.4272,6.558,0.7384,0.5226,40,31.5789,0.604704
10,60,20,0.01,0.95,2.5,2.5,0.25,10965.12,9.6512,3.4272,6.558,0.7384,0.5226,40,31.5789,0.604704
10,60,20,0.01,0.95,2.5,2.5,0.35,10965.12,9.6512,3.4272,6.558,0.7384,0.5226,40,31.5789,0.604704
20,60,20,0.02,0.5,1.5,4.5,0.25,15441.02,54.4102,17.2216,24.9455,0.8158,0.6904,18,25.0,0.604073
20,60,20,0.02,0.5,1.5,4.5,0.35,15441.02,54.4102,17.2216,24.9455,0.8158,0.6904,18,25.0,0.604073
20,60,20,0.02,0.75,1.5,4.5,0.25,15441.02,54.4102,17.2216,24.9455,0.8158,0.6904,18,25.0,0.604073
20,60,20,0.02,0.75,1.5,4.5,0.35,15441.02,54.4102,17.2216,24.9455,0.8158,0.6904,18,25.0,0.604073
20,60,20,0.02,0.95,1.5,4.5,0.25,15441.02,54.4102,17.2216,24.9455,0.8158,0.6904,18,25.0,0.604073
20,60,20,0.02,0.95,1.5,4.5,0.35,15441.02,54.4102,17.2216,24.9455,0.8158,0.6904,18,25.0,0.604073
20,60,14,0.02,0.5,3.5,4.5,0.15,12074.77,20.7477,7.1389,12.2731,0.7095,0.5817,14,33.3333,0.600839
20,60,14,0.02,0.5,3.5,4.5,0.25,12074.77,20.7477,7.1389,12.2731,0.7095,0.5817,14,33.3333,0.600839
20,60,14,0.02,0.5,3.5,4.5,0.35,12074.77,20.7477,7.1389,12.2731,0.7095,0.5817,14,33.3333,0.600839
20,60,14,0.02,0.75,3.5,4.5,0.15,12074.77,20.7477,7.1389,12.2731,0.7095,0.5817,14,33.3333,0.600839
20,60,14,0.02,0.75,3.5,4.5,0.25,12074.77,20.7477,7.1389,12.2731,0.7095,0.5817,14,33.3333,0.600839
20,60,14,0.02,0.75,3.5,4.5,0.35,12074.77,20.7477,7.1389,12.2731,0.7095,0.5817,14,33.3333,0.600839
20,60,14,0.02,0.95,3.5,4.5,0.15,12074.77,20.7477,7.1389,12.2731,0.7095,0.5817,14,33.3333,0.600839
20,60,14,0.02,0.95,3.5,4.5,0.25,12074.77,20.7477,7.1389,12.2731,0.7095,0.5817,14,33.3333,0.600839
20,60,14,0.02,0.95,3.5,4.5,0.35,12074.77,20.7477,7.1389,12.2731,0.7095,0.5817,14,33.3333,0.600839
10,30,14,0.03,0.5,2.5,4.5,0.25,13536.57,35.3657,11.1967,18.0073,0.7877,0.6218,32,40.0,0.59926
10,30,14,0.03,0.5,2.5,4.5,0.35,13536.57,35.3657,11.1967,18.0073,0.7877,0.6218,32,40.0,0.59926
10,30,14,0.03,0.75,2.5,4.5,0.25,13536.57,35.3657,11.1967,18.0073,0.7877,0.6218,32,40.0,0.59926
10,30,14,0.03,0.75,2.5,4.5,0.35,13536.57,35.3657,11.1967,18.0073,0.7877,0.6218,32,40.0,0.59926
10,30,14,0.03,0.95,2.5,4.5,0.25,13536.57,35.3657,11.1967,18.0073,0.7877,0.6218,32,40.0,0.59926
10,30,14,0.03,0.95,2.5,4.5,0.35,13536.57,35.3657,11.1967,18.0073,0.7877,0.6218,32,40.0,0.59926
10,30,10,0.02,0.5,3.5,3.5,0.15,11413.2,14.132,4.7419,8.6216,0.6748,0.55,34,43.75,0.598748
10,30,10,0.02,0.5,3.5,3.5,0.25,11413.2,14.132,4.7419,8.6216,0.6748,0.55,34,43.75,0.598748
10,30,10,0.02,0.5,3.5,3.5,0.35,11413.2,14.132,4.7419,8.6216,0.6748,0.55,34,43.75,0.598748
10,30,10,0.02,0.75,3.5,3.5,0.15,11413.2,14.132,4.7419,8.6216,0.6748,0.55,34,43.75,0.598748
10,30,10,0.02,0.75,3.5,3.5,0.25,11413.2,14.132,4.7419,8.6216,0.6748,0.55,34,43.75,0.598748
10,30,10,0.02,0.75,3.5,3.5,0.35,11413.2,14.132,4.7419,8.6216,0.6748,0.55,34,43.75,0.598748
10,30,10,0.02,0.95,3.5,3.5,0.15,11413.2,14.132,4.7419,8.6216,0.6748,0.55,34,43.75,0.598748
10,30,10,0.02,0.95,3.5,3.5,0.25,11413.2,14.132,4.7419,8.6216,0.6748,0.55,34,43.75,0.598748
10,30,10,0.02,0.95,3.5,3.5,0.35,11413.2,14.132,4.7419,8.6216,0.6748,0.55,34,43.75,0.598748
10,60,14,0.03,0.5,2.5,2.5,0.25,13001.91,30.0191,10.0773,16.5669,0.7765,0.6083,40,31.5789,0.597912
10,60,14,0.03,0.5,2.5,2.5,0.35,13001.91,30.0191,10.0773,16.5669,0.7765,0.6083,40,31.5789,0.597912
10,60,14,0.03,0.75,2.5,2.5,0.25,13001.91,30.0191,10.0773,16.5669,0.7765,0.6083,40,31.5789,0.597912
10,60,14,0.03,0.75,2.5,2.5,0.35,13001.91,30.0191,10.0773,16.5669,0.7765,0.6083,40,31.5789,0.597912
10,60,14,0.03,0.95,2.5,2.5,0.25,13001.91,30.0191,10.0773,16.5669,0.7765,0.6083,40,31.5789,0.597912
10,60,14,0.03,0.95,2.5,2.5,0.35,13001.91,30.0191,10.0773,16.5669,0.7765,0.6083,40,31.5789,0.597912
10,30,14,0.01,0.5,2.5,3.5,0.15,10945.1,9.451,3.2158,6.1216,0.6603,0.5253,34,43.75,0.596156
10,30,14,0.01,0.5,2.5,3.5,0.25,10945.1,9.451,3.2158,6.1216,0.6603,0.5253,34,43.75,0.596156
10,30,14,0.01,0.5,2.5,3.5,0.35,10945.1,9.451,3.2158,6.1216,0.6603,0.5253,34,43.75,0.596156
10,30,14,0.01,0.75,2.5,3.5,0.15,10945.1,9.451,3.2158,6.1216,0.6603,0.5253,34,43.75,0.596156
10,30,14,0.01,0.75,2.5,3.5,0.25,10945.1,9.451,3.2158,6.1216,0.6603,0.5253,34,43.75,0.596156
10,30,14,0.01,0.75,2.5,3.5,0.35,10945.1,9.451,3.2158,6.1216,0.6603,0.5253,34,43.75,0.596156
10,30,14,0.01,0.95,2.5,3.5,0.15,10945.1,9.451,3.2158,6.1216,0.6603,0.5253,34,43.75,0.596156
10,30,14,0.01,0.95,2.5,3.5,0.25,10945.1,9.451,3.2158,6.1216,0.6603,0.5253,34,43.75,0.596156
10,30,14,0.01,0.95,2.5,3.5,0.35,10945.1,9.451,3.2158,6.1216,0.6603,0.5253,34,43.75,0.596156
10,60,20,0.01,0.5,3.5,2.5,0.15,10662.31,6.6231,2.3733,4.7735,0.723,0.4972,40,31.5789,0.594049
10,60,20,0.01,0.5,3.5,2.5,0.25,10662.31,6.6231,2.3733,4.7735,0.723,0.4972,40,31.5789,0.594049
10,60,20,0.01,0.5,3.5,2.5,0.35,10662.31,6.6231,2.3733,4.7735,0.723,0.4972,40,31.5789,0.594049
10,60,20,0.01,0.75,3.5,2.5,0.15,10662.31,6.6231,2.3733,4.7735,0.723,0.4972,40,31.5789,0.594049
10,60,20,0.01,0.75,3.5,2.5,0.25,10662.31,6.6231,2.3733,4.7735,0.723,0.4972,40,31.5789,0.594049
10,60,20,0.01,0.75,3.5,2.5,0.35,10662.31,6.6231,2.3733,4.7735,0.723,0.4972,40,31.5789,0.594049
10,60,20,0.01,0.95,3.5,2.5,0.15,10662.31,6.6231,2.3733,4.7735,0.723,0.4972,40,31.5789,0.594049
10,60,20,0.01,0.95,3.5,2.5,0.25,10662.31,6.6231,2.3733,4.7735,0.723,0.4972,40,31.5789,0.594049
10,60,20,0.01,0.95,3.5,2.5,0.35,10662.31,6.6231,2.3733,4.7735,0.723,0.4972,40,31.5789,0.594049
10,30,10,0.01,0.5,1.5,4.5,0.15,11769.03,17.6903,5.8751,10.5498,0.7128,0.5569,34,37.5,0.593958
10,30,10,0.01,0.5,1.5,4.5,0.25,11769.03,17.6903,5.8751,10.5498,0.7128,0.5569,34,37.5,0.593958
10,30,10,0.01,0.5,1.5,4.5,0.35,11769.03,17.6903,5.8751,10.5498,0.7128,0.5569,34,37.5,0.593958
10,30,10,0.01,0.75,1.5,4.5,0.15,11769.03,17.6903,5.8751,10.5498,0.7128,0.5569,34,37.5,0.593958
10,30,10,0.01,0.75,1.5,4.5,0.25,11769.03,17.6903,5.8751,10.5498,0.7128,0.5569,34,37.5,0.593958
10,30,10,0.01,0.75,1.5,4.5,0.35,11769.03,17.6903,5.8751,10.5498,0.7128,0.5569,34,37.5,0.593958
10,30,10,0.01,0.95,1.5,4.5,0.15,11769.03,17.6903,5.8751,10.5498,0.7128,0.5569,34,37.5,0.593958
10,30,10,0.01,0.95,1.5,4.5,0.25,11769.03,17.6903,5.8751,10.5498,0.7128,0.5569,34,37.5,0.593958
10,30,10,0.01,0.95,1.5,4.5,0.35,11769.03,17.6903,5.8751,10.5498,0.7128,0.5569,34,37.5,0.593958
10,30,10,0.01,0.5,3.5,3.5,0.15,10655.4,6.554,2.2499,4.4074,0.6366,0.5105,34,43.75,0.59373
10,30,10,0.01,0.5,3.5,3.5,0.25,10655.4,6.554,2.2499,4.4074,0.6366,0.5105,34,43.75,0.59373
10,30,10,0.01,0.5,3.5,3.5,0.35,10655.4,6.554,2.2499,4.4074,0.6366,0.5105,34,43.75,0.59373
10,30,10,0.01,0.75,3.5,3.5,0.15,10655.4,6.554,2.2499,4.4074,0.6366,0.5105,34,43.75,0.59373
10,30,10,0.01,0.75,3.5,3.5,0.25,10655.4,6.554,2.2499,4.4074,0.6366,0.5105,34,43.75,0.59373
10,30,10,0.01,0.75,3.5,3.5,0.35,10655.4,6.554,2.2499,4.4074,0.6366,0.5105,34,43.75,0.59373
10,30,10,0.01,0.95,3.5,3.5,0.15,10655.4,6.554,2.2499,4.4074,0.6366,0.5105,34,43.75,0.59373
10,30,10,0.01,0.95,3.5,3.5,0.25,10655.4,6.554,2.2499,4.4074,0.6366,0.5105,34,43.75,0.59373
10,30,10,0.01,0.95,3.5,3.5,0.35,10655.4,6.554,2.2499,4.4074,0.6366,0.5105,34,43.75,0.59373
10,30,10,0.02,0.5,2.5,3.5,0.15,12079.41,20.7941,6.8454,11.9681,0.7013,0.572,34,43.75,0.592545
10,30,10,0.02,0.5,2.5,3.5,0.25,12079.41,20.7941,6.8454,11.9681,0.7013,0.572,34,43.75,0.592545
10,30,10,0.02,0.5,2.5,3.5,0.35,12079.41,20.7941,6.8454,11.9681,0.7013,0.572,34,43.75,0.592545
10,30,10,0.02,0.75,2.5,3.5,0.15,12079.41,20.7941,6.8454,11.9681,0.7013,0.572,34,43.75,0.592545
10,30,10,0.02,0.75,2.5,3.5,0.25,12079.41,20.7941,6.8454,11.9681,0.7013,0.572,34,43.75,0.592545
10,30,10,0.02,0.75,2.5,3.5,0.35,12079.41,20.7941,6.8454,11.9681,0.7013,0.572,34,43.75,0.592545
10,30,10,0.02,0.95,2.5,3.5,0.15,12079.41,20.7941,6.8454,11.9681,0.7013,0.572,34,43.75,0.592545
10,30,10,0.02,0.95,2.5,3.5,0.25,12079.41,20.7941,6.8454,11.9681,0.7013,0.572,34,43.75,0.592545
10,30,10,0.02,0.95,2.5,3.5,0.35,12079.41,20.7941,6.8454,11.9681,0.7013,0.572,34,43.75,0.592545
10,30,10,0.03,0.5,3.5,3.5,0.15,12235.2,22.352,7.3264,12.7491,0.7038,0.5747,34,43.75,0.587928
10,30,10,0.03,0.5,3.5,3.5,0.25,12235.2,22.352,7.3264,12.7491,0.7038,0.5747,34,43.75,0.587928
10,30,10,0.03,0.5,3.5,3.5,0.35,12235.2,22.352,7.3264,12.7491,0.7038,0.5747,34,43.75,0.587928
10,30,10,0.03,0.75,3.5,3.5,0.15,12235.2,22.352,7.3264,12.7491,0.7038,0.5747,34,43.75,0.587928
10,30,10,0.03,0.75,3.5,3.5,0.25,12235.2,22.352,7.3264,12.7491,0.7038,0.5747,34,43.75,0.587928
10,30,10,0.03,0.75,3.5,3.5,0.35,12235.2,22.352,7.3264,12.7491,0.7038,0.5747,34,43.75,0.587928
10,30,10,0.03,0.95,3.5,3.5,0.15,12235.2,22.352,7.3264,12.7491,0.7038,0.5747,34,43.75,0.587928
10,30,10,0.03,0.95,3.5,3.5,0.25,12235.2,22.352,7.3264,12.7491,0.7038,0.5747,34,43.75,0.587928
10,30,10,0.03,0.95,3.5,3.5,0.35,12235.2,22.352,7.3264,12.7491,0.7038,0.5747,34,43.75,0.587928
10,30,14,0.02,0.5,2.5,3.5,0.15,12045.92,20.4592,6.7415,11.9206,0.7052,0.5655,34,43.75,0.587368
10,30,14,0.02,0.5,2.5,3.5,0.25,12045.92,20.4592,6.7415,11.9206,0.7052,0.5655,34,43.75,0.587368
10,30,14,0.02,0.5,2.5,3.5,0.35,12045.92,20.4592,6.7415,11.9206,0.7052,0.5655,34,43.75,0.587368
10,30,14,0.02,0.75,2.5,3.5,0.15,12045.92,20.4592,6.7415,11.9206,0.7052,0.5655,34,43.75,0.587368
10,30,14,0.02,0.75,2.5,3.5,0.25,12045.92,20.4592,6.7415,11.9206,0.7052,0.5655,34,43.75,0.587368
10,30,14,0.02,0.75,2.5,3.5,0.35,12045.92,20.4592,6.7415,11.9206,0.7052,0.5655,34,43.75,0.587368
10,30,14,0.02,0.95,2.5,3.5,0.15,12045.92,20.4592,6.7415,11.9206,0.7052,0.5655,34,43.75,0.587368
10,30,14,0.02,0.95,2.5,3.5,0.25,12045.92,20.4592,6.7415,11.9206,0.7052,0.5655,34,43.75,0.587368
10,30,14,0.02,0.95,2.5,3.5,0.35,12045.92,20.4592,6.7415,11.9206,0.7052,0.5655,34,43.75,0.587368
10,60,20,0.03,0.5,2.5,4.5,0.25,13697.37,36.9737,12.1953,19.3358,0.748,0.6307,22,40.0,0.586949
10,60,20,0.03,0.5,2.5,4.5,0.35,13697.37,36.9737,12.1953,19.3358,0.748,0.6307,22,40.0,0.586949
10,60,20,0.03,0.75,2.5,4.5,0.25,13697.37,36.9737,12.1953,19.3358,0.748,0.6307,22,40.0,0.586949
10,60,20,0.03,0.75,2.5,4.5,0.35,13697.37,36.9737,12.1953,19.3358,0.748,0.6307,22,40.0,0.586949
10,60,20,0.03,0.95,2.5,4.5,0.25,13697.37,36.9737,12.1953,19.3358,0.748,0.6307,22,40.0,0.586949
10,60,20,0.03,0.95,2.5,4.5,0.35,13697.37,36.9737,12.1953,19.3358,0.748,0.6307,22,40.0,0.586949
10,30,20,0.01,0.5,1.5,4.5,0.15,11603.81,16.0381,5.3517,9.8184,0.6853,0.5451,34,37.5,0.583947
10,30,20,0.01,0.5,1.5,4.5,0.25,11603.81,16.0381,5.3517,9.8184,0.6853,0.5451,34,37.5,0.583947
10,30,20,0.01,0.5,1.5,4.5,0.35,11603.81,16.0381,5.3517,9.8184,0.6853,0.5451,34,37.5,0.583947
10,30,20,0.01,0.75,1.5,4.5,0.15,11603.81,16.0381,5.3517,9.8184,0.6853,0.5451,34,37.5,0.583947
10,30,20,0.01,0.75,1.5,4.5,0.25,11603.81,16.0381,5.3517,9.8184,0.6853,0.5451,34,37.5,0.583947
10,30,20,0.01,0.75,1.5,4.5,0.35,11603.81,16.0381,5.3517,9.8184,0.6853,0.5451,34,37.5,0.583947
10,30,20,0.01,0.95,1.5,4.5,0.15,11603.81,16.0381,5.3517,9.8184,0.6853,0.5451,34,37.5,0.583947
10,30,20,0.01,0.95,1.5,4.5,0.25,11603.81,16.0381,5.3517,9.8184,0.6853,0.5451,34,37.5,0.583947
10,30,20,0.01,0.95,1.5,4.5,0.35,11603.81,16.0381,5.3517,9.8184,0.6853,0.5451,34,37.5,0.583947
10,120,20,0.03,0.5,1.5,4.5,0.15,12667.48,26.6748,9.9364,16.3164,0.6827,0.609,2,100.0,0.582351
10,120,20,0.03,0.75,1.5,4.5,0.15,12667.48,26.6748,9.9364,16.3164,0.6827,0.609,2,100.0,0.582351
10,120,20,0.03,0.95,1.5,4.5,0.15,12667.48,26.6748,9.9364,16.3164,0.6827,0.609,2,100.0,0.582351
20,60,14,0.03,0.5,3.5,4.5,0.25,13186.62,31.8662,10.6467,17.5781,0.7455,0.6057,14,33.3333,0.579001
20,60,14,0.03,0.5,3.5,4.5,0.35,13186.62,31.8662,10.6467,17.5781,0.7455,0.6057,14,33.3333,0.579001
20,60,14,0.03,0.75,3.5,4.5,0.25,13186.62,31.8662,10.6467,17.5781,0.7455,0.6057,14,33.3333,0.579001
20,60,14,0.03,0.75,3.5,4.5,0.35,13186.62,31.8662,10.6467,17.5781,0.7455,0.6057,14,33.3333,0.579001
20,60,14,0.03,0.95,3.5,4.5,0.25,13186.62,31.8662,10.6467,17.5781,0.7455,0.6057,14,33.3333,0.579001
20,60,14,0.03,0.95,3.5,4.5,0.35,13186.62,31.8662,10.6467,17.5781,0.7455,0.6057,14,33.3333,0.579001
10,120,14,0.03,0.5,1.5,4.5,0.15,12551.51,25.5151,9.532,15.8407,0.6776,0.6017,2,100.0,0.57885
10,120,14,0.03,0.75,1.5,4.5,0.15,12551.51,25.5151,9.532,15.8407,0.6776,0.6017,2,100.0,0.57885
10,120,14,0.03,0.95,1.5,4.5,0.15,12551.51,25.5151,9.532,15.8407,0.6776,0.6017,2,100.0,0.57885
5,120,10,0.03,0.5,1.5,4.5,0.15,12697.82,26.9782,10.0418,16.537,0.6771,0.6072,2,100.0,0.577282
5,120,10,0.03,0.75,1.5,4.5,0.15,12697.82,26.9782,10.0418,16.537,0.6771,0.6072,2,100.0,0.577282
5,120,10,0.03,0.95,1.5,4.5,0.15,12697.82,26.9782,10.0418,16.537,0.6771,0.6072,2,100.0,0.577282
5,120,14,0.03,0.5,1.5,4.5,0.15,12648.47,26.4847,9.8702,16.3369,0.675,0.6042,2,100.0,0.575794
5,120,14,0.03,0.75,1.5,4.5,0.15,12648.47,26.4847,9.8702,16.3369,0.675,0.6042,2,100.0,0.575794
5,120,14,0.03,0.95,1.5,4.5,0.15,12648.47,26.4847,9.8702,16.3369,0.675,0.6042,2,100.0,0.575794
5,120,20,0.03,0.5,1.5,4.5,0.15,12648.47,26.4847,9.8702,16.3369,0.675,0.6042,2,100.0,0.575794
5,120,20,0.03,0.75,1.5,4.5,0.15,12648.47,26.4847,9.8702,16.3369,0.675,0.6042,2,100.0,0.575794
5,120,20,0.03,0.95,1.5,4.5,0.15,12648.47,26.4847,9.8702,16.3369,0.675,0.6042,2,100.0,0.575794
10,30,14,0.01,0.5,1.5,4.5,0.15,11797.22,17.9722,5.9639,10.9981,0.717,0.5423,34,37.5,0.575685
10,30,14,0.01,0.5,1.5,4.5,0.25,11797.22,17.9722,5.9639,10.9981,0.717,0.5423,34,37.5,0.575685
10,30,14,0.01,0.5,1.5,4.5,0.35,11797.22,17.9722,5.9639,10.9981,0.717,0.5423,34,37.5,0.575685
10,30,14,0.01,0.75,1.5,4.5,0.15,11797.22,17.9722,5.9639,10.9981,0.717,0.5423,34,37.5,0.575685
10,30,14,0.01,0.75,1.5,4.5,0.25,11797.22,17.9722,5.9639,10.9981,0.717,0.5423,34,37.5,0.575685
10,30,14,0.01,0.75,1.5,4.5,0.35,11797.22,17.9722,5.9639,10.9981,0.717,0.5423,34,37.5,0.575685
10,30,14,0.01,0.95,1.5,4.5,0.15,11797.22,17.9722,5.9639,10.9981,0.717,0.5423,34,37.5,0.575685
10,30,14,0.01,0.95,1.5,4.5,0.25,11797.22,17.9722,5.9639,10.9981,0.717,0.5423,34,37.5,0.575685
10,30,14,0.01,0.95,1.5,4.5,0.35,11797.22,17.9722,5.9639,10.9981,0.717,0.5423,34,37.5,0.575685
5,60,10,0.01,0.5,1.5,2.5,0.15,11570.65,15.7065,5.4807,10.289,0.7246,0.5327,38,38.8889,0.574711
5,60,10,0.01,0.5,1.5,2.5,0.25,11570.65,15.7065,5.4807,10.289,0.7246,0.5327,38,38.8889,0.574711
5,60,10,0.01,0.5,1.5,2.5,0.35,11570.65,15.7065,5.4807,10.289,0.7246,0.5327,38,38.8889,0.574711
5,60,10,0.01,0.75,1.5,2.5,0.15,11570.65,15.7065,5.4807,10.289,0.7246,0.5327,38,38.8889,0.574711
5,60,10,0.01,0.75,1.5,2.5,0.25,11570.65,15.7065,5.4807,10.289,0.7246,0.5327,38,38.8889,0.574711
5,60,10,0.01,0.75,1.5,2.5,0.35,11570.65,15.7065,5.4807,10.289,0.7246,0.5327,38,38.8889,0.574711
5,60,10,0.01,0.95,1.5,2.5,0.15,11570.65,15.7065,5.4807,10.289,0.7246,0.5327,38,38.8889,0.574711
5,60,10,0.01,0.95,1.5,2.5,0.25,11570.65,15.7065,5.4807,10.289,0.7246,0.5327,38,38.8889,0.574711
5,60,10,0.01,0.95,1.5,2.5,0.35,11570.65,15.7065,5.4807,10.289,0.7246,0.5327,38,38.8889,0.574711
10,60,20,0.01,0.5,1.5,4.5,0.15,11927.03,19.2703,6.6575,11.9737,0.689,0.556,24,36.3636,0.574068
10,60,20,0.01,0.5,1.5,4.5,0.25,11927.03,19.2703,6.6575,11.9737,0.689,0.556,24,36.3636,0.574068
10,60,20,0.01,0.5,1.5,4.5,0.35,11927.03,19.2703,6.6575,11.9737,0.689,0.556,24,36.3636,0.574068
10,60,20,0.01,0.75,1.5,4.5,0.15,11927.03,19.2703,6.6575,11.9737,0.689,0.556,24,36.3636,0.574068
10,60,20,0.01,0.75,1.5,4.5,0.25,11927.03,19.2703,6.6575,11.9737,0.689,0.556,24,36.3636,0.574068
10,60,20,0.01,0.75,1.5,4.5,0.35,11927.03,19.2703,6.6575,11.9737,0.689,0.556,24,36.3636,0.574068
10,60,20,0.01,0.95,1.5,4.5,0.15,11927.03,19.2703,6.6575,11.9737,0.689,0.556,24,36.3636,0.574068
10,60,20,0.01,0.95,1.5,4.5,0.25,11927.03,19.2703,6.6575,11.9737,0.689,0.556,24,36.3636,0.574068
10,60,20,0.01,0.95,1.5,4.5,0.35,11927.03,19.2703,6.6575,11.9737,0.689,0.556,24,36.3636,0.574068
10,60,20,0.02,0.5,3.5,2.5,0.15,11370.16,13.7016,4.8085,9.255,0.7335,0.5196,40,31.5789,0.573704
10,60,20,0.02,0.5,3.5,2.5,0.25,11370.16,13.7016,4.8085,9.255,0.7335,0.5196,40,31.5789,0.573704
10,60,20,0.02,0.5,3.5,2.5,0.35,11370.16,13.7016,4.8085,9.255,0.7335,0.5196,40,31.5789,0.573704
10,60,20,0.02,0.75,3.5,2.5,0.15,11370.16,13.7016,4.8085,9.255,0.7335,0.5196,40,31.5789,0.573704
10,60,20,0.02,0.75,3.5,2.5,0.25,11370.16,13.7016,4.8085,9.255,0.7335,0.5196,40,31.5789,0.573704
10,60,20,0.02,0.75,3.5,2.5,0.35,11370.16,13.7016,4.8085,9.255,0.7335,0.5196,40,31.5789,0.573704
10,60,20,0.02,0.95,3.5,2.5,0.15,11370.16,13.7016,4.8085,9.255,0.7335,0.5196,40,31.5789,0.573704
10,60,20,0.02,0.95,3.5,2.5,0.25,11370.16,13.7016,4.8085,9.255,0.7335,0.5196,40,31.5789,0.573704
10,60,20,0.02,0.95,3.5,2.5,0.35,11370.16,13.7016,4.8085,9.255,0.7335,0.5196,40,31.5789,0.573704
20,60,14,0.02,0.5,2.5,4.5,0.25,12936.41,29.3641,9.8742,16.638,0.7308,0.5935,16,28.5714,0.573253
20,60,14,0.02,0.5,2.5,4.5,0.35,12936.41,29.3641,9.8742,16.638,0.7308,0.5935,16,28.5714,0.573253
20,60,14,0.02,0.75,2.5,4.5,0.25,12936.41,29.3641,9.8742,16.638,0.7308,0.5935,16,28.5714,0.573253
20,60,14,0.02,0.75,2.5,4.5,0.35,12936.41,29.3641,9.8742,16.638,0.7308,0.5935,16,28.5714,0.573253
20,60,14,0.02,0.95,2.5,4.5,0.25,12936.41,29.3641,9.8742,16.638,0.7308,0.5935,16,28.5714,0.573253
20,60,14,0.02,0.95,2.5,4.5,0.35,12936.41,29.3641,9.8742,16.638,0.7308,0.5935,16,28.5714,0.573253
10,60,20,0.01,0.5,1.5,3.5,0.15,11569.13,15.6913,5.4756,10.048,0.629,0.5449,30,35.7143,0.570265
10,60,20,0.01,0.5,1.5,3.5,0.25,11569.13,15.6913,5.4756,10.048,0.629,0.5449,30,35.7143,0.570265
10,60,20,0.01,0.5,1.5,3.5,0.35,11569.13,15.6913,5.4756,10.048,0.629,0.5449,30,35.7143,0.570265
10,60,20,0.01,0.75,1.5,3.5,0.15,11569.13,15.6913,5.4756,10.048,0.629,0.5449,30,35.7143,0.570265
10,60,20,0.01,0.75,1.5,3.5,0.25,11569.13,15.6913,5.4756,10.048,0.629,0.5449,30,35.7143,0.570265
10,60,20,0.01,0.75,1.5,3.5,0.35,11569.13,15.6913,5.4756,10.048,0.629,0.5449,30,35.7143,0.570265
10,60,20,0.01,0.95,1.5,3.5,0.15,11569.13,15.6913,5.4756,10.048,0.629,0.5449,30,35.7143,0.570265
10,60,20,0.01,0.95,1.5,3.5,0.25,11569.13,15.6913,5.4756,10.048,0.629,0.5449,30,35.7143,0.570265
10,60,20,0.01,0.95,1.5,3.5,0.35,11569.13,15.6913,5.4756,10.048,0.629,0.5449,30,35.7143,0.570265
20,60,10,0.01,0.5,3.5,4.5,0.15,10979.8,9.798,3.4778,6.8625,0.6408,0.5068,14,33.3333,0.566332
20,60,10,0.01,0.5,3.5,4.5,0.25,10979.8,9.798,3.4778,6.8625,0.6408,0.5068,14,33.3333,0.566332
20,60,10,0.01,0.5,3.5,4.5,0.35,10979.8,9.798,3.4778,6.8625,0.6408,0.5068,14,33.3333,0.566332
20,60,10,0.01,0.75,3.5,4.5,0.15,10979.8,9.798,3.4778,6.8625,0.6408,0.5068,14,33.3333,0.566332
20,60,10,0.01,0.75,3.5,4.5,0.25,10979.8,9.798,3.4778,6.8625,0.6408,0.5068,14,33.3333,0.566332
20,60,10,0.01,0.75,3.5,4.5,0.35,10979.8,9.798,3.4778,6.8625,0.6408,0.5068,14,33.3333,0.566332
20,60,10,0.01,0.95,3.5,4.5,0.15,10979.8,9.798,3.4778,6.8625,0.6408,0.5068,14,33.3333,0.566332
20,60,10,0.01,0.95,3.5,4.5,0.25,10979.8,9.798,3.4778,6.8625,0.6408,0.5068,14,33.3333,0.566332
20,60,10,0.01,0.95,3.5,4.5,0.35,10979.8,9.798,3.4778,6.8625,0.6408,0.5068,14,33.3333,0.566332
5,30,14,0.03,0.5,1.5,2.5,0.15,12754.37,27.5437,8.9011,15.1037,0.6355,0.5893,26,46.1538,0.565395
5,30,14,0.03,0.75,1.5,2.5,0.15,12754.37,27.5437,8.9011,15.1037,0.6355,0.5893,26,46.1538,0.565395
5,30,14,0.03,0.95,1.5,2.5,0.15,12754.37,27.5437,8.9011,15.1037,0.6355,0.5893,26,46.1538,0.565395
20,60,14,0.01,0.5,1.5,4.5,0.15,12395.71,23.9571,8.1717,14.4259,0.7105,0.5665,16,28.5714,0.564295
20,60,14,0.01,0.5,1.5,4.5,0.25,12395.71,23.9571,8.1717,14.4259,0.7105,0.5665,16,28.5714,0.564295
20,60,14,0.01,0.5,1.5,4.5,0.35,12395.71,23.9571,8.1717,14.4259,0.7105,0.5665,16,28.5714,0.564295
20,60,14,0.01,0.75,1.5,4.5,0.15,12395.71,23.9571,8.1717,14.4259,0.7105,0.5665,16,28.5714,0.564295
20,60,14,0.01,0.75,1.5,4.5,0.25,12395.71,23.9571,8.1717,14.4259,0.7105,0.5665,16,28.5714,0.564295
20,60,14,0.01,0.75,1.5,4.5,0.35,12395.71,23.9571,8.1717,14.4259,0.7105,0.5665,16,28.5714,0.564295
20,60,14,0.01,0.95,1.5,4.5,0.15,12395.71,23.9571,8.1717,14.4259,0.7105,0.5665,16,28.5714,0.564295
20,60,14,0.01,0.95,1.5,4.5,0.25,12395.71,23.9571,8.1717,14.4259,0.7105,0.5665,16,28.5714,0.564295
20,60,14,0.01,0.95,1.5,4.5,0.35,12395.71,23.9571,8.1717,14.4259,0.7105,0.5665,16,28.5714,0.564295
10,30,20,0.01,0.5,1.5,3.5,0.15,11415.09,14.1509,4.748,9.0012,0.6155,0.5275,38,38.8889,0.560564
10,30,20,0.01,0.5,1.5,3.5,0.25,11415.09,14.1509,4.748,9.0012,0.6155,0.5275,38,38.8889,0.560564
10,30,20,0.01,0.5,1.5,3.5,0.35,11415.09,14.1509,4.748,9.0012,0.6155,0.5275,38,38.8889,0.560564
10,30,20,0.01,0.75,1.5,3.5,0.15,11415.09,14.1509,4.748,9.0012,0.6155,0.5275,38,38.8889,0.560564
10,30,20,0.01,0.75,1.5,3.5,0.25,11415.09,14.1509,4.748,9.0012,0.6155,0.5275,38,38.8889,0.560564
10,30,20,0.01,0.75,1.5,3.5,0.35,11415.09,14.1509,4.748,9.0012,0.6155,0.5275,38,38.8889,0.560564
10,30,20,0.01,0.95,1.5,3.5,0.15,11415.09,14.1509,4.748,9.0012,0.6155,0.5275,38,38.8889,0.560564
10,30,20,0.01,0.95,1.5,3.5,0.25,11415.09,14.1509,4.748,9.0012,0.6155,0.5275,38,38.8889,0.560564
10,30,20,0.01,0.95,1.5,3.5,0.35,11415.09,14.1509,4.748,9.0012,0.6155,0.5275,38,38.8889,0.560564
20,60,20,0.03,0.5,1.5,4.5,0.35,18294.24,82.9424,24.7214,34.0086,0.865,0.7269,18,25.0,0.559819
20,60,20,0.03,0.75,1.5,4.5,0.35,18294.24,82.9424,24.7214,34.0086,0.865,0.7269,18,25.0,0.559819
20,60,20,0.03,0.95,1.5,4.5,0.35,18294.24,82.9424,24.7214,34.0086,0.865,0.7269,18,25.0,0.559819
10,30,14,0.03,0.5,2.5,3.5,0.25,13191.72,31.9172,10.1956,17.3866,0.7327,0.5864,34,43.75,0.559072
10,30,14,0.03,0.5,2.5,3.5,0.35,13191.72,31.9172,10.1956,17.3866,0.7327,0.5864,34,43.75,0.559072
10,30,14,0.03,0.75,2.5,3.5,0.25,13191.72,31.9172,10.1956,17.3866,0.7327,0.5864,34,43.75,0.559072
10,30,14,0.03,0.75,2.5,3.5,0.35,13191.72,31.9172,10.1956,17.3866,0.7327,0.5864,34,43.75,0.559072
10,30,14,0.03,0.95,2.5,3.5,0.25,13191.72,31.9172,10.1956,17.3866,0.7327,0.5864,34,43.75,0.559072
10,30,14,0.03,0.95,2.5,3.5,0.35,13191.72,31.9172,10.1956,17.3866,0.7327,0.5864,34,43.75,0.559072
5,30,20,0.03,0.5,1.5,4.5,0.15,13252.24,32.5224,10.3725,17.5288,0.7064,0.5917,20,50.0,0.557735
5,30,20,0.03,0.75,1.5,4.5,0.15,13252.24,32.5224,10.3725,17.5288,0.7064,0.5917,20,50.0,0.557735
5,30,20,0.03,0.95,1.5,4.5,0.15,13252.24,32.5224,10.3725,17.5288,0.7064,0.5917,20,50.0,0.557735
10,60,20,0.01,0.5,2.5,3.5,0.15,10913.68,9.1368,3.2495,6.4752,0.5966,0.5018,28,38.4615,0.556401
10,60,20,0.01,0.5,2.5,3.5,0.25,10913.68,9.1368,3.2495,6.4752,0.5966,0.5018,28,38.4615,0.556401
10,60,20,0.01,0.5,2.5,3.5,0.35,10913.68,9.1368,3.2495,6.4752,0.5966,0.5018,28,38.4615,0.556401
10,60,20,0.01,0.75,2.5,3.5,0.15,10913.68,9.1368,3.2495,6.4752,0.5966,0.5018,28,38.4615,0.556401
10,60,20,0.01,0.75,2.5,3.5,0.25,10913.68,9.1368,3.2495,6.4752,0.5966,0.5018,28,38.4615,0.556401
10,60,20,0.01,0.75,2.5,3.5,0.35,10913.68,9.1368,3.2495,6.4752,0.5966,0.5018,28,38.4615,0.556401
10,60,20,0.01,0.95,2.5,3.5,0.15,10913.68,9.1368,3.2495,6.4752,0.5966,0.5018,28,38.4615,0.556401
10,60,20,0.01,0.95,2.5,3.5,0.25,10913.68,9.1368,3.2495,6.4752,0.5966,0.5018,28,38.4615,0.556401
10,60,20,0.01,0.95,2.5,3.5,0.35,10913.68,9.1368,3.2495,6.4752,0.5966,0.5018,28,38.4615,0.556401
20,60,10,0.01,0.5,2.5,4.5,0.15,11389.27,13.8927,4.8729,9.4058,0.655,0.5181,16,28.5714,0.555008
20,60,10,0.01,0.5,2.5,4.5,0.25,11389.27,13.8927,4.8729,9.4058,0.655,0.5181,16,28.5714,0.555008
20,60,10,0.01,0.5,2.5,4.5,0.35,11389.27,13.8927,4.8729,9.4058,0.655,0.5181,16,28.5714,0.555008
20,60,10,0.01,0.75,2.5,4.5,0.15,11389.27,13.8927,4.8729,9.4058,0.655,0.5181,16,28.5714,0.555008
20,60,10,0.01,0.75,2.5,4.5,0.25,11389.27,13.8927,4.8729,9.4058,0.655,0.5181,16,28.5714,0.555008
20,60,10,0.01,0.75,2.5,4.5,0.35,11389.27,13.8927,4.8729,9.4058,0.655,0.5181,16,28.5714,0.555008
20,60,10,0.01,0.95,2.5,4.5,0.15,11389.27,13.8927,4.8729,9.4058,0.655,0.5181,16,28.5714,0.555008
20,60,10,0.01,0.95,2.5,4.5,0.25,11389.27,13.8927,4.8729,9.4058,0.655,0.5181,16,28.5714,0.555008
20,60,10,0.01,0.95,2.5,4.5,0.35,11389.27,13.8927,4.8729,9.4058,0.655,0.5181,16,28.5714,0.555008
10,30,10,0.01,0.5,1.5,3.5,0.15,11611.93,16.1193,5.3776,10.2889,0.6604,0.5227,36,41.1765,0.551851
10,30,10,0.01,0.5,1.5,3.5,0.25,11611.93,16.1193,5.3776,10.2889,0.6604,0.5227,36,41.1765,0.551851
10,30,10,0.01,0.5,1.5,3.5,0.35,11611.93,16.1193,5.3776,10.2889,0.6604,0.5227,36,41.1765,0.551851
10,30,10,0.01,0.75,1.5,3.5,0.15,11611.93,16.1193,5.3776,10.2889,0.6604,0.5227,36,41.1765,0.551851
10,30,10,0.01,0.75,1.5,3.5,0.25,11611.93,16.1193,5.3776,10.2889,0.6604,0.5227,36,41.1765,0.551851
10,30,10,0.01,0.75,1.5,3.5,0.35,11611.93,16.1193,5.3776,10.2889,0.6604,0.5227,36,41.1765,0.551851
10,30,10,0.01,0.95,1.5,3.5,0.15,11611.93,16.1193,5.3776,10.2889,0.6604,0.5227,36,41.1765,0.551851
10,30,10,0.01,0.95,1.5,3.5,0.25,11611.93,16.1193,5.3776,10.2889,0.6604,0.5227,36,41.1765,0.551851
10,30,10,0.01,0.95,1.5,3.5,0.35,11611.93,16.1193,5.3776,10.2889,0.6604,0.5227,36,41.1765,0.551851
10,30,10,0.03,0.5,2.5,3.5,0.25,13172.98,31.7298,10.1407,17.4217,0.7187,0.5821,34,43.75,0.55159
10,30,10,0.03,0.5,2.5,3.5,0.35,13172.98,31.7298,10.1407,17.4217,0.7187,0.5821,34,43.75,0.55159
10,30,10,0.03,0.75,2.5,3.5,0.25,13172.98,31.7298,10.1407,17.4217,0.7187,0.5821,34,43.75,0.55159
10,30,10,0.03,0.75,2.5,3.5,0.35,13172.98,31.7298,10.1407,17.4217,0.7187,0.5821,34,43.75,0.55159
10,30,10,0.03,0.95,2.5,3.5,0.25,13172.98,31.7298,10.1407,17.4217,0.7187,0.5821,34,43.75,0.55159
10,30,10,0.03,0.95,2.5,3.5,0.35,13172.98,31.7298,10.1407,17.4217,0.7187,0.5821,34,43.75,0.55159
10,60,14,0.01,0.5,1.5,2.5,0.15,11455.35,14.5535,5.095,9.9559,0.6912,0.5118,40,31.5789,0.550433
10,60,14,0.01,0.5,1.5,2.5,0.25,11455.35,14.5535,5.095,9.9559,0.6912,0.5118,40,31.5789,0.550433
10,60,14,0.01,0.5,1.5,2.5,0.35,11455.35,14.5535,5.095,9.9559,0.6912,0.5118,40,31.5789,0.550433
10,60,14,0.01,0.75,1.5,2.5,0.15,11455.35,14.5535,5.095,9.9559,0.6912,0.5118,40,31.5789,0.550433
10,60,14,0.01,0.75,1.5,2.5,0.25,11455.35,14.5535,5.095,9.9559,0.6912,0.5118,40,31.5789,0.550433
10,60,14,0.01,0.75,1.5,2.5,0.35,11455.35,14.5535,5.095,9.9559,0.6912,0.5118,40,31.5789,0.550433
10,60,14,0.01,0.95,1.5,2.5,0.15,11455.35,14.5535,5.095,9.9559,0.6912,0.5118,40,31.5789,0.550433
10,60,14,0.01,0.95,1.5,2.5,0.25,11455.35,14.5535,5.095,9.9559,0.6912,0.5118,40,31.5789,0.550433
10,60,14,0.01,0.95,1.5,2.5,0.35,11455.35,14.5535,5.095,9.9559,0.6912,0.5118,40,31.5789,0.550433
20,120,20,0.03,0.5,1.5,2.5,0.15,12275.35,22.7535,8.5601,15.4444,0.7366,0.5543,6,66.6667,0.547126
20,120,20,0.03,0.75,1.5,2.5,0.15,12275.35,22.7535,8.5601,15.4444,0.7366,0.5543,6,66.6667,0.547126
20,120,20,0.03,0.95,1.5,2.5,0.15,12275.35,22.7535,8.5601,15.4444,0.7366,0.5543,6,66.6667,0.547126
20,60,20,0.01,0.5,3.5,4.5,0.15,10999.43,9.9943,3.5455,7.2386,0.6426,0.4898,16,28.5714,0.545941
20,60,20,0.01,0.5,3.5,4.5,0.25,10999.43,9.9943,3.5455,7.2386,0.6426,0.4898,16,28.5714,0.545941
20,60,20,0.01,0.5,3.5,4.5,0.35,10999.43,9.9943,3.5455,7.2386,0.6426,0.4898,16,28.5714,0.545941
20,60,20,0.01,0.75,3.5,4.5,0.15,10999.43,9.9943,3.5455,7.2386,0.6426,0.4898,16,28.5714,0.545941
20,60,20,0.01,0.75,3.5,4.5,0.25,10999.43,9.9943,3.5455,7.2386,0.6426,0.4898,16,28.5714,0.545941
20,60,20,0.01,0.75,3.5,4.5,0.35,10999.43,9.9943,3.5455,7.2386,0.6426,0.4898,16,28.5714,0.545941
20,60,20,0.01,0.95,3.5,4.5,0.15,10999.43,9.9943,3.5455,7.2386,0.6426,0.4898,16,28.5714,0.545941
20,60,20,0.01,0.95,3.5,4.5,0.25,10999.43,9.9943,3.5455,7.2386,0.6426,0.4898,16,28.5714,0.545941
20,60,20,0.01,0.95,3.5,4.5,0.35,10999.43,9.9943,3.5455,7.2386,0.6426,0.4898,16,28.5714,0.545941
10,60,20,0.02,0.5,2.5,2.5,0.15,11954.65,19.5465,6.7478,12.8827,0.7401,0.5238,40,31.5789,0.542981
10,60,20,0.02,0.5,2.5,2.5,0.25,11954.65,19.5465,6.7478,12.8827,0.7401,0.5238,40,31.5789,0.542981
10,60,20,0.02,0.5,2.5,2.5,0.35,11954.65,19.5465,6.7478,12.8827,0.7401,0.5238,40,31.5789,0.542981
10,60,20,0.02,0.75,2.5,2.5,0.15,11954.65,19.5465,6.7478,12.8827,0.7401,0.5238,40,31.5789,0.542981
10,60,20,0.02,0.75,2.5,2.5,0.25,11954.65,19.5465,6.7478,12.8827,0.7401,0.5238,40,31.5789,0.542981
10,60,20,0.02,0.75,2.5,2.5,0.35,11954.65,19.5465,6.7478,12.8827,0.7401,0.5238,40,31.5789,0.542981
10,60,20,0.02,0.95,2.5,2.5,0.15,11954.65,19.5465,6.7478,12.8827,0.7401,0.5238,40,31.5789,0.542981
10,60,20,0.02,0.95,2.5,2.5,0.25,11954.65,19.5465,6.7478,12.8827,0.7401,0.5238,40,31.5789,0.542981
10,60,20,0.02,0.95,2.5,2.5,0.35,11954.65,19.5465,6.7478,12.8827,0.7401,0.5238,40,31.5789,0.542981
20,60,10,0.01,0.5,2.5,2.5,0.15,10846.35,8.4635,3.016,6.4037,0.6707,0.471,32,46.6667,0.541084
20,60,10,0.01,0.5,2.5,2.5,0.25,10846.35,8.4635,3.016,6.4037,0.6707,0.471,32,46.6667,0.541084
20,60,10,0.01,0.5,2.5,2.5,0.35,10846.35,8.4635,3.016,6.4037,0.6707,0.471,32,46.6667,0.541084
20,60,10,0.01,0.75,2.5,2.5,0.15,10846.35,8.4635,3.016,6.4037,0.6707,0.471,32,46.6667,0.541084
20,60,10,0.01,0.75,2.5,2.5,0.25,10846.35,8.4635,3.016,6.4037,0.6707,0.471,32,46.6667,0.541084
20,60,10,0.01,0.75,2.5,2.5,0.35,10846.35,8.4635,3.016,6.4037,0.6707,0.471,32,46.6667,0.541084
20,60,10,0.01,0.95,2.5,2.5,0.15,10846.35,8.4635,3.016,6.4037,0.6707,0.471,32,46.6667,0.541084
20,60,10,0.01,0.95,2.5,2.5,0.25,10846.35,8.4635,3.016,6.4037,0.6707,0.471,32,46.6667,0.541084
20,60,10,0.01,0.95,2.5,2.5,0.35,10846.35,8.4635,3.016,6.4037,0.6707,0.471,32,46.6667,0.541084
20,60,14,0.03,0.5,2.5,4.5,0.25,14421.58,44.2158,14.3296,23.2347,0.7673,0.6167,16,28.5714,0.537849
20,60,14,0.03,0.5,2.5,4.5,0.35,14421.58,44.2158,14.3296,23.2347,0.7673,0.6167,16,28.5714,0.537849
20,60,14,0.03,0.75,2.5,4.5,0.25,14421.58,44.2158,14.3296,23.2347,0.7673,0.6167,16,28.5714,0.537849
20,60,14,0.03,0.75,2.5,4.5,0.35,14421.58,44.2158,14.3296,23.2347,0.7673,0.6167,16,28.5714,0.537849
20,60,14,0.03,0.95,2.5,4.5,0.25,14421.58,44.2158,14.3296,23.2347,0.7673,0.6167,16,28.5714,0.537849
20,60,14,0.03,0.95,2.5,4.5,0.35,14421.58,44.2158,14.3296,23.2347,0.7673,0.6167,16,28.5714,0.537849
10,60,20,0.01,0.5,3.5,3.5,0.15,10640.37,6.4037,2.2962,4.9074,0.5858,0.4679,28,38.4615,0.535987
10,60,20,0.01,0.5,3.5,3.5,0.25,10640.37,6.4037,2.2962,4.9074,0.5858,0.4679,28,38.4615,0.535987
10,60,20,0.01,0.5,3.5,3.5,0.35,10640.37,6.4037,2.2962,4.9074,0.5858,0.4679,28,38.4615,0.535987
10,60,20,0.01,0.75,3.5,3.5,0.15,10640.37,6.4037,2.2962,4.9074,0.5858,0.4679,28,38.4615,0.535987
10,60,20,0.01,0.75,3.5,3.5,0.25,10640.37,6.4037,2.2962,4.9074,0.5858,0.4679,28,38.4615,0.535987
10,60,20,0.01,0.75,3.5,3.5,0.35,10640.37,6.4037,2.2962,4.9074,0.5858,0.4679,28,38.4615,0.535987
10,60,20,0.01,0.95,3.5,3.5,0.15,10640.37,6.4037,2.2962,4.9074,0.5858,0.4679,28,38.4615,0.535987
10,60,20,0.01,0.95,3.5,3.5,0.25,10640.37,6.4037,2.2962,4.9074,0.5858,0.4679,28,38.4615,0.535987
10,60,20,0.01,0.95,3.5,3.5,0.35,10640.37,6.4037,2.2962,4.9074,0.5858,0.4679,28,38.4615,0.535987
10,60,20,0.03,0.5,3.5,2.5,0.15,12079.65,20.7965,7.1547,13.6672,0.7401,0.5235,40,31.5789,0.534851
10,60,20,0.03,0.5,3.5,2.5,0.25,12079.65,20.7965,7.1547,13.6672,0.7401,0.5235,40,31.5789,0.534851
10,60,20,0.03,0.5,3.5,2.5,0.35,12079.65,20.7965,7.1547,13.6672,0.7401,0.5235,40,31.5789,0.534851
10,60,20,0.03,0.75,3.5,2.5,0.15,12079.65,20.7965,7.1547,13.6672,0.7401,0.5235,40,31.5789,0.534851
10,60,20,0.03,0.75,3.5,2.5,0.25,12079.65,20.7965,7.1547,13.6672,0.7401,0.5235,40,31.5789,0.534851
10,60,20,0.03,0.75,3.5,2.5,0.35,12079.65,20.7965,7.1547,13.6672,0.7401,0.5235,40,31.5789,0.534851
10,60,20,0.03,0.95,3.5,2.5,0.15,12079.65,20.7965,7.1547,13.6672,0.7401,0.5235,40,31.5789,0.534851
10,60,20,0.03,0.95,3.5,2.5,0.25,12079.65,20.7965,7.1547,13.6672,0.7401,0.5235,40,31.5789,0.534851
10,60,20,0.03,0.95,3.5,2.5,0.35,12079.65,20.7965,7.1547,13.6672,0.7401,0.5235,40,31.5789,0.534851
10,60,14,0.01,0.5,3.5,4.5,0.15,10759.6,7.596,2.7139,5.7959,0.6171,0.4683,18,37.5,0.53371
10,60,14,0.01,0.5,3.5,4.5,0.25,10759.6,7.596,2.7139,5.7959,0.6171,0.4683,18,37.5,0.53371
10,60,14,0.01,0.5,3.5,4.5,0.35,10759.6,7.596,2.7139,5.7959,0.6171,0.4683,18,37.5,0.53371
10,60,14,0.01,0.75,3.5,4.5,0.15,10759.6,7.596,2.7139,5.7959,0.6171,0.4683,18,37.5,0.53371
10,60,14,0.01,0.75,3.5,4.5,0.25,10759.6,7.596,2.7139,5.7959,0.6171,0.4683,18,37.5,0.53371
10,60,14,0.01,0.75,3.5,4.5,0.35,10759.6,7.596,2.7139,5.7959,0.6171,0.4683,18,37.5,0.53371
10,60,14,0.01,0.95,3.5,4.5,0.15,10759.6,7.596,2.7139,5.7959,0.6171,0.4683,18,37.5,0.53371
10,60,14,0.01,0.95,3.5,4.5,0.25,10759.6,7.596,2.7139,5.7959,0.6171,0.4683,18,37.5,0.53371
10,60,14,0.01,0.95,3.5,4.5,0.35,10759.6,7.596,2.7139,5.7959,0.6171,0.4683,18,37.5,0.53371
10,30,20,0.02,0.5,1.5,4.5,0.25,13410.92,34.1092,10.8339,18.8024,0.7272,0.5762,34,37.5,0.533606
10,30,20,0.02,0.5,1.5,4.5,0.35,13410.92,34.1092,10.8339,18.8024,0.7272,0.5762,34,37.5,0.533606
10,30,20,0.02,0.75,1.5,4.5,0.25,13410.92,34.1092,10.8339,18.8024,0.7272,0.5762,34,37.5,0.533606
10,30,20,0.02,0.75,1.5,4.5,0.35,13410.92,34.1092,10.8339,18.8024,0.7272,0.5762,34,37.5,0.533606
10,30,20,0.02,0.95,1.5,4.5,0.25,13410.92,34.1092,10.8339,18.8024,0.7272,0.5762,34,37.5,0.533606
10,30,20,0.02,0.95,1.5,4.5,0.35,13410.92,34.1092,10.8339,18.8024,0.7272,0.5762,34,37.5,0.533606
10,30,10,0.02,0.5,1.5,4.5,0.25,13752.23,37.5223,11.8145,20.1948,0.7493,0.585,34,37.5,0.532937
10,30,10,0.02,0.5,1.5,4.5,0.35,13752.23,37.5223,11.8145,20.1948,0.7493,0.585,34,37.5,0.532937
10,30,10,0.02,0.75,1.5,4.5,0.25,13752.23,37.5223,11.8145,20.1948,0.7493,0.585,34,37.5,0.532937
10,30,10,0.02,0.75,1.5,4.5,0.35,13752.23,37.5223,11.8145,20.1948,0.7493,0.585,34,37.5,0.532937
10,30,10,0.02,0.95,1.5,4.5,0.25,13752.23,37.5223,11.8145,20.1948,0.7493,0.585,34,37.5,0.532937
10,30,10,0.02,0.95,1.5,4.5,0.35,13752.23,37.5223,11.8145,20.1948,0.7493,0.585,34,37.5,0.532937
10,60,14,0.01,0.5,2.5,4.5,0.15,11097.14,10.9714,3.8809,8.0021,0.6365,0.485,20,33.3333,0.532269
10,60,14,0.01,0.5,2.5,4.5,0.25,11097.14,10.9714,3.8809,8.0021,0.6365,0.485,20,33.3333,0.532269
10,60,14,0.01,0.5,2.5,4.5,0.35,11097.14,10.9714,3.8809,8.0021,0.6365,0.485,20,33.3333,0.532269
10,60,14,0.01,0.75,2.5,4.5,0.15,11097.14,10.9714,3.8809,8.0021,0.6365,0.485,20,33.3333,0.532269
10,60,14,0.01,0.75,2.5,4.5,0.25,11097.14,10.9714,3.8809,8.0021,0.6365,0.485,20,33.3333,0.532269
10,60,14,0.01,0.75,2.5,4.5,0.35,11097.14,10.9714,3.8809,8.0021,0.6365,0.485,20,33.3333,0.532269
10,60,14,0.01,0.95,2.5,4.5,0.15,11097.14,10.9714,3.8809,8.0021,0.6365,0.485,20,33.3333,0.532269
10,60,14,0.01,0.95,2.5,4.5,0.25,11097.14,10.9714,3.8809,8.0021,0.6365,0.485,20,33.3333,0.532269
10,60,14,0.01,0.95,2.5,4.5,0.35,11097.14,10.9714,3.8809,8.0021,0.6365,0.485,20,33.3333,0.532269
10,60,14,0.02,0.5,3.5,4.5,0.15,11636.77,16.3677,5.7007,11.246,0.6673,0.5069,18,37.5,0.527922
10,60,14,0.02,0.5,3.5,4.5,0.25,11636.77,16.3677,5.7007,11.246,0.6673,0.5069,18,37.5,0.527922
10,60,14,0.02,0.5,3.5,4.5,0.35,11636.77,16.3677,5.7007,11.246,0.6673,0.5069,18,37.5,0.527922
10,60,14,0.02,0.75,3.5,4.5,0.15,11636.77,16.3677,5.7007,11.246,0.6673,0.5069,18,37.5,0.527922
10,60,14,0.02,0.75,3.5,4.5,0.25,11636.77,16.3677,5.7007,11.246,0.6673,0.5069,18,37.5,0.527922
10,60,14,0.02,0.75,3.5,4.5,0.35,11636.77,16.3677,5.7007,11.246,0.6673,0.5069,18,37.5,0.527922
10,60,14,0.02,0.95,3.5,4.5,0.15,11636.77,16.3677,5.7007,11.246,0.6673,0.5069,18,37.5,0.527922
10,60,14,0.02,0.95,3.5,4.5,0.25,11636.77,16.3677,5.7007,11.246,0.6673,0.5069,18,37.5,0.527922
10,60,14,0.02,0.95,3.5,4.5,0.35,11636.77,16.3677,5.7007,11.246,0.6673,0.5069,18,37.5,0.527922
10,60,20,0.02,0.5,1.5,3.5,0.25,13234.77,32.3477,10.7943,18.7888,0.6767,0.5745,30,35.7143,0.521953
10,60,20,0.02,0.5,1.5,3.5,0.35,13234.77,32.3477,10.7943,18.7888,0.6767,0.5745,30,35.7143,0.521953
10,60,20,0.02,0.75,1.5,3.5,0.25,13234.77,32.3477,10.7943,18.7888,0.6767,0.5745,30,35.7143,0.521953
10,60,20,0.02,0.75,1.5,3.5,0.35,13234.77,32.3477,10.7943,18.7888,0.6767,0.5745,30,35.7143,0.521953
10,60,20,0.02,0.95,1.5,3.5,0.25,13234.77,32.3477,10.7943,18.7888,0.6767,0.5745,30,35.7143,0.521953
10,60,20,0.02,0.95,1.5,3.5,0.35,13234.77,32.3477,10.7943,18.7888,0.6767,0.5745,30,35.7143,0.521953
20,60,10,0.01,0.5,1.5,2.5,0.15,11439.43,14.3943,5.0416,10.3395,0.6859,0.4876,32,46.6667,0.521387
20,60,10,0.01,0.5,1.5,2.5,0.25,11439.43,14.3943,5.0416,10.3395,0.6859,0.4876,32,46.6667,0.521387
20,60,10,0.01,0.5,1.5,2.5,0.35,11439.43,14.3943,5.0416,10.3395,0.6859,0.4876,32,46.6667,0.521387
20,60,10,0.01,0.75,1.5,2.5,0.15,11439.43,14.3943,5.0416,10.3395,0.6859,0.4876,32,46.6667,0.521387
20,60,10,0.01,0.75,1.5,2.5,0.25,11439.43,14.3943,5.0416,10.3395,0.6859,0.4876,32,46.6667,0.521387
20,60,10,0.01,0.75,1.5,2.5,0.35,11439.43,14.3943,5.0416,10.3395,0.6859,0.4876,32,46.6667,0.521387
20,60,10,0.01,0.95,1.5,2.5,0.15,11439.43,14.3943,5.0416,10.3395,0.6859,0.4876,32,46.6667,0.521387
20,60,10,0.01,0.95,1.5,2.5,0.25,11439.43,14.3943,5.0416,10.3395,0.6859,0.4876,32,46.6667,0.521387
20,60,10,0.01,0.95,1.5,2.5,0.35,11439.43,14.3943,5.0416,10.3395,0.6859,0.4876,32,46.6667,0.521387
10,30,14,0.01,0.5,1.5,3.5,0.15,11561.5,15.615,5.2169,10.5288,0.6469,0.4955,36,41.1765,0.519576
10,30,14,0.01,0.5,1.5,3.5,0.25,11561.5,15.615,5.2169,10.5288,0.6469,0.4955,36,41.1765,0.519576
10,30,14,0.01,0.5,1.5,3.5,0.35,11561.5,15.615,5.2169,10.5288,0.6469,0.4955,36,41.1765,0.519576
10,30,14,0.01,0.75,1.5,3.5,0.15,11561.5,15.615,5.2169,10.5288,0.6469,0.4955,36,41.1765,0.519576
10,30,14,0.01,0.75,1.5,3.5,0.25,11561.5,15.615,5.2169,10.5288,0.6469,0.4955,36,41.1765,0.519576
10,30,14,0.01,0.75,1.5,3.5,0.35,11561.5,15.615,5.2169,10.5288,0.6469,0.4955,36,41.1765,0.519576
10,30,14,0.01,0.95,1.5,3.5,0.15,11561.5,15.615,5.2169,10.5288,0.6469,0.4955,36,41.1765,0.519576
10,30,14,0.01,0.95,1.5,3.5,0.25,11561.5,15.615,5.2169,10.5288,0.6469,0.4955,36,41.1765,0.519576
10,30,14,0.01,0.95,1.5,3.5,0.35,11561.5,15.615,5.2169,10.5288,0.6469,0.4955,36,41.1765,0.519576
20,60,10,0.02,0.5,3.5,2.5,0.15,11214.13,12.1413,4.2801,9.0338,0.6726,0.4738,32,46.6667,0.517965
20,60,10,0.02,0.5,3.5,2.5,0.25,11214.13,12.1413,4.2801,9.0338,0.6726,0.4738,32,46.6667,0.517965
20,60,10,0.02,0.5,3.5,2.5,0.35,11214.13,12.1413,4.2801,9.0338,0.6726,0.4738,32,46.6667,0.517965
20,60,10,0.02,0.75,3.5,2.5,0.15,11214.13,12.1413,4.2801,9.0338,0.6726,0.4738,32,46.6667,0.517965
20,60,10,0.02,0.75,3.5,2.5,0.25,11214.13,12.1413,4.2801,9.0338,0.6726,0.4738,32,46.6667,0.517965
20,60,10,0.02,0.75,3.5,2.5,0.35,11214.13,12.1413,4.2801,9.0338,0.6726,0.4738,32,46.6667,0.517965
20,60,10,0.02,0.95,3.5,2.5,0.15,11214.13,12.1413,4.2801,9.0338,0.6726,0.4738,32,46.6667,0.517965
20,60,10,0.02,0.95,3.5,2.5,0.25,11214.13,12.1413,4.2801,9.0338,0.6726,0.4738,32,46.6667,0.517965
20,60,10,0.02,0.95,3.5,2.5,0.35,11214.13,12.1413,4.2801,9.0338,0.6726,0.4738,32,46.6667,0.517965
5,60,10,0.01,0.5,2.5,2.5,0.15,10853.67,8.5367,3.0415,6.7471,0.6636,0.4508,36,41.1765,0.516039
5,60,10,0.01,0.5,2.5,2.5,0.25,10853.67,8.5367,3.0415,6.7471,0.6636,0.4508,36,41.1765,0.516039
5,60,10,0.01,0.5,2.5,2.5,0.35,10853.67,8.5367,3.0415,6.7471,0.6636,0.4508,36,41.1765,0.516039
5,60,10,0.01,0.75,2.5,2.5,0.15,10853.67,8.5367,3.0415,6.7471,0.6636,0.4508,36,41.1765,0.516039
5,60,10,0.01,0.75,2.5,2.5,0.25,10853.67,8.5367,3.0415,6.7471,0.6636,0.4508,36,41.1765,0.516039
5,60,10,0.01,0.75,2.5,2.5,0.35,10853.67,8.5367,3.0415,6.7471,0.6636,0.4508,36,41.1765,0.516039
5,60,10,0.01,0.95,2.5,2.5,0.15,10853.67,8.5367,3.0415,6.7471,0.6636,0.4508,36,41.1765,0.516039
5,60,10,0.01,0.95,2.5,2.5,0.25,10853.67,8.5367,3.0415,6.7471,0.6636,0.4508,36,41.1765,0.516039
5,60,10,0.01,0.95,2.5,2.5,0.35,10853.67,8.5367,3.0415,6.7471,0.6636,0.4508,36,41.1765,0.516039
10,60,20,0.02,0.5,1.5,4.5,0.25,13894.15,38.9415,12.7822,21.8526,0.7279,0.5849,24,36.3636,0.511978
10,60,20,0.02,0.5,1.5,4.5,0.35,13894.15,38.9415,12.7822,21.8526,0.7279,0.5849,24,36.3636,0.511978
10,60,20,0.02,0.75,1.5,4.5,0.25,13894.15,38.9415,12.7822,21.8526,0.7279,0.5849,24,36.3636,0.511978
10,60,20,0.02,0.75,1.5,4.5,0.35,13894.15,38.9415,12.7822,21.8526,0.7279,0.5849,24,36.3636,0.511978
10,60,20,0.02,0.95,1.5,4.5,0.25,13894.15,38.9415,12.7822,21.8526,0.7279,0.5849,24,36.3636,0.511978
10,60,20,0.02,0.95,1.5,4.5,0.35,13894.15,38.9415,12.7822,21.8526,0.7279,0.5849,24,36.3636,0.511978
10,30,14,0.02,0.5,1.5,4.5,0.25,13725.68,37.2568,11.7387,20.6479,0.7494,0.5685,34,37.5,0.511916
10,30,14,0.02,0.5,1.5,4.5,0.35,13725.68,37.2568,11.7387,20.6479,0.7494,0.5685,34,37.5,0.511916
10,30,14,0.02,0.75,1.5,4.5,0.25,13725.68,37.2568,11.7387,20.6479,0.7494,0.5685,34,37.5,0.511916
10,30,14,0.02,0.75,1.5,4.5,0.35,13725.68,37.2568,11.7387,20.6479,0.7494,0.5685,34,37.5,0.511916
10,30,14,0.02,0.95,1.5,4.5,0.25,13725.68,37.2568,11.7387,20.6479,0.7494,0.5685,34,37.5,0.511916
10,30,14,0.02,0.95,1.5,4.5,0.35,13725.68,37.2568,11.7387,20.6479,0.7494,0.5685,34,37.5,0.511916
5,60,10,0.01,0.5,3.5,2.5,0.15,10579.14,5.7914,2.0805,4.855,0.6467,0.4285,36,41.1765,0.509321
5,60,10,0.01,0.5,3.5,2.5,0.25,10579.14,5.7914,2.0805,4.855,0.6467,0.4285,36,41.1765,0.509321
5,60,10,0.01,0.5,3.5,2.5,0.35,10579.14,5.7914,2.0805,4.855,0.6467,0.4285,36,41.1765,0.509321
5,60,10,0.01,0.75,3.5,2.5,0.15,10579.14,5.7914,2.0805,4.855,0.6467,0.4285,36,41.1765,0.509321
5,60,10,0.01,0.75,3.5,2.5,0.25,10579.14,5.7914,2.0805,4.855,0.6467,0.4285,36,41.1765,0.509321
5,60,10,0.01,0.75,3.5,2.5,0.35,10579.14,5.7914,2.0805,4.855,0.6467,0.4285,36,41.1765,0.509321
5,60,10,0.01,0.95,3.5,2.5,0.15,10579.14,5.7914,2.0805,4.855,0.6467,0.4285,36,41.1765,0.509321
5,60,10,0.01,0.95,3.5,2.5,0.25,10579.14,5.7914,2.0805,4.855,0.6467,0.4285,36,41.1765,0.509321
5,60,10,0.01,0.95,3.5,2.5,0.35,10579.14,5.7914,2.0805,4.855,0.6467,0.4285,36,41.1765,0.509321
10,60,20,0.03,0.5,2.5,2.5,0.25,12972.73,29.7273,9.9869,18.4278,0.7562,0.5419,40,31.5789,0.508919
10,60,20,0.03,0.5,2.5,2.5,0.35,12972.73,29.7273,9.9869,18.4278,0.7562,0.5419,40,31.5789,0.508919
10,60,20,0.03,0.75,2.5,2.5,0.25,12972.73,29.7273,9.9869,18.4278,0.7562,0.5419,40,31.5789,0.508919
10,60,20,0.03,0.75,2.5,2.5,0.35,12972.73,29.7273,9.9869,18.4278,0.7562,0.5419,40,31.5789,0.508919
10,60,20,0.03,0.95,2.5,2.5,0.25,12972.73,29.7273,9.9869,18.4278,0.7562,0.5419,40,31.5789,0.508919
10,60,20,0.03,0.95,2.5,2.5,0.35,12972.73,29.7273,9.9869,18.4278,0.7562,0.5419,40,31.5789,0.508919
10,60,20,0.02,0.5,2.5,3.5,0.15,11868.0,18.68,6.4642,12.6717,0.6251,0.5101,28,38.4615,0.508436
10,60,20,0.02,0.5,2.5,3.5,0.25,11868.0,18.68,6.4642,12.6717,0.6251,0.5101,28,38.4615,0.508436
10,60,20,0.02,0.5,2.5,3.5,0.35,11868.0,18.68,6.4642,12.6717,0.6251,0.5101,28,38.4615,0.508436
10,60,20,0.02,0.75,2.5,3.5,0.15,11868.0,18.68,6.4642,12.6717,0.6251,0.5101,28,38.4615,0.508436
10,60,20,0.02,0.75,2.5,3.5,0.25,11868.0,18.68,6.4642,12.6717,0.6251,0.5101,28,38.4615,0.508436
10,60,20,0.02,0.75,2.5,3.5,0.35,11868.0,18.68,6.4642,12.6717,0.6251,0.5101,28,38.4615,0.508436
10,60,20,0.02,0.95,2.5,3.5,0.15,11868.0,18.68,6.4642,12.6717,0.6251,0.5101,28,38.4615,0.508436
10,60,20,0.02,0.95,2.5,3.5,0.25,11868.0,18.68,6.4642,12.6717,0.6251,0.5101,28,38.4615,0.508436
10,60,20,0.02,0.95,2.5,3.5,0.35,11868.0,18.68,6.4642,12.6717,0.6251,0.5101,28,38.4615,0.508436
20,60,10,0.01,0.5,3.5,2.5,0.15,10547.77,5.4777,1.9697,4.6034,0.626,0.4279,32,46.6667,0.507036
20,60,10,0.01,0.5,3.5,2.5,0.25,10547.77,5.4777,1.9697,4.6034,0.626,0.4279,32,46.6667,0.507036
20,60,10,0.01,0.5,3.5,2.5,0.35,10547.77,5.4777,1.9697,4.6034,0.626,0.4279,32,46.6667,0.507036
20,60,10,0.01,0.75,3.5,2.5,0.15,10547.77,5.4777,1.9697,4.6034,0.626,0.4279,32,46.6667,0.507036
20,60,10,0.01,0.75,3.5,2.5,0.25,10547.77,5.4777,1.9697,4.6034,0.626,0.4279,32,46.6667,0.507036
20,60,10,0.01,0.75,3.5,2.5,0.35,10547.77,5.4777,1.9697,4.6034,0.626,0.4279,32,46.6667,0.507036
20,60,10,0.01,0.95,3.5,2.5,0.15,10547.77,5.4777,1.9697,4.6034,0.626,0.4279,32,46.6667,0.507036
20,60,10,0.01,0.95,3.5,2.5,0.25,10547.77,5.4777,1.9697,4.6034,0.626,0.4279,32,46.6667,0.507036
20,60,10,0.01,0.95,3.5,2.5,0.35,10547.77,5.4777,1.9697,4.6034,0.626,0.4279,32,46.6667,0.507036
20,60,10,0.02,0.5,3.5,4.5,0.15,11949.72,19.4972,6.7317,13.2839,0.6615,0.5068,14,33.3333,0.506213
20,60,10,0.02,0.5,3.5,4.5,0.25,11949.72,19.4972,6.7317,13.2839,0.6615,0.5068,14,33.3333,0.506213
20,60,10,0.02,0.5,3.5,4.5,0.35,11949.72,19.4972,6.7317,13.2839,0.6615,0.5068,14,33.3333,0.506213
20,60,10,0.02,0.75,3.5,4.5,0.15,11949.72,19.4972,6.7317,13.2839,0.6615,0.5068,14,33.3333,0.506213
20,60,10,0.02,0.75,3.5,4.5,0.25,11949.72,19.4972,6.7317,13.2839,0.6615,0.5068,14,33.3333,0.506213
20,60,10,0.02,0.75,3.5,4.5,0.35,11949.72,19.4972,6.7317,13.2839,0.6615,0.5068,14,33.3333,0.506213
20,60,10,0.02,0.95,3.5,4.5,0.15,11949.72,19.4972,6.7317,13.2839,0.6615,0.5068,14,33.3333,0.506213
20,60,10,0.02,0.95,3.5,4.5,0.25,11949.72,19.4972,6.7317,13.2839,0.6615,0.5068,14,33.3333,0.506213
20,60,10,0.02,0.95,3.5,4.5,0.35,11949.72,19.4972,6.7317,13.2839,0.6615,0.5068,14,33.3333,0.506213
10,60,14,0.02,0.5,1.5,2.5,0.25,13034.6,30.346,10.1785,18.6248,0.7261,0.5465,40,31.5789,0.50548
10,60,14,0.02,0.5,1.5,2.5,0.35,13034.6,30.346,10.1785,18.6248,0.7261,0.5465,40,31.5789,0.50548
10,60,14,0.02,0.75,1.5,2.5,0.25,13034.6,30.346,10.1785,18.6248,0.7261,0.5465,40,31.5789,0.50548
10,60,14,0.02,0.75,1.5,2.5,0.35,13034.6,30.346,10.1785,18.6248,0.7261,0.5465,40,31.5789,0.50548
10,60,14,0.02,0.95,1.5,2.5,0.25,13034.6,30.346,10.1785,18.6248,0.7261,0.5465,40,31.5789,0.50548
10,60,14,0.02,0.95,1.5,2.5,0.35,13034.6,30.346,10.1785,18.6248,0.7261,0.5465,40,31.5789,0.50548
10,60,14,0.03,0.5,3.5,4.5,0.25,12491.63,24.9163,8.4771,16.0684,0.6922,0.5276,18,37.5,0.505326
10,60,14,0.03,0.5,3.5,4.5,0.35,12491.63,24.9163,8.4771,16.0684,0.6922,0.5276,18,37.5,0.505326
10,60,14,0.03,0.75,3.5,4.5,0.25,12491.63,24.9163,8.4771,16.0684,0.6922,0.5276,18,37.5,0.505326
10,60,14,0.03,0.75,3.5,4.5,0.35,12491.63,24.9163,8.4771,16.0684,0.6922,0.5276,18,37.5,0.505326
10,60,14,0.03,0.95,3.5,4.5,0.25,12491.63,24.9163,8.4771,16.0684,0.6922,0.5276,18,37.5,0.505326
10,60,14,0.03,0.95,3.5,4.5,0.35,12491.63,24.9163,8.4771,16.0684,0.6922,0.5276,18,37.5,0.505326
20,60,10,0.02,0.5,2.5,4.5,0.25,12801.09,28.0109,9.4524,17.5165,0.6989,0.5396,16,28.5714,0.504242
20,60,10,0.02,0.5,2.5,4.5,0.35,12801.09,28.0109,9.4524,17.5165,0.6989,0.5396,16,28.5714,0.504242
20,60,10,0.02,0.75,2.5,4.5,0.25,12801.09,28.0109,9.4524,17.5165,0.6989,0.5396,16,28.5714,0.504242
20,60,10,0.02,0.75,2.5,4.5,0.35,12801.09,28.0109,9.4524,17.5165,0.6989,0.5396,16,28.5714,0.504242
20,60,10,0.02,0.95,2.5,4.5,0.25,12801.09,28.0109,9.4524,17.5165,0.6989,0.5396,16,28.5714,0.504242
20,60,10,0.02,0.95,2.5,4.5,0.35,12801.09,28.0109,9.4524,17.5165,0.6989,0.5396,16,28.5714,0.504242
20,60,10,0.01,0.5,1.5,4.5,0.25,12310.7,23.107,7.8998,15.3263,0.681,0.5154,16,28.5714,0.498374
20,60,10,0.01,0.5,1.5,4.5,0.35,12310.7,23.107,7.8998,15.3263,0.681,0.5154,16,28.5714,0.498374
20,60,10,0.01,0.75,1.5,4.5,0.25,12310.7,23.107,7.8998,15.3263,0.681,0.5154,16,28.5714,0.498374
20,60,10,0.01,0.75,1.5,4.5,0.35,12310.7,23.107,7.8998,15.3263,0.681,0.5154,16,28.5714,0.498374
20,60,10,0.01,0.95,1.5,4.5,0.25,12310.7,23.107,7.8998,15.3263,0.681,0.5154,16,28.5714,0.498374
20,60,10,0.01,0.95,1.5,4.5,0.35,12310.7,23.107,7.8998,15.3263,0.681,0.5154,16,28.5714,0.498374
20,60,14,0.02,0.5,1.5,4.5,0.35,14872.5,48.725,15.6243,25.9596,0.7718,0.6019,16,28.5714,0.496639
20,60,14,0.02,0.75,1.5,4.5,0.35,14872.5,48.725,15.6243,25.9596,0.7718,0.6019,16,28.5714,0.496639
20,60,14,0.02,0.95,1.5,4.5,0.35,14872.5,48.725,15.6243,25.9596,0.7718,0.6019,16,28.5714,0.496639
10,60,20,0.01,0.5,1.5,2.5,0.15,11472.83,14.7283,5.1537,10.9904,0.6855,0.4689,42,30.0,0.496119
10,60,20,0.01,0.5,1.5,2.5,0.25,11472.83,14.7283,5.1537,10.9904,0.6855,0.4689,42,30.0,0.496119
10,60,20,0.01,0.5,1.5,2.5,0.35,11472.83,14.7283,5.1537,10.9904,0.6855,0.4689,42,30.0,0.496119
10,60,20,0.01,0.75,1.5,2.5,0.15,11472.83,14.7283,5.1537,10.9904,0.6855,0.4689,42,30.0,0.496119
10,60,20,0.01,0.75,1.5,2.5,0.25,11472.83,14.7283,5.1537,10.9904,0.6855,0.4689,42,30.0,0.496119
10,60,20,0.01,0.75,1.5,2.5,0.35,11472.83,14.7283,5.1537,10.9904,0.6855,0.4689,42,30.0,0.496119
10,60,20,0.01,0.95,1.5,2.5,0.15,11472.83,14.7283,5.1537,10.9904,0.6855,0.4689,42,30.0,0.496119
10,60,20,0.01,0.95,1.5,2.5,0.25,11472.83,14.7283,5.1537,10.9904,0.6855,0.4689,42,30.0,0.496119
10,60,20,0.01,0.95,1.5,2.5,0.35,11472.83,14.7283,5.1537,10.9904,0.6855,0.4689,42,30.0,0.496119
5,30,20,0.03,0.5,1.5,3.5,0.15,12504.38,25.0438,8.1481,15.3456,0.5922,0.531,24,50.0,0.495968
5,30,20,0.03,0.75,1.5,3.5,0.15,12504.38,25.0438,8.1481,15.3456,0.5922,0.531,24,50.0,0.495968
5,30,20,0.03,0.95,1.5,3.5,0.15,12504.38,25.0438,8.1481,15.3456,0.5922,0.531,24,50.0,0.495968
10,30,20,0.02,0.5,1.5,3.5,0.25,12886.97,28.8697,9.2965,17.2543,0.6483,0.5388,38,38.8889,0.49592
10,30,20,0.02,0.5,1.5,3.5,0.35,12886.97,28.8697,9.2965,17.2543,0.6483,0.5388,38,38.8889,0.49592
10,30,20,0.02,0.75,1.5,3.5,0.25,12886.97,28.8697,9.2965,17.2543,0.6483,0.5388,38,38.8889,0.49592
10,30,20,0.02,0.75,1.5,3.5,0.35,12886.97,28.8697,9.2965,17.2543,0.6483,0.5388,38,38.8889,0.49592
10,30,20,0.02,0.95,1.5,3.5,0.25,12886.97,28.8697,9.2965,17.2543,0.6483,0.5388,38,38.8889,0.49592
10,30,20,0.02,0.95,1.5,3.5,0.35,12886.97,28.8697,9.2965,17.2543,0.6483,0.5388,38,38.8889,0.49592
20,60,20,0.02,0.5,3.5,4.5,0.15,12026.76,20.2676,6.9828,13.9236,0.6664,0.5015,16,28.5714,0.49555
20,60,20,0.02,0.5,3.5,4.5,0.25,12026.76,20.2676,6.9828,13.9236,0.6664,0.5015,16,28.5714,0.49555
20,60,20,0.02,0.5,3.5,4.5,0.35,12026.76,20.2676,6.9828,13.9236,0.6664,0.5015,16,28.5714,0.49555
20,60,20,0.02,0.75,3.5,4.5,0.15,12026.76,20.2676,6.9828,13.9236,0.6664,0.5015,16,28.5714,0.49555
20,60,20,0.02,0.75,3.5,4.5,0.25,12026.76,20.2676,6.9828,13.9236,0.6664,0.5015,16,28.5714,0.49555
20,60,20,0.02,0.75,3.5,4.5,0.35,12026.76,20.2676,6.9828,13.9236,0.6664,0.5015,16,28.5714,0.49555
20,60,20,0.02,0.95,3.5,4.5,0.15,12026.76,20.2676,6.9828,13.9236,0.6664,0.5015,16,28.5714,0.49555
20,60,20,0.02,0.95,3.5,4.5,0.25,12026.76,20.2676,6.9828,13.9236,0.6664,0.5015,16,28.5714,0.49555
20,60,20,0.02,0.95,3.5,4.5,0.35,12026.76,20.2676,6.9828,13.9236,0.6664,0.5015,16,28.5714,0.49555
10,30,10,0.02,0.5,1.5,3.5,0.25,13331.48,33.3148,10.6033,19.3296,0.6945,0.5486,36,41.1765,0.494165
10,30,10,0.02,0.5,1.5,3.5,0.35,13331.48,33.3148,10.6033,19.3296,0.6945,0.5486,36,41.1765,0.494165
10,30,10,0.02,0.75,1.5,3.5,0.25,13331.48,33.3148,10.6033,19.3296,0.6945,0.5486,36,41.1765,0.494165
10,30,10,0.02,0.75,1.5,3.5,0.35,13331.48,33.3148,10.6033,19.3296,0.6945,0.5486,36,41.1765,0.494165
10,30,10,0.02,0.95,1.5,3.5,0.25,13331.48,33.3148,10.6033,19.3296,0.6945,0.5486,36,41.1765,0.494165
10,30,10,0.02,0.95,1.5,3.5,0.35,13331.48,33.3148,10.6033,19.3296,0.6945,0.5486,36,41.1765,0.494165
5,60,20,0.01,0.5,3.5,2.5,0.15,10614.29,6.1429,2.2044,5.3424,0.6746,0.4126,42,35.0,0.49412
5,60,20,0.01,0.5,3.5,2.5,0.25,10614.29,6.1429,2.2044,5.3424,0.6746,0.4126,42,35.0,0.49412
5,60,20,0.01,0.5,3.5,2.5,0.35,10614.29,6.1429,2.2044,5.3424,0.6746,0.4126,42,35.0,0.49412
5,60,20,0.01,0.75,3.5,2.5,0.15,10614.29,6.1429,2.2044,5.3424,0.6746,0.4126,42,35.0,0.49412
5,60,20,0.01,0.75,3.5,2.5,0.25,10614.29,6.1429,2.2044,5.3424,0.6746,0.4126,42,35.0,0.49412
5,60,20,0.01,0.75,3.5,2.5,0.35,10614.29,6.1429,2.2044,5.3424,0.6746,0.4126,42,35.0,0.49412
5,60,20,0.01,0.95,3.5,2.5,0.15,10614.29,6.1429,2.2044,5.3424,0.6746,0.4126,42,35.0,0.49412
5,60,20,0.01,0.95,3.5,2.5,0.25,10614.29,6.1429,2.2044,5.3424,0.6746,0.4126,42,35.0,0.49412
5,60,20,0.01,0.95,3.5,2.5,0.35,10614.29,6.1429,2.2044,5.3424,0.6746,0.4126,42,35.0,0.49412
10,60,20,0.02,0.5,3.5,3.5,0.15,11271.49,12.7149,4.4749,9.5003,0.5895,0.471,28,38.4615,0.49393
10,60,20,0.02,0.5,3.5,3.5,0.25,11271.49,12.7149,4.4749,9.5003,0.5895,0.471,28,38.4615,0.49393
10,60,20,0.02,0.5,3.5,3.5,0.35,11271.49,12.7149,4.4749,9.5003,0.5895,0.471,28,38.4615,0.49393
10,60,20,0.02,0.75,3.5,3.5,0.15,11271.49,12.7149,4.4749,9.5003,0.5895,0.471,28,38.4615,0.49393
10,60,20,0.02,0.75,3.5,3.5,0.25,11271.49,12.7149,4.4749,9.5003,0.5895,0.471,28,38.4615,0.49393
10,60,20,0.02,0.75,3.5,3.5,0.35,11271.49,12.7149,4.4749,9.5003,0.5895,0.471,28,38.4615,0.49393
10,60,20,0.02,0.95,3.5,3.5,0.15,11271.49,12.7149,4.4749,9.5003,0.5895,0.471,28,38.4615,0.49393
10,60,20,0.02,0.95,3.5,3.5,0.25,11271.49,12.7149,4.4749,9.5003,0.5895,0.471,28,38.4615,0.49393
10,60,20,0.02,0.95,3.5,3.5,0.35,11271.49,12.7149,4.4749,9.5003,0.5895,0.471,28,38.4615,0.49393
5,60,10,0.02,0.5,3.5,2.5,0.15,11239.77,12.3977,4.3673,9.5961,0.6718,0.4551,36,41.1765,0.493511
5,60,10,0.02,0.5,3.5,2.5,0.25,11239.77,12.3977,4.3673,9.5961,0.6718,0.4551,36,41.1765,0.493511
5,60,10,0.02,0.5,3.5,2.5,0.35,11239.77,12.3977,4.3673,9.5961,0.6718,0.4551,36,41.1765,0.493511
5,60,10,0.02,0.75,3.5,2.5,0.15,11239.77,12.3977,4.3673,9.5961,0.6718,0.4551,36,41.1765,0.493511
5,60,10,0.02,0.75,3.5,2.5,0.25,11239.77,12.3977,4.3673,9.5961,0.6718,0.4551,36,41.1765,0.493511
5,60,10,0.02,0.75,3.5,2.5,0.35,11239.77,12.3977,4.3673,9.5961,0.6718,0.4551,36,41.1765,0.493511
5,60,10,0.02,0.95,3.5,2.5,0.15,11239.77,12.3977,4.3673,9.5961,0.6718,0.4551,36,41.1765,0.493511
5,60,10,0.02,0.95,3.5,2.5,0.25,11239.77,12.3977,4.3673,9.5961,0.6718,0.4551,36,41.1765,0.493511
5,60,10,0.02,0.95,3.5,2.5,0.35,11239.77,12.3977,4.3673,9.5961,0.6718,0.4551,36,41.1765,0.493511
10,60,14,0.02,0.5,2.5,4.5,0.25,12239.57,22.3957,7.6714,15.0635,0.6671,0.5093,20,33.3333,0.492045
10,60,14,0.02,0.5,2.5,4.5,0.35,12239.57,22.3957,7.6714,15.0635,0.6671,0.5093,20,33.3333,0.492045
10,60,14,0.02,0.75,2.5,4.5,0.25,12239.57,22.3957,7.6714,15.0635,0.6671,0.5093,20,33.3333,0.492045
10,60,14,0.02,0.75,2.5,4.5,0.35,12239.57,22.3957,7.6714,15.0635,0.6671,0.5093,20,33.3333,0.492045
10,60,14,0.02,0.95,2.5,4.5,0.25,12239.57,22.3957,7.6714,15.0635,0.6671,0.5093,20,33.3333,0.492045
10,60,14,0.02,0.95,2.5,4.5,0.35,12239.57,22.3957,7.6714,15.0635,0.6671,0.5093,20,33.3333,0.492045
5,60,10,0.02,0.5,1.5,2.5,0.25,13157.5,31.575,10.5573,19.5877,0.7402,0.539,38,38.8889,0.491144
5,60,10,0.02,0.5,1.5,2.5,0.35,13157.5,31.575,10.5573,19.5877,0.7402,0.539,38,38.8889,0.491144
5,60,10,0.02,0.75,1.5,2.5,0.25,13157.5,31.575,10.5573,19.5877,0.7402,0.539,38,38.8889,0.491144
5,60,10,0.02,0.75,1.5,2.5,0.35,13157.5,31.575,10.5573,19.5877,0.7402,0.539,38,38.8889,0.491144
5,60,10,0.02,0.95,1.5,2.5,0.25,13157.5,31.575,10.5573,19.5877,0.7402,0.539,38,38.8889,0.491144
5,60,10,0.02,0.95,1.5,2.5,0.35,13157.5,31.575,10.5573,19.5877,0.7402,0.539,38,38.8889,0.491144
10,60,14,0.01,0.5,1.5,4.5,0.15,11826.93,18.2693,6.3293,12.9108,0.647,0.4902,20,33.3333,0.490524
10,60,14,0.01,0.5,1.5,4.5,0.25,11826.93,18.2693,6.3293,12.9108,0.647,0.4902,20,33.3333,0.490524
10,60,14,0.01,0.5,1.5,4.5,0.35,11826.93,18.2693,6.3293,12.9108,0.647,0.4902,20,33.3333,0.490524
10,60,14,0.01,0.75,1.5,4.5,0.15,11826.93,18.2693,6.3293,12.9108,0.647,0.4902,20,33.3333,0.490524
10,60,14,0.01,0.75,1.5,4.5,0.25,11826.93,18.2693,6.3293,12.9108,0.647,0.4902,20,33.3333,0.490524
10,60,14,0.01,0.75,1.5,4.5,0.35,11826.93,18.2693,6.3293,12.9108,0.647,0.4902,20,33.3333,0.490524
10,60,14,0.01,0.95,1.5,4.5,0.15,11826.93,18.2693,6.3293,12.9108,0.647,0.4902,20,33.3333,0.490524
10,60,14,0.01,0.95,1.5,4.5,0.25,11826.93,18.2693,6.3293,12.9108,0.647,0.4902,20,33.3333,0.490524
10,60,14,0.01,0.95,1.5,4.5,0.35,11826.93,18.2693,6.3293,12.9108,0.647,0.4902,20,33.3333,0.490524
20,60,14,0.01,0.5,3.5,2.5,0.15,10571.88,5.7188,2.0548,5.0252,0.655,0.4089,36,41.1765,0.489652
20,60,14,0.01,0.5,3.5,2.5,0.25,10571.88,5.7188,2.0548,5.0252,0.655,0.4089,36,41.1765,0.489652
20,60,14,0.01,0.5,3.5,2.5,0.35,10571.88,5.7188,2.0548,5.0252,0.655,0.4089,36,41.1765,0.489652
20,60,14,0.01,0.75,3.5,2.5,0.15,10571.88,5.7188,2.0548,5.0252,0.655,0.4089,36,41.1765,0.489652
20,60,14,0.01,0.75,3.5,2.5,0.25,10571.88,5.7188,2.0548,5.0252,0.655,0.4089,36,41.1765,0.489652
20,60,14,0.01,0.75,3.5,2.5,0.35,10571.88,5.7188,2.0548,5.0252,0.655,0.4089,36,41.1765,0.489652
20,60,14,0.01,0.95,3.5,2.5,0.15,10571.88,5.7188,2.0548,5.0252,0.655,0.4089,36,41.1765,0.489652
20,60,14,0.01,0.95,3.5,2.5,0.25,10571.88,5.7188,2.0548,5.0252,0.655,0.4089,36,41.1765,0.489652
20,60,14,0.01,0.95,3.5,2.5,0.35,10571.88,5.7188,2.0548,5.0252,0.655,0.4089,36,41.1765,0.489652
10,30,10,0.03,0.5,1.5,4.5,0.35,15832.74,58.3274,17.474,28.352,0.7837,0.6163,34,37.5,0.489553
10,30,10,0.03,0.75,1.5,4.5,0.35,15832.74,58.3274,17.474,28.352,0.7837,0.6163,34,37.5,0.489553
10,30,10,0.03,0.95,1.5,4.5,0.35,15832.74,58.3274,17.474,28.352,0.7837,0.6163,34,37.5,0.489553
20,60,10,0.03,0.5,3.5,4.5,0.25,13012.8,30.128,10.111,18.9033,0.7014,0.5349,14,33.3333,0.486119
20,60,10,0.03,0.5,3.5,4.5,0.35,13012.8,30.128,10.111,18.9033,0.7014,0.5349,14,33.3333,0.486119
20,60,10,0.03,0.75,3.5,4.5,0.25,13012.8,30.128,10.111,18.9033,0.7014,0.5349,14,33.3333,0.486119
20,60,10,0.03,0.75,3.5,4.5,0.35,13012.8,30.128,10.111,18.9033,0.7014,0.5349,14,33.3333,0.486119
20,60,10,0.03,0.95,3.5,4.5,0.25,13012.8,30.128,10.111,18.9033,0.7014,0.5349,14,33.3333,0.486119
20,60,10,0.03,0.95,3.5,4.5,0.35,13012.8,30.128,10.111,18.9033,0.7014,0.5349,14,33.3333,0.486119
5,60,20,0.01,0.5,2.5,2.5,0.15,10874.04,8.7404,3.1122,7.3697,0.683,0.4223,42,35.0,0.485194
5,60,20,0.01,0.5,2.5,2.5,0.25,10874.04,8.7404,3.1122,7.3697,0.683,0.4223,42,35.0,0.485194
5,60,20,0.01,0.5,2.5,2.5,0.35,10874.04,8.7404,3.1122,7.3697,0.683,0.4223,42,35.0,0.485194
5,60,20,0.01,0.75,2.5,2.5,0.15,10874.04,8.7404,3.1122,7.3697,0.683,0.4223,42,35.0,0.485194
5,60,20,0.01,0.75,2.5,2.5,0.25,10874.04,8.7404,3.1122,7.3697,0.683,0.4223,42,35.0,0.485194
5,60,20,0.01,0.75,2.5,2.5,0.35,10874.04,8.7404,3.1122,7.3697,0.683,0.4223,42,35.0,0.485194
5,60,20,0.01,0.95,2.5,2.5,0.15,10874.04,8.7404,3.1122,7.3697,0.683,0.4223,42,35.0,0.485194
5,60,20,0.01,0.95,2.5,2.5,0.25,10874.04,8.7404,3.1122,7.3697,0.683,0.4223,42,35.0,0.485194
5,60,20,0.01,0.95,2.5,2.5,0.35,10874.04,8.7404,3.1122,7.3697,0.683,0.4223,42,35.0,0.485194
10,60,20,0.03,0.5,1.5,4.5,0.35,16000.08,60.0008,18.7564,29.858,0.7714,0.6282,24,36.3636,0.483882
10,60,20,0.03,0.75,1.5,4.5,0.35,16000.08,60.0008,18.7564,29.858,0.7714,0.6282,24,36.3636,0.483882
10,60,20,0.03,0.95,1.5,4.5,0.35,16000.08,60.0008,18.7564,29.858,0.7714,0.6282,24,36.3636,0.483882
20,60,14,0.02,0.5,3.5,2.5,0.15,11226.74,12.2674,4.323,9.8095,0.6931,0.4407,36,41.1765,0.481232
20,60,14,0.02,0.5,3.5,2.5,0.25,11226.74,12.2674,4.323,9.8095,0.6931,0.4407,36,41.1765,0.481232
20,60,14,0.02,0.5,3.5,2.5,0.35,11226.74,12.2674,4.323,9.8095,0.6931,0.4407,36,41.1765,0.481232
20,60,14,0.02,0.75,3.5,2.5,0.15,11226.74,12.2674,4.323,9.8095,0.6931,0.4407,36,41.1765,0.481232
20,60,14,0.02,0.75,3.5,2.5,0.25,11226.74,12.2674,4.323,9.8095,0.6931,0.4407,36,41.1765,0.481232
20,60,14,0.02,0.75,3.5,2.5,0.35,11226.74,12.2674,4.323,9.8095,0.6931,0.4407,36,41.1765,0.481232
20,60,14,0.02,0.95,3.5,2.5,0.15,11226.74,12.2674,4.323,9.8095,0.6931,0.4407,36,41.1765,0.481232
20,60,14,0.02,0.95,3.5,2.5,0.25,11226.74,12.2674,4.323,9.8095,0.6931,0.4407,36,41.1765,0.481232
20,60,14,0.02,0.95,3.5,2.5,0.35,11226.74,12.2674,4.323,9.8095,0.6931,0.4407,36,41.1765,0.481232
5,60,20,0.01,0.5,3.5,3.5,0.15,10645.28,6.4528,2.3134,5.5327,0.5886,0.4181,30,42.8571,0.48054
5,60,20,0.01,0.5,3.5,3.5,0.25,10645.28,6.4528,2.3134,5.5327,0.5886,0.4181,30,42.8571,0.48054
5,60,20,0.01,0.5,3.5,3.5,0.35,10645.28,6.4528,2.3134,5.5327,0.5886,0.4181,30,42.8571,0.48054
5,60,20,0.01,0.75,3.5,3.5,0.15,10645.28,6.4528,2.3134,5.5327,0.5886,0.4181,30,42.8571,0.48054
5,60,20,0.01,0.75,3.5,3.5,0.25,10645.28,6.4528,2.3134,5.5327,0.5886,0.4181,30,42.8571,0.48054
5,60,20,0.01,0.75,3.5,3.5,0.35,10645.28,6.4528,2.3134,5.5327,0.5886,0.4181,30,42.8571,0.48054
5,60,20,0.01,0.95,3.5,3.5,0.15,10645.28,6.4528,2.3134,5.5327,0.5886,0.4181,30,42.8571,0.48054
5,60,20,0.01,0.95,3.5,3.5,0.25,10645.28,6.4528,2.3134,5.5327,0.5886,0.4181,30,42.8571,0.48054
5,60,20,0.01,0.95,3.5,3.5,0.35,10645.28,6.4528,2.3134,5.5327,0.5886,0.4181,30,42.8571,0.48054
10,120,20,0.03,0.5,1.5,2.5,0.15,12046.47,20.4647,7.7446,15.4833,0.6678,0.5002,6,66.6667,0.478911
10,120,20,0.03,0.75,1.5,2.5,0.15,12046.47,20.4647,7.7446,15.4833,0.6678,0.5002,6,66.6667,0.478911
10,120,20,0.03,0.95,1.5,2.5,0.15,12046.47,20.4647,7.7446,15.4833,0.6678,0.5002,6,66.6667,0.478911
10,30,20,0.03,0.5,1.5,4.5,0.35,15224.63,52.2463,15.8725,26.6923,0.7543,0.5946,34,37.5,0.478583
10,30,20,0.03,0.75,1.5,4.5,0.35,15224.63,52.2463,15.8725,26.6923,0.7543,0.5946,34,37.5,0.478583
10,30,20,0.03,0.95,1.5,4.5,0.35,15224.63,52.2463,15.8725,26.6923,0.7543,0.5946,34,37.5,0.478583
20,60,10,0.02,0.5,2.5,2.5,0.15,11665.16,16.6516,5.795,12.3843,0.6673,0.4679,32,46.6667,0.477547
20,60,10,0.02,0.5,2.5,2.5,0.25,11665.16,16.6516,5.795,12.3843,0.6673,0.4679,32,46.6667,0.477547
20,60,10,0.02,0.5,2.5,2.5,0.35,11665.16,16.6516,5.795,12.3843,0.6673,0.4679,32,46.6667,0.477547
20,60,10,0.02,0.75,2.5,2.5,0.15,11665.16,16.6516,5.795,12.3843,0.6673,0.4679,32,46.6667,0.477547
20,60,10,0.02,0.75,2.5,2.5,0.25,11665.16,16.6516,5.795,12.3843,0.6673,0.4679,32,46.6667,0.477547
20,60,10,0.02,0.75,2.5,2.5,0.35,11665.16,16.6516,5.795,12.3843,0.6673,0.4679,32,46.6667,0.477547
20,60,10,0.02,0.95,2.5,2.5,0.15,11665.16,16.6516,5.795,12.3843,0.6673,0.4679,32,46.6667,0.477547
20,60,10,0.02,0.95,2.5,2.5,0.25,11665.16,16.6516,5.795,12.3843,0.6673,0.4679,32,46.6667,0.477547
20,60,10,0.02,0.95,2.5,2.5,0.35,11665.16,16.6516,5.795,12.3843,0.6673,0.4679,32,46.6667,0.477547
5,60,14,0.01,0.5,3.5,2.5,0.15,10555.27,5.5527,1.9962,4.9875,0.6319,0.4002,42,35.0,0.476748
5,60,14,0.01,0.5,3.5,2.5,0.25,10555.27,5.5527,1.9962,4.9875,0.6319,0.4002,42,35.0,0.476748
5,60,14,0.01,0.5,3.5,2.5,0.35,10555.27,5.5527,1.9962,4.9875,0.6319,0.4002,42,35.0,0.476748
5,60,14,0.01,0.75,3.5,2.5,0.15,10555.27,5.5527,1.9962,4.9875,0.6319,0.4002,42,35.0,0.476748
5,60,14,0.01,0.75,3.5,2.5,0.25,10555.27,5.5527,1.9962,4.9875,0.6319,0.4002,42,35.0,0.476748
5,60,14,0.01,0.75,3.5,2.5,0.35,10555.27,5.5527,1.9962,4.9875,0.6319,0.4002,42,35.0,0.476748
5,60,14,0.01,0.95,3.5,2.5,0.15,10555.27,5.5527,1.9962,4.9875,0.6319,0.4002,42,35.0,0.476748
5,60,14,0.01,0.95,3.5,2.5,0.25,10555.27,5.5527,1.9962,4.9875,0.6319,0.4002,42,35.0,0.476748
5,60,14,0.01,0.95,3.5,2.5,0.35,10555.27,5.5527,1.9962,4.9875,0.6319,0.4002,42,35.0,0.476748
20,60,10,0.03,0.5,3.5,2.5,0.15,11793.27,17.9327,6.2185,13.1911,0.6716,0.4714,32,46.6667,0.47382
20,60,10,0.03,0.5,3.5,2.5,0.25,11793.27,17.9327,6.2185,13.1911,0.6716,0.4714,32,46.6667,0.47382
20,60,10,0.03,0.5,3.5,2.5,0.35,11793.27,17.9327,6.2185,13.1911,0.6716,0.4714,32,46.6667,0.47382
20,60,10,0.03,0.75,3.5,2.5,0.15,11793.27,17.9327,6.2185,13.1911,0.6716,0.4714,32,46.6667,0.47382
20,60,10,0.03,0.75,3.5,2.5,0.25,11793.27,17.9327,6.2185,13.1911,0.6716,0.4714,32,46.6667,0.47382
20,60,10,0.03,0.75,3.5,2.5,0.35,11793.27,17.9327,6.2185,13.1911,0.6716,0.4714,32,46.6667,0.47382
20,60,10,0.03,0.95,3.5,2.5,0.15,11793.27,17.9327,6.2185,13.1911,0.6716,0.4714,32,46.6667,0.47382
20,60,10,0.03,0.95,3.5,2.5,0.25,11793.27,17.9327,6.2185,13.1911,0.6716,0.4714,32,46.6667,0.47382
20,60,10,0.03,0.95,3.5,2.5,0.35,11793.27,17.9327,6.2185,13.1911,0.6716,0.4714,32,46.6667,0.47382
5,60,14,0.01,0.5,2.5,2.5,0.15,10795.61,7.9561,2.8395,6.8745,0.6417,0.4131,42,35.0,0.472645
5,60,14,0.01,0.5,2.5,2.5,0.25,10795.61,7.9561,2.8395,6.8745,0.6417,0.4131,42,35.0,0.472645
5,60,14,0.01,0.5,2.5,2.5,0.35,10795.61,7.9561,2.8395,6.8745,0.6417,0.4131,42,35.0,0.472645
5,60,14,0.01,0.75,2.5,2.5,0.15,10795.61,7.9561,2.8395,6.8745,0.6417,0.4131,42,35.0,0.472645
5,60,14,0.01,0.75,2.5,2.5,0.25,10795.61,7.9561,2.8395,6.8745,0.6417,0.4131,42,35.0,0.472645
5,60,14,0.01,0.75,2.5,2.5,0.35,10795.61,7.9561,2.8395,6.8745,0.6417,0.4131,42,35.0,0.472645
5,60,14,0.01,0.95,2.5,2.5,0.15,10795.61,7.9561,2.8395,6.8745,0.6417,0.4131,42,35.0,0.472645
5,60,14,0.01,0.95,2.5,2.5,0.25,10795.61,7.9561,2.8395,6.8745,0.6417,0.4131,42,35.0,0.472645
5,60,14,0.01,0.95,2.5,2.5,0.35,10795.61,7.9561,2.8395,6.8745,0.6417,0.4131,42,35.0,0.472645
5,120,20,0.03,0.5,1.5,2.5,0.15,12027.46,20.2746,7.6764,15.504,0.6567,0.4951,6,66.6667,0.471419
5,120,20,0.03,0.75,1.5,2.5,0.15,12027.46,20.2746,7.6764,15.504,0.6567,0.4951,6,66.6667,0.471419
5,120,20,0.03,0.95,1.5,2.5,0.15,12027.46,20.2746,7.6764,15.504,0.6567,0.4951,6,66.6667,0.471419
10,60,20,0.03,0.5,2.5,3.5,0.25,12841.98,28.4198,9.5801,18.3033,0.6525,0.5234,28,38.4615,0.47087
10,60,20,0.03,0.5,2.5,3.5,0.35,12841.98,28.4198,9.5801,18.3033,0.6525,0.5234,28,38.4615,0.47087
10,60,20,0.03,0.75,2.5,3.5,0.25,12841.98,28.4198,9.5801,18.3033,0.6525,0.5234,28,38.4615,0.47087
10,60,20,0.03,0.75,2.5,3.5,0.35,12841.98,28.4198,9.5801,18.3033,0.6525,0.5234,28,38.4615,0.47087
10,60,20,0.03,0.95,2.5,3.5,0.25,12841.98,28.4198,9.5801,18.3033,0.6525,0.5234,28,38.4615,0.47087
10,60,20,0.03,0.95,2.5,3.5,0.35,12841.98,28.4198,9.5801,18.3033,0.6525,0.5234,28,38.4615,0.47087
5,60,20,0.01,0.5,2.5,3.5,0.15,10899.82,8.9982,3.2015,7.5033,0.5953,0.4267,30,42.8571,0.470699
5,60,20,0.01,0.5,2.5,3.5,0.25,10899.82,8.9982,3.2015,7.5033,0.5953,0.4267,30,42.8571,0.470699
5,60,20,0.01,0.5,2.5,3.5,0.35,10899.82,8.9982,3.2015,7.5033,0.5953,0.4267,30,42.8571,0.470699
5,60,20,0.01,0.75,2.5,3.5,0.15,10899.82,8.9982,3.2015,7.5033,0.5953,0.4267,30,42.8571,0.470699
5,60,20,0.01,0.75,2.5,3.5,0.25,10899.82,8.9982,3.2015,7.5033,0.5953,0.4267,30,42.8571,0.470699
5,60,20,0.01,0.75,2.5,3.5,0.35,10899.82,8.9982,3.2015,7.5033,0.5953,0.4267,30,42.8571,0.470699
5,60,20,0.01,0.95,2.5,3.5,0.15,10899.82,8.9982,3.2015,7.5033,0.5953,0.4267,30,42.8571,0.470699
5,60,20,0.01,0.95,2.5,3.5,0.25,10899.82,8.9982,3.2015,7.5033,0.5953,0.4267,30,42.8571,0.470699
5,60,20,0.01,0.95,2.5,3.5,0.35,10899.82,8.9982,3.2015,7.5033,0.5953,0.4267,30,42.8571,0.470699
5,60,20,0.01,0.5,1.5,3.5,0.15,11565.49,15.6549,5.4635,11.7966,0.6265,0.4631,32,40.0,0.470471
5,60,20,0.01,0.5,1.5,3.5,0.25,11565.49,15.6549,5.4635,11.7966,0.6265,0.4631,32,40.0,0.470471
5,60,20,0.01,0.5,1.5,3.5,0.35,11565.49,15.6549,5.4635,11.7966,0.6265,0.4631,32,40.0,0.470471
5,60,20,0.01,0.75,1.5,3.5,0.15,11565.49,15.6549,5.4635,11.7966,0.6265,0.4631,32,40.0,0.470471
5,60,20,0.01,0.75,1.5,3.5,0.25,11565.49,15.6549,5.4635,11.7966,0.6265,0.4631,32,40.0,0.470471
5,60,20,0.01,0.75,1.5,3.5,0.35,11565.49,15.6549,5.4635,11.7966,0.6265,0.4631,32,40.0,0.470471
5,60,20,0.01,0.95,1.5,3.5,0.15,11565.49,15.6549,5.4635,11.7966,0.6265,0.4631,32,40.0,0.470471
5,60,20,0.01,0.95,1.5,3.5,0.25,11565.49,15.6549,5.4635,11.7966,0.6265,0.4631,32,40.0,0.470471
5,60,20,0.01,0.95,1.5,3.5,0.35,11565.49,15.6549,5.4635,11.7966,0.6265,0.4631,32,40.0,0.470471
5,60,10,0.02,0.5,2.5,2.5,0.15,11754.47,17.5447,6.0905,13.1583,0.6851,0.4629,36,41.1765,0.468309
5,60,10,0.02,0.5,2.5,2.5,0.25,11754.47,17.5447,6.0905,13.1583,0.6851,0.4629,36,41.1765,0.468309
5,60,10,0.02,0.5,2.5,2.5,0.35,11754.47,17.5447,6.0905,13.1583,0.6851,0.4629,36,41.1765,0.468309
5,60,10,0.02,0.75,2.5,2.5,0.15,11754.47,17.5447,6.0905,13.1583,0.6851,0.4629,36,41.1765,0.468309
5,60,10,0.02,0.75,2.5,2.5,0.25,11754.47,17.5447,6.0905,13.1583,0.6851,0.4629,36,41.1765,0.468309
5,60,10,0.02,0.75,2.5,2.5,0.35,11754.47,17.5447,6.0905,13.1583,0.6851,0.4629,36,41.1765,0.468309
5,60,10,0.02,0.95,2.5,2.5,0.15,11754.47,17.5447,6.0905,13.1583,0.6851,0.4629,36,41.1765,0.468309
5,60,10,0.02,0.95,2.5,2.5,0.25,11754.47,17.5447,6.0905,13.1583,0.6851,0.4629,36,41.1765,0.468309
5,60,10,0.02,0.95,2.5,2.5,0.35,11754.47,17.5447,6.0905,13.1583,0.6851,0.4629,36,41.1765,0.468309
20,60,14,0.01,0.5,2.5,2.5,0.15,10797.33,7.9733,2.8455,7.004,0.6541,0.4063,36,41.1765,0.467046
20,60,14,0.01,0.5,2.5,2.5,0.25,10797.33,7.9733,2.8455,7.004,0.6541,0.4063,36,41.1765,0.467046
20,60,14,0.01,0.5,2.5,2.5,0.35,10797.33,7.9733,2.8455,7.004,0.6541,0.4063,36,41.1765,0.467046
20,60,14,0.01,0.75,2.5,2.5,0.15,10797.33,7.9733,2.8455,7.004,0.6541,0.4063,36,41.1765,0.467046
20,60,14,0.01,0.75,2.5,2.5,0.25,10797.33,7.9733,2.8455,7.004,0.6541,0.4063,36,41.1765,0.467046
20,60,14,0.01,0.75,2.5,2.5,0.35,10797.33,7.9733,2.8455,7.004,0.6541,0.4063,36,41.1765,0.467046
20,60,14,0.01,0.95,2.5,2.5,0.15,10797.33,7.9733,2.8455,7.004,0.6541,0.4063,36,41.1765,0.467046
20,60,14,0.01,0.95,2.5,2.5,0.25,10797.33,7.9733,2.8455,7.004,0.6541,0.4063,36,41.1765,0.467046
20,60,14,0.01,0.95,2.5,2.5,0.35,10797.33,7.9733,2.8455,7.004,0.6541,0.4063,36,41.1765,0.467046
20,60,10,0.03,0.5,2.5,4.5,0.25,14264.55,42.6455,13.8727,24.5515,0.7374,0.565,16,28.5714,0.467003
20,60,10,0.03,0.5,2.5,4.5,0.35,14264.55,42.6455,13.8727,24.5515,0.7374,0.565,16,28.5714,0.467003
20,60,10,0.03,0.75,2.5,4.5,0.25,14264.55,42.6455,13.8727,24.5515,0.7374,0.565,16,28.5714,0.467003
20,60,10,0.03,0.75,2.5,4.5,0.35,14264.55,42.6455,13.8727,24.5515,0.7374,0.565,16,28.5714,0.467003
20,60,10,0.03,0.95,2.5,4.5,0.25,14264.55,42.6455,13.8727,24.5515,0.7374,0.565,16,28.5714,0.467003
20,60,10,0.03,0.95,2.5,4.5,0.35,14264.55,42.6455,13.8727,24.5515,0.7374,0.565,16,28.5714,0.467003
10,60,20,0.03,0.5,3.5,3.5,0.15,11951.62,19.5162,6.7379,13.9653,0.616,0.4825,28,38.4615,0.466027
10,60,20,0.03,0.5,3.5,3.5,0.25,11951.62,19.5162,6.7379,13.9653,0.616,0.4825,28,38.4615,0.466027
10,60,20,0.03,0.5,3.5,3.5,0.35,11951.62,19.5162,6.7379,13.9653,0.616,0.4825,28,38.4615,0.466027
10,60,20,0.03,0.75,3.5,3.5,0.15,11951.62,19.5162,6.7379,13.9653,0.616,0.4825,28,38.4615,0.466027
10,60,20,0.03,0.75,3.5,3.5,0.25,11951.62,19.5162,6.7379,13.9653,0.616,0.4825,28,38.4615,0.466027
10,60,20,0.03,0.75,3.5,3.5,0.35,11951.62,19.5162,6.7379,13.9653,0.616,0.4825,28,38.4615,0.466027
10,60,20,0.03,0.95,3.5,3.5,0.15,11951.62,19.5162,6.7379,13.9653,0.616,0.4825,28,38.4615,0.466027
10,60,20,0.03,0.95,3.5,3.5,0.25,11951.62,19.5162,6.7379,13.9653,0.616,0.4825,28,38.4615,0.466027
10,60,20,0.03,0.95,3.5,3.5,0.35,11951.62,19.5162,6.7379,13.9653,0.616,0.4825,28,38.4615,0.466027
10,30,14,0.02,0.5,1.5,3.5,0.25,13321.28,33.2128,10.5737,20.04,0.6922,0.5276,36,41.1765,0.465663
10,30,14,0.02,0.5,1.5,3.5,0.35,13321.28,33.2128,10.5737,20.04,0.6922,0.5276,36,41.1765,0.465663
10,30,14,0.02,0.75,1.5,3.5,0.25,13321.28,33.2128,10.5737,20.04,0.6922,0.5276,36,41.1765,0.465663
10,30,14,0.02,0.75,1.5,3.5,0.35,13321.28,33.2128,10.5737,20.04,0.6922,0.5276,36,41.1765,0.465663
10,30,14,0.02,0.95,1.5,3.5,0.25,13321.28,33.2128,10.5737,20.04,0.6922,0.5276,36,41.1765,0.465663
10,30,14,0.02,0.95,1.5,3.5,0.35,13321.28,33.2128,10.5737,20.04,0.6922,0.5276,36,41.1765,0.465663
20,60,20,0.03,0.5,3.5,4.5,0.25,13089.42,30.8942,10.3477,19.8831,0.7011,0.5204,16,28.5714,0.461824
20,60,20,0.03,0.5,3.5,4.5,0.35,13089.42,30.8942,10.3477,19.8831,0.7011,0.5204,16,28.5714,0.461824
20,60,20,0.03,0.75,3.5,4.5,0.25,13089.42,30.8942,10.3477,19.8831,0.7011,0.5204,16,28.5714,0.461824
20,60,20,0.03,0.75,3.5,4.5,0.35,13089.42,30.8942,10.3477,19.8831,0.7011,0.5204,16,28.5714,0.461824
20,60,20,0.03,0.95,3.5,4.5,0.25,13089.42,30.8942,10.3477,19.8831,0.7011,0.5204,16,28.5714,0.461824
20,60,20,0.03,0.95,3.5,4.5,0.35,13089.42,30.8942,10.3477,19.8831,0.7011,0.5204,16,28.5714,0.461824
5,60,14,0.02,0.5,3.5,2.5,0.15,11176.82,11.7682,4.1531,9.7575,0.6581,0.4256,42,35.0,0.459671
5,60,14,0.02,0.5,3.5,2.5,0.25,11176.82,11.7682,4.1531,9.7575,0.6581,0.4256,42,35.0,0.459671
5,60,14,0.02,0.5,3.5,2.5,0.35,11176.82,11.7682,4.1531,9.7575,0.6581,0.4256,42,35.0,0.459671
5,60,14,0.02,0.75,3.5,2.5,0.15,11176.82,11.7682,4.1531,9.7575,0.6581,0.4256,42,35.0,0.459671
5,60,14,0.02,0.75,3.5,2.5,0.25,11176.82,11.7682,4.1531,9.7575,0.6581,0.4256,42,35.0,0.459671
5,60,14,0.02,0.75,3.5,2.5,0.35,11176.82,11.7682,4.1531,9.7575,0.6581,0.4256,42,35.0,0.459671
5,60,14,0.02,0.95,3.5,2.5,0.15,11176.82,11.7682,4.1531,9.7575,0.6581,0.4256,42,35.0,0.459671
5,60,14,0.02,0.95,3.5,2.5,0.25,11176.82,11.7682,4.1531,9.7575,0.6581,0.4256,42,35.0,0.459671
5,60,14,0.02,0.95,3.5,2.5,0.35,11176.82,11.7682,4.1531,9.7575,0.6581,0.4256,42,35.0,0.459671
10,60,20,0.03,0.5,1.5,3.5,0.35,14882.81,48.8281,15.6536,26.7618,0.7088,0.5849,30,35.7143,0.459061
10,60,20,0.03,0.75,1.5,3.5,0.35,14882.81,48.8281,15.6536,26.7618,0.7088,0.5849,30,35.7143,0.459061
10,60,20,0.03,0.95,1.5,3.5,0.35,14882.81,48.8281,15.6536,26.7618,0.7088,0.5849,30,35.7143,0.459061
10,60,14,0.03,0.5,1.5,2.5,0.35,14652.12,46.5212,14.9947,26.2705,0.7504,0.5708,40,31.5789,0.458147
10,60,14,0.03,0.75,1.5,2.5,0.35,14652.12,46.5212,14.9947,26.2705,0.7504,0.5708,40,31.5789,0.458147
10,60,14,0.03,0.95,1.5,2.5,0.35,14652.12,46.5212,14.9947,26.2705,0.7504,0.5708,40,31.5789,0.458147
5,60,10,0.03,0.5,3.5,2.5,0.15,11867.73,18.6773,6.4633,14.0339,0.6816,0.4605,36,41.1765,0.456527
5,60,10,0.03,0.5,3.5,2.5,0.25,11867.73,18.6773,6.4633,14.0339,0.6816,0.4605,36,41.1765,0.456527
5,60,10,0.03,0.5,3.5,2.5,0.35,11867.73,18.6773,6.4633,14.0339,0.6816,0.4605,36,41.1765,0.456527
5,60,10,0.03,0.75,3.5,2.5,0.15,11867.73,18.6773,6.4633,14.0339,0.6816,0.4605,36,41.1765,0.456527
5,60,10,0.03,0.75,3.5,2.5,0.25,11867.73,18.6773,6.4633,14.0339,0.6816,0.4605,36,41.1765,0.456527
5,60,10,0.03,0.75,3.5,2.5,0.35,11867.73,18.6773,6.4633,14.0339,0.6816,0.4605,36,41.1765,0.456527
5,60,10,0.03,0.95,3.5,2.5,0.15,11867.73,18.6773,6.4633,14.0339,0.6816,0.4605,36,41.1765,0.456527
5,60,10,0.03,0.95,3.5,2.5,0.25,11867.73,18.6773,6.4633,14.0339,0.6816,0.4605,36,41.1765,0.456527
5,60,10,0.03,0.95,3.5,2.5,0.35,11867.73,18.6773,6.4633,14.0339,0.6816,0.4605,36,41.1765,0.456527
5,60,14,0.01,0.5,1.5,2.5,0.15,11356.55,13.5655,4.7626,11.0049,0.6596,0.4328,44,33.3333,0.454633
5,60,14,0.01,0.5,1.5,2.5,0.25,11356.55,13.5655,4.7626,11.0049,0.6596,0.4328,44,33.3333,0.454633
5,60,14,0.01,0.5,1.5,2.5,0.35,11356.55,13.5655,4.7626,11.0049,0.6596,0.4328,44,33.3333,0.454633
5,60,14,0.01,0.75,1.5,2.5,0.15,11356.55,13.5655,4.7626,11.0049,0.6596,0.4328,44,33.3333,0.454633
5,60,14,0.01,0.75,1.5,2.5,0.25,11356.55,13.5655,4.7626,11.0049,0.6596,0.4328,44,33.3333,0.454633
5,60,14,0.01,0.75,1.5,2.5,0.35,11356.55,13.5655,4.7626,11.0049,0.6596,0.4328,44,33.3333,0.454633
5,60,14,0.01,0.95,1.5,2.5,0.15,11356.55,13.5655,4.7626,11.0049,0.6596,0.4328,44,33.3333,0.454633
5,60,14,0.01,0.95,1.5,2.5,0.25,11356.55,13.5655,4.7626,11.0049,0.6596,0.4328,44,33.3333,0.454633
5,60,14,0.01,0.95,1.5,2.5,0.35,11356.55,13.5655,4.7626,11.0049,0.6596,0.4328,44,33.3333,0.454633
10,30,14,0.03,0.5,1.5,4.5,0.35,15742.87,57.4287,17.2399,29.1829,0.7781,0.5908,34,37.5,0.454535
10,30,14,0.03,0.75,1.5,4.5,0.35,15742.87,57.4287,17.2399,29.1829,0.7781,0.5908,34,37.5,0.454535
10,30,14,0.03,0.95,1.5,4.5,0.35,15742.87,57.4287,17.2399,29.1829,0.7781,0.5908,34,37.5,0.454535
10,60,14,0.03,0.5,2.5,4.5,0.25,13357.43,33.5743,11.1688,21.2291,0.6882,0.5261,20,33.3333,0.451446
10,60,14,0.03,0.5,2.5,4.5,0.35,13357.43,33.5743,11.1688,21.2291,0.6882,0.5261,20,33.3333,0.451446
10,60,14,0.03,0.75,2.5,4.5,0.25,13357.43,33.5743,11.1688,21.2291,0.6882,0.5261,20,33.3333,0.451446
10,60,14,0.03,0.75,2.5,4.5,0.35,13357.43,33.5743,11.1688,21.2291,0.6882,0.5261,20,33.3333,0.451446
10,60,14,0.03,0.95,2.5,4.5,0.25,13357.43,33.5743,11.1688,21.2291,0.6882,0.5261,20,33.3333,0.451446
10,60,14,0.03,0.95,2.5,4.5,0.35,13357.43,33.5743,11.1688,21.2291,0.6882,0.5261,20,33.3333,0.451446
20,60,14,0.02,0.5,2.5,2.5,0.15,11701.84,17.0184,5.9165,13.3128,0.6918,0.4444,36,41.1765,0.449664
20,60,14,0.02,0.5,2.5,2.5,0.25,11701.84,17.0184,5.9165,13.3128,0.6918,0.4444,36,41.1765,0.449664
20,60,14,0.02,0.5,2.5,2.5,0.35,11701.84,17.0184,5.9165,13.3128,0.6918,0.4444,36,41.1765,0.449664
20,60,14,0.02,0.75,2.5,2.5,0.15,11701.84,17.0184,5.9165,13.3128,0.6918,0.4444,36,41.1765,0.449664
20,60,14,0.02,0.75,2.5,2.5,0.25,11701.84,17.0184,5.9165,13.3128,0.6918,0.4444,36,41.1765,0.449664
20,60,14,0.02,0.75,2.5,2.5,0.35,11701.84,17.0184,5.9165,13.3128,0.6918,0.4444,36,41.1765,0.449664
20,60,14,0.02,0.95,2.5,2.5,0.15,11701.84,17.0184,5.9165,13.3128,0.6918,0.4444,36,41.1765,0.449664
20,60,14,0.02,0.95,2.5,2.5,0.25,11701.84,17.0184,5.9165,13.3128,0.6918,0.4444,36,41.1765,0.449664
20,60,14,0.02,0.95,2.5,2.5,0.35,11701.84,17.0184,5.9165,13.3128,0.6918,0.4444,36,41.1765,0.449664
20,120,14,0.03,0.5,1.5,3.5,0.15,11990.09,19.9009,7.5422,15.7106,0.6296,0.4801,6,66.6667,0.44889
20,120,14,0.03,0.75,1.5,3.5,0.15,11990.09,19.9009,7.5422,15.7106,0.6296,0.4801,6,66.6667,0.44889
20,120,14,0.03,0.95,1.5,3.5,0.15,11990.09,19.9009,7.5422,15.7106,0.6296,0.4801,6,66.6667,0.44889
5,60,14,0.02,0.5,2.5,2.5,0.15,11711.6,17.116,5.9488,13.4032,0.6822,0.4438,42,35.0,0.446254
5,60,14,0.02,0.5,2.5,2.5,0.25,11711.6,17.116,5.9488,13.4032,0.6822,0.4438,42,35.0,0.446254
5,60,14,0.02,0.5,2.5,2.5,0.35,11711.6,17.116,5.9488,13.4032,0.6822,0.4438,42,35.0,0.446254
5,60,14,0.02,0.75,2.5,2.5,0.15,11711.6,17.116,5.9488,13.4032,0.6822,0.4438,42,35.0,0.446254
5,60,14,0.02,0.75,2.5,2.5,0.25,11711.6,17.116,5.9488,13.4032,0.6822,0.4438,42,35.0,0.446254
5,60,14,0.02,0.75,2.5,2.5,0.35,11711.6,17.116,5.9488,13.4032,0.6822,0.4438,42,35.0,0.446254
5,60,14,0.02,0.95,2.5,2.5,0.15,11711.6,17.116,5.9488,13.4032,0.6822,0.4438,42,35.0,0.446254
5,60,14,0.02,0.95,2.5,2.5,0.25,11711.6,17.116,5.9488,13.4032,0.6822,0.4438,42,35.0,0.446254
5,60,14,0.02,0.95,2.5,2.5,0.35,11711.6,17.116,5.9488,13.4032,0.6822,0.4438,42,35.0,0.446254
10,30,10,0.03,0.5,1.5,3.5,0.35,15178.06,51.7806,15.7481,27.4282,0.7286,0.5742,36,41.1765,0.445605
10,30,10,0.03,0.75,1.5,3.5,0.35,15178.06,51.7806,15.7481,27.4282,0.7286,0.5742,36,41.1765,0.445605
10,30,10,0.03,0.95,1.5,3.5,0.35,15178.06,51.7806,15.7481,27.4282,0.7286,0.5742,36,41.1765,0.445605
20,60,10,0.02,0.5,1.5,2.5,0.25,12887.08,28.8708,9.7207,19.4628,0.7023,0.4995,32,46.6667,0.445294
20,60,10,0.02,0.5,1.5,2.5,0.35,12887.08,28.8708,9.7207,19.4628,0.7023,0.4995,32,46.6667,0.445294
20,60,10,0.02,0.75,1.5,2.5,0.25,12887.08,28.8708,9.7207,19.4628,0.7023,0.4995,32,46.6667,0.445294
20,60,10,0.02,0.75,1.5,2.5,0.35,12887.08,28.8708,9.7207,19.4628,0.7023,0.4995,32,46.6667,0.445294
20,60,10,0.02,0.95,1.5,2.5,0.25,12887.08,28.8708,9.7207,19.4628,0.7023,0.4995,32,46.6667,0.445294
20,60,10,0.02,0.95,1.5,2.5,0.35,12887.08,28.8708,9.7207,19.4628,0.7023,0.4995,32,46.6667,0.445294
10,30,20,0.03,0.5,1.5,3.5,0.25,14410.7,44.107,13.6625,24.5903,0.6775,0.5556,38,38.8889,0.445198
10,30,20,0.03,0.5,1.5,3.5,0.35,14410.7,44.107,13.6625,24.5903,0.6775,0.5556,38,38.8889,0.445198
10,30,20,0.03,0.75,1.5,3.5,0.25,14410.7,44.107,13.6625,24.5903,0.6775,0.5556,38,38.8889,0.445198
10,30,20,0.03,0.75,1.5,3.5,0.35,14410.7,44.107,13.6625,24.5903,0.6775,0.5556,38,38.8889,0.445198
10,30,20,0.03,0.95,1.5,3.5,0.25,14410.7,44.107,13.6625,24.5903,0.6775,0.5556,38,38.8889,0.445198
10,30,20,0.03,0.95,1.5,3.5,0.35,14410.7,44.107,13.6625,24.5903,0.6775,0.5556,38,38.8889,0.445198
20,60,20,0.01,0.5,2.5,2.5,0.15,10820.05,8.2005,2.9246,7.5331,0.6532,0.3882,36,41.1765,0.443538
20,60,20,0.01,0.5,2.5,2.5,0.25,10820.05,8.2005,2.9246,7.5331,0.6532,0.3882,36,41.1765,0.443538
20,60,20,0.01,0.5,2.5,2.5,0.35,10820.05,8.2005,2.9246,7.5331,0.6532,0.3882,36,41.1765,0.443538
20,60,20,0.01,0.75,2.5,2.5,0.15,10820.05,8.2005,2.9246,7.5331,0.6532,0.3882,36,41.1765,0.443538
20,60,20,0.01,0.75,2.5,2.5,0.25,10820.05,8.2005,2.9246,7.5331,0.6532,0.3882,36,41.1765,0.443538
20,60,20,0.01,0.75,2.5,2.5,0.35,10820.05,8.2005,2.9246,7.5331,0.6532,0.3882,36,41.1765,0.443538
20,60,20,0.01,0.95,2.5,2.5,0.15,10820.05,8.2005,2.9246,7.5331,0.6532,0.3882,36,41.1765,0.443538
20,60,20,0.01,0.95,2.5,2.5,0.25,10820.05,8.2005,2.9246,7.5331,0.6532,0.3882,36,41.1765,0.443538
20,60,20,0.01,0.95,2.5,2.5,0.35,10820.05,8.2005,2.9246,7.5331,0.6532,0.3882,36,41.1765,0.443538
20,60,20,0.01,0.5,3.5,2.5,0.15,10556.54,5.5654,2.0007,5.4154,0.6289,0.3694,36,41.1765,0.441061
20,60,20,0.01,0.5,3.5,2.5,0.25,10556.54,5.5654,2.0007,5.4154,0.6289,0.3694,36,41.1765,0.441061
20,60,20,0.01,0.5,3.5,2.5,0.35,10556.54,5.5654,2.0007,5.4154,0.6289,0.3694,36,41.1765,0.441061
20,60,20,0.01,0.75,3.5,2.5,0.15,10556.54,5.5654,2.0007,5.4154,0.6289,0.3694,36,41.1765,0.441061
20,60,20,0.01,0.75,3.5,2.5,0.25,10556.54,5.5654,2.0007,5.4154,0.6289,0.3694,36,41.1765,0.441061
20,60,20,0.01,0.75,3.5,2.5,0.35,10556.54,5.5654,2.0007,5.4154,0.6289,0.3694,36,41.1765,0.441061
20,60,20,0.01,0.95,3.5,2.5,0.15,10556.54,5.5654,2.0007,5.4154,0.6289,0.3694,36,41.1765,0.441061
20,60,20,0.01,0.95,3.5,2.5,0.25,10556.54,5.5654,2.0007,5.4154,0.6289,0.3694,36,41.1765,0.441061
20,60,20,0.01,0.95,3.5,2.5,0.35,10556.54,5.5654,2.0007,5.4154,0.6289,0.3694,36,41.1765,0.441061
5,60,20,0.01,0.5,3.5,4.5,0.15,10655.24,6.5524,2.3484,6.0149,0.5534,0.3904,26,41.6667,0.440961
5,60,20,0.01,0.5,3.5,4.5,0.25,10655.24,6.5524,2.3484,6.0149,0.5534,0.3904,26,41.6667,0.440961
5,60,20,0.01,0.5,3.5,4.5,0.35,10655.24,6.5524,2.3484,6.0149,0.5534,0.3904,26,41.6667,0.440961
5,60,20,0.01,0.75,3.5,4.5,0.15,10655.24,6.5524,2.3484,6.0149,0.5534,0.3904,26,41.6667,0.440961
5,60,20,0.01,0.75,3.5,4.5,0.25,10655.24,6.5524,2.3484,6.0149,0.5534,0.3904,26,41.6667,0.440961
5,60,20,0.01,0.75,3.5,4.5,0.35,10655.24,6.5524,2.3484,6.0149,0.5534,0.3904,26,41.6667,0.440961
5,60,20,0.01,0.95,3.5,4.5,0.15,10655.24,6.5524,2.3484,6.0149,0.5534,0.3904,26,41.6667,0.440961
5,60,20,0.01,0.95,3.5,4.5,0.25,10655.24,6.5524,2.3484,6.0149,0.5534,0.3904,26,41.6667,0.440961
5,60,20,0.01,0.95,3.5,4.5,0.35,10655.24,6.5524,2.3484,6.0149,0.5534,0.3904,26,41.6667,0.440961
5,60,20,0.02,0.5,3.5,2.5,0.15,11217.28,12.1728,4.2909,10.4184,0.6656,0.4119,42,35.0,0.440791
5,60,20,0.02,0.5,3.5,2.5,0.25,11217.28,12.1728,4.2909,10.4184,0.6656,0.4119,42,35.0,0.440791
5,60,20,0.02,0.5,3.5,2.5,0.35,11217.28,12.1728,4.2909,10.4184,0.6656,0.4119,42,35.0,0.440791
5,60,20,0.02,0.75,3.5,2.5,0.15,11217.28,12.1728,4.2909,10.4184,0.6656,0.4119,42,35.0,0.440791
5,60,20,0.02,0.75,3.5,2.5,0.25,11217.28,12.1728,4.2909,10.4184,0.6656,0.4119,42,35.0,0.440791
5,60,20,0.02,0.75,3.5,2.5,0.35,11217.28,12.1728,4.2909,10.4184,0.6656,0.4119,42,35.0,0.440791
5,60,20,0.02,0.95,3.5,2.5,0.15,11217.28,12.1728,4.2909,10.4184,0.6656,0.4119,42,35.0,0.440791
5,60,20,0.02,0.95,3.5,2.5,0.25,11217.28,12.1728,4.2909,10.4184,0.6656,0.4119,42,35.0,0.440791
5,60,20,0.02,0.95,3.5,2.5,0.35,11217.28,12.1728,4.2909,10.4184,0.6656,0.4119,42,35.0,0.440791
5,60,14,0.03,0.5,3.5,2.5,0.15,11831.96,18.3196,6.3458,14.2455,0.6824,0.4455,42,35.0,0.439483
5,60,14,0.03,0.5,3.5,2.5,0.25,11831.96,18.3196,6.3458,14.2455,0.6824,0.4455,42,35.0,0.439483
5,60,14,0.03,0.5,3.5,2.5,0.35,11831.96,18.3196,6.3458,14.2455,0.6824,0.4455,42,35.0,0.439483
5,60,14,0.03,0.75,3.5,2.5,0.15,11831.96,18.3196,6.3458,14.2455,0.6824,0.4455,42,35.0,0.439483
5,60,14,0.03,0.75,3.5,2.5,0.25,11831.96,18.3196,6.3458,14.2455,0.6824,0.4455,42,35.0,0.439483
5,60,14,0.03,0.75,3.5,2.5,0.35,11831.96,18.3196,6.3458,14.2455,0.6824,0.4455,42,35.0,0.439483
5,60,14,0.03,0.95,3.5,2.5,0.15,11831.96,18.3196,6.3458,14.2455,0.6824,0.4455,42,35.0,0.439483
5,60,14,0.03,0.95,3.5,2.5,0.25,11831.96,18.3196,6.3458,14.2455,0.6824,0.4455,42,35.0,0.439483
5,60,14,0.03,0.95,3.5,2.5,0.35,11831.96,18.3196,6.3458,14.2455,0.6824,0.4455,42,35.0,0.439483
20,60,14,0.03,0.5,3.5,2.5,0.15,11836.94,18.3694,6.3622,14.346,0.693,0.4435,36,41.1765,0.438626
20,60,14,0.03,0.5,3.5,2.5,0.25,11836.94,18.3694,6.3622,14.346,0.693,0.4435,36,41.1765,0.438626
20,60,14,0.03,0.5,3.5,2.5,0.35,11836.94,18.3694,6.3622,14.346,0.693,0.4435,36,41.1765,0.438626
20,60,14,0.03,0.75,3.5,2.5,0.15,11836.94,18.3694,6.3622,14.346,0.693,0.4435,36,41.1765,0.438626
20,60,14,0.03,0.75,3.5,2.5,0.25,11836.94,18.3694,6.3622,14.346,0.693,0.4435,36,41.1765,0.438626
20,60,14,0.03,0.75,3.5,2.5,0.35,11836.94,18.3694,6.3622,14.346,0.693,0.4435,36,41.1765,0.438626
20,60,14,0.03,0.95,3.5,2.5,0.15,11836.94,18.3694,6.3622,14.346,0.693,0.4435,36,41.1765,0.438626
20,60,14,0.03,0.95,3.5,2.5,0.25,11836.94,18.3694,6.3622,14.346,0.693,0.4435,36,41.1765,0.438626
20,60,14,0.03,0.95,3.5,2.5,0.35,11836.94,18.3694,6.3622,14.346,0.693,0.4435,36,41.1765,0.438626
5,60,20,0.01,0.5,2.5,4.5,0.15,10941.87,9.4187,3.3469,8.2593,0.5689,0.4052,26,41.6667,0.436425
5,60,20,0.01,0.5,2.5,4.5,0.25,10941.87,9.4187,3.3469,8.2593,0.5689,0.4052,26,41.6667,0.436425
5,60,20,0.01,0.5,2.5,4.5,0.35,10941.87,9.4187,3.3469,8.2593,0.5689,0.4052,26,41.6667,0.436425
5,60,20,0.01,0.75,2.5,4.5,0.15,10941.87,9.4187,3.3469,8.2593,0.5689,0.4052,26,41.6667,0.436425
5,60,20,0.01,0.75,2.5,4.5,0.25,10941.87,9.4187,3.3469,8.2593,0.5689,0.4052,26,41.6667,0.436425
5,60,20,0.01,0.75,2.5,4.5,0.35,10941.87,9.4187,3.3469,8.2593,0.5689,0.4052,26,41.6667,0.436425
5,60,20,0.01,0.95,2.5,4.5,0.15,10941.87,9.4187,3.3469,8.2593,0.5689,0.4052,26,41.6667,0.436425
5,60,20,0.01,0.95,2.5,4.5,0.25,10941.87,9.4187,3.3469,8.2593,0.5689,0.4052,26,41.6667,0.436425
5,60,20,0.01,0.95,2.5,4.5,0.35,10941.87,9.4187,3.3469,8.2593,0.5689,0.4052,26,41.6667,0.436425
20,60,10,0.03,0.5,2.5,2.5,0.25,12531.23,25.3123,8.6028,17.9692,0.6843,0.4788,32,46.6667,0.435916
20,60,10,0.03,0.5,2.5,2.5,0.35,12531.23,25.3123,8.6028,17.9692,0.6843,0.4788,32,46.6667,0.435916
20,60,10,0.03,0.75,2.5,2.5,0.25,12531.23,25.3123,8.6028,17.9692,0.6843,0.4788,32,46.6667,0.435916
20,60,10,0.03,0.75,2.5,2.5,0.35,12531.23,25.3123,8.6028,17.9692,0.6843,0.4788,32,46.6667,0.435916
20,60,10,0.03,0.95,2.5,2.5,0.25,12531.23,25.3123,8.6028,17.9692,0.6843,0.4788,32,46.6667,0.435916
20,60,10,0.03,0.95,2.5,2.5,0.35,12531.23,25.3123,8.6028,17.9692,0.6843,0.4788,32,46.6667,0.435916
5,60,10,0.03,0.5,1.5,2.5,0.35,14861.57,48.6157,15.5932,27.8492,0.7682,0.5599,38,38.8889,0.435055
5,60,10,0.03,0.75,1.5,2.5,0.35,14861.57,48.6157,15.5932,27.8492,0.7682,0.5599,38,38.8889,0.435055
5,60,10,0.03,0.95,1.5,2.5,0.35,14861.57,48.6157,15.5932,27.8492,0.7682,0.5599,38,38.8889,0.435055
20,60,20,0.02,0.5,3.5,2.5,0.15,11225.29,12.2529,4.3181,10.6591,0.675,0.4051,36,41.1765,0.433514
20,60,20,0.02,0.5,3.5,2.5,0.25,11225.29,12.2529,4.3181,10.6591,0.675,0.4051,36,41.1765,0.433514
20,60,20,0.02,0.5,3.5,2.5,0.35,11225.29,12.2529,4.3181,10.6591,0.675,0.4051,36,41.1765,0.433514
20,60,20,0.02,0.75,3.5,2.5,0.15,11225.29,12.2529,4.3181,10.6591,0.675,0.4051,36,41.1765,0.433514
20,60,20,0.02,0.75,3.5,2.5,0.25,11225.29,12.2529,4.3181,10.6591,0.675,0.4051,36,41.1765,0.433514
20,60,20,0.02,0.75,3.5,2.5,0.35,11225.29,12.2529,4.3181,10.6591,0.675,0.4051,36,41.1765,0.433514
20,60,20,0.02,0.95,3.5,2.5,0.15,11225.29,12.2529,4.3181,10.6591,0.675,0.4051,36,41.1765,0.433514
20,60,20,0.02,0.95,3.5,2.5,0.25,11225.29,12.2529,4.3181,10.6591,0.675,0.4051,36,41.1765,0.433514
20,60,20,0.02,0.95,3.5,2.5,0.35,11225.29,12.2529,4.3181,10.6591,0.675,0.4051,36,41.1765,0.433514
5,60,20,0.02,0.5,3.5,3.5,0.15,11275.31,12.7531,4.4879,10.6865,0.5976,0.42,30,42.8571,0.432602
5,60,20,0.02,0.5,3.5,3.5,0.25,11275.31,12.7531,4.4879,10.6865,0.5976,0.42,30,42.8571,0.432602
5,60,20,0.02,0.5,3.5,3.5,0.35,11275.31,12.7531,4.4879,10.6865,0.5976,0.42,30,42.8571,0.432602
5,60,20,0.02,0.75,3.5,3.5,0.15,11275.31,12.7531,4.4879,10.6865,0.5976,0.42,30,42.8571,0.432602
5,60,20,0.02,0.75,3.5,3.5,0.25,11275.31,12.7531,4.4879,10.6865,0.5976,0.42,30,42.8571,0.432602
5,60,20,0.02,0.75,3.5,3.5,0.35,11275.31,12.7531,4.4879,10.6865,0.5976,0.42,30,42.8571,0.432602
5,60,20,0.02,0.95,3.5,3.5,0.15,11275.31,12.7531,4.4879,10.6865,0.5976,0.42,30,42.8571,0.432602
5,60,20,0.02,0.95,3.5,3.5,0.25,11275.31,12.7531,4.4879,10.6865,0.5976,0.42,30,42.8571,0.432602
5,60,20,0.02,0.95,3.5,3.5,0.35,11275.31,12.7531,4.4879,10.6865,0.5976,0.42,30,42.8571,0.432602
10,60,14,0.02,0.5,1.5,4.5,0.25,13679.76,36.7976,12.1425,23.1221,0.6912,0.5251,20,33.3333,0.432173
10,60,14,0.02,0.5,1.5,4.5,0.35,13679.76,36.7976,12.1425,23.1221,0.6912,0.5251,20,33.3333,0.432173
10,60,14,0.02,0.75,1.5,4.5,0.25,13679.76,36.7976,12.1425,23.1221,0.6912,0.5251,20,33.3333,0.432173
10,60,14,0.02,0.75,1.5,4.5,0.35,13679.76,36.7976,12.1425,23.1221,0.6912,0.5251,20,33.3333,0.432173
10,60,14,0.02,0.95,1.5,4.5,0.25,13679.76,36.7976,12.1425,23.1221,0.6912,0.5251,20,33.3333,0.432173
10,60,14,0.02,0.95,1.5,4.5,0.35,13679.76,36.7976,12.1425,23.1221,0.6912,0.5251,20,33.3333,0.432173
20,30,10,0.03,0.5,1.5,3.5,0.15,12316.11,23.1611,7.5746,15.8671,0.5337,0.4774,12,83.3333,0.42545
20,30,10,0.03,0.75,1.5,3.5,0.15,12316.11,23.1611,7.5746,15.8671,0.5337,0.4774,12,83.3333,0.42545
20,30,10,0.03,0.95,1.5,3.5,0.15,12316.11,23.1611,7.5746,15.8671,0.5337,0.4774,12,83.3333,0.42545
10,60,10,0.01,0.5,3.5,4.5,0.15,10644.65,6.4465,2.3112,6.1005,0.5353,0.3789,18,37.5,0.424903
10,60,10,0.01,0.5,3.5,4.5,0.25,10644.65,6.4465,2.3112,6.1005,0.5353,0.3789,18,37.5,0.424903
10,60,10,0.01,0.5,3.5,4.5,0.35,10644.65,6.4465,2.3112,6.1005,0.5353,0.3789,18,37.5,0.424903
10,60,10,0.01,0.75,3.5,4.5,0.15,10644.65,6.4465,2.3112,6.1005,0.5353,0.3789,18,37.5,0.424903
10,60,10,0.01,0.75,3.5,4.5,0.25,10644.65,6.4465,2.3112,6.1005,0.5353,0.3789,18,37.5,0.424903
10,60,10,0.01,0.75,3.5,4.5,0.35,10644.65,6.4465,2.3112,6.1005,0.5353,0.3789,18,37.5,0.424903
10,60,10,0.01,0.95,3.5,4.5,0.15,10644.65,6.4465,2.3112,6.1005,0.5353,0.3789,18,37.5,0.424903
10,60,10,0.01,0.95,3.5,4.5,0.25,10644.65,6.4465,2.3112,6.1005,0.5353,0.3789,18,37.5,0.424903
10,60,10,0.01,0.95,3.5,4.5,0.35,10644.65,6.4465,2.3112,6.1005,0.5353,0.3789,18,37.5,0.424903
10,60,10,0.01,0.5,2.5,3.5,0.15,10709.79,7.0979,2.5398,6.4225,0.4606,0.3954,28,38.4615,0.423346
10,60,10,0.01,0.5,2.5,3.5,0.25,10709.79,7.0979,2.5398,6.4225,0.4606,0.3954,28,38.4615,0.423346
10,60,10,0.01,0.5,2.5,3.5,0.35,10709.79,7.0979,2.5398,6.4225,0.4606,0.3954,28,38.4615,0.423346
10,60,10,0.01,0.75,2.5,3.5,0.15,10709.79,7.0979,2.5398,6.4225,0.4606,0.3954,28,38.4615,0.423346
10,60,10,0.01,0.75,2.5,3.5,0.25,10709.79,7.0979,2.5398,6.4225,0.4606,0.3954,28,38.4615,0.423346
10,60,10,0.01,0.75,2.5,3.5,0.35,10709.79,7.0979,2.5398,6.4225,0.4606,0.3954,28,38.4615,0.423346
10,60,10,0.01,0.95,2.5,3.5,0.15,10709.79,7.0979,2.5398,6.4225,0.4606,0.3954,28,38.4615,0.423346
10,60,10,0.01,0.95,2.5,3.5,0.25,10709.79,7.0979,2.5398,6.4225,0.4606,0.3954,28,38.4615,0.423346
10,60,10,0.01,0.95,2.5,3.5,0.35,10709.79,7.0979,2.5398,6.4225,0.4606,0.3954,28,38.4615,0.423346
10,30,10,0.03,0.5,1.5,4.5,0.15,12231.01,22.3101,7.3135,15.44,0.5161,0.4737,12,50.0,0.422484
10,30,10,0.03,0.75,1.5,4.5,0.15,12231.01,22.3101,7.3135,15.44,0.5161,0.4737,12,50.0,0.422484
10,30,10,0.03,0.95,1.5,4.5,0.15,12231.01,22.3101,7.3135,15.44,0.5161,0.4737,12,50.0,0.422484
5,60,20,0.02,0.5,2.5,2.5,0.15,11755.19,17.5519,6.0929,14.2816,0.6842,0.4266,42,35.0,0.420644
5,60,20,0.02,0.5,2.5,2.5,0.25,11755.19,17.5519,6.0929,14.2816,0.6842,0.4266,42,35.0,0.420644
5,60,20,0.02,0.5,2.5,2.5,0.35,11755.19,17.5519,6.0929,14.2816,0.6842,0.4266,42,35.0,0.420644
5,60,20,0.02,0.75,2.5,2.5,0.15,11755.19,17.5519,6.0929,14.2816,0.6842,0.4266,42,35.0,0.420644
5,60,20,0.02,0.75,2.5,2.5,0.25,11755.19,17.5519,6.0929,14.2816,0.6842,0.4266,42,35.0,0.420644
5,60,20,0.02,0.75,2.5,2.5,0.35,11755.19,17.5519,6.0929,14.2816,0.6842,0.4266,42,35.0,0.420644
5,60,20,0.02,0.95,2.5,2.5,0.15,11755.19,17.5519,6.0929,14.2816,0.6842,0.4266,42,35.0,0.420644
5,60,20,0.02,0.95,2.5,2.5,0.25,11755.19,17.5519,6.0929,14.2816,0.6842,0.4266,42,35.0,0.420644
5,60,20,0.02,0.95,2.5,2.5,0.35,11755.19,17.5519,6.0929,14.2816,0.6842,0.4266,42,35.0,0.420644
10,60,20,0.02,0.5,1.5,2.5,0.25,12972.59,29.7259,9.9865,20.5919,0.7035,0.485,42,30.0,0.419744
10,60,20,0.02,0.5,1.5,2.5,0.35,12972.59,29.7259,9.9865,20.5919,0.7035,0.485,42,30.0,0.419744
10,60,20,0.02,0.75,1.5,2.5,0.25,12972.59,29.7259,9.9865,20.5919,0.7035,0.485,42,30.0,0.419744
10,60,20,0.02,0.75,1.5,2.5,0.35,12972.59,29.7259,9.9865,20.5919,0.7035,0.485,42,30.0,0.419744
10,60,20,0.02,0.95,1.5,2.5,0.25,12972.59,29.7259,9.9865,20.5919,0.7035,0.485,42,30.0,0.419744
10,60,20,0.02,0.95,1.5,2.5,0.35,12972.59,29.7259,9.9865,20.5919,0.7035,0.485,42,30.0,0.419744
5,30,20,0.03,0.5,1.5,2.5,0.15,12487.01,24.8701,8.0955,17.2015,0.5958,0.4706,30,46.6667,0.417779
5,30,20,0.03,0.75,1.5,2.5,0.15,12487.01,24.8701,8.0955,17.2015,0.5958,0.4706,30,46.6667,0.417779
5,30,20,0.03,0.95,1.5,2.5,0.15,12487.01,24.8701,8.0955,17.2015,0.5958,0.4706,30,46.6667,0.417779
20,120,10,0.03,0.5,1.5,3.5,0.15,11856.82,18.5682,7.0617,15.6138,0.608,0.4523,6,66.6667,0.417736
20,120,10,0.03,0.75,1.5,3.5,0.15,11856.82,18.5682,7.0617,15.6138,0.608,0.4523,6,66.6667,0.417736
20,120,10,0.03,0.95,1.5,3.5,0.15,11856.82,18.5682,7.0617,15.6138,0.608,0.4523,6,66.6667,0.417736
5,60,20,0.02,0.5,2.5,3.5,0.15,11855.6,18.556,6.4235,14.6312,0.6246,0.439,30,42.8571,0.417639
5,60,20,0.02,0.5,2.5,3.5,0.25,11855.6,18.556,6.4235,14.6312,0.6246,0.439,30,42.8571,0.417639
5,60,20,0.02,0.5,2.5,3.5,0.35,11855.6,18.556,6.4235,14.6312,0.6246,0.439,30,42.8571,0.417639
5,60,20,0.02,0.75,2.5,3.5,0.15,11855.6,18.556,6.4235,14.6312,0.6246,0.439,30,42.8571,0.417639
5,60,20,0.02,0.75,2.5,3.5,0.25,11855.6,18.556,6.4235,14.6312,0.6246,0.439,30,42.8571,0.417639
5,60,20,0.02,0.75,2.5,3.5,0.35,11855.6,18.556,6.4235,14.6312,0.6246,0.439,30,42.8571,0.417639
5,60,20,0.02,0.95,2.5,3.5,0.15,11855.6,18.556,6.4235,14.6312,0.6246,0.439,30,42.8571,0.417639
5,60,20,0.02,0.95,2.5,3.5,0.25,11855.6,18.556,6.4235,14.6312,0.6246,0.439,30,42.8571,0.417639
5,60,20,0.02,0.95,2.5,3.5,0.35,11855.6,18.556,6.4235,14.6312,0.6246,0.439,30,42.8571,0.417639
10,60,14,0.01,0.5,2.5,3.5,0.15,10733.21,7.3321,2.6217,6.7347,0.4785,0.3893,28,38.4615,0.417631
10,60,14,0.01,0.5,2.5,3.5,0.25,10733.21,7.3321,2.6217,6.7347,0.4785,0.3893,28,38.4615,0.417631
10,60,14,0.01,0.5,2.5,3.5,0.35,10733.21,7.3321,2.6217,6.7347,0.4785,0.3893,28,38.4615,0.417631
10,60,14,0.01,0.75,2.5,3.5,0.15,10733.21,7.3321,2.6217,6.7347,0.4785,0.3893,28,38.4615,0.417631
10,60,14,0.01,0.75,2.5,3.5,0.25,10733.21,7.3321,2.6217,6.7347,0.4785,0.3893,28,38.4615,0.417631
10,60,14,0.01,0.75,2.5,3.5,0.35,10733.21,7.3321,2.6217,6.7347,0.4785,0.3893,28,38.4615,0.417631
10,60,14,0.01,0.95,2.5,3.5,0.15,10733.21,7.3321,2.6217,6.7347,0.4785,0.3893,28,38.4615,0.417631
10,60,14,0.01,0.95,2.5,3.5,0.25,10733.21,7.3321,2.6217,6.7347,0.4785,0.3893,28,38.4615,0.417631
10,60,14,0.01,0.95,2.5,3.5,0.35,10733.21,7.3321,2.6217,6.7347,0.4785,0.3893,28,38.4615,0.417631
5,60,10,0.03,0.5,2.5,2.5,0.25,12633.07,26.3307,8.9248,19.1082,0.6947,0.4671,36,41.1765,0.414919
5,60,10,0.03,0.5,2.5,2.5,0.35,12633.07,26.3307,8.9248,19.1082,0.6947,0.4671,36,41.1765,0.414919
5,60,10,0.03,0.75,2.5,2.5,0.25,12633.07,26.3307,8.9248,19.1082,0.6947,0.4671,36,41.1765,0.414919
5,60,10,0.03,0.75,2.5,2.5,0.35,12633.07,26.3307,8.9248,19.1082,0.6947,0.4671,36,41.1765,0.414919
5,60,10,0.03,0.95,2.5,2.5,0.25,12633.07,26.3307,8.9248,19.1082,0.6947,0.4671,36,41.1765,0.414919
5,60,10,0.03,0.95,2.5,2.5,0.35,12633.07,26.3307,8.9248,19.1082,0.6947,0.4671,36,41.1765,0.414919
20,60,20,0.01,0.5,1.5,3.5,0.15,11355.27,13.5527,4.7583,11.4607,0.5717,0.4152,28,53.8462,0.414918
20,60,20,0.01,0.5,1.5,3.5,0.25,11355.27,13.5527,4.7583,11.4607,0.5717,0.4152,28,53.8462,0.414918
20,60,20,0.01,0.5,1.5,3.5,0.35,11355.27,13.5527,4.7583,11.4607,0.5717,0.4152,28,53.8462,0.414918
20,60,20,0.01,0.75,1.5,3.5,0.15,11355.27,13.5527,4.7583,11.4607,0.5717,0.4152,28,53.8462,0.414918
20,60,20,0.01,0.75,1.5,3.5,0.25,11355.27,13.5527,4.7583,11.4607,0.5717,0.4152,28,53.8462,0.414918
20,60,20,0.01,0.75,1.5,3.5,0.35,11355.27,13.5527,4.7583,11.4607,0.5717,0.4152,28,53.8462,0.414918
20,60,20,0.01,0.95,1.5,3.5,0.15,11355.27,13.5527,4.7583,11.4607,0.5717,0.4152,28,53.8462,0.414918
20,60,20,0.01,0.95,1.5,3.5,0.25,11355.27,13.5527,4.7583,11.4607,0.5717,0.4152,28,53.8462,0.414918
20,60,20,0.01,0.95,1.5,3.5,0.35,11355.27,13.5527,4.7583,11.4607,0.5717,0.4152,28,53.8462,0.414918
20,60,10,0.02,0.5,1.5,4.5,0.35,14617.14,46.1714,14.8942,27.4845,0.7344,0.5419,16,28.5714,0.413943
20,60,10,0.02,0.75,1.5,4.5,0.35,14617.14,46.1714,14.8942,27.4845,0.7344,0.5419,16,28.5714,0.413943
20,60,10,0.02,0.95,1.5,4.5,0.35,14617.14,46.1714,14.8942,27.4845,0.7344,0.5419,16,28.5714,0.413943
20,120,20,0.03,0.5,1.5,3.5,0.15,11832.7,18.327,6.9744,15.6493,0.6172,0.4457,8,50.0,0.412612
20,120,20,0.03,0.75,1.5,3.5,0.15,11832.7,18.327,6.9744,15.6493,0.6172,0.4457,8,50.0,0.412612
20,120,20,0.03,0.95,1.5,3.5,0.15,11832.7,18.327,6.9744,15.6493,0.6172,0.4457,8,50.0,0.412612
20,60,14,0.01,0.5,1.5,2.5,0.15,11261.69,12.6169,4.4417,11.1617,0.63,0.3979,38,38.8889,0.412322
20,60,14,0.01,0.5,1.5,2.5,0.25,11261.69,12.6169,4.4417,11.1617,0.63,0.3979,38,38.8889,0.412322
20,60,14,0.01,0.5,1.5,2.5,0.35,11261.69,12.6169,4.4417,11.1617,0.63,0.3979,38,38.8889,0.412322
20,60,14,0.01,0.75,1.5,2.5,0.15,11261.69,12.6169,4.4417,11.1617,0.63,0.3979,38,38.8889,0.412322
20,60,14,0.01,0.75,1.5,2.5,0.25,11261.69,12.6169,4.4417,11.1617,0.63,0.3979,38,38.8889,0.412322
20,60,14,0.01,0.75,1.5,2.5,0.35,11261.69,12.6169,4.4417,11.1617,0.63,0.3979,38,38.8889,0.412322
20,60,14,0.01,0.95,1.5,2.5,0.15,11261.69,12.6169,4.4417,11.1617,0.63,0.3979,38,38.8889,0.412322
20,60,14,0.01,0.95,1.5,2.5,0.25,11261.69,12.6169,4.4417,11.1617,0.63,0.3979,38,38.8889,0.412322
20,60,14,0.01,0.95,1.5,2.5,0.35,11261.69,12.6169,4.4417,11.1617,0.63,0.3979,38,38.8889,0.412322
10,60,10,0.01,0.5,3.5,3.5,0.15,10483.91,4.8391,1.7434,4.7226,0.4415,0.3692,28,38.4615,0.410246
10,60,10,0.01,0.5,3.5,3.5,0.25,10483.91,4.8391,1.7434,4.7226,0.4415,0.3692,28,38.4615,0.410246
10,60,10,0.01,0.5,3.5,3.5,0.35,10483.91,4.8391,1.7434,4.7226,0.4415,0.3692,28,38.4615,0.410246
10,60,10,0.01,0.75,3.5,3.5,0.15,10483.91,4.8391,1.7434,4.7226,0.4415,0.3692,28,38.4615,0.410246
10,60,10,0.01,0.75,3.5,3.5,0.25,10483.91,4.8391,1.7434,4.7226,0.4415,0.3692,28,38.4615,0.410246
10,60,10,0.01,0.75,3.5,3.5,0.35,10483.91,4.8391,1.7434,4.7226,0.4415,0.3692,28,38.4615,0.410246
10,60,10,0.01,0.95,3.5,3.5,0.15,10483.91,4.8391,1.7434,4.7226,0.4415,0.3692,28,38.4615,0.410246
10,60,10,0.01,0.95,3.5,3.5,0.25,10483.91,4.8391,1.7434,4.7226,0.4415,0.3692,28,38.4615,0.410246
10,60,10,0.01,0.95,3.5,3.5,0.35,10483.91,4.8391,1.7434,4.7226,0.4415,0.3692,28,38.4615,0.410246
5,60,14,0.03,0.5,2.5,2.5,0.25,12608.82,26.0882,8.8482,19.2268,0.6969,0.4602,42,35.0,0.407325
5,60,14,0.03,0.5,2.5,2.5,0.35,12608.82,26.0882,8.8482,19.2268,0.6969,0.4602,42,35.0,0.407325
5,60,14,0.03,0.75,2.5,2.5,0.25,12608.82,26.0882,8.8482,19.2268,0.6969,0.4602,42,35.0,0.407325
5,60,14,0.03,0.75,2.5,2.5,0.35,12608.82,26.0882,8.8482,19.2268,0.6969,0.4602,42,35.0,0.407325
5,60,14,0.03,0.95,2.5,2.5,0.25,12608.82,26.0882,8.8482,19.2268,0.6969,0.4602,42,35.0,0.407325
5,60,14,0.03,0.95,2.5,2.5,0.35,12608.82,26.0882,8.8482,19.2268,0.6969,0.4602,42,35.0,0.407325
5,60,20,0.03,0.5,3.5,3.5,0.25,11969.66,19.6966,6.7968,15.5255,0.6236,0.4378,30,42.8571,0.407241
5,60,20,0.03,0.5,3.5,3.5,0.35,11969.66,19.6966,6.7968,15.5255,0.6236,0.4378,30,42.8571,0.407241
5,60,20,0.03,0.75,3.5,3.5,0.25,11969.66,19.6966,6.7968,15.5255,0.6236,0.4378,30,42.8571,0.407241
5,60,20,0.03,0.75,3.5,3.5,0.35,11969.66,19.6966,6.7968,15.5255,0.6236,0.4378,30,42.8571,0.407241
5,60,20,0.03,0.95,3.5,3.5,0.25,11969.66,19.6966,6.7968,15.5255,0.6236,0.4378,30,42.8571,0.407241
5,60,20,0.03,0.95,3.5,3.5,0.35,11969.66,19.6966,6.7968,15.5255,0.6236,0.4378,30,42.8571,0.407241
10,30,14,0.03,0.5,1.5,3.5,0.35,15081.48,50.8148,15.4894,28.3567,0.7216,0.5462,36,41.1765,0.406987
10,30,14,0.03,0.75,1.5,3.5,0.35,15081.48,50.8148,15.4894,28.3567,0.7216,0.5462,36,41.1765,0.406987
10,30,14,0.03,0.95,1.5,3.5,0.35,15081.48,50.8148,15.4894,28.3567,0.7216,0.5462,36,41.1765,0.406987
5,60,20,0.03,0.5,3.5,2.5,0.25,11870.62,18.7062,6.4727,15.3024,0.683,0.423,42,35.0,0.406562
5,60,20,0.03,0.5,3.5,2.5,0.35,11870.62,18.7062,6.4727,15.3024,0.683,0.423,42,35.0,0.406562
5,60,20,0.03,0.75,3.5,2.5,0.25,11870.62,18.7062,6.4727,15.3024,0.683,0.423,42,35.0,0.406562
5,60,20,0.03,0.75,3.5,2.5,0.35,11870.62,18.7062,6.4727,15.3024,0.683,0.423,42,35.0,0.406562
5,60,20,0.03,0.95,3.5,2.5,0.25,11870.62,18.7062,6.4727,15.3024,0.683,0.423,42,35.0,0.406562
5,60,20,0.03,0.95,3.5,2.5,0.35,11870.62,18.7062,6.4727,15.3024,0.683,0.423,42,35.0,0.406562
20,60,14,0.03,0.5,2.5,2.5,0.25,12591.94,25.9194,8.7949,19.2535,0.7059,0.4568,36,41.1765,0.40544
20,60,14,0.03,0.5,2.5,2.5,0.35,12591.94,25.9194,8.7949,19.2535,0.7059,0.4568,36,41.1765,0.40544
20,60,14,0.03,0.75,2.5,2.5,0.25,12591.94,25.9194,8.7949,19.2535,0.7059,0.4568,36,41.1765,0.40544
20,60,14,0.03,0.75,2.5,2.5,0.35,12591.94,25.9194,8.7949,19.2535,0.7059,0.4568,36,41.1765,0.40544
20,60,14,0.03,0.95,2.5,2.5,0.25,12591.94,25.9194,8.7949,19.2535,0.7059,0.4568,36,41.1765,0.40544
20,60,14,0.03,0.95,2.5,2.5,0.35,12591.94,25.9194,8.7949,19.2535,0.7059,0.4568,36,41.1765,0.40544
10,60,10,0.02,0.5,3.5,4.5,0.15,11372.58,13.7258,4.8167,11.7846,0.5724,0.4087,18,37.5,0.405359
10,60,10,0.02,0.5,3.5,4.5,0.25,11372.58,13.7258,4.8167,11.7846,0.5724,0.4087,18,37.5,0.405359
10,60,10,0.02,0.5,3.5,4.5,0.35,11372.58,13.7258,4.8167,11.7846,0.5724,0.4087,18,37.5,0.405359
10,60,10,0.02,0.75,3.5,4.5,0.15,11372.58,13.7258,4.8167,11.7846,0.5724,0.4087,18,37.5,0.405359
10,60,10,0.02,0.75,3.5,4.5,0.25,11372.58,13.7258,4.8167,11.7846,0.5724,0.4087,18,37.5,0.405359
10,60,10,0.02,0.75,3.5,4.5,0.35,11372.58,13.7258,4.8167,11.7846,0.5724,0.4087,18,37.5,0.405359
10,60,10,0.02,0.95,3.5,4.5,0.15,11372.58,13.7258,4.8167,11.7846,0.5724,0.4087,18,37.5,0.405359
10,60,10,0.02,0.95,3.5,4.5,0.25,11372.58,13.7258,4.8167,11.7846,0.5724,0.4087,18,37.5,0.405359
10,60,10,0.02,0.95,3.5,4.5,0.35,11372.58,13.7258,4.8167,11.7846,0.5724,0.4087,18,37.5,0.405359
10,60,10,0.01,0.5,2.5,4.5,0.15,10912.95,9.1295,3.247,8.4767,0.5352,0.383,20,33.3333,0.405317
10,60,10,0.01,0.5,2.5,4.5,0.25,10912.95,9.1295,3.247,8.4767,0.5352,0.383,20,33.3333,0.405317
10,60,10,0.01,0.5,2.5,4.5,0.35,10912.95,9.1295,3.247,8.4767,0.5352,0.383,20,33.3333,0.405317
10,60,10,0.01,0.75,2.5,4.5,0.15,10912.95,9.1295,3.247,8.4767,0.5352,0.383,20,33.3333,0.405317
10,60,10,0.01,0.75,2.5,4.5,0.25,10912.95,9.1295,3.247,8.4767,0.5352,0.383,20,33.3333,0.405317
10,60,10,0.01,0.75,2.5,4.5,0.35,10912.95,9.1295,3.247,8.4767,0.5352,0.383,20,33.3333,0.405317
10,60,10,0.01,0.95,2.5,4.5,0.15,10912.95,9.1295,3.247,8.4767,0.5352,0.383,20,33.3333,0.405317
10,60,10,0.01,0.95,2.5,4.5,0.25,10912.95,9.1295,3.247,8.4767,0.5352,0.383,20,33.3333,0.405317
10,60,10,0.01,0.95,2.5,4.5,0.35,10912.95,9.1295,3.247,8.4767,0.5352,0.383,20,33.3333,0.405317
10,60,14,0.01,0.5,1.5,3.5,0.15,11262.45,12.6245,4.4443,10.8774,0.5111,0.4086,28,38.4615,0.402022
10,60,14,0.01,0.5,1.5,3.5,0.25,11262.45,12.6245,4.4443,10.8774,0.5111,0.4086,28,38.4615,0.402022
10,60,14,0.01,0.5,1.5,3.5,0.35,11262.45,12.6245,4.4443,10.8774,0.5111,0.4086,28,38.4615,0.402022
10,60,14,0.01,0.75,1.5,3.5,0.15,11262.45,12.6245,4.4443,10.8774,0.5111,0.4086,28,38.4615,0.402022
10,60,14,0.01,0.75,1.5,3.5,0.25,11262.45,12.6245,4.4443,10.8774,0.5111,0.4086,28,38.4615,0.402022
10,60,14,0.01,0.75,1.5,3.5,0.35,11262.45,12.6245,4.4443,10.8774,0.5111,0.4086,28,38.4615,0.402022
10,60,14,0.01,0.95,1.5,3.5,0.15,11262.45,12.6245,4.4443,10.8774,0.5111,0.4086,28,38.4615,0.402022
10,60,14,0.01,0.95,1.5,3.5,0.25,11262.45,12.6245,4.4443,10.8774,0.5111,0.4086,28,38.4615,0.402022
10,60,14,0.01,0.95,1.5,3.5,0.35,11262.45,12.6245,4.4443,10.8774,0.5111,0.4086,28,38.4615,0.402022
20,60,20,0.01,0.5,2.5,3.5,0.15,10747.02,7.4702,2.67,7.2335,0.5193,0.3691,26,58.3333,0.400647
20,60,20,0.01,0.5,2.5,3.5,0.25,10747.02,7.4702,2.67,7.2335,0.5193,0.3691,26,58.3333,0.400647
20,60,20,0.01,0.5,2.5,3.5,0.35,10747.02,7.4702,2.67,7.2335,0.5193,0.3691,26,58.3333,0.400647
20,60,20,0.01,0.75,2.5,3.5,0.15,10747.02,7.4702,2.67,7.2335,0.5193,0.3691,26,58.3333,0.400647
20,60,20,0.01,0.75,2.5,3.5,0.25,10747.02,7.4702,2.67,7.2335,0.5193,0.3691,26,58.3333,0.400647
20,60,20,0.01,0.75,2.5,3.5,0.35,10747.02,7.4702,2.67,7.2335,0.5193,0.3691,26,58.3333,0.400647
20,60,20,0.01,0.95,2.5,3.5,0.15,10747.02,7.4702,2.67,7.2335,0.5193,0.3691,26,58.3333,0.400647
20,60,20,0.01,0.95,2.5,3.5,0.25,10747.02,7.4702,2.67,7.2335,0.5193,0.3691,26,58.3333,0.400647
20,60,20,0.01,0.95,2.5,3.5,0.35,10747.02,7.4702,2.67,7.2335,0.5193,0.3691,26,58.3333,0.400647
5,60,20,0.02,0.5,1.5,3.5,0.25,13156.08,31.5608,10.5529,21.7892,0.6667,0.4843,32,40.0,0.399763
5,60,20,0.02,0.5,1.5,3.5,0.35,13156.08,31.5608,10.5529,21.7892,0.6667,0.4843,32,40.0,0.399763
5,60,20,0.02,0.75,1.5,3.5,0.25,13156.08,31.5608,10.5529,21.7892,0.6667,0.4843,32,40.0,0.399763
5,60,20,0.02,0.75,1.5,3.5,0.35,13156.08,31.5608,10.5529,21.7892,0.6667,0.4843,32,40.0,0.399763
5,60,20,0.02,0.95,1.5,3.5,0.25,13156.08,31.5608,10.5529,21.7892,0.6667,0.4843,32,40.0,0.399763
5,60,20,0.02,0.95,1.5,3.5,0.35,13156.08,31.5608,10.5529,21.7892,0.6667,0.4843,32,40.0,0.399763
5,60,20,0.02,0.5,3.5,4.5,0.15,11307.71,13.0771,4.5976,11.4713,0.5675,0.4008,26,41.6667,0.399585
5,60,20,0.02,0.5,3.5,4.5,0.25,11307.71,13.0771,4.5976,11.4713,0.5675,0.4008,26,41.6667,0.399585
5,60,20,0.02,0.5,3.5,4.5,0.35,11307.71,13.0771,4.5976,11.4713,0.5675,0.4008,26,41.6667,0.399585
5,60,20,0.02,0.75,3.5,4.5,0.15,11307.71,13.0771,4.5976,11.4713,0.5675,0.4008,26,41.6667,0.399585
5,60,20,0.02,0.75,3.5,4.5,0.25,11307.71,13.0771,4.5976,11.4713,0.5675,0.4008,26,41.6667,0.399585
5,60,20,0.02,0.75,3.5,4.5,0.35,11307.71,13.0771,4.5976,11.4713,0.5675,0.4008,26,41.6667,0.399585
5,60,20,0.02,0.95,3.5,4.5,0.15,11307.71,13.0771,4.5976,11.4713,0.5675,0.4008,26,41.6667,0.399585
5,60,20,0.02,0.95,3.5,4.5,0.25,11307.71,13.0771,4.5976,11.4713,0.5675,0.4008,26,41.6667,0.399585
5,60,20,0.02,0.95,3.5,4.5,0.35,11307.71,13.0771,4.5976,11.4713,0.5675,0.4008,26,41.6667,0.399585
10,60,14,0.01,0.5,3.5,3.5,0.15,10497.91,4.9791,1.7931,5.0058,0.4556,0.3582,28,38.4615,0.399258
10,60,14,0.01,0.5,3.5,3.5,0.25,10497.91,4.9791,1.7931,5.0058,0.4556,0.3582,28,38.4615,0.399258
10,60,14,0.01,0.5,3.5,3.5,0.35,10497.91,4.9791,1.7931,5.0058,0.4556,0.3582,28,38.4615,0.399258
10,60,14,0.01,0.75,3.5,3.5,0.15,10497.91,4.9791,1.7931,5.0058,0.4556,0.3582,28,38.4615,0.399258
10,60,14,0.01,0.75,3.5,3.5,0.25,10497.91,4.9791,1.7931,5.0058,0.4556,0.3582,28,38.4615,0.399258
10,60,14,0.01,0.75,3.5,3.5,0.35,10497.91,4.9791,1.7931,5.0058,0.4556,0.3582,28,38.4615,0.399258
10,60,14,0.01,0.95,3.5,3.5,0.15,10497.91,4.9791,1.7931,5.0058,0.4556,0.3582,28,38.4615,0.399258
10,60,14,0.01,0.95,3.5,3.5,0.25,10497.91,4.9791,1.7931,5.0058,0.4556,0.3582,28,38.4615,0.399258
10,60,14,0.01,0.95,3.5,3.5,0.35,10497.91,4.9791,1.7931,5.0058,0.4556,0.3582,28,38.4615,0.399258
10,60,14,0.03,0.5,1.5,4.5,0.35,15665.8,56.658,17.8429,31.5218,0.7363,0.566,20,33.3333,0.398084
10,60,14,0.03,0.75,1.5,4.5,0.35,15665.8,56.658,17.8429,31.5218,0.7363,0.566,20,33.3333,0.398084
10,60,14,0.03,0.95,1.5,4.5,0.35,15665.8,56.658,17.8429,31.5218,0.7363,0.566,20,33.3333,0.398084
5,60,14,0.02,0.5,3.5,4.5,0.15,11337.84,13.3784,4.6994,11.7174,0.5666,0.4011,24,45.4545,0.397212
5,60,14,0.02,0.5,3.5,4.5,0.25,11337.84,13.3784,4.6994,11.7174,0.5666,0.4011,24,45.4545,0.397212
5,60,14,0.02,0.5,3.5,4.5,0.35,11337.84,13.3784,4.6994,11.7174,0.5666,0.4011,24,45.4545,0.397212
5,60,14,0.02,0.75,3.5,4.5,0.15,11337.84,13.3784,4.6994,11.7174,0.5666,0.4011,24,45.4545,0.397212
5,60,14,0.02,0.75,3.5,4.5,0.25,11337.84,13.3784,4.6994,11.7174,0.5666,0.4011,24,45.4545,0.397212
5,60,14,0.02,0.75,3.5,4.5,0.35,11337.84,13.3784,4.6994,11.7174,0.5666,0.4011,24,45.4545,0.397212
5,60,14,0.02,0.95,3.5,4.5,0.15,11337.84,13.3784,4.6994,11.7174,0.5666,0.4011,24,45.4545,0.397212
5,60,14,0.02,0.95,3.5,4.5,0.25,11337.84,13.3784,4.6994,11.7174,0.5666,0.4011,24,45.4545,0.397212
5,60,14,0.02,0.95,3.5,4.5,0.35,11337.84,13.3784,4.6994,11.7174,0.5666,0.4011,24,45.4545,0.397212
5,60,14,0.01,0.5,3.5,4.5,0.15,10605.5,6.055,2.1734,6.1048,0.5111,0.356,24,45.4545,0.39719
5,60,14,0.01,0.5,3.5,4.5,0.25,10605.5,6.055,2.1734,6.1048,0.5111,0.356,24,45.4545,0.39719
5,60,14,0.01,0.5,3.5,4.5,0.35,10605.5,6.055,2.1734,6.1048,0.5111,0.356,24,45.4545,0.39719
5,60,14,0.01,0.75,3.5,4.5,0.15,10605.5,6.055,2.1734,6.1048,0.5111,0.356,24,45.4545,0.39719
5,60,14,0.01,0.75,3.5,4.5,0.25,10605.5,6.055,2.1734,6.1048,0.5111,0.356,24,45.4545,0.39719
5,60,14,0.01,0.75,3.5,4.5,0.35,10605.5,6.055,2.1734,6.1048,0.5111,0.356,24,45.4545,0.39719
5,60,14,0.01,0.95,3.5,4.5,0.15,10605.5,6.055,2.1734,6.1048,0.5111,0.356,24,45.4545,0.39719
5,60,14,0.01,0.95,3.5,4.5,0.25,10605.5,6.055,2.1734,6.1048,0.5111,0.356,24,45.4545,0.39719
5,60,14,0.01,0.95,3.5,4.5,0.35,10605.5,6.055,2.1734,6.1048,0.5111,0.356,24,45.4545,0.39719
10,60,14,0.03,0.5,1.5,4.5,0.15,12099.39,20.9939,7.2187,16.0688,0.5424,0.4492,4,50.0,0.397034
10,60,14,0.03,0.75,1.5,4.5,0.15,12099.39,20.9939,7.2187,16.0688,0.5424,0.4492,4,50.0,0.397034
10,60,14,0.03,0.95,1.5,4.5,0.15,12099.39,20.9939,7.2187,16.0688,0.5424,0.4492,4,50.0,0.397034
10,60,10,0.02,0.5,3.5,3.5,0.15,11024.46,10.2446,3.6316,9.2177,0.4748,0.394,28,38.4615,0.396771
10,60,10,0.02,0.5,3.5,3.5,0.25,11024.46,10.2446,3.6316,9.2177,0.4748,0.394,28,38.4615,0.396771
10,60,10,0.02,0.5,3.5,3.5,0.35,11024.46,10.2446,3.6316,9.2177,0.4748,0.394,28,38.4615,0.396771
10,60,10,0.02,0.75,3.5,3.5,0.15,11024.46,10.2446,3.6316,9.2177,0.4748,0.394,28,38.4615,0.396771
10,60,10,0.02,0.75,3.5,3.5,0.25,11024.46,10.2446,3.6316,9.2177,0.4748,0.394,28,38.4615,0.396771
10,60,10,0.02,0.75,3.5,3.5,0.35,11024.46,10.2446,3.6316,9.2177,0.4748,0.394,28,38.4615,0.396771
10,60,10,0.02,0.95,3.5,3.5,0.15,11024.46,10.2446,3.6316,9.2177,0.4748,0.394,28,38.4615,0.396771
10,60,10,0.02,0.95,3.5,3.5,0.25,11024.46,10.2446,3.6316,9.2177,0.4748,0.394,28,38.4615,0.396771
10,60,10,0.02,0.95,3.5,3.5,0.35,11024.46,10.2446,3.6316,9.2177,0.4748,0.394,28,38.4615,0.396771
20,60,20,0.02,0.5,2.5,2.5,0.15,11698.84,16.9884,5.9066,14.5282,0.6735,0.4066,36,41.1765,0.395986
20,60,20,0.02,0.5,2.5,2.5,0.25,11698.84,16.9884,5.9066,14.5282,0.6735,0.4066,36,41.1765,0.395986
20,60,20,0.02,0.5,2.5,2.5,0.35,11698.84,16.9884,5.9066,14.5282,0.6735,0.4066,36,41.1765,0.395986
20,60,20,0.02,0.75,2.5,2.5,0.15,11698.84,16.9884,5.9066,14.5282,0.6735,0.4066,36,41.1765,0.395986
20,60,20,0.02,0.75,2.5,2.5,0.25,11698.84,16.9884,5.9066,14.5282,0.6735,0.4066,36,41.1765,0.395986
20,60,20,0.02,0.75,2.5,2.5,0.35,11698.84,16.9884,5.9066,14.5282,0.6735,0.4066,36,41.1765,0.395986
20,60,20,0.02,0.95,2.5,2.5,0.15,11698.84,16.9884,5.9066,14.5282,0.6735,0.4066,36,41.1765,0.395986
20,60,20,0.02,0.95,2.5,2.5,0.25,11698.84,16.9884,5.9066,14.5282,0.6735,0.4066,36,41.1765,0.395986
20,60,20,0.02,0.95,2.5,2.5,0.35,11698.84,16.9884,5.9066,14.5282,0.6735,0.4066,36,41.1765,0.395986
20,60,10,0.03,0.5,1.5,2.5,0.35,14457.5,44.575,14.4336,27.5195,0.7316,0.5245,32,46.6667,0.39562
20,60,10,0.03,0.75,1.5,2.5,0.35,14457.5,44.575,14.4336,27.5195,0.7316,0.5245,32,46.6667,0.39562
20,60,10,0.03,0.95,1.5,2.5,0.35,14457.5,44.575,14.4336,27.5195,0.7316,0.5245,32,46.6667,0.39562
5,60,14,0.02,0.5,1.5,2.5,0.25,12784.78,27.8478,9.4014,20.4679,0.6864,0.4593,44,33.3333,0.39193
5,60,14,0.02,0.5,1.5,2.5,0.35,12784.78,27.8478,9.4014,20.4679,0.6864,0.4593,44,33.3333,0.39193
5,60,14,0.02,0.75,1.5,2.5,0.25,12784.78,27.8478,9.4014,20.4679,0.6864,0.4593,44,33.3333,0.39193
5,60,14,0.02,0.75,1.5,2.5,0.35,12784.78,27.8478,9.4014,20.4679,0.6864,0.4593,44,33.3333,0.39193
5,60,14,0.02,0.95,1.5,2.5,0.25,12784.78,27.8478,9.4014,20.4679,0.6864,0.4593,44,33.3333,0.39193
5,60,14,0.02,0.95,1.5,2.5,0.35,12784.78,27.8478,9.4014,20.4679,0.6864,0.4593,44,33.3333,0.39193
10,60,20,0.03,0.5,1.5,4.5,0.15,12013.6,20.136,6.94,15.7139,0.5352,0.4416,4,50.0,0.391544
10,60,20,0.03,0.75,1.5,4.5,0.15,12013.6,20.136,6.94,15.7139,0.5352,0.4416,4,50.0,0.391544
10,60,20,0.03,0.95,1.5,4.5,0.15,12013.6,20.136,6.94,15.7139,0.5352,0.4416,4,50.0,0.391544
20,60,20,0.03,0.5,3.5,2.5,0.25,11835.14,18.3514,6.3562,15.4946,0.6803,0.4102,36,41.1765,0.391332
20,60,20,0.03,0.5,3.5,2.5,0.35,11835.14,18.3514,6.3562,15.4946,0.6803,0.4102,36,41.1765,0.391332
20,60,20,0.03,0.75,3.5,2.5,0.25,11835.14,18.3514,6.3562,15.4946,0.6803,0.4102,36,41.1765,0.391332
20,60,20,0.03,0.75,3.5,2.5,0.35,11835.14,18.3514,6.3562,15.4946,0.6803,0.4102,36,41.1765,0.391332
20,60,20,0.03,0.95,3.5,2.5,0.25,11835.14,18.3514,6.3562,15.4946,0.6803,0.4102,36,41.1765,0.391332
20,60,20,0.03,0.95,3.5,2.5,0.35,11835.14,18.3514,6.3562,15.4946,0.6803,0.4102,36,41.1765,0.391332
10,60,14,0.02,0.5,3.5,3.5,0.15,11058.36,10.5836,3.748,9.6893,0.4942,0.3868,28,38.4615,0.388771
10,60,14,0.02,0.5,3.5,3.5,0.25,11058.36,10.5836,3.748,9.6893,0.4942,0.3868,28,38.4615,0.388771
10,60,14,0.02,0.5,3.5,3.5,0.35,11058.36,10.5836,3.748,9.6893,0.4942,0.3868,28,38.4615,0.388771
10,60,14,0.02,0.75,3.5,3.5,0.15,11058.36,10.5836,3.748,9.6893,0.4942,0.3868,28,38.4615,0.388771
10,60,14,0.02,0.75,3.5,3.5,0.25,11058.36,10.5836,3.748,9.6893,0.4942,0.3868,28,38.4615,0.388771
10,60,14,0.02,0.75,3.5,3.5,0.35,11058.36,10.5836,3.748,9.6893,0.4942,0.3868,28,38.4615,0.388771
10,60,14,0.02,0.95,3.5,3.5,0.15,11058.36,10.5836,3.748,9.6893,0.4942,0.3868,28,38.4615,0.388771
10,60,14,0.02,0.95,3.5,3.5,0.25,11058.36,10.5836,3.748,9.6893,0.4942,0.3868,28,38.4615,0.388771
10,60,14,0.02,0.95,3.5,3.5,0.35,11058.36,10.5836,3.748,9.6893,0.4942,0.3868,28,38.4615,0.388771
5,60,20,0.02,0.5,2.5,4.5,0.25,11896.71,18.9671,6.5583,15.4946,0.5989,0.4233,26,41.6667,0.388089
5,60,20,0.02,0.5,2.5,4.5,0.35,11896.71,18.9671,6.5583,15.4946,0.5989,0.4233,26,41.6667,0.388089
5,60,20,0.02,0.75,2.5,4.5,0.25,11896.71,18.9671,6.5583,15.4946,0.5989,0.4233,26,41.6667,0.388089
5,60,20,0.02,0.75,2.5,4.5,0.35,11896.71,18.9671,6.5583,15.4946,0.5989,0.4233,26,41.6667,0.388089
5,60,20,0.02,0.95,2.5,4.5,0.25,11896.71,18.9671,6.5583,15.4946,0.5989,0.4233,26,41.6667,0.388089
5,60,20,0.02,0.95,2.5,4.5,0.35,11896.71,18.9671,6.5583,15.4946,0.5989,0.4233,26,41.6667,0.388089
5,60,20,0.01,0.5,1.5,2.5,0.15,11356.17,13.5617,4.7613,12.4155,0.6437,0.3835,44,33.3333,0.388075
5,60,20,0.01,0.5,1.5,2.5,0.25,11356.17,13.5617,4.7613,12.4155,0.6437,0.3835,44,33.3333,0.388075
5,60,20,0.01,0.5,1.5,2.5,0.35,11356.17,13.5617,4.7613,12.4155,0.6437,0.3835,44,33.3333,0.388075
5,60,20,0.01,0.75,1.5,2.5,0.15,11356.17,13.5617,4.7613,12.4155,0.6437,0.3835,44,33.3333,0.388075
5,60,20,0.01,0.75,1.5,2.5,0.25,11356.17,13.5617,4.7613,12.4155,0.6437,0.3835,44,33.3333,0.388075
5,60,20,0.01,0.75,1.5,2.5,0.35,11356.17,13.5617,4.7613,12.4155,0.6437,0.3835,44,33.3333,0.388075
5,60,20,0.01,0.95,1.5,2.5,0.15,11356.17,13.5617,4.7613,12.4155,0.6437,0.3835,44,33.3333,0.388075
5,60,20,0.01,0.95,1.5,2.5,0.25,11356.17,13.5617,4.7613,12.4155,0.6437,0.3835,44,33.3333,0.388075
5,60,20,0.01,0.95,1.5,2.5,0.35,11356.17,13.5617,4.7613,12.4155,0.6437,0.3835,44,33.3333,0.388075
10,60,10,0.01,0.5,1.5,3.5,0.15,11176.23,11.7623,4.1511,10.4629,0.4775,0.3967,28,38.4615,0.38762
10,60,10,0.01,0.5,1.5,3.5,0.25,11176.23,11.7623,4.1511,10.4629,0.4775,0.3967,28,38.4615,0.38762
10,60,10,0.01,0.5,1.5,3.5,0.35,11176.23,11.7623,4.1511,10.4629,0.4775,0.3967,28,38.4615,0.38762
10,60,10,0.01,0.75,1.5,3.5,0.15,11176.23,11.7623,4.1511,10.4629,0.4775,0.3967,28,38.4615,0.38762
10,60,10,0.01,0.75,1.5,3.5,0.25,11176.23,11.7623,4.1511,10.4629,0.4775,0.3967,28,38.4615,0.38762
10,60,10,0.01,0.75,1.5,3.5,0.35,11176.23,11.7623,4.1511,10.4629,0.4775,0.3967,28,38.4615,0.38762
10,60,10,0.01,0.95,1.5,3.5,0.15,11176.23,11.7623,4.1511,10.4629,0.4775,0.3967,28,38.4615,0.38762
10,60,10,0.01,0.95,1.5,3.5,0.25,11176.23,11.7623,4.1511,10.4629,0.4775,0.3967,28,38.4615,0.38762
10,60,10,0.01,0.95,1.5,3.5,0.35,11176.23,11.7623,4.1511,10.4629,0.4775,0.3967,28,38.4615,0.38762
20,60,14,0.03,0.5,1.5,4.5,0.15,12154.21,21.5421,7.3961,16.6267,0.5398,0.4448,4,50.0,0.386521
20,60,14,0.03,0.75,1.5,4.5,0.15,12154.21,21.5421,7.3961,16.6267,0.5398,0.4448,4,50.0,0.386521
20,60,14,0.03,0.95,1.5,4.5,0.15,12154.21,21.5421,7.3961,16.6267,0.5398,0.4448,4,50.0,0.386521
20,60,20,0.03,0.5,1.5,4.5,0.15,12154.21,21.5421,7.3961,16.6267,0.5398,0.4448,4,50.0,0.386521
20,60,20,0.03,0.75,1.5,4.5,0.15,12154.21,21.5421,7.3961,16.6267,0.5398,0.4448,4,50.0,0.386521
20,60,20,0.03,0.95,1.5,4.5,0.15,12154.21,21.5421,7.3961,16.6267,0.5398,0.4448,4,50.0,0.386521
5,60,14,0.03,0.5,1.5,4.5,0.15,12046.82,20.4682,7.0481,16.038,0.5327,0.4395,4,50.0,0.385617
5,60,14,0.03,0.75,1.5,4.5,0.15,12046.82,20.4682,7.0481,16.038,0.5327,0.4395,4,50.0,0.385617
5,60,14,0.03,0.95,1.5,4.5,0.15,12046.82,20.4682,7.0481,16.038,0.5327,0.4395,4,50.0,0.385617
10,60,10,0.03,0.5,1.5,4.5,0.15,11910.65,19.1065,6.6039,15.2771,0.5261,0.4323,4,50.0,0.384719
10,60,10,0.03,0.75,1.5,4.5,0.15,11910.65,19.1065,6.6039,15.2771,0.5261,0.4323,4,50.0,0.384719
10,60,10,0.03,0.95,1.5,4.5,0.15,11910.65,19.1065,6.6039,15.2771,0.5261,0.4323,4,50.0,0.384719
5,60,14,0.01,0.5,2.5,4.5,0.15,10864.41,8.6441,3.0788,8.4619,0.5251,0.3638,24,45.4545,0.384243
5,60,14,0.01,0.5,2.5,4.5,0.25,10864.41,8.6441,3.0788,8.4619,0.5251,0.3638,24,45.4545,0.384243
5,60,14,0.01,0.5,2.5,4.5,0.35,10864.41,8.6441,3.0788,8.4619,0.5251,0.3638,24,45.4545,0.384243
5,60,14,0.01,0.75,2.5,4.5,0.15,10864.41,8.6441,3.0788,8.4619,0.5251,0.3638,24,45.4545,0.384243
5,60,14,0.01,0.75,2.5,4.5,0.25,10864.41,8.6441,3.0788,8.4619,0.5251,0.3638,24,45.4545,0.384243
5,60,14,0.01,0.75,2.5,4.5,0.35,10864.41,8.6441,3.0788,8.4619,0.5251,0.3638,24,45.4545,0.384243
5,60,14,0.01,0.95,2.5,4.5,0.15,10864.41,8.6441,3.0788,8.4619,0.5251,0.3638,24,45.4545,0.384243
5,60,14,0.01,0.95,2.5,4.5,0.25,10864.41,8.6441,3.0788,8.4619,0.5251,0.3638,24,45.4545,0.384243
5,60,14,0.01,0.95,2.5,4.5,0.35,10864.41,8.6441,3.0788,8.4619,0.5251,0.3638,24,45.4545,0.384243
10,120,14,0.03,0.5,1.5,3.5,0.15,11747.88,17.4788,6.6666,15.6563,0.5657,0.4258,6,66.6667,0.382383
10,120,14,0.03,0.75,1.5,3.5,0.15,11747.88,17.4788,6.6666,15.6563,0.5657,0.4258,6,66.6667,0.382383
10,120,14,0.03,0.95,1.5,3.5,0.15,11747.88,17.4788,6.6666,15.6563,0.5657,0.4258,6,66.6667,0.382383
5,120,14,0.03,0.5,1.5,3.5,0.15,11747.45,17.4745,6.665,15.6568,0.5574,0.4257,6,66.6667,0.380601
5,120,14,0.03,0.75,1.5,3.5,0.15,11747.45,17.4745,6.665,15.6568,0.5574,0.4257,6,66.6667,0.380601
5,120,14,0.03,0.95,1.5,3.5,0.15,11747.45,17.4745,6.665,15.6568,0.5574,0.4257,6,66.6667,0.380601
20,120,14,0.03,0.5,1.5,2.5,0.15,11744.05,17.4405,6.6526,15.8725,0.5968,0.4191,8,50.0,0.379757
20,120,14,0.03,0.75,1.5,2.5,0.15,11744.05,17.4405,6.6526,15.8725,0.5968,0.4191,8,50.0,0.379757
20,120,14,0.03,0.95,1.5,2.5,0.15,11744.05,17.4405,6.6526,15.8725,0.5968,0.4191,8,50.0,0.379757
10,60,14,0.02,0.5,2.5,3.5,0.15,11552.51,15.5251,5.4202,13.2981,0.525,0.4076,28,38.4615,0.379599
10,60,14,0.02,0.5,2.5,3.5,0.25,11552.51,15.5251,5.4202,13.2981,0.525,0.4076,28,38.4615,0.379599
10,60,14,0.02,0.5,2.5,3.5,0.35,11552.51,15.5251,5.4202,13.2981,0.525,0.4076,28,38.4615,0.379599
10,60,14,0.02,0.75,2.5,3.5,0.15,11552.51,15.5251,5.4202,13.2981,0.525,0.4076,28,38.4615,0.379599
10,60,14,0.02,0.75,2.5,3.5,0.25,11552.51,15.5251,5.4202,13.2981,0.525,0.4076,28,38.4615,0.379599
10,60,14,0.02,0.75,2.5,3.5,0.35,11552.51,15.5251,5.4202,13.2981,0.525,0.4076,28,38.4615,0.379599
10,60,14,0.02,0.95,2.5,3.5,0.15,11552.51,15.5251,5.4202,13.2981,0.525,0.4076,28,38.4615,0.379599
10,60,14,0.02,0.95,2.5,3.5,0.25,11552.51,15.5251,5.4202,13.2981,0.525,0.4076,28,38.4615,0.379599
10,60,14,0.02,0.95,2.5,3.5,0.35,11552.51,15.5251,5.4202,13.2981,0.525,0.4076,28,38.4615,0.379599
5,60,20,0.03,0.5,1.5,4.5,0.15,11945.28,19.4528,6.7172,15.607,0.5239,0.4304,4,50.0,0.379109
5,60,20,0.03,0.75,1.5,4.5,0.15,11945.28,19.4528,6.7172,15.607,0.5239,0.4304,4,50.0,0.379109
5,60,20,0.03,0.95,1.5,4.5,0.15,11945.28,19.4528,6.7172,15.607,0.5239,0.4304,4,50.0,0.379109
5,60,20,0.03,0.5,3.5,4.5,0.25,12019.29,20.1929,6.9585,16.4702,0.5982,0.4225,26,41.6667,0.377431
5,60,20,0.03,0.5,3.5,4.5,0.35,12019.29,20.1929,6.9585,16.4702,0.5982,0.4225,26,41.6667,0.377431
5,60,20,0.03,0.75,3.5,4.5,0.25,12019.29,20.1929,6.9585,16.4702,0.5982,0.4225,26,41.6667,0.377431
5,60,20,0.03,0.75,3.5,4.5,0.35,12019.29,20.1929,6.9585,16.4702,0.5982,0.4225,26,41.6667,0.377431
5,60,20,0.03,0.95,3.5,4.5,0.25,12019.29,20.1929,6.9585,16.4702,0.5982,0.4225,26,41.6667,0.377431
5,60,20,0.03,0.95,3.5,4.5,0.35,12019.29,20.1929,6.9585,16.4702,0.5982,0.4225,26,41.6667,0.377431
10,60,10,0.03,0.5,3.5,4.5,0.25,12089.0,20.89,7.185,16.9032,0.5964,0.4251,18,37.5,0.37532
10,60,10,0.03,0.5,3.5,4.5,0.35,12089.0,20.89,7.185,16.9032,0.5964,0.4251,18,37.5,0.37532
10,60,10,0.03,0.75,3.5,4.5,0.25,12089.0,20.89,7.185,16.9032,0.5964,0.4251,18,37.5,0.37532
10,60,10,0.03,0.75,3.5,4.5,0.35,12089.0,20.89,7.185,16.9032,0.5964,0.4251,18,37.5,0.37532
10,60,10,0.03,0.95,3.5,4.5,0.25,12089.0,20.89,7.185,16.9032,0.5964,0.4251,18,37.5,0.37532
10,60,10,0.03,0.95,3.5,4.5,0.35,12089.0,20.89,7.185,16.9032,0.5964,0.4251,18,37.5,0.37532
5,60,10,0.03,0.5,1.5,4.5,0.15,11860.67,18.6067,6.4401,15.2388,0.5163,0.4226,4,50.0,0.373478
5,60,10,0.03,0.75,1.5,4.5,0.15,11860.67,18.6067,6.4401,15.2388,0.5163,0.4226,4,50.0,0.373478
5,60,10,0.03,0.95,1.5,4.5,0.15,11860.67,18.6067,6.4401,15.2388,0.5163,0.4226,4,50.0,0.373478
20,60,20,0.02,0.5,2.5,3.5,0.15,11590.96,15.9096,5.5484,13.902,0.5657,0.3991,26,58.3333,0.373221
20,60,20,0.02,0.5,2.5,3.5,0.25,11590.96,15.9096,5.5484,13.902,0.5657,0.3991,26,58.3333,0.373221
20,60,20,0.02,0.5,2.5,3.5,0.35,11590.96,15.9096,5.5484,13.902,0.5657,0.3991,26,58.3333,0.373221
20,60,20,0.02,0.75,2.5,3.5,0.15,11590.96,15.9096,5.5484,13.902,0.5657,0.3991,26,58.3333,0.373221
20,60,20,0.02,0.75,2.5,3.5,0.25,11590.96,15.9096,5.5484,13.902,0.5657,0.3991,26,58.3333,0.373221
20,60,20,0.02,0.75,2.5,3.5,0.35,11590.96,15.9096,5.5484,13.902,0.5657,0.3991,26,58.3333,0.373221
20,60,20,0.02,0.95,2.5,3.5,0.15,11590.96,15.9096,5.5484,13.902,0.5657,0.3991,26,58.3333,0.373221
20,60,20,0.02,0.95,2.5,3.5,0.25,11590.96,15.9096,5.5484,13.902,0.5657,0.3991,26,58.3333,0.373221
20,60,20,0.02,0.95,2.5,3.5,0.35,11590.96,15.9096,5.5484,13.902,0.5657,0.3991,26,58.3333,0.373221
20,60,10,0.03,0.5,1.5,4.5,0.15,11936.52,19.3652,6.6886,15.7081,0.5214,0.4258,4,50.0,0.372997
20,60,10,0.03,0.75,1.5,4.5,0.15,11936.52,19.3652,6.6886,15.7081,0.5214,0.4258,4,50.0,0.372997
20,60,10,0.03,0.95,1.5,4.5,0.15,11936.52,19.3652,6.6886,15.7081,0.5214,0.4258,4,50.0,0.372997
10,60,14,0.03,0.5,3.5,3.5,0.15,11652.95,16.5295,5.7545,14.089,0.5271,0.4084,28,38.4615,0.372959
10,60,14,0.03,0.5,3.5,3.5,0.25,11652.95,16.5295,5.7545,14.089,0.5271,0.4084,28,38.4615,0.372959
10,60,14,0.03,0.5,3.5,3.5,0.35,11652.95,16.5295,5.7545,14.089,0.5271,0.4084,28,38.4615,0.372959
10,60,14,0.03,0.75,3.5,3.5,0.15,11652.95,16.5295,5.7545,14.089,0.5271,0.4084,28,38.4615,0.372959
10,60,14,0.03,0.75,3.5,3.5,0.25,11652.95,16.5295,5.7545,14.089,0.5271,0.4084,28,38.4615,0.372959
10,60,14,0.03,0.75,3.5,3.5,0.35,11652.95,16.5295,5.7545,14.089,0.5271,0.4084,28,38.4615,0.372959
10,60,14,0.03,0.95,3.5,3.5,0.15,11652.95,16.5295,5.7545,14.089,0.5271,0.4084,28,38.4615,0.372959
10,60,14,0.03,0.95,3.5,3.5,0.25,11652.95,16.5295,5.7545,14.089,0.5271,0.4084,28,38.4615,0.372959
10,60,14,0.03,0.95,3.5,3.5,0.35,11652.95,16.5295,5.7545,14.089,0.5271,0.4084,28,38.4615,0.372959
20,30,14,0.03,0.5,1.5,3.5,0.15,11960.02,19.6002,6.4741,15.1257,0.4665,0.428,18,66.6667,0.370061
20,30,14,0.03,0.75,1.5,3.5,0.15,11960.02,19.6002,6.4741,15.1257,0.4665,0.428,18,66.6667,0.370061
20,30,14,0.03,0.95,1.5,3.5,0.15,11960.02,19.6002,6.4741,15.1257,0.4665,0.428,18,66.6667,0.370061
10,60,10,0.01,0.5,1.5,4.5,0.15,11535.03,15.3503,5.3618,13.5955,0.5567,0.3944,20,33.3333,0.36976
10,60,10,0.01,0.5,1.5,4.5,0.25,11535.03,15.3503,5.3618,13.5955,0.5567,0.3944,20,33.3333,0.36976
10,60,10,0.01,0.5,1.5,4.5,0.35,11535.03,15.3503,5.3618,13.5955,0.5567,0.3944,20,33.3333,0.36976
10,60,10,0.01,0.75,1.5,4.5,0.15,11535.03,15.3503,5.3618,13.5955,0.5567,0.3944,20,33.3333,0.36976
10,60,10,0.01,0.75,1.5,4.5,0.25,11535.03,15.3503,5.3618,13.5955,0.5567,0.3944,20,33.3333,0.36976
10,60,10,0.01,0.75,1.5,4.5,0.35,11535.03,15.3503,5.3618,13.5955,0.5567,0.3944,20,33.3333,0.36976
10,60,10,0.01,0.95,1.5,4.5,0.15,11535.03,15.3503,5.3618,13.5955,0.5567,0.3944,20,33.3333,0.36976
10,60,10,0.01,0.95,1.5,4.5,0.25,11535.03,15.3503,5.3618,13.5955,0.5567,0.3944,20,33.3333,0.36976
10,60,10,0.01,0.95,1.5,4.5,0.35,11535.03,15.3503,5.3618,13.5955,0.5567,0.3944,20,33.3333,0.36976
5,60,20,0.03,0.5,2.5,2.5,0.25,12625.83,26.2583,8.9019,20.5872,0.6915,0.4324,42,35.0,0.36482
5,60,20,0.03,0.5,2.5,2.5,0.35,12625.83,26.2583,8.9019,20.5872,0.6915,0.4324,42,35.0,0.36482
5,60,20,0.03,0.75,2.5,2.5,0.25,12625.83,26.2583,8.9019,20.5872,0.6915,0.4324,42,35.0,0.36482
5,60,20,0.03,0.75,2.5,2.5,0.35,12625.83,26.2583,8.9019,20.5872,0.6915,0.4324,42,35.0,0.36482
5,60,20,0.03,0.95,2.5,2.5,0.25,12625.83,26.2583,8.9019,20.5872,0.6915,0.4324,42,35.0,0.36482
5,60,20,0.03,0.95,2.5,2.5,0.35,12625.83,26.2583,8.9019,20.5872,0.6915,0.4324,42,35.0,0.36482
5,60,14,0.01,0.5,1.5,4.5,0.15,11453.67,14.5367,5.0894,13.1888,0.5538,0.3859,26,41.6667,0.364764
5,60,14,0.01,0.5,1.5,4.5,0.25,11453.67,14.5367,5.0894,13.1888,0.5538,0.3859,26,41.6667,0.364764
5,60,14,0.01,0.5,1.5,4.5,0.35,11453.67,14.5367,5.0894,13.1888,0.5538,0.3859,26,41.6667,0.364764
5,60,14,0.01,0.75,1.5,4.5,0.15,11453.67,14.5367,5.0894,13.1888,0.5538,0.3859,26,41.6667,0.364764
5,60,14,0.01,0.75,1.5,4.5,0.25,11453.67,14.5367,5.0894,13.1888,0.5538,0.3859,26,41.6667,0.364764
5,60,14,0.01,0.75,1.5,4.5,0.35,11453.67,14.5367,5.0894,13.1888,0.5538,0.3859,26,41.6667,0.364764
5,60,14,0.01,0.95,1.5,4.5,0.15,11453.67,14.5367,5.0894,13.1888,0.5538,0.3859,26,41.6667,0.364764
5,60,14,0.01,0.95,1.5,4.5,0.25,11453.67,14.5367,5.0894,13.1888,0.5538,0.3859,26,41.6667,0.364764
5,60,14,0.01,0.95,1.5,4.5,0.35,11453.67,14.5367,5.0894,13.1888,0.5538,0.3859,26,41.6667,0.364764
10,60,20,0.03,0.5,1.5,2.5,0.35,14542.62,45.4262,14.6796,28.9015,0.7286,0.5079,42,30.0,0.364625
10,60,20,0.03,0.75,1.5,2.5,0.35,14542.62,45.4262,14.6796,28.9015,0.7286,0.5079,42,30.0,0.364625
10,60,20,0.03,0.95,1.5,2.5,0.35,14542.62,45.4262,14.6796,28.9015,0.7286,0.5079,42,30.0,0.364625
10,60,10,0.02,0.5,2.5,3.5,0.15,11428.01,14.2801,5.0032,12.6993,0.4873,0.394,28,38.4615,0.364442
10,60,10,0.02,0.5,2.5,3.5,0.25,11428.01,14.2801,5.0032,12.6993,0.4873,0.394,28,38.4615,0.364442
10,60,10,0.02,0.5,2.5,3.5,0.35,11428.01,14.2801,5.0032,12.6993,0.4873,0.394,28,38.4615,0.364442
10,60,10,0.02,0.75,2.5,3.5,0.15,11428.01,14.2801,5.0032,12.6993,0.4873,0.394,28,38.4615,0.364442
10,60,10,0.02,0.75,2.5,3.5,0.25,11428.01,14.2801,5.0032,12.6993,0.4873,0.394,28,38.4615,0.364442
10,60,10,0.02,0.75,2.5,3.5,0.35,11428.01,14.2801,5.0032,12.6993,0.4873,0.394,28,38.4615,0.364442
10,60,10,0.02,0.95,2.5,3.5,0.15,11428.01,14.2801,5.0032,12.6993,0.4873,0.394,28,38.4615,0.364442
10,60,10,0.02,0.95,2.5,3.5,0.25,11428.01,14.2801,5.0032,12.6993,0.4873,0.394,28,38.4615,0.364442
10,60,10,0.02,0.95,2.5,3.5,0.35,11428.01,14.2801,5.0032,12.6993,0.4873,0.394,28,38.4615,0.364442
5,60,20,0.03,0.5,2.5,3.5,0.25,12762.06,27.6206,9.3302,21.0692,0.6396,0.4428,30,42.8571,0.360063
5,60,20,0.03,0.5,2.5,3.5,0.35,12762.06,27.6206,9.3302,21.0692,0.6396,0.4428,30,42.8571,0.360063
5,60,20,0.03,0.75,2.5,3.5,0.25,12762.06,27.6206,9.3302,21.0692,0.6396,0.4428,30,42.8571,0.360063
5,60,20,0.03,0.75,2.5,3.5,0.35,12762.06,27.6206,9.3302,21.0692,0.6396,0.4428,30,42.8571,0.360063
5,60,20,0.03,0.95,2.5,3.5,0.25,12762.06,27.6206,9.3302,21.0692,0.6396,0.4428,30,42.8571,0.360063
5,60,20,0.03,0.95,2.5,3.5,0.35,12762.06,27.6206,9.3302,21.0692,0.6396,0.4428,30,42.8571,0.360063
10,60,10,0.03,0.5,3.5,3.5,0.15,11542.02,15.4202,5.3852,13.5869,0.4962,0.3963,28,38.4615,0.359728
10,60,10,0.03,0.5,3.5,3.5,0.25,11542.02,15.4202,5.3852,13.5869,0.4962,0.3963,28,38.4615,0.359728
10,60,10,0.03,0.5,3.5,3.5,0.35,11542.02,15.4202,5.3852,13.5869,0.4962,0.3963,28,38.4615,0.359728
10,60,10,0.03,0.75,3.5,3.5,0.15,11542.02,15.4202,5.3852,13.5869,0.4962,0.3963,28,38.4615,0.359728
10,60,10,0.03,0.75,3.5,3.5,0.25,11542.02,15.4202,5.3852,13.5869,0.4962,0.3963,28,38.4615,0.359728
10,60,10,0.03,0.75,3.5,3.5,0.35,11542.02,15.4202,5.3852,13.5869,0.4962,0.3963,28,38.4615,0.359728
10,60,10,0.03,0.95,3.5,3.5,0.15,11542.02,15.4202,5.3852,13.5869,0.4962,0.3963,28,38.4615,0.359728
10,60,10,0.03,0.95,3.5,3.5,0.25,11542.02,15.4202,5.3852,13.5869,0.4962,0.3963,28,38.4615,0.359728
10,60,10,0.03,0.95,3.5,3.5,0.35,11542.02,15.4202,5.3852,13.5869,0.4962,0.3963,28,38.4615,0.359728
5,60,14,0.02,0.5,2.5,4.5,0.25,11839.61,18.3961,6.3709,15.8222,0.5751,0.4027,24,45.4545,0.359465
5,60,14,0.02,0.5,2.5,4.5,0.35,11839.61,18.3961,6.3709,15.8222,0.5751,0.4027,24,45.4545,0.359465
5,60,14,0.02,0.75,2.5,4.5,0.25,11839.61,18.3961,6.3709,15.8222,0.5751,0.4027,24,45.4545,0.359465
5,60,14,0.02,0.75,2.5,4.5,0.35,11839.61,18.3961,6.3709,15.8222,0.5751,0.4027,24,45.4545,0.359465
5,60,14,0.02,0.95,2.5,4.5,0.25,11839.61,18.3961,6.3709,15.8222,0.5751,0.4027,24,45.4545,0.359465
5,60,14,0.02,0.95,2.5,4.5,0.35,11839.61,18.3961,6.3709,15.8222,0.5751,0.4027,24,45.4545,0.359465
20,60,20,0.01,0.5,1.5,2.5,0.15,11258.2,12.582,4.4298,12.2993,0.6097,0.3602,38,38.8889,0.359126
20,60,20,0.01,0.5,1.5,2.5,0.25,11258.2,12.582,4.4298,12.2993,0.6097,0.3602,38,38.8889,0.359126
20,60,20,0.01,0.5,1.5,2.5,0.35,11258.2,12.582,4.4298,12.2993,0.6097,0.3602,38,38.8889,0.359126
20,60,20,0.01,0.75,1.5,2.5,0.15,11258.2,12.582,4.4298,12.2993,0.6097,0.3602,38,38.8889,0.359126
20,60,20,0.01,0.75,1.5,2.5,0.25,11258.2,12.582,4.4298,12.2993,0.6097,0.3602,38,38.8889,0.359126
20,60,20,0.01,0.75,1.5,2.5,0.35,11258.2,12.582,4.4298,12.2993,0.6097,0.3602,38,38.8889,0.359126
20,60,20,0.01,0.95,1.5,2.5,0.15,11258.2,12.582,4.4298,12.2993,0.6097,0.3602,38,38.8889,0.359126
20,60,20,0.01,0.95,1.5,2.5,0.25,11258.2,12.582,4.4298,12.2993,0.6097,0.3602,38,38.8889,0.359126
20,60,20,0.01,0.95,1.5,2.5,0.35,11258.2,12.582,4.4298,12.2993,0.6097,0.3602,38,38.8889,0.359126
10,60,10,0.02,0.5,2.5,4.5,0.25,11852.18,18.5218,6.4122,15.9569,0.5683,0.4018,20,33.3333,0.355936
10,60,10,0.02,0.5,2.5,4.5,0.35,11852.18,18.5218,6.4122,15.9569,0.5683,0.4018,20,33.3333,0.355936
10,60,10,0.02,0.75,2.5,4.5,0.25,11852.18,18.5218,6.4122,15.9569,0.5683,0.4018,20,33.3333,0.355936
10,60,10,0.02,0.75,2.5,4.5,0.35,11852.18,18.5218,6.4122,15.9569,0.5683,0.4018,20,33.3333,0.355936
10,60,10,0.02,0.95,2.5,4.5,0.25,11852.18,18.5218,6.4122,15.9569,0.5683,0.4018,20,33.3333,0.355936
10,60,10,0.02,0.95,2.5,4.5,0.35,11852.18,18.5218,6.4122,15.9569,0.5683,0.4018,20,33.3333,0.355936
5,60,20,0.01,0.5,1.5,4.5,0.15,11471.41,14.7141,5.1489,13.5661,0.5578,0.3795,28,38.4615,0.355445
5,60,20,0.01,0.5,1.5,4.5,0.25,11471.41,14.7141,5.1489,13.5661,0.5578,0.3795,28,38.4615,0.355445
5,60,20,0.01,0.5,1.5,4.5,0.35,11471.41,14.7141,5.1489,13.5661,0.5578,0.3795,28,38.4615,0.355445
5,60,20,0.01,0.75,1.5,4.5,0.15,11471.41,14.7141,5.1489,13.5661,0.5578,0.3795,28,38.4615,0.355445
5,60,20,0.01,0.75,1.5,4.5,0.25,11471.41,14.7141,5.1489,13.5661,0.5578,0.3795,28,38.4615,0.355445
5,60,20,0.01,0.75,1.5,4.5,0.35,11471.41,14.7141,5.1489,13.5661,0.5578,0.3795,28,38.4615,0.355445
5,60,20,0.01,0.95,1.5,4.5,0.15,11471.41,14.7141,5.1489,13.5661,0.5578,0.3795,28,38.4615,0.355445
5,60,20,0.01,0.95,1.5,4.5,0.25,11471.41,14.7141,5.1489,13.5661,0.5578,0.3795,28,38.4615,0.355445
5,60,20,0.01,0.95,1.5,4.5,0.35,11471.41,14.7141,5.1489,13.5661,0.5578,0.3795,28,38.4615,0.355445
5,120,10,0.03,0.5,1.5,3.5,0.15,11641.66,16.4166,6.2791,15.6023,0.5366,0.4024,6,66.6667,0.353744
5,120,10,0.03,0.75,1.5,3.5,0.15,11641.66,16.4166,6.2791,15.6023,0.5366,0.4024,6,66.6667,0.353744
5,120,10,0.03,0.95,1.5,3.5,0.15,11641.66,16.4166,6.2791,15.6023,0.5366,0.4024,6,66.6667,0.353744
5,60,14,0.03,0.5,3.5,4.5,0.25,11975.37,19.7537,6.8154,16.8043,0.5797,0.4056,24,45.4545,0.353467
5,60,14,0.03,0.5,3.5,4.5,0.35,11975.37,19.7537,6.8154,16.8043,0.5797,0.4056,24,45.4545,0.353467
5,60,14,0.03,0.75,3.5,4.5,0.25,11975.37,19.7537,6.8154,16.8043,0.5797,0.4056,24,45.4545,0.353467
5,60,14,0.03,0.75,3.5,4.5,0.35,11975.37,19.7537,6.8154,16.8043,0.5797,0.4056,24,45.4545,0.353467
5,60,14,0.03,0.95,3.5,4.5,0.25,11975.37,19.7537,6.8154,16.8043,0.5797,0.4056,24,45.4545,0.353467
5,60,14,0.03,0.95,3.5,4.5,0.35,11975.37,19.7537,6.8154,16.8043,0.5797,0.4056,24,45.4545,0.353467
5,60,20,0.03,0.5,2.5,4.5,0.25,12911.7,29.117,9.7974,21.9433,0.6312,0.4465,26,41.6667,0.353301
5,60,20,0.03,0.5,2.5,4.5,0.35,12911.7,29.117,9.7974,21.9433,0.6312,0.4465,26,41.6667,0.353301
5,60,20,0.03,0.75,2.5,4.5,0.25,12911.7,29.117,9.7974,21.9433,0.6312,0.4465,26,41.6667,0.353301
5,60,20,0.03,0.75,2.5,4.5,0.35,12911.7,29.117,9.7974,21.9433,0.6312,0.4465,26,41.6667,0.353301
5,60,20,0.03,0.95,2.5,4.5,0.25,12911.7,29.117,9.7974,21.9433,0.6312,0.4465,26,41.6667,0.353301
5,60,20,0.03,0.95,2.5,4.5,0.35,12911.7,29.117,9.7974,21.9433,0.6312,0.4465,26,41.6667,0.353301
5,60,14,0.01,0.5,2.5,3.5,0.15,10719.19,7.1919,2.5727,7.6733,0.4714,0.3353,30,42.8571,0.35282
5,60,14,0.01,0.5,2.5,3.5,0.25,10719.19,7.1919,2.5727,7.6733,0.4714,0.3353,30,42.8571,0.35282
5,60,14,0.01,0.5,2.5,3.5,0.35,10719.19,7.1919,2.5727,7.6733,0.4714,0.3353,30,42.8571,0.35282
5,60,14,0.01,0.75,2.5,3.5,0.15,10719.19,7.1919,2.5727,7.6733,0.4714,0.3353,30,42.8571,0.35282
5,60,14,0.01,0.75,2.5,3.5,0.25,10719.19,7.1919,2.5727,7.6733,0.4714,0.3353,30,42.8571,0.35282
5,60,14,0.01,0.75,2.5,3.5,0.35,10719.19,7.1919,2.5727,7.6733,0.4714,0.3353,30,42.8571,0.35282
5,60,14,0.01,0.95,2.5,3.5,0.15,10719.19,7.1919,2.5727,7.6733,0.4714,0.3353,30,42.8571,0.35282
5,60,14,0.01,0.95,2.5,3.5,0.25,10719.19,7.1919,2.5727,7.6733,0.4714,0.3353,30,42.8571,0.35282
5,60,14,0.01,0.95,2.5,3.5,0.35,10719.19,7.1919,2.5727,7.6733,0.4714,0.3353,30,42.8571,0.35282
20,60,20,0.03,0.5,2.5,2.5,0.25,12584.43,25.8443,8.7712,20.9325,0.6894,0.419,36,41.1765,0.347568
20,60,20,0.03,0.5,2.5,2.5,0.35,12584.43,25.8443,8.7712,20.9325,0.6894,0.419,36,41.1765,0.347568
20,60,20,0.03,0.75,2.5,2.5,0.25,12584.43,25.8443,8.7712,20.9325,0.6894,0.419,36,41.1765,0.347568
20,60,20,0.03,0.75,2.5,2.5,0.35,12584.43,25.8443,8.7712,20.9325,0.6894,0.419,36,41.1765,0.347568
20,60,20,0.03,0.95,2.5,2.5,0.25,12584.43,25.8443,8.7712,20.9325,0.6894,0.419,36,41.1765,0.347568
20,60,20,0.03,0.95,2.5,2.5,0.35,12584.43,25.8443,8.7712,20.9325,0.6894,0.419,36,41.1765,0.347568
10,120,20,0.03,0.5,1.5,3.5,0.15,11609.97,16.0997,6.1631,15.6571,0.5492,0.3936,8,50.0,0.346904
10,120,20,0.03,0.75,1.5,3.5,0.15,11609.97,16.0997,6.1631,15.6571,0.5492,0.3936,8,50.0,0.346904
10,120,20,0.03,0.95,1.5,3.5,0.15,11609.97,16.0997,6.1631,15.6571,0.5492,0.3936,8,50.0,0.346904
20,60,20,0.02,0.5,1.5,3.5,0.25,12768.84,27.6884,9.3515,21.3821,0.6143,0.4374,28,53.8462,0.346381
20,60,20,0.02,0.5,1.5,3.5,0.35,12768.84,27.6884,9.3515,21.3821,0.6143,0.4374,28,53.8462,0.346381
20,60,20,0.02,0.75,1.5,3.5,0.25,12768.84,27.6884,9.3515,21.3821,0.6143,0.4374,28,53.8462,0.346381
20,60,20,0.02,0.75,1.5,3.5,0.35,12768.84,27.6884,9.3515,21.3821,0.6143,0.4374,28,53.8462,0.346381
20,60,20,0.02,0.95,1.5,3.5,0.25,12768.84,27.6884,9.3515,21.3821,0.6143,0.4374,28,53.8462,0.346381
20,60,20,0.02,0.95,1.5,3.5,0.35,12768.84,27.6884,9.3515,21.3821,0.6143,0.4374,28,53.8462,0.346381
20,120,20,0.02,0.5,1.5,4.5,0.15,11504.98,15.0498,5.7774,15.0929,0.5621,0.3828,6,33.3333,0.344287
20,120,20,0.02,0.75,1.5,4.5,0.15,11504.98,15.0498,5.7774,15.0929,0.5621,0.3828,6,33.3333,0.344287
20,120,20,0.02,0.95,1.5,4.5,0.15,11504.98,15.0498,5.7774,15.0929,0.5621,0.3828,6,33.3333,0.344287
10,120,10,0.03,0.5,1.5,3.5,0.15,11586.7,15.867,6.0778,15.5884,0.54,0.3899,6,66.6667,0.342013
10,120,10,0.03,0.75,1.5,3.5,0.15,11586.7,15.867,6.0778,15.5884,0.54,0.3899,6,66.6667,0.342013
10,120,10,0.03,0.95,1.5,3.5,0.15,11586.7,15.867,6.0778,15.5884,0.54,0.3899,6,66.6667,0.342013
5,60,14,0.01,0.5,3.5,3.5,0.15,10493.84,4.9384,1.7787,5.7486,0.4477,0.3094,30,42.8571,0.341464
5,60,14,0.01,0.5,3.5,3.5,0.25,10493.84,4.9384,1.7787,5.7486,0.4477,0.3094,30,42.8571,0.341464
5,60,14,0.01,0.5,3.5,3.5,0.35,10493.84,4.9384,1.7787,5.7486,0.4477,0.3094,30,42.8571,0.341464
5,60,14,0.01,0.75,3.5,3.5,0.15,10493.84,4.9384,1.7787,5.7486,0.4477,0.3094,30,42.8571,0.341464
5,60,14,0.01,0.75,3.5,3.5,0.25,10493.84,4.9384,1.7787,5.7486,0.4477,0.3094,30,42.8571,0.341464
5,60,14,0.01,0.75,3.5,3.5,0.35,10493.84,4.9384,1.7787,5.7486,0.4477,0.3094,30,42.8571,0.341464
5,60,14,0.01,0.95,3.5,3.5,0.15,10493.84,4.9384,1.7787,5.7486,0.4477,0.3094,30,42.8571,0.341464
5,60,14,0.01,0.95,3.5,3.5,0.25,10493.84,4.9384,1.7787,5.7486,0.4477,0.3094,30,42.8571,0.341464
5,60,14,0.01,0.95,3.5,3.5,0.35,10493.84,4.9384,1.7787,5.7486,0.4477,0.3094,30,42.8571,0.341464
20,120,14,0.02,0.5,1.5,4.5,0.15,11504.36,15.0436,5.7752,15.2116,0.5653,0.3797,6,33.3333,0.340591
20,120,14,0.02,0.75,1.5,4.5,0.15,11504.36,15.0436,5.7752,15.2116,0.5653,0.3797,6,33.3333,0.340591
20,120,14,0.02,0.95,1.5,4.5,0.15,11504.36,15.0436,5.7752,15.2116,0.5653,0.3797,6,33.3333,0.340591
5,120,20,0.03,0.5,1.5,3.5,0.15,11590.96,15.9096,6.0934,15.6788,0.5392,0.3886,8,50.0,0.339687
5,120,20,0.03,0.75,1.5,3.5,0.15,11590.96,15.9096,6.0934,15.6788,0.5392,0.3886,8,50.0,0.339687
5,120,20,0.03,0.95,1.5,3.5,0.15,11590.96,15.9096,6.0934,15.6788,0.5392,0.3886,8,50.0,0.339687
20,60,14,0.02,0.5,1.5,2.5,0.25,12567.67,25.6767,8.7182,20.8939,0.6524,0.4173,38,38.8889,0.338793
20,60,14,0.02,0.5,1.5,2.5,0.35,12567.67,25.6767,8.7182,20.8939,0.6524,0.4173,38,38.8889,0.338793
20,60,14,0.02,0.75,1.5,2.5,0.25,12567.67,25.6767,8.7182,20.8939,0.6524,0.4173,38,38.8889,0.338793
20,60,14,0.02,0.75,1.5,2.5,0.35,12567.67,25.6767,8.7182,20.8939,0.6524,0.4173,38,38.8889,0.338793
20,60,14,0.02,0.95,1.5,2.5,0.25,12567.67,25.6767,8.7182,20.8939,0.6524,0.4173,38,38.8889,0.338793
20,60,14,0.02,0.95,1.5,2.5,0.35,12567.67,25.6767,8.7182,20.8939,0.6524,0.4173,38,38.8889,0.338793
5,60,14,0.03,0.5,1.5,2.5,0.35,14234.34,42.3434,13.7844,28.6204,0.7098,0.4816,44,33.3333,0.337389
5,60,14,0.03,0.75,1.5,2.5,0.35,14234.34,42.3434,13.7844,28.6204,0.7098,0.4816,44,33.3333,0.337389
5,60,14,0.03,0.95,1.5,2.5,0.35,14234.34,42.3434,13.7844,28.6204,0.7098,0.4816,44,33.3333,0.337389
5,30,10,0.02,0.5,1.5,2.5,0.15,11712.98,17.1298,5.6981,15.1138,0.5542,0.377,32,50.0,0.336713
5,30,10,0.02,0.75,1.5,2.5,0.15,11712.98,17.1298,5.6981,15.1138,0.5542,0.377,32,50.0,0.336713
5,30,10,0.02,0.95,1.5,2.5,0.15,11712.98,17.1298,5.6981,15.1138,0.5542,0.377,32,50.0,0.336713
5,60,20,0.03,0.5,1.5,3.5,0.35,14764.51,47.6451,15.3165,30.5297,0.7003,0.5017,32,40.0,0.336456
5,60,20,0.03,0.75,1.5,3.5,0.35,14764.51,47.6451,15.3165,30.5297,0.7003,0.5017,32,40.0,0.336456
5,60,20,0.03,0.95,1.5,3.5,0.35,14764.51,47.6451,15.3165,30.5297,0.7003,0.5017,32,40.0,0.336456
10,60,14,0.02,0.5,1.5,3.5,0.25,12571.97,25.7197,8.7318,20.4056,0.5579,0.4279,28,38.4615,0.335433
10,60,14,0.02,0.5,1.5,3.5,0.35,12571.97,25.7197,8.7318,20.4056,0.5579,0.4279,28,38.4615,0.335433
10,60,14,0.02,0.75,1.5,3.5,0.25,12571.97,25.7197,8.7318,20.4056,0.5579,0.4279,28,38.4615,0.335433
10,60,14,0.02,0.75,1.5,3.5,0.35,12571.97,25.7197,8.7318,20.4056,0.5579,0.4279,28,38.4615,0.335433
10,60,14,0.02,0.95,1.5,3.5,0.25,12571.97,25.7197,8.7318,20.4056,0.5579,0.4279,28,38.4615,0.335433
10,60,14,0.02,0.95,1.5,3.5,0.35,12571.97,25.7197,8.7318,20.4056,0.5579,0.4279,28,38.4615,0.335433
5,60,14,0.01,0.5,1.5,3.5,0.15,11210.45,12.1045,4.2676,12.2304,0.5023,0.3489,32,40.0,0.327087
5,60,14,0.01,0.5,1.5,3.5,0.25,11210.45,12.1045,4.2676,12.2304,0.5023,0.3489,32,40.0,0.327087
5,60,14,0.01,0.5,1.5,3.5,0.35,11210.45,12.1045,4.2676,12.2304,0.5023,0.3489,32,40.0,0.327087
5,60,14,0.01,0.75,1.5,3.5,0.15,11210.45,12.1045,4.2676,12.2304,0.5023,0.3489,32,40.0,0.327087
5,60,14,0.01,0.75,1.5,3.5,0.25,11210.45,12.1045,4.2676,12.2304,0.5023,0.3489,32,40.0,0.327087
5,60,14,0.01,0.75,1.5,3.5,0.35,11210.45,12.1045,4.2676,12.2304,0.5023,0.3489,32,40.0,0.327087
5,60,14,0.01,0.95,1.5,3.5,0.15,11210.45,12.1045,4.2676,12.2304,0.5023,0.3489,32,40.0,0.327087
5,60,14,0.01,0.95,1.5,3.5,0.25,11210.45,12.1045,4.2676,12.2304,0.5023,0.3489,32,40.0,0.327087
5,60,14,0.01,0.95,1.5,3.5,0.35,11210.45,12.1045,4.2676,12.2304,0.5023,0.3489,32,40.0,0.327087
20,30,10,0.03,0.5,1.5,2.5,0.15,12170.95,21.7095,7.1285,17.7634,0.5164,0.4013,26,69.2308,0.32694
20,30,10,0.03,0.75,1.5,2.5,0.15,12170.95,21.7095,7.1285,17.7634,0.5164,0.4013,26,69.2308,0.32694
20,30,10,0.03,0.95,1.5,2.5,0.15,12170.95,21.7095,7.1285,17.7634,0.5164,0.4013,26,69.2308,0.32694
5,60,10,0.01,0.5,1.5,3.5,0.15,11172.41,11.7241,4.1381,11.9013,0.4831,0.3477,32,40.0,0.325298
5,60,10,0.01,0.5,1.5,3.5,0.25,11172.41,11.7241,4.1381,11.9013,0.4831,0.3477,32,40.0,0.325298
5,60,10,0.01,0.5,1.5,3.5,0.35,11172.41,11.7241,4.1381,11.9013,0.4831,0.3477,32,40.0,0.325298
5,60,10,0.01,0.75,1.5,3.5,0.15,11172.41,11.7241,4.1381,11.9013,0.4831,0.3477,32,40.0,0.325298
5,60,10,0.01,0.75,1.5,3.5,0.25,11172.41,11.7241,4.1381,11.9013,0.4831,0.3477,32,40.0,0.325298
5,60,10,0.01,0.75,1.5,3.5,0.35,11172.41,11.7241,4.1381,11.9013,0.4831,0.3477,32,40.0,0.325298
5,60,10,0.01,0.95,1.5,3.5,0.15,11172.41,11.7241,4.1381,11.9013,0.4831,0.3477,32,40.0,0.325298
5,60,10,0.01,0.95,1.5,3.5,0.25,11172.41,11.7241,4.1381,11.9013,0.4831,0.3477,32,40.0,0.325298
5,60,10,0.01,0.95,1.5,3.5,0.35,11172.41,11.7241,4.1381,11.9013,0.4831,0.3477,32,40.0,0.325298
10,60,14,0.03,0.5,2.5,3.5,0.25,12271.19,22.7119,7.773,19.0744,0.5418,0.4075,28,38.4615,0.325127
10,60,14,0.03,0.5,2.5,3.5,0.35,12271.19,22.7119,7.773,19.0744,0.5418,0.4075,28,38.4615,0.325127
10,60,14,0.03,0.75,2.5,3.5,0.25,12271.19,22.7119,7.773,19.0744,0.5418,0.4075,28,38.4615,0.325127
10,60,14,0.03,0.75,2.5,3.5,0.35,12271.19,22.7119,7.773,19.0744,0.5418,0.4075,28,38.4615,0.325127
10,60,14,0.03,0.95,2.5,3.5,0.25,12271.19,22.7119,7.773,19.0744,0.5418,0.4075,28,38.4615,0.325127
10,60,14,0.03,0.95,2.5,3.5,0.35,12271.19,22.7119,7.773,19.0744,0.5418,0.4075,28,38.4615,0.325127
10,60,10,0.03,0.5,2.5,3.5,0.25,12143.51,21.4351,7.3615,18.2774,0.5136,0.4028,28,38.4615,0.322714
10,60,10,0.03,0.5,2.5,3.5,0.35,12143.51,21.4351,7.3615,18.2774,0.5136,0.4028,28,38.4615,0.322714
10,60,10,0.03,0.75,2.5,3.5,0.25,12143.51,21.4351,7.3615,18.2774,0.5136,0.4028,28,38.4615,0.322714
10,60,10,0.03,0.75,2.5,3.5,0.35,12143.51,21.4351,7.3615,18.2774,0.5136,0.4028,28,38.4615,0.322714
10,60,10,0.03,0.95,2.5,3.5,0.25,12143.51,21.4351,7.3615,18.2774,0.5136,0.4028,28,38.4615,0.322714
10,60,10,0.03,0.95,2.5,3.5,0.35,12143.51,21.4351,7.3615,18.2774,0.5136,0.4028,28,38.4615,0.322714
10,60,10,0.03,0.5,2.5,4.5,0.25,12831.64,28.3164,9.5479,22.4388,0.5996,0.4255,20,33.3333,0.321038
10,60,10,0.03,0.5,2.5,4.5,0.35,12831.64,28.3164,9.5479,22.4388,0.5996,0.4255,20,33.3333,0.321038
10,60,10,0.03,0.75,2.5,4.5,0.25,12831.64,28.3164,9.5479,22.4388,0.5996,0.4255,20,33.3333,0.321038
10,60,10,0.03,0.75,2.5,4.5,0.35,12831.64,28.3164,9.5479,22.4388,0.5996,0.4255,20,33.3333,0.321038
10,60,10,0.03,0.95,2.5,4.5,0.25,12831.64,28.3164,9.5479,22.4388,0.5996,0.4255,20,33.3333,0.321038
10,60,10,0.03,0.95,2.5,4.5,0.35,12831.64,28.3164,9.5479,22.4388,0.5996,0.4255,20,33.3333,0.321038
20,60,20,0.03,0.5,2.5,3.5,0.25,12384.69,23.8469,8.1365,20.1489,0.5855,0.4038,26,58.3333,0.319435
20,60,20,0.03,0.5,2.5,3.5,0.35,12384.69,23.8469,8.1365,20.1489,0.5855,0.4038,26,58.3333,0.319435
20,60,20,0.03,0.75,2.5,3.5,0.25,12384.69,23.8469,8.1365,20.1489,0.5855,0.4038,26,58.3333,0.319435
20,60,20,0.03,0.75,2.5,3.5,0.35,12384.69,23.8469,8.1365,20.1489,0.5855,0.4038,26,58.3333,0.319435
20,60,20,0.03,0.95,2.5,3.5,0.25,12384.69,23.8469,8.1365,20.1489,0.5855,0.4038,26,58.3333,0.319435
20,60,20,0.03,0.95,2.5,3.5,0.35,12384.69,23.8469,8.1365,20.1489,0.5855,0.4038,26,58.3333,0.319435
10,60,10,0.02,0.5,1.5,3.5,0.25,12388.52,23.8852,8.1488,19.799,0.5241,0.4116,28,38.4615,0.318402
10,60,10,0.02,0.5,1.5,3.5,0.35,12388.52,23.8852,8.1488,19.799,0.5241,0.4116,28,38.4615,0.318402
10,60,10,0.02,0.75,1.5,3.5,0.25,12388.52,23.8852,8.1488,19.799,0.5241,0.4116,28,38.4615,0.318402
10,60,10,0.02,0.75,1.5,3.5,0.35,12388.52,23.8852,8.1488,19.799,0.5241,0.4116,28,38.4615,0.318402
10,60,10,0.02,0.95,1.5,3.5,0.25,12388.52,23.8852,8.1488,19.799,0.5241,0.4116,28,38.4615,0.318402
10,60,10,0.02,0.95,1.5,3.5,0.35,12388.52,23.8852,8.1488,19.799,0.5241,0.4116,28,38.4615,0.318402
5,60,14,0.02,0.5,2.5,3.5,0.15,11544.93,15.4493,5.3949,14.8933,0.5234,0.3622,30,42.8571,0.317981
5,60,14,0.02,0.5,2.5,3.5,0.25,11544.93,15.4493,5.3949,14.8933,0.5234,0.3622,30,42.8571,0.317981
5,60,14,0.02,0.5,2.5,3.5,0.35,11544.93,15.4493,5.3949,14.8933,0.5234,0.3622,30,42.8571,0.317981
5,60,14,0.02,0.75,2.5,3.5,0.15,11544.93,15.4493,5.3949,14.8933,0.5234,0.3622,30,42.8571,0.317981
5,60,14,0.02,0.75,2.5,3.5,0.25,11544.93,15.4493,5.3949,14.8933,0.5234,0.3622,30,42.8571,0.317981
5,60,14,0.02,0.75,2.5,3.5,0.35,11544.93,15.4493,5.3949,14.8933,0.5234,0.3622,30,42.8571,0.317981
5,60,14,0.02,0.95,2.5,3.5,0.15,11544.93,15.4493,5.3949,14.8933,0.5234,0.3622,30,42.8571,0.317981
5,60,14,0.02,0.95,2.5,3.5,0.25,11544.93,15.4493,5.3949,14.8933,0.5234,0.3622,30,42.8571,0.317981
5,60,14,0.02,0.95,2.5,3.5,0.35,11544.93,15.4493,5.3949,14.8933,0.5234,0.3622,30,42.8571,0.317981
5,60,10,0.01,0.5,2.5,3.5,0.15,10655.76,6.5576,2.3503,7.7136,0.443,0.3047,30,42.8571,0.316159
5,60,10,0.01,0.5,2.5,3.5,0.25,10655.76,6.5576,2.3503,7.7136,0.443,0.3047,30,42.8571,0.316159
5,60,10,0.01,0.5,2.5,3.5,0.35,10655.76,6.5576,2.3503,7.7136,0.443,0.3047,30,42.8571,0.316159
5,60,10,0.01,0.75,2.5,3.5,0.15,10655.76,6.5576,2.3503,7.7136,0.443,0.3047,30,42.8571,0.316159
5,60,10,0.01,0.75,2.5,3.5,0.25,10655.76,6.5576,2.3503,7.7136,0.443,0.3047,30,42.8571,0.316159
5,60,10,0.01,0.75,2.5,3.5,0.35,10655.76,6.5576,2.3503,7.7136,0.443,0.3047,30,42.8571,0.316159
5,60,10,0.01,0.95,2.5,3.5,0.15,10655.76,6.5576,2.3503,7.7136,0.443,0.3047,30,42.8571,0.316159
5,60,10,0.01,0.95,2.5,3.5,0.25,10655.76,6.5576,2.3503,7.7136,0.443,0.3047,30,42.8571,0.316159
5,60,10,0.01,0.95,2.5,3.5,0.35,10655.76,6.5576,2.3503,7.7136,0.443,0.3047,30,42.8571,0.316159
5,60,14,0.03,0.5,2.5,4.5,0.25,12784.92,27.8492,9.4018,22.4864,0.6043,0.4181,24,45.4545,0.314112
5,60,14,0.03,0.5,2.5,4.5,0.35,12784.92,27.8492,9.4018,22.4864,0.6043,0.4181,24,45.4545,0.314112
5,60,14,0.03,0.75,2.5,4.5,0.25,12784.92,27.8492,9.4018,22.4864,0.6043,0.4181,24,45.4545,0.314112
5,60,14,0.03,0.75,2.5,4.5,0.35,12784.92,27.8492,9.4018,22.4864,0.6043,0.4181,24,45.4545,0.314112
5,60,14,0.03,0.95,2.5,4.5,0.25,12784.92,27.8492,9.4018,22.4864,0.6043,0.4181,24,45.4545,0.314112
5,60,14,0.03,0.95,2.5,4.5,0.35,12784.92,27.8492,9.4018,22.4864,0.6043,0.4181,24,45.4545,0.314112
10,120,14,0.03,0.5,1.5,2.5,0.15,11517.9,15.179,5.825,15.8845,0.5296,0.3667,8,50.0,0.31378
10,120,14,0.03,0.75,1.5,2.5,0.15,11517.9,15.179,5.825,15.8845,0.5296,0.3667,8,50.0,0.31378
10,120,14,0.03,0.95,1.5,2.5,0.15,11517.9,15.179,5.825,15.8845,0.5296,0.3667,8,50.0,0.31378
5,60,14,0.02,0.5,3.5,3.5,0.15,11034.34,10.3434,3.6655,11.1843,0.4821,0.3277,30,42.8571,0.31231
5,60,14,0.02,0.5,3.5,3.5,0.25,11034.34,10.3434,3.6655,11.1843,0.4821,0.3277,30,42.8571,0.31231
5,60,14,0.02,0.5,3.5,3.5,0.35,11034.34,10.3434,3.6655,11.1843,0.4821,0.3277,30,42.8571,0.31231
5,60,14,0.02,0.75,3.5,3.5,0.15,11034.34,10.3434,3.6655,11.1843,0.4821,0.3277,30,42.8571,0.31231
5,60,14,0.02,0.75,3.5,3.5,0.25,11034.34,10.3434,3.6655,11.1843,0.4821,0.3277,30,42.8571,0.31231
5,60,14,0.02,0.75,3.5,3.5,0.35,11034.34,10.3434,3.6655,11.1843,0.4821,0.3277,30,42.8571,0.31231
5,60,14,0.02,0.95,3.5,3.5,0.15,11034.34,10.3434,3.6655,11.1843,0.4821,0.3277,30,42.8571,0.31231
5,60,14,0.02,0.95,3.5,3.5,0.25,11034.34,10.3434,3.6655,11.1843,0.4821,0.3277,30,42.8571,0.31231
5,60,14,0.02,0.95,3.5,3.5,0.35,11034.34,10.3434,3.6655,11.1843,0.4821,0.3277,30,42.8571,0.31231
5,120,14,0.03,0.5,1.5,2.5,0.15,11512.71,15.1271,5.8059,15.8905,0.5192,0.3654,8,50.0,0.310298
5,120,14,0.03,0.75,1.5,2.5,0.15,11512.71,15.1271,5.8059,15.8905,0.5192,0.3654,8,50.0,0.310298
5,120,14,0.03,0.95,1.5,2.5,0.15,11512.71,15.1271,5.8059,15.8905,0.5192,0.3654,8,50.0,0.310298
5,60,20,0.02,0.5,1.5,2.5,0.25,12789.28,27.8928,9.4155,23.1262,0.6706,0.4071,44,33.3333,0.309999
5,60,20,0.02,0.5,1.5,2.5,0.35,12789.28,27.8928,9.4155,23.1262,0.6706,0.4071,44,33.3333,0.309999
5,60,20,0.02,0.75,1.5,2.5,0.25,12789.28,27.8928,9.4155,23.1262,0.6706,0.4071,44,33.3333,0.309999
5,60,20,0.02,0.75,1.5,2.5,0.35,12789.28,27.8928,9.4155,23.1262,0.6706,0.4071,44,33.3333,0.309999
5,60,20,0.02,0.95,1.5,2.5,0.25,12789.28,27.8928,9.4155,23.1262,0.6706,0.4071,44,33.3333,0.309999
5,60,20,0.02,0.95,1.5,2.5,0.35,12789.28,27.8928,9.4155,23.1262,0.6706,0.4071,44,33.3333,0.309999
10,60,10,0.02,0.5,1.5,4.5,0.25,13140.66,31.4066,10.5055,24.36,0.609,0.4313,20,33.3333,0.309462
10,60,10,0.02,0.5,1.5,4.5,0.35,13140.66,31.4066,10.5055,24.36,0.609,0.4313,20,33.3333,0.309462
10,60,10,0.02,0.75,1.5,4.5,0.25,13140.66,31.4066,10.5055,24.36,0.609,0.4313,20,33.3333,0.309462
10,60,10,0.02,0.75,1.5,4.5,0.35,13140.66,31.4066,10.5055,24.36,0.609,0.4313,20,33.3333,0.309462
10,60,10,0.02,0.95,1.5,4.5,0.25,13140.66,31.4066,10.5055,24.36,0.609,0.4313,20,33.3333,0.309462
10,60,10,0.02,0.95,1.5,4.5,0.35,13140.66,31.4066,10.5055,24.36,0.609,0.4313,20,33.3333,0.309462
5,60,14,0.02,0.5,1.5,4.5,0.25,12956.22,29.5622,9.9357,23.8224,0.6024,0.4171,26,41.6667,0.29933
5,60,14,0.02,0.5,1.5,4.5,0.35,12956.22,29.5622,9.9357,23.8224,0.6024,0.4171,26,41.6667,0.29933
5,60,14,0.02,0.75,1.5,4.5,0.25,12956.22,29.5622,9.9357,23.8224,0.6024,0.4171,26,41.6667,0.29933
5,60,14,0.02,0.75,1.5,4.5,0.35,12956.22,29.5622,9.9357,23.8224,0.6024,0.4171,26,41.6667,0.29933
5,60,14,0.02,0.95,1.5,4.5,0.25,12956.22,29.5622,9.9357,23.8224,0.6024,0.4171,26,41.6667,0.29933
5,60,14,0.02,0.95,1.5,4.5,0.35,12956.22,29.5622,9.9357,23.8224,0.6024,0.4171,26,41.6667,0.29933
10,120,10,0.03,0.5,1.5,4.5,0.15,11833.57,18.3357,6.9776,18.5637,0.5401,0.3759,2,100.0,0.298254
10,120,10,0.03,0.75,1.5,4.5,0.15,11833.57,18.3357,6.9776,18.5637,0.5401,0.3759,2,100.0,0.298254
10,120,10,0.03,0.95,1.5,4.5,0.15,11833.57,18.3357,6.9776,18.5637,0.5401,0.3759,2,100.0,0.298254
10,30,10,0.03,0.5,1.5,2.5,0.15,11716.68,17.1668,5.7098,15.6055,0.442,0.3659,24,50.0,0.298232
10,30,10,0.03,0.75,1.5,2.5,0.15,11716.68,17.1668,5.7098,15.6055,0.442,0.3659,24,50.0,0.298232
10,30,10,0.03,0.95,1.5,2.5,0.15,11716.68,17.1668,5.7098,15.6055,0.442,0.3659,24,50.0,0.298232
5,120,10,0.02,0.5,1.5,4.5,0.15,11394.59,13.9459,5.3697,15.3776,0.5079,0.3492,2,100.0,0.296994
5,120,10,0.02,0.75,1.5,4.5,0.15,11394.59,13.9459,5.3697,15.3776,0.5079,0.3492,2,100.0,0.296994
5,120,10,0.02,0.95,1.5,4.5,0.15,11394.59,13.9459,5.3697,15.3776,0.5079,0.3492,2,100.0,0.296994
10,120,20,0.02,0.5,1.5,4.5,0.15,11369.16,13.6916,5.2754,15.2457,0.5134,0.346,6,33.3333,0.296239
10,120,20,0.02,0.75,1.5,4.5,0.15,11369.16,13.6916,5.2754,15.2457,0.5134,0.346,6,33.3333,0.296239
10,120,20,0.02,0.95,1.5,4.5,0.15,11369.16,13.6916,5.2754,15.2457,0.5134,0.346,6,33.3333,0.296239
20,30,20,0.03,0.5,1.5,2.5,0.15,11840.7,18.407,6.1006,16.5272,0.4607,0.3691,26,61.5385,0.295986
20,30,20,0.03,0.75,1.5,2.5,0.15,11840.7,18.407,6.1006,16.5272,0.4607,0.3691,26,61.5385,0.295986
20,30,20,0.03,0.95,1.5,2.5,0.15,11840.7,18.407,6.1006,16.5272,0.4607,0.3691,26,61.5385,0.295986
5,120,20,0.02,0.5,1.5,4.5,0.15,11363.14,13.6314,5.253,15.2108,0.5091,0.3453,6,33.3333,0.295061
5,120,20,0.02,0.75,1.5,4.5,0.15,11363.14,13.6314,5.253,15.2108,0.5091,0.3453,6,33.3333,0.295061
5,120,20,0.02,0.95,1.5,4.5,0.15,11363.14,13.6314,5.253,15.2108,0.5091,0.3453,6,33.3333,0.295061
5,60,10,0.01,0.5,3.5,3.5,0.15,10432.54,4.3254,1.5608,5.7707,0.409,0.2705,30,42.8571,0.294572
5,60,10,0.01,0.5,3.5,3.5,0.25,10432.54,4.3254,1.5608,5.7707,0.409,0.2705,30,42.8571,0.294572
5,60,10,0.01,0.5,3.5,3.5,0.35,10432.54,4.3254,1.5608,5.7707,0.409,0.2705,30,42.8571,0.294572
5,60,10,0.01,0.75,3.5,3.5,0.15,10432.54,4.3254,1.5608,5.7707,0.409,0.2705,30,42.8571,0.294572
5,60,10,0.01,0.75,3.5,3.5,0.25,10432.54,4.3254,1.5608,5.7707,0.409,0.2705,30,42.8571,0.294572
5,60,10,0.01,0.75,3.5,3.5,0.35,10432.54,4.3254,1.5608,5.7707,0.409,0.2705,30,42.8571,0.294572
5,60,10,0.01,0.95,3.5,3.5,0.15,10432.54,4.3254,1.5608,5.7707,0.409,0.2705,30,42.8571,0.294572
5,60,10,0.01,0.95,3.5,3.5,0.25,10432.54,4.3254,1.5608,5.7707,0.409,0.2705,30,42.8571,0.294572
5,60,10,0.01,0.95,3.5,3.5,0.35,10432.54,4.3254,1.5608,5.7707,0.409,0.2705,30,42.8571,0.294572
5,120,14,0.02,0.5,1.5,4.5,0.15,11361.52,13.6152,5.247,15.2228,0.5085,0.3447,6,33.3333,0.294163
5,120,14,0.02,0.75,1.5,4.5,0.15,11361.52,13.6152,5.247,15.2228,0.5085,0.3447,6,33.3333,0.294163
5,120,14,0.02,0.95,1.5,4.5,0.15,11361.52,13.6152,5.247,15.2228,0.5085,0.3447,6,33.3333,0.294163
10,120,14,0.02,0.5,1.5,4.5,0.15,11338.92,13.3892,5.1631,15.1872,0.5134,0.34,6,33.3333,0.290766
10,120,14,0.02,0.75,1.5,4.5,0.15,11338.92,13.3892,5.1631,15.1872,0.5134,0.34,6,33.3333,0.290766
10,120,14,0.02,0.95,1.5,4.5,0.15,11338.92,13.3892,5.1631,15.1872,0.5134,0.34,6,33.3333,0.290766
10,60,20,0.03,0.5,1.5,2.5,0.15,11530.38,15.3038,5.3463,15.4964,0.4989,0.345,8,50.0,0.289824
10,60,20,0.03,0.75,1.5,2.5,0.15,11530.38,15.3038,5.3463,15.4964,0.4989,0.345,8,50.0,0.289824
10,60,20,0.03,0.95,1.5,2.5,0.15,11530.38,15.3038,5.3463,15.4964,0.4989,0.345,8,50.0,0.289824
5,60,14,0.03,0.5,3.5,3.5,0.25,11614.8,16.148,5.6277,16.2394,0.5144,0.3465,30,42.8571,0.287029
5,60,14,0.03,0.5,3.5,3.5,0.35,11614.8,16.148,5.6277,16.2394,0.5144,0.3465,30,42.8571,0.287029
5,60,14,0.03,0.75,3.5,3.5,0.25,11614.8,16.148,5.6277,16.2394,0.5144,0.3465,30,42.8571,0.287029
5,60,14,0.03,0.75,3.5,3.5,0.35,11614.8,16.148,5.6277,16.2394,0.5144,0.3465,30,42.8571,0.287029
5,60,14,0.03,0.95,3.5,3.5,0.25,11614.8,16.148,5.6277,16.2394,0.5144,0.3465,30,42.8571,0.287029
5,60,14,0.03,0.95,3.5,3.5,0.35,11614.8,16.148,5.6277,16.2394,0.5144,0.3465,30,42.8571,0.287029
5,60,20,0.02,0.5,1.5,4.5,0.25,13002.0,30.02,10.0776,24.6025,0.6074,0.4096,28,38.4615,0.285076
5,60,20,0.02,0.5,1.5,4.5,0.35,13002.0,30.02,10.0776,24.6025,0.6074,0.4096,28,38.4615,0.285076
5,60,20,0.02,0.75,1.5,4.5,0.25,13002.0,30.02,10.0776,24.6025,0.6074,0.4096,28,38.4615,0.285076
5,60,20,0.02,0.75,1.5,4.5,0.35,13002.0,30.02,10.0776,24.6025,0.6074,0.4096,28,38.4615,0.285076
5,60,20,0.02,0.95,1.5,4.5,0.25,13002.0,30.02,10.0776,24.6025,0.6074,0.4096,28,38.4615,0.285076
5,60,20,0.02,0.95,1.5,4.5,0.35,13002.0,30.02,10.0776,24.6025,0.6074,0.4096,28,38.4615,0.285076
20,60,14,0.03,0.5,1.5,2.5,0.35,13930.58,39.3058,12.8902,29.2598,0.6801,0.4405,38,38.8889,0.283972
20,60,14,0.03,0.75,1.5,2.5,0.35,13930.58,39.3058,12.8902,29.2598,0.6801,0.4405,38,38.8889,0.283972
20,60,14,0.03,0.95,1.5,2.5,0.35,13930.58,39.3058,12.8902,29.2598,0.6801,0.4405,38,38.8889,0.283972
20,60,20,0.03,0.5,1.5,2.5,0.15,11498.56,14.9856,5.2398,15.4497,0.4876,0.3392,8,50.0,0.282174
20,60,20,0.03,0.75,1.5,2.5,0.15,11498.56,14.9856,5.2398,15.4497,0.4876,0.3392,8,50.0,0.282174
20,60,20,0.03,0.95,1.5,2.5,0.15,11498.56,14.9856,5.2398,15.4497,0.4876,0.3392,8,50.0,0.282174
5,30,10,0.03,0.5,2.5,4.5,0.15,11618.9,16.189,5.3997,16.1821,0.5356,0.3337,24,41.6667,0.278987
5,30,10,0.03,0.75,2.5,4.5,0.15,11618.9,16.189,5.3997,16.1821,0.5356,0.3337,24,41.6667,0.278987
5,30,10,0.03,0.95,2.5,4.5,0.15,11618.9,16.189,5.3997,16.1821,0.5356,0.3337,24,41.6667,0.278987
20,60,20,0.02,0.5,1.5,2.5,0.25,12541.24,25.4124,8.6345,22.8045,0.6334,0.3786,38,38.8889,0.277273
20,60,20,0.02,0.5,1.5,2.5,0.35,12541.24,25.4124,8.6345,22.8045,0.6334,0.3786,38,38.8889,0.277273
20,60,20,0.02,0.75,1.5,2.5,0.25,12541.24,25.4124,8.6345,22.8045,0.6334,0.3786,38,38.8889,0.277273
20,60,20,0.02,0.75,1.5,2.5,0.35,12541.24,25.4124,8.6345,22.8045,0.6334,0.3786,38,38.8889,0.277273
20,60,20,0.02,0.95,1.5,2.5,0.25,12541.24,25.4124,8.6345,22.8045,0.6334,0.3786,38,38.8889,0.277273
20,60,20,0.02,0.95,1.5,2.5,0.35,12541.24,25.4124,8.6345,22.8045,0.6334,0.3786,38,38.8889,0.277273
20,120,10,0.02,0.5,1.5,4.5,0.15,11371.54,13.7154,5.2842,15.9387,0.5203,0.3315,4,50.0,0.276214
20,120,10,0.02,0.75,1.5,4.5,0.15,11371.54,13.7154,5.2842,15.9387,0.5203,0.3315,4,50.0,0.276214
20,120,10,0.02,0.95,1.5,4.5,0.15,11371.54,13.7154,5.2842,15.9387,0.5203,0.3315,4,50.0,0.276214
5,60,20,0.03,0.5,1.5,2.5,0.15,11471.48,14.7148,5.1491,15.4806,0.4849,0.3326,8,50.0,0.274785
5,60,20,0.03,0.75,1.5,2.5,0.15,11471.48,14.7148,5.1491,15.4806,0.4849,0.3326,8,50.0,0.274785
5,60,20,0.03,0.95,1.5,2.5,0.15,11471.48,14.7148,5.1491,15.4806,0.4849,0.3326,8,50.0,0.274785
20,60,20,0.03,0.5,1.5,3.5,0.35,14106.63,41.0663,13.41,30.0568,0.6415,0.4462,28,53.8462,0.273876
20,60,20,0.03,0.75,1.5,3.5,0.35,14106.63,41.0663,13.41,30.0568,0.6415,0.4462,28,53.8462,0.273876
20,60,20,0.03,0.95,1.5,3.5,0.35,14106.63,41.0663,13.41,30.0568,0.6415,0.4462,28,53.8462,0.273876
10,60,14,0.03,0.5,1.5,3.5,0.35,13845.16,38.4516,12.6366,28.6587,0.5941,0.4409,28,38.4615,0.273174
10,60,14,0.03,0.75,1.5,3.5,0.35,13845.16,38.4516,12.6366,28.6587,0.5941,0.4409,28,38.4615,0.273174
10,60,14,0.03,0.95,1.5,3.5,0.35,13845.16,38.4516,12.6366,28.6587,0.5941,0.4409,28,38.4615,0.273174
20,30,14,0.03,0.5,1.5,2.5,0.15,11704.98,17.0498,5.6728,16.3357,0.4295,0.3473,26,61.5385,0.269808
20,30,14,0.03,0.75,1.5,2.5,0.15,11704.98,17.0498,5.6728,16.3357,0.4295,0.3473,26,61.5385,0.269808
20,30,14,0.03,0.95,1.5,2.5,0.15,11704.98,17.0498,5.6728,16.3357,0.4295,0.3473,26,61.5385,0.269808
5,60,10,0.02,0.5,3.5,3.5,0.15,10914.58,9.1458,3.2526,11.1492,0.4462,0.2917,30,42.8571,0.269477
5,60,10,0.02,0.5,3.5,3.5,0.25,10914.58,9.1458,3.2526,11.1492,0.4462,0.2917,30,42.8571,0.269477
5,60,10,0.02,0.5,3.5,3.5,0.35,10914.58,9.1458,3.2526,11.1492,0.4462,0.2917,30,42.8571,0.269477
5,60,10,0.02,0.75,3.5,3.5,0.15,10914.58,9.1458,3.2526,11.1492,0.4462,0.2917,30,42.8571,0.269477
5,60,10,0.02,0.75,3.5,3.5,0.25,10914.58,9.1458,3.2526,11.1492,0.4462,0.2917,30,42.8571,0.269477
5,60,10,0.02,0.75,3.5,3.5,0.35,10914.58,9.1458,3.2526,11.1492,0.4462,0.2917,30,42.8571,0.269477
5,60,10,0.02,0.95,3.5,3.5,0.15,10914.58,9.1458,3.2526,11.1492,0.4462,0.2917,30,42.8571,0.269477
5,60,10,0.02,0.95,3.5,3.5,0.25,10914.58,9.1458,3.2526,11.1492,0.4462,0.2917,30,42.8571,0.269477
5,60,10,0.02,0.95,3.5,3.5,0.35,10914.58,9.1458,3.2526,11.1492,0.4462,0.2917,30,42.8571,0.269477
10,30,10,0.03,0.5,1.5,3.5,0.15,11580.85,15.8085,5.2786,15.4984,0.4006,0.3406,14,57.1429,0.265737
10,30,10,0.03,0.75,1.5,3.5,0.15,11580.85,15.8085,5.2786,15.4984,0.4006,0.3406,14,57.1429,0.265737
10,30,10,0.03,0.95,1.5,3.5,0.15,11580.85,15.8085,5.2786,15.4984,0.4006,0.3406,14,57.1429,0.265737
5,60,10,0.01,0.5,1.5,4.5,0.15,11223.49,12.2349,4.312,13.9766,0.4761,0.3085,26,41.6667,0.263962
5,60,10,0.01,0.5,1.5,4.5,0.25,11223.49,12.2349,4.312,13.9766,0.4761,0.3085,26,41.6667,0.263962
5,60,10,0.01,0.5,1.5,4.5,0.35,11223.49,12.2349,4.312,13.9766,0.4761,0.3085,26,41.6667,0.263962
5,60,10,0.01,0.75,1.5,4.5,0.15,11223.49,12.2349,4.312,13.9766,0.4761,0.3085,26,41.6667,0.263962
5,60,10,0.01,0.75,1.5,4.5,0.25,11223.49,12.2349,4.312,13.9766,0.4761,0.3085,26,41.6667,0.263962
5,60,10,0.01,0.75,1.5,4.5,0.35,11223.49,12.2349,4.312,13.9766,0.4761,0.3085,26,41.6667,0.263962
5,60,10,0.01,0.95,1.5,4.5,0.15,11223.49,12.2349,4.312,13.9766,0.4761,0.3085,26,41.6667,0.263962
5,60,10,0.01,0.95,1.5,4.5,0.25,11223.49,12.2349,4.312,13.9766,0.4761,0.3085,26,41.6667,0.263962
5,60,10,0.01,0.95,1.5,4.5,0.35,11223.49,12.2349,4.312,13.9766,0.4761,0.3085,26,41.6667,0.263962
5,60,10,0.01,0.5,3.5,4.5,0.15,10457.19,4.5719,1.6485,6.6413,0.4068,0.2482,24,45.4545,0.26316
5,60,10,0.01,0.5,3.5,4.5,0.25,10457.19,4.5719,1.6485,6.6413,0.4068,0.2482,24,45.4545,0.26316
5,60,10,0.01,0.5,3.5,4.5,0.35,10457.19,4.5719,1.6485,6.6413,0.4068,0.2482,24,45.4545,0.26316
5,60,10,0.01,0.75,3.5,4.5,0.15,10457.19,4.5719,1.6485,6.6413,0.4068,0.2482,24,45.4545,0.26316
5,60,10,0.01,0.75,3.5,4.5,0.25,10457.19,4.5719,1.6485,6.6413,0.4068,0.2482,24,45.4545,0.26316
5,60,10,0.01,0.75,3.5,4.5,0.35,10457.19,4.5719,1.6485,6.6413,0.4068,0.2482,24,45.4545,0.26316
5,60,10,0.01,0.95,3.5,4.5,0.15,10457.19,4.5719,1.6485,6.6413,0.4068,0.2482,24,45.4545,0.26316
5,60,10,0.01,0.95,3.5,4.5,0.25,10457.19,4.5719,1.6485,6.6413,0.4068,0.2482,24,45.4545,0.26316
5,60,10,0.01,0.95,3.5,4.5,0.35,10457.19,4.5719,1.6485,6.6413,0.4068,0.2482,24,45.4545,0.26316
10,60,10,0.03,0.5,1.5,3.5,0.35,13601.65,36.0165,11.9079,27.98,0.5645,0.4256,28,38.4615,0.258687
10,60,10,0.03,0.75,1.5,3.5,0.35,13601.65,36.0165,11.9079,27.98,0.5645,0.4256,28,38.4615,0.258687
10,60,10,0.03,0.95,1.5,3.5,0.35,13601.65,36.0165,11.9079,27.98,0.5645,0.4256,28,38.4615,0.258687
10,60,10,0.03,0.5,1.5,4.5,0.35,14716.87,47.1687,15.1803,33.1323,0.6472,0.4582,20,33.3333,0.256295
10,60,10,0.03,0.75,1.5,4.5,0.35,14716.87,47.1687,15.1803,33.1323,0.6472,0.4582,20,33.3333,0.256295
10,60,10,0.03,0.95,1.5,4.5,0.35,14716.87,47.1687,15.1803,33.1323,0.6472,0.4582,20,33.3333,0.256295
5,60,10,0.01,0.5,2.5,4.5,0.15,10682.96,6.8296,2.4457,9.305,0.4318,0.2628,24,45.4545,0.256145
5,60,10,0.01,0.5,2.5,4.5,0.25,10682.96,6.8296,2.4457,9.305,0.4318,0.2628,24,45.4545,0.256145
5,60,10,0.01,0.5,2.5,4.5,0.35,10682.96,6.8296,2.4457,9.305,0.4318,0.2628,24,45.4545,0.256145
5,60,10,0.01,0.75,2.5,4.5,0.15,10682.96,6.8296,2.4457,9.305,0.4318,0.2628,24,45.4545,0.256145
5,60,10,0.01,0.75,2.5,4.5,0.25,10682.96,6.8296,2.4457,9.305,0.4318,0.2628,24,45.4545,0.256145
5,60,10,0.01,0.75,2.5,4.5,0.35,10682.96,6.8296,2.4457,9.305,0.4318,0.2628,24,45.4545,0.256145
5,60,10,0.01,0.95,2.5,4.5,0.15,10682.96,6.8296,2.4457,9.305,0.4318,0.2628,24,45.4545,0.256145
5,60,10,0.01,0.95,2.5,4.5,0.25,10682.96,6.8296,2.4457,9.305,0.4318,0.2628,24,45.4545,0.256145
5,60,10,0.01,0.95,2.5,4.5,0.35,10682.96,6.8296,2.4457,9.305,0.4318,0.2628,24,45.4545,0.256145
5,30,10,0.02,0.5,1.5,4.5,0.15,11759.87,17.5987,5.8462,17.8593,0.5348,0.3273,26,46.1538,0.255709
5,30,10,0.02,0.75,1.5,4.5,0.15,11759.87,17.5987,5.8462,17.8593,0.5348,0.3273,26,46.1538,0.255709
5,30,10,0.02,0.95,1.5,4.5,0.15,11759.87,17.5987,5.8462,17.8593,0.5348,0.3273,26,46.1538,0.255709
5,60,14,0.03,0.5,2.5,3.5,0.25,12268.76,22.6876,7.7652,21.4475,0.5383,0.3621,30,42.8571,0.255237
5,60,14,0.03,0.5,2.5,3.5,0.35,12268.76,22.6876,7.7652,21.4475,0.5383,0.3621,30,42.8571,0.255237
5,60,14,0.03,0.75,2.5,3.5,0.25,12268.76,22.6876,7.7652,21.4475,0.5383,0.3621,30,42.8571,0.255237
5,60,14,0.03,0.75,2.5,3.5,0.35,12268.76,22.6876,7.7652,21.4475,0.5383,0.3621,30,42.8571,0.255237
5,60,14,0.03,0.95,2.5,3.5,0.25,12268.76,22.6876,7.7652,21.4475,0.5383,0.3621,30,42.8571,0.255237
5,60,14,0.03,0.95,2.5,3.5,0.35,12268.76,22.6876,7.7652,21.4475,0.5383,0.3621,30,42.8571,0.255237
20,60,14,0.01,0.5,1.5,3.5,0.15,11016.55,10.1655,3.6044,12.4274,0.4424,0.29,28,46.1538,0.254248
20,60,14,0.01,0.5,1.5,3.5,0.25,11016.55,10.1655,3.6044,12.4274,0.4424,0.29,28,46.1538,0.254248
20,60,14,0.01,0.5,1.5,3.5,0.35,11016.55,10.1655,3.6044,12.4274,0.4424,0.29,28,46.1538,0.254248
20,60,14,0.01,0.75,1.5,3.5,0.15,11016.55,10.1655,3.6044,12.4274,0.4424,0.29,28,46.1538,0.254248
20,60,14,0.01,0.75,1.5,3.5,0.25,11016.55,10.1655,3.6044,12.4274,0.4424,0.29,28,46.1538,0.254248
20,60,14,0.01,0.75,1.5,3.5,0.35,11016.55,10.1655,3.6044,12.4274,0.4424,0.29,28,46.1538,0.254248
20,60,14,0.01,0.95,1.5,3.5,0.15,11016.55,10.1655,3.6044,12.4274,0.4424,0.29,28,46.1538,0.254248
20,60,14,0.01,0.95,1.5,3.5,0.25,11016.55,10.1655,3.6044,12.4274,0.4424,0.29,28,46.1538,0.254248
20,60,14,0.01,0.95,1.5,3.5,0.35,11016.55,10.1655,3.6044,12.4274,0.4424,0.29,28,46.1538,0.254248
5,30,20,0.03,0.5,2.5,4.5,0.15,11373.44,13.7344,4.6139,15.1051,0.4966,0.3055,24,41.6667,0.253713
5,30,20,0.03,0.75,2.5,4.5,0.15,11373.44,13.7344,4.6139,15.1051,0.4966,0.3055,24,41.6667,0.253713
5,30,20,0.03,0.95,2.5,4.5,0.15,11373.44,13.7344,4.6139,15.1051,0.4966,0.3055,24,41.6667,0.253713
5,60,10,0.03,0.5,1.5,2.5,0.15,11409.26,14.0926,4.9402,15.2832,0.4074,0.3232,20,40.0,0.251881
5,60,10,0.03,0.75,1.5,2.5,0.15,11409.26,14.0926,4.9402,15.2832,0.4074,0.3232,20,40.0,0.251881
5,60,10,0.03,0.95,1.5,2.5,0.15,11409.26,14.0926,4.9402,15.2832,0.4074,0.3232,20,40.0,0.251881
5,60,14,0.03,0.5,1.5,4.5,0.35,14509.2,45.092,14.5831,32.5615,0.6477,0.4479,26,41.6667,0.251788
5,60,14,0.03,0.75,1.5,4.5,0.35,14509.2,45.092,14.5831,32.5615,0.6477,0.4479,26,41.6667,0.251788
5,60,14,0.03,0.95,1.5,4.5,0.35,14509.2,45.092,14.5831,32.5615,0.6477,0.4479,26,41.6667,0.251788
10,120,20,0.03,0.5,2.5,4.5,0.15,11181.24,11.8124,4.5747,15.1157,0.4797,0.3026,6,33.3333,0.247439
10,120,20,0.03,0.75,2.5,4.5,0.15,11181.24,11.8124,4.5747,15.1157,0.4797,0.3026,6,33.3333,0.247439
10,120,20,0.03,0.95,2.5,4.5,0.15,11181.24,11.8124,4.5747,15.1157,0.4797,0.3026,6,33.3333,0.247439
20,60,10,0.01,0.5,1.5,3.5,0.15,11007.65,10.0765,3.5737,12.5745,0.4401,0.2842,28,46.1538,0.246472
20,60,10,0.01,0.5,1.5,3.5,0.25,11007.65,10.0765,3.5737,12.5745,0.4401,0.2842,28,46.1538,0.246472
20,60,10,0.01,0.5,1.5,3.5,0.35,11007.65,10.0765,3.5737,12.5745,0.4401,0.2842,28,46.1538,0.246472
20,60,10,0.01,0.75,1.5,3.5,0.15,11007.65,10.0765,3.5737,12.5745,0.4401,0.2842,28,46.1538,0.246472
20,60,10,0.01,0.75,1.5,3.5,0.25,11007.65,10.0765,3.5737,12.5745,0.4401,0.2842,28,46.1538,0.246472
20,60,10,0.01,0.75,1.5,3.5,0.35,11007.65,10.0765,3.5737,12.5745,0.4401,0.2842,28,46.1538,0.246472
20,60,10,0.01,0.95,1.5,3.5,0.15,11007.65,10.0765,3.5737,12.5745,0.4401,0.2842,28,46.1538,0.246472
20,60,10,0.01,0.95,1.5,3.5,0.25,11007.65,10.0765,3.5737,12.5745,0.4401,0.2842,28,46.1538,0.246472
20,60,10,0.01,0.95,1.5,3.5,0.35,11007.65,10.0765,3.5737,12.5745,0.4401,0.2842,28,46.1538,0.246472
5,60,10,0.02,0.5,1.5,3.5,0.25,12369.58,23.6958,8.0883,22.3254,0.5299,0.3623,32,40.0,0.245016
5,60,10,0.02,0.5,1.5,3.5,0.35,12369.58,23.6958,8.0883,22.3254,0.5299,0.3623,32,40.0,0.245016
5,60,10,0.02,0.75,1.5,3.5,0.25,12369.58,23.6958,8.0883,22.3254,0.5299,0.3623,32,40.0,0.245016
5,60,10,0.02,0.75,1.5,3.5,0.35,12369.58,23.6958,8.0883,22.3254,0.5299,0.3623,32,40.0,0.245016
5,60,10,0.02,0.95,1.5,3.5,0.25,12369.58,23.6958,8.0883,22.3254,0.5299,0.3623,32,40.0,0.245016
5,60,10,0.02,0.95,1.5,3.5,0.35,12369.58,23.6958,8.0883,22.3254,0.5299,0.3623,32,40.0,0.245016
5,30,14,0.03,0.5,2.5,4.5,0.15,11438.02,14.3802,4.8217,16.0083,0.5003,0.3012,24,41.6667,0.24117
5,30,14,0.03,0.75,2.5,4.5,0.15,11438.02,14.3802,4.8217,16.0083,0.5003,0.3012,24,41.6667,0.24117
5,30,14,0.03,0.95,2.5,4.5,0.15,11438.02,14.3802,4.8217,16.0083,0.5003,0.3012,24,41.6667,0.24117
20,60,14,0.03,0.5,1.5,2.5,0.15,11299.11,12.9911,4.5685,15.1013,0.4359,0.3025,10,40.0,0.23868
20,60,14,0.03,0.75,1.5,2.5,0.15,11299.11,12.9911,4.5685,15.1013,0.4359,0.3025,10,40.0,0.23868
20,60,14,0.03,0.95,1.5,2.5,0.15,11299.11,12.9911,4.5685,15.1013,0.4359,0.3025,10,40.0,0.23868
5,30,20,0.02,0.5,1.5,4.5,0.15,11521.74,15.2174,5.09,16.7402,0.5,0.3041,26,46.1538,0.236656
5,30,20,0.02,0.75,1.5,4.5,0.15,11521.74,15.2174,5.09,16.7402,0.5,0.3041,26,46.1538,0.236656
5,30,20,0.02,0.95,1.5,4.5,0.15,11521.74,15.2174,5.09,16.7402,0.5,0.3041,26,46.1538,0.236656
5,60,10,0.02,0.5,2.5,3.5,0.25,11255.8,12.558,4.4217,15.0102,0.4529,0.2946,30,42.8571,0.235068
5,60,10,0.02,0.5,2.5,3.5,0.35,11255.8,12.558,4.4217,15.0102,0.4529,0.2946,30,42.8571,0.235068
5,60,10,0.02,0.75,2.5,3.5,0.25,11255.8,12.558,4.4217,15.0102,0.4529,0.2946,30,42.8571,0.235068
5,60,10,0.02,0.75,2.5,3.5,0.35,11255.8,12.558,4.4217,15.0102,0.4529,0.2946,30,42.8571,0.235068
5,60,10,0.02,0.95,2.5,3.5,0.25,11255.8,12.558,4.4217,15.0102,0.4529,0.2946,30,42.8571,0.235068
5,60,10,0.02,0.95,2.5,3.5,0.35,11255.8,12.558,4.4217,15.0102,0.4529,0.2946,30,42.8571,0.235068
5,120,10,0.03,0.5,2.5,4.5,0.15,11150.7,11.507,4.4602,15.2281,0.4632,0.2929,4,50.0,0.233244
5,120,10,0.03,0.75,2.5,4.5,0.15,11150.7,11.507,4.4602,15.2281,0.4632,0.2929,4,50.0,0.233244
5,120,10,0.03,0.95,2.5,4.5,0.15,11150.7,11.507,4.4602,15.2281,0.4632,0.2929,4,50.0,0.233244
5,60,14,0.02,0.5,1.5,3.5,0.25,12385.86,23.8586,8.1403,22.9124,0.535,0.3553,32,40.0,0.233163
5,60,14,0.02,0.5,1.5,3.5,0.35,12385.86,23.8586,8.1403,22.9124,0.535,0.3553,32,40.0,0.233163
5,60,14,0.02,0.75,1.5,3.5,0.25,12385.86,23.8586,8.1403,22.9124,0.535,0.3553,32,40.0,0.233163
5,60,14,0.02,0.75,1.5,3.5,0.35,12385.86,23.8586,8.1403,22.9124,0.535,0.3553,32,40.0,0.233163
5,60,14,0.02,0.95,1.5,3.5,0.25,12385.86,23.8586,8.1403,22.9124,0.535,0.3553,32,40.0,0.233163
5,60,14,0.02,0.95,1.5,3.5,0.35,12385.86,23.8586,8.1403,22.9124,0.535,0.3553,32,40.0,0.233163
20,60,20,0.03,0.5,1.5,3.5,0.15,11308.26,13.0826,4.5994,15.3599,0.4364,0.2994,10,40.0,0.233134
20,60,20,0.03,0.75,1.5,3.5,0.15,11308.26,13.0826,4.5994,15.3599,0.4364,0.2994,10,40.0,0.233134
20,60,20,0.03,0.95,1.5,3.5,0.15,11308.26,13.0826,4.5994,15.3599,0.4364,0.2994,10,40.0,0.233134
5,60,10,0.02,0.5,3.5,4.5,0.15,10978.9,9.789,3.4747,12.8424,0.4476,0.2706,24,45.4545,0.231658
5,60,10,0.02,0.5,3.5,4.5,0.25,10978.9,9.789,3.4747,12.8424,0.4476,0.2706,24,45.4545,0.231658
5,60,10,0.02,0.5,3.5,4.5,0.35,10978.9,9.789,3.4747,12.8424,0.4476,0.2706,24,45.4545,0.231658
5,60,10,0.02,0.75,3.5,4.5,0.15,10978.9,9.789,3.4747,12.8424,0.4476,0.2706,24,45.4545,0.231658
5,60,10,0.02,0.75,3.5,4.5,0.25,10978.9,9.789,3.4747,12.8424,0.4476,0.2706,24,45.4545,0.231658
5,60,10,0.02,0.75,3.5,4.5,0.35,10978.9,9.789,3.4747,12.8424,0.4476,0.2706,24,45.4545,0.231658
5,60,10,0.02,0.95,3.5,4.5,0.15,10978.9,9.789,3.4747,12.8424,0.4476,0.2706,24,45.4545,0.231658
5,60,10,0.02,0.95,3.5,4.5,0.25,10978.9,9.789,3.4747,12.8424,0.4476,0.2706,24,45.4545,0.231658
5,60,10,0.02,0.95,3.5,4.5,0.35,10978.9,9.789,3.4747,12.8424,0.4476,0.2706,24,45.4545,0.231658
5,60,20,0.03,0.5,1.5,2.5,0.35,14077.53,40.7753,13.3243,32.3024,0.6787,0.4125,44,33.3333,0.22521
5,60,20,0.03,0.75,1.5,2.5,0.35,14077.53,40.7753,13.3243,32.3024,0.6787,0.4125,44,33.3333,0.22521
5,60,20,0.03,0.95,1.5,2.5,0.35,14077.53,40.7753,13.3243,32.3024,0.6787,0.4125,44,33.3333,0.22521
5,60,20,0.03,0.5,1.5,4.5,0.35,14465.07,44.6507,14.4555,33.627,0.6431,0.4299,28,38.4615,0.222229
5,60,20,0.03,0.75,1.5,4.5,0.35,14465.07,44.6507,14.4555,33.627,0.6431,0.4299,28,38.4615,0.222229
5,60,20,0.03,0.95,1.5,4.5,0.35,14465.07,44.6507,14.4555,33.627,0.6431,0.4299,28,38.4615,0.222229
20,60,20,0.01,0.5,3.5,3.5,0.15,10386.46,3.8646,1.3965,6.5866,0.3778,0.212,26,58.3333,0.221712
20,60,20,0.01,0.5,3.5,3.5,0.25,10386.46,3.8646,1.3965,6.5866,0.3778,0.212,26,58.3333,0.221712
20,60,20,0.01,0.5,3.5,3.5,0.35,10386.46,3.8646,1.3965,6.5866,0.3778,0.212,26,58.3333,0.221712
20,60,20,0.01,0.75,3.5,3.5,0.15,10386.46,3.8646,1.3965,6.5866,0.3778,0.212,26,58.3333,0.221712
20,60,20,0.01,0.75,3.5,3.5,0.25,10386.46,3.8646,1.3965,6.5866,0.3778,0.212,26,58.3333,0.221712
20,60,20,0.01,0.75,3.5,3.5,0.35,10386.46,3.8646,1.3965,6.5866,0.3778,0.212,26,58.3333,0.221712
20,60,20,0.01,0.95,3.5,3.5,0.15,10386.46,3.8646,1.3965,6.5866,0.3778,0.212,26,58.3333,0.221712
20,60,20,0.01,0.95,3.5,3.5,0.25,10386.46,3.8646,1.3965,6.5866,0.3778,0.212,26,58.3333,0.221712
20,60,20,0.01,0.95,3.5,3.5,0.35,10386.46,3.8646,1.3965,6.5866,0.3778,0.212,26,58.3333,0.221712
10,60,20,0.03,0.5,1.5,3.5,0.15,11290.11,12.9011,4.538,15.1976,0.3693,0.2986,14,42.8571,0.220487
10,60,20,0.03,0.75,1.5,3.5,0.15,11290.11,12.9011,4.538,15.1976,0.3693,0.2986,14,42.8571,0.220487
10,60,20,0.03,0.95,1.5,3.5,0.15,11290.11,12.9011,4.538,15.1976,0.3693,0.2986,14,42.8571,0.220487
5,30,14,0.02,0.5,1.5,4.5,0.15,11573.01,15.7301,5.2536,17.7655,0.4994,0.2957,26,46.1538,0.21795
5,30,14,0.02,0.75,1.5,4.5,0.15,11573.01,15.7301,5.2536,17.7655,0.4994,0.2957,26,46.1538,0.21795
5,30,14,0.02,0.95,1.5,4.5,0.15,11573.01,15.7301,5.2536,17.7655,0.4994,0.2957,26,46.1538,0.21795
20,60,14,0.01,0.5,2.5,3.5,0.15,10517.91,5.1791,1.864,8.2308,0.3661,0.2265,28,46.1538,0.217371
20,60,14,0.01,0.5,2.5,3.5,0.25,10517.91,5.1791,1.864,8.2308,0.3661,0.2265,28,46.1538,0.217371
20,60,14,0.01,0.5,2.5,3.5,0.35,10517.91,5.1791,1.864,8.2308,0.3661,0.2265,28,46.1538,0.217371
20,60,14,0.01,0.75,2.5,3.5,0.15,10517.91,5.1791,1.864,8.2308,0.3661,0.2265,28,46.1538,0.217371
20,60,14,0.01,0.75,2.5,3.5,0.25,10517.91,5.1791,1.864,8.2308,0.3661,0.2265,28,46.1538,0.217371
20,60,14,0.01,0.75,2.5,3.5,0.35,10517.91,5.1791,1.864,8.2308,0.3661,0.2265,28,46.1538,0.217371
20,60,14,0.01,0.95,2.5,3.5,0.15,10517.91,5.1791,1.864,8.2308,0.3661,0.2265,28,46.1538,0.217371
20,60,14,0.01,0.95,2.5,3.5,0.25,10517.91,5.1791,1.864,8.2308,0.3661,0.2265,28,46.1538,0.217371
20,60,14,0.01,0.95,2.5,3.5,0.35,10517.91,5.1791,1.864,8.2308,0.3661,0.2265,28,46.1538,0.217371
10,60,14,0.03,0.5,1.5,3.5,0.15,11282.97,12.8297,4.5138,15.6494,0.4139,0.2884,8,50.0,0.21473
10,60,14,0.03,0.75,1.5,3.5,0.15,11282.97,12.8297,4.5138,15.6494,0.4139,0.2884,8,50.0,0.21473
10,60,14,0.03,0.95,1.5,3.5,0.15,11282.97,12.8297,4.5138,15.6494,0.4139,0.2884,8,50.0,0.21473
20,60,20,0.03,0.5,1.5,2.5,0.35,13852.96,38.5296,12.6598,31.6854,0.6587,0.3995,38,38.8889,0.21443
20,60,20,0.03,0.75,1.5,2.5,0.35,13852.96,38.5296,12.6598,31.6854,0.6587,0.3995,38,38.8889,0.21443
20,60,20,0.03,0.95,1.5,2.5,0.35,13852.96,38.5296,12.6598,31.6854,0.6587,0.3995,38,38.8889,0.21443
10,30,20,0.03,0.5,1.5,4.5,0.15,11462.46,14.6246,4.9001,16.3454,0.3887,0.2998,16,37.5,0.214075
10,30,20,0.03,0.75,1.5,4.5,0.15,11462.46,14.6246,4.9001,16.3454,0.3887,0.2998,16,37.5,0.214075
10,30,20,0.03,0.95,1.5,4.5,0.15,11462.46,14.6246,4.9001,16.3454,0.3887,0.2998,16,37.5,0.214075
5,30,10,0.03,0.5,2.5,2.5,0.15,11290.05,12.9005,4.3444,15.723,0.4677,0.2763,32,43.75,0.212616
5,30,10,0.03,0.75,2.5,2.5,0.15,11290.05,12.9005,4.3444,15.723,0.4677,0.2763,32,43.75,0.212616
5,30,10,0.03,0.95,2.5,2.5,0.15,11290.05,12.9005,4.3444,15.723,0.4677,0.2763,32,43.75,0.212616
20,60,10,0.01,0.5,2.5,3.5,0.15,10510.77,5.1077,1.8387,8.2716,0.3621,0.2223,28,46.1538,0.211998
20,60,10,0.01,0.5,2.5,3.5,0.25,10510.77,5.1077,1.8387,8.2716,0.3621,0.2223,28,46.1538,0.211998
20,60,10,0.01,0.5,2.5,3.5,0.35,10510.77,5.1077,1.8387,8.2716,0.3621,0.2223,28,46.1538,0.211998
20,60,10,0.01,0.75,2.5,3.5,0.15,10510.77,5.1077,1.8387,8.2716,0.3621,0.2223,28,46.1538,0.211998
20,60,10,0.01,0.75,2.5,3.5,0.25,10510.77,5.1077,1.8387,8.2716,0.3621,0.2223,28,46.1538,0.211998
20,60,10,0.01,0.75,2.5,3.5,0.35,10510.77,5.1077,1.8387,8.2716,0.3621,0.2223,28,46.1538,0.211998
20,60,10,0.01,0.95,2.5,3.5,0.15,10510.77,5.1077,1.8387,8.2716,0.3621,0.2223,28,46.1538,0.211998
20,60,10,0.01,0.95,2.5,3.5,0.25,10510.77,5.1077,1.8387,8.2716,0.3621,0.2223,28,46.1538,0.211998
20,60,10,0.01,0.95,2.5,3.5,0.35,10510.77,5.1077,1.8387,8.2716,0.3621,0.2223,28,46.1538,0.211998
5,60,10,0.03,0.5,3.5,3.5,0.25,11303.19,13.0319,4.5823,16.2981,0.4452,0.2812,30,42.8571,0.207217
5,60,10,0.03,0.5,3.5,3.5,0.35,11303.19,13.0319,4.5823,16.2981,0.4452,0.2812,30,42.8571,0.207217
5,60,10,0.03,0.75,3.5,3.5,0.25,11303.19,13.0319,4.5823,16.2981,0.4452,0.2812,30,42.8571,0.207217
5,60,10,0.03,0.75,3.5,3.5,0.35,11303.19,13.0319,4.5823,16.2981,0.4452,0.2812,30,42.8571,0.207217
5,60,10,0.03,0.95,3.5,3.5,0.25,11303.19,13.0319,4.5823,16.2981,0.4452,0.2812,30,42.8571,0.207217
5,60,10,0.03,0.95,3.5,3.5,0.35,11303.19,13.0319,4.5823,16.2981,0.4452,0.2812,30,42.8571,0.207217
5,120,10,0.03,0.5,1.5,2.5,0.15,11407.47,14.0747,5.4174,17.9995,0.4264,0.301,18,44.4444,0.206259
5,120,10,0.03,0.75,1.5,2.5,0.15,11407.47,14.0747,5.4174,17.9995,0.4264,0.301,18,44.4444,0.206259
5,120,10,0.03,0.95,1.5,2.5,0.15,11407.47,14.0747,5.4174,17.9995,0.4264,0.301,18,44.4444,0.206259
5,60,14,0.03,0.5,1.5,3.5,0.15,11244.31,12.4431,4.3827,15.6948,0.4035,0.2792,8,50.0,0.203007
5,60,14,0.03,0.75,1.5,3.5,0.15,11244.31,12.4431,4.3827,15.6948,0.4035,0.2792,8,50.0,0.203007
5,60,14,0.03,0.95,1.5,3.5,0.15,11244.31,12.4431,4.3827,15.6948,0.4035,0.2792,8,50.0,0.203007
20,60,14,0.03,0.5,1.5,3.5,0.15,11240.39,12.4039,4.3694,15.6994,0.4014,0.2783,8,50.0,0.201593
20,60,14,0.03,0.75,1.5,3.5,0.15,11240.39,12.4039,4.3694,15.6994,0.4014,0.2783,8,50.0,0.201593
20,60,14,0.03,0.95,1.5,3.5,0.15,11240.39,12.4039,4.3694,15.6994,0.4014,0.2783,8,50.0,0.201593
5,30,14,0.02,0.5,1.5,2.5,0.15,11201.08,12.0108,4.0555,15.1144,0.4212,0.2683,32,43.75,0.201418
5,30,14,0.02,0.75,1.5,2.5,0.15,11201.08,12.0108,4.0555,15.1144,0.4212,0.2683,32,43.75,0.201418
5,30,14,0.02,0.95,1.5,2.5,0.15,11201.08,12.0108,4.0555,15.1144,0.4212,0.2683,32,43.75,0.201418
20,30,10,0.02,0.5,1.5,4.5,0.15,11378.77,13.7877,4.6311,16.3945,0.4088,0.2825,20,60.0,0.200298
20,30,10,0.02,0.75,1.5,4.5,0.15,11378.77,13.7877,4.6311,16.3945,0.4088,0.2825,20,60.0,0.200298
20,30,10,0.02,0.95,1.5,4.5,0.15,11378.77,13.7877,4.6311,16.3945,0.4088,0.2825,20,60.0,0.200298
5,60,20,0.03,0.5,1.5,3.5,0.15,11188.35,11.8835,4.1924,15.113,0.3481,0.2774,18,44.4444,0.195903
5,60,20,0.03,0.75,1.5,3.5,0.15,11188.35,11.8835,4.1924,15.113,0.3481,0.2774,18,44.4444,0.195903
5,60,20,0.03,0.95,1.5,3.5,0.15,11188.35,11.8835,4.1924,15.113,0.3481,0.2774,18,44.4444,0.195903
5,30,10,0.03,0.5,1.5,4.5,0.25,12636.8,26.368,8.5482,25.354,0.5589,0.3372,26,46.1538,0.195391
5,30,10,0.03,0.75,1.5,4.5,0.25,12636.8,26.368,8.5482,25.354,0.5589,0.3372,26,46.1538,0.195391
5,30,10,0.03,0.95,1.5,4.5,0.25,12636.8,26.368,8.5482,25.354,0.5589,0.3372,26,46.1538,0.195391
5,60,10,0.02,0.5,1.5,4.5,0.35,12481.58,24.8158,8.4452,25.0955,0.5289,0.3365,26,41.6667,0.191339
5,60,10,0.02,0.75,1.5,4.5,0.35,12481.58,24.8158,8.4452,25.0955,0.5289,0.3365,26,41.6667,0.191339
5,60,10,0.02,0.95,1.5,4.5,0.35,12481.58,24.8158,8.4452,25.0955,0.5289,0.3365,26,41.6667,0.191339
20,60,20,0.02,0.5,1.5,4.5,0.15,11128.74,11.2874,3.989,15.0835,0.3734,0.2645,8,25.0,0.18831
20,60,20,0.02,0.75,1.5,4.5,0.15,11128.74,11.2874,3.989,15.0835,0.3734,0.2645,8,25.0,0.18831
20,60,20,0.02,0.95,1.5,4.5,0.15,11128.74,11.2874,3.989,15.0835,0.3734,0.2645,8,25.0,0.18831
5,60,10,0.02,0.5,2.5,4.5,0.25,11317.04,13.1704,4.6291,17.2718,0.4494,0.268,24,45.4545,0.185185
5,60,10,0.02,0.5,2.5,4.5,0.35,11317.04,13.1704,4.6291,17.2718,0.4494,0.268,24,45.4545,0.185185
5,60,10,0.02,0.75,2.5,4.5,0.25,11317.04,13.1704,4.6291,17.2718,0.4494,0.268,24,45.4545,0.185185
5,60,10,0.02,0.75,2.5,4.5,0.35,11317.04,13.1704,4.6291,17.2718,0.4494,0.268,24,45.4545,0.185185
5,60,10,0.02,0.95,2.5,4.5,0.25,11317.04,13.1704,4.6291,17.2718,0.4494,0.268,24,45.4545,0.185185
5,60,10,0.02,0.95,2.5,4.5,0.35,11317.04,13.1704,4.6291,17.2718,0.4494,0.268,24,45.4545,0.185185
5,60,10,0.03,0.5,2.5,3.5,0.25,11915.69,19.1569,6.6204,21.7745,0.4829,0.304,30,42.8571,0.182874
5,60,10,0.03,0.5,2.5,3.5,0.35,11915.69,19.1569,6.6204,21.7745,0.4829,0.304,30,42.8571,0.182874
5,60,10,0.03,0.75,2.5,3.5,0.25,11915.69,19.1569,6.6204,21.7745,0.4829,0.304,30,42.8571,0.182874
5,60,10,0.03,0.75,2.5,3.5,0.35,11915.69,19.1569,6.6204,21.7745,0.4829,0.304,30,42.8571,0.182874
5,60,10,0.03,0.95,2.5,3.5,0.25,11915.69,19.1569,6.6204,21.7745,0.4829,0.304,30,42.8571,0.182874
5,60,10,0.03,0.95,2.5,3.5,0.35,11915.69,19.1569,6.6204,21.7745,0.4829,0.304,30,42.8571,0.182874
5,30,10,0.03,0.5,2.5,3.5,0.15,11225.78,12.2578,4.1358,16.1763,0.4292,0.2557,26,46.1538,0.179752
5,30,10,0.03,0.75,2.5,3.5,0.15,11225.78,12.2578,4.1358,16.1763,0.4292,0.2557,26,46.1538,0.179752
5,30,10,0.03,0.95,2.5,3.5,0.15,11225.78,12.2578,4.1358,16.1763,0.4292,0.2557,26,46.1538,0.179752
5,60,10,0.03,0.5,3.5,4.5,0.25,11414.85,14.1485,4.959,18.3172,0.4535,0.2707,24,45.4545,0.178258
5,60,10,0.03,0.5,3.5,4.5,0.35,11414.85,14.1485,4.959,18.3172,0.4535,0.2707,24,45.4545,0.178258
5,60,10,0.03,0.75,3.5,4.5,0.25,11414.85,14.1485,4.959,18.3172,0.4535,0.2707,24,45.4545,0.178258
5,60,10,0.03,0.75,3.5,4.5,0.35,11414.85,14.1485,4.959,18.3172,0.4535,0.2707,24,45.4545,0.178258
5,60,10,0.03,0.95,3.5,4.5,0.25,11414.85,14.1485,4.959,18.3172,0.4535,0.2707,24,45.4545,0.178258
5,60,10,0.03,0.95,3.5,4.5,0.35,11414.85,14.1485,4.959,18.3172,0.4535,0.2707,24,45.4545,0.178258
10,60,10,0.03,0.5,1.5,3.5,0.15,11133.9,11.339,4.0067,15.6438,0.3848,0.2561,8,50.0,0.17664
10,60,10,0.03,0.75,1.5,3.5,0.15,11133.9,11.339,4.0067,15.6438,0.3848,0.2561,8,50.0,0.17664
10,60,10,0.03,0.95,1.5,3.5,0.15,11133.9,11.339,4.0067,15.6438,0.3848,0.2561,8,50.0,0.17664
10,30,14,0.03,0.5,1.5,4.5,0.15,11441.65,14.4165,4.8334,17.6895,0.3739,0.2732,14,42.8571,0.171111
10,30,14,0.03,0.75,1.5,4.5,0.15,11441.65,14.4165,4.8334,17.6895,0.3739,0.2732,14,42.8571,0.171111
10,30,14,0.03,0.95,1.5,4.5,0.15,11441.65,14.4165,4.8334,17.6895,0.3739,0.2732,14,42.8571,0.171111
10,30,14,0.03,0.5,1.5,2.5,0.15,11154.03,11.5403,3.9021,15.2068,0.3322,0.2566,24,50.0,0.170972
10,30,14,0.03,0.75,1.5,2.5,0.15,11154.03,11.5403,3.9021,15.2068,0.3322,0.2566,24,50.0,0.170972
10,30,14,0.03,0.95,1.5,2.5,0.15,11154.03,11.5403,3.9021,15.2068,0.3322,0.2566,24,50.0,0.170972
5,120,14,0.03,0.5,2.5,4.5,0.15,11002.9,10.029,3.9033,15.9039,0.418,0.2454,8,25.0,0.169999
5,120,14,0.03,0.75,2.5,4.5,0.15,11002.9,10.029,3.9033,15.9039,0.418,0.2454,8,25.0,0.169999
5,120,14,0.03,0.95,2.5,4.5,0.15,11002.9,10.029,3.9033,15.9039,0.418,0.2454,8,25.0,0.169999
5,120,20,0.03,0.5,2.5,4.5,0.15,10986.65,9.8665,3.8418,15.8235,0.4151,0.2428,8,25.0,0.167576
5,120,20,0.03,0.75,2.5,4.5,0.15,10986.65,9.8665,3.8418,15.8235,0.4151,0.2428,8,25.0,0.167576
5,120,20,0.03,0.95,2.5,4.5,0.15,10986.65,9.8665,3.8418,15.8235,0.4151,0.2428,8,25.0,0.167576
20,60,14,0.02,0.5,1.5,3.5,0.25,12012.64,20.1264,6.9369,23.0421,0.4806,0.3011,28,46.1538,0.166754
20,60,14,0.02,0.5,1.5,3.5,0.35,12012.64,20.1264,6.9369,23.0421,0.4806,0.3011,28,46.1538,0.166754
20,60,14,0.02,0.75,1.5,3.5,0.25,12012.64,20.1264,6.9369,23.0421,0.4806,0.3011,28,46.1538,0.166754
20,60,14,0.02,0.75,1.5,3.5,0.35,12012.64,20.1264,6.9369,23.0421,0.4806,0.3011,28,46.1538,0.166754
20,60,14,0.02,0.95,1.5,3.5,0.25,12012.64,20.1264,6.9369,23.0421,0.4806,0.3011,28,46.1538,0.166754
20,60,14,0.02,0.95,1.5,3.5,0.35,12012.64,20.1264,6.9369,23.0421,0.4806,0.3011,28,46.1538,0.166754
5,60,10,0.03,0.5,1.5,3.5,0.35,13493.18,34.9318,11.5807,31.4748,0.5613,0.3679,32,40.0,0.165444
5,60,10,0.03,0.75,1.5,3.5,0.35,13493.18,34.9318,11.5807,31.4748,0.5613,0.3679,32,40.0,0.165444
5,60,10,0.03,0.95,1.5,3.5,0.35,13493.18,34.9318,11.5807,31.4748,0.5613,0.3679,32,40.0,0.165444
20,60,20,0.02,0.5,3.5,3.5,0.15,10778.7,7.787,2.7806,12.8933,0.3934,0.2157,26,58.3333,0.165402
20,60,20,0.02,0.5,3.5,3.5,0.25,10778.7,7.787,2.7806,12.8933,0.3934,0.2157,26,58.3333,0.165402
20,60,20,0.02,0.5,3.5,3.5,0.35,10778.7,7.787,2.7806,12.8933,0.3934,0.2157,26,58.3333,0.165402
20,60,20,0.02,0.75,3.5,3.5,0.15,10778.7,7.787,2.7806,12.8933,0.3934,0.2157,26,58.3333,0.165402
20,60,20,0.02,0.75,3.5,3.5,0.25,10778.7,7.787,2.7806,12.8933,0.3934,0.2157,26,58.3333,0.165402
20,60,20,0.02,0.75,3.5,3.5,0.35,10778.7,7.787,2.7806,12.8933,0.3934,0.2157,26,58.3333,0.165402
20,60,20,0.02,0.95,3.5,3.5,0.15,10778.7,7.787,2.7806,12.8933,0.3934,0.2157,26,58.3333,0.165402
20,60,20,0.02,0.95,3.5,3.5,0.25,10778.7,7.787,2.7806,12.8933,0.3934,0.2157,26,58.3333,0.165402
20,60,20,0.02,0.95,3.5,3.5,0.35,10778.7,7.787,2.7806,12.8933,0.3934,0.2157,26,58.3333,0.165402
5,60,10,0.03,0.5,1.5,3.5,0.15,11081.88,10.8188,3.8287,15.6259,0.3716,0.245,8,50.0,0.163088
5,60,10,0.03,0.75,1.5,3.5,0.15,11081.88,10.8188,3.8287,15.6259,0.3716,0.245,8,50.0,0.163088
5,60,10,0.03,0.95,1.5,3.5,0.15,11081.88,10.8188,3.8287,15.6259,0.3716,0.245,8,50.0,0.163088
5,30,20,0.02,0.5,1.5,2.5,0.15,11126.54,11.2654,3.8123,15.8891,0.4058,0.2399,34,41.1765,0.162199
5,30,20,0.02,0.75,1.5,2.5,0.15,11126.54,11.2654,3.8123,15.8891,0.4058,0.2399,34,41.1765,0.162199
5,30,20,0.02,0.95,1.5,2.5,0.15,11126.54,11.2654,3.8123,15.8891,0.4058,0.2399,34,41.1765,0.162199
5,30,20,0.02,0.5,1.5,3.5,0.15,11074.33,10.7433,3.6413,15.2919,0.3842,0.2381,30,46.6667,0.162042
5,30,20,0.02,0.75,1.5,3.5,0.15,11074.33,10.7433,3.6413,15.2919,0.3842,0.2381,30,46.6667,0.162042
5,30,20,0.02,0.95,1.5,3.5,0.15,11074.33,10.7433,3.6413,15.2919,0.3842,0.2381,30,46.6667,0.162042
5,30,10,0.02,0.5,1.5,3.5,0.15,11344.61,13.4461,4.5209,17.821,0.4325,0.2537,28,50.0,0.161973
5,30,10,0.02,0.75,1.5,3.5,0.15,11344.61,13.4461,4.5209,17.821,0.4325,0.2537,28,50.0,0.161973
5,30,10,0.02,0.95,1.5,3.5,0.15,11344.61,13.4461,4.5209,17.821,0.4325,0.2537,28,50.0,0.161973
5,60,14,0.03,0.5,1.5,3.5,0.35,13552.33,35.5233,11.7593,32.0203,0.5695,0.3672,32,40.0,0.160934
5,60,14,0.03,0.75,1.5,3.5,0.35,13552.33,35.5233,11.7593,32.0203,0.5695,0.3672,32,40.0,0.160934
5,60,14,0.03,0.95,1.5,3.5,0.35,13552.33,35.5233,11.7593,32.0203,0.5695,0.3672,32,40.0,0.160934
20,60,10,0.03,0.5,1.5,3.5,0.15,11074.25,10.7425,3.8025,15.635,0.369,0.2432,8,50.0,0.160653
20,60,10,0.03,0.75,1.5,3.5,0.15,11074.25,10.7425,3.8025,15.635,0.369,0.2432,8,50.0,0.160653
20,60,10,0.03,0.95,1.5,3.5,0.15,11074.25,10.7425,3.8025,15.635,0.369,0.2432,8,50.0,0.160653
10,30,20,0.03,0.5,1.5,2.5,0.15,11149.75,11.4975,3.8881,15.5911,0.3355,0.2494,26,46.1538,0.160559
10,30,20,0.03,0.75,1.5,2.5,0.15,11149.75,11.4975,3.8881,15.5911,0.3355,0.2494,26,46.1538,0.160559
10,30,20,0.03,0.95,1.5,2.5,0.15,11149.75,11.4975,3.8881,15.5911,0.3355,0.2494,26,46.1538,0.160559
10,60,10,0.03,0.5,1.5,2.5,0.15,11222.89,12.2289,4.3099,16.9042,0.3639,0.255,18,33.3333,0.158693
10,60,10,0.03,0.75,1.5,2.5,0.15,11222.89,12.2289,4.3099,16.9042,0.3639,0.255,18,33.3333,0.158693
10,60,10,0.03,0.95,1.5,2.5,0.15,11222.89,12.2289,4.3099,16.9042,0.3639,0.255,18,33.3333,0.158693
20,60,10,0.02,0.5,1.5,3.5,0.25,12000.17,20.0017,6.8963,23.3598,0.4799,0.2952,28,46.1538,0.157602
20,60,10,0.02,0.5,1.5,3.5,0.35,12000.17,20.0017,6.8963,23.3598,0.4799,0.2952,28,46.1538,0.157602
20,60,10,0.02,0.75,1.5,3.5,0.25,12000.17,20.0017,6.8963,23.3598,0.4799,0.2952,28,46.1538,0.157602
20,60,10,0.02,0.75,1.5,3.5,0.35,12000.17,20.0017,6.8963,23.3598,0.4799,0.2952,28,46.1538,0.157602
20,60,10,0.02,0.95,1.5,3.5,0.25,12000.17,20.0017,6.8963,23.3598,0.4799,0.2952,28,46.1538,0.157602
20,60,10,0.02,0.95,1.5,3.5,0.35,12000.17,20.0017,6.8963,23.3598,0.4799,0.2952,28,46.1538,0.157602
10,60,14,0.03,0.5,1.5,2.5,0.15,11094.05,10.9405,3.8704,15.7484,0.3312,0.2458,18,33.3333,0.154513
10,60,14,0.03,0.75,1.5,2.5,0.15,11094.05,10.9405,3.8704,15.7484,0.3312,0.2458,18,33.3333,0.154513
10,60,14,0.03,0.95,1.5,2.5,0.15,11094.05,10.9405,3.8704,15.7484,0.3312,0.2458,18,33.3333,0.154513
20,60,14,0.01,0.5,3.5,3.5,0.15,10297.14,2.9714,1.0767,6.63,0.2919,0.1624,26,50.0,0.154469
20,60,14,0.01,0.5,3.5,3.5,0.25,10297.14,2.9714,1.0767,6.63,0.2919,0.1624,26,50.0,0.154469
20,60,14,0.01,0.5,3.5,3.5,0.35,10297.14,2.9714,1.0767,6.63,0.2919,0.1624,26,50.0,0.154469
20,60,14,0.01,0.75,3.5,3.5,0.15,10297.14,2.9714,1.0767,6.63,0.2919,0.1624,26,50.0,0.154469
20,60,14,0.01,0.75,3.5,3.5,0.25,10297.14,2.9714,1.0767,6.63,0.2919,0.1624,26,50.0,0.154469
20,60,14,0.01,0.75,3.5,3.5,0.35,10297.14,2.9714,1.0767,6.63,0.2919,0.1624,26,50.0,0.154469
20,60,14,0.01,0.95,3.5,3.5,0.15,10297.14,2.9714,1.0767,6.63,0.2919,0.1624,26,50.0,0.154469
20,60,14,0.01,0.95,3.5,3.5,0.25,10297.14,2.9714,1.0767,6.63,0.2919,0.1624,26,50.0,0.154469
20,60,14,0.01,0.95,3.5,3.5,0.35,10297.14,2.9714,1.0767,6.63,0.2919,0.1624,26,50.0,0.154469
10,60,14,0.02,0.5,1.5,4.5,0.15,11047.48,10.4748,3.7107,15.48,0.3464,0.2397,8,25.0,0.154187
10,60,14,0.02,0.75,1.5,4.5,0.15,11047.48,10.4748,3.7107,15.48,0.3464,0.2397,8,25.0,0.154187
10,60,14,0.02,0.95,1.5,4.5,0.15,11047.48,10.4748,3.7107,15.48,0.3464,0.2397,8,25.0,0.154187
5,30,14,0.03,0.5,1.5,4.5,0.25,12320.65,23.2065,7.5885,25.2606,0.5186,0.3004,26,46.1538,0.151519
5,30,14,0.03,0.75,1.5,4.5,0.25,12320.65,23.2065,7.5885,25.2606,0.5186,0.3004,26,46.1538,0.151519
5,30,14,0.03,0.95,1.5,4.5,0.25,12320.65,23.2065,7.5885,25.2606,0.5186,0.3004,26,46.1538,0.151519
5,30,14,0.03,0.5,2.5,3.5,0.15,11079.77,10.7977,3.6591,16.0578,0.3967,0.2279,26,46.1538,0.146623
5,30,14,0.03,0.75,2.5,3.5,0.15,11079.77,10.7977,3.6591,16.0578,0.3967,0.2279,26,46.1538,0.146623
5,30,14,0.03,0.95,2.5,3.5,0.15,11079.77,10.7977,3.6591,16.0578,0.3967,0.2279,26,46.1538,0.146623
20,60,10,0.01,0.5,3.5,3.5,0.15,10280.06,2.8006,1.0154,6.5311,0.2776,0.1555,26,50.0,0.145676
20,60,10,0.01,0.5,3.5,3.5,0.25,10280.06,2.8006,1.0154,6.5311,0.2776,0.1555,26,50.0,0.145676
20,60,10,0.01,0.5,3.5,3.5,0.35,10280.06,2.8006,1.0154,6.5311,0.2776,0.1555,26,50.0,0.145676
20,60,10,0.01,0.75,3.5,3.5,0.15,10280.06,2.8006,1.0154,6.5311,0.2776,0.1555,26,50.0,0.145676
20,60,10,0.01,0.75,3.5,3.5,0.25,10280.06,2.8006,1.0154,6.5311,0.2776,0.1555,26,50.0,0.145676
20,60,10,0.01,0.75,3.5,3.5,0.35,10280.06,2.8006,1.0154,6.5311,0.2776,0.1555,26,50.0,0.145676
20,60,10,0.01,0.95,3.5,3.5,0.15,10280.06,2.8006,1.0154,6.5311,0.2776,0.1555,26,50.0,0.145676
20,60,10,0.01,0.95,3.5,3.5,0.25,10280.06,2.8006,1.0154,6.5311,0.2776,0.1555,26,50.0,0.145676
20,60,10,0.01,0.95,3.5,3.5,0.35,10280.06,2.8006,1.0154,6.5311,0.2776,0.1555,26,50.0,0.145676
20,60,14,0.02,0.5,2.5,3.5,0.25,11024.87,10.2487,3.633,16.0277,0.388,0.2267,28,46.1538,0.144
20,60,14,0.02,0.5,2.5,3.5,0.35,11024.87,10.2487,3.633,16.0277,0.388,0.2267,28,46.1538,0.144
20,60,14,0.02,0.75,2.5,3.5,0.25,11024.87,10.2487,3.633,16.0277,0.388,0.2267,28,46.1538,0.144
20,60,14,0.02,0.75,2.5,3.5,0.35,11024.87,10.2487,3.633,16.0277,0.388,0.2267,28,46.1538,0.144
20,60,14,0.02,0.95,2.5,3.5,0.25,11024.87,10.2487,3.633,16.0277,0.388,0.2267,28,46.1538,0.144
20,60,14,0.02,0.95,2.5,3.5,0.35,11024.87,10.2487,3.633,16.0277,0.388,0.2267,28,46.1538,0.144
5,60,10,0.03,0.5,2.5,4.5,0.25,12013.37,20.1337,6.9393,24.2765,0.4838,0.2858,24,45.4545,0.139833
5,60,10,0.03,0.5,2.5,4.5,0.35,12013.37,20.1337,6.9393,24.2765,0.4838,0.2858,24,45.4545,0.139833
5,60,10,0.03,0.75,2.5,4.5,0.25,12013.37,20.1337,6.9393,24.2765,0.4838,0.2858,24,45.4545,0.139833
5,60,10,0.03,0.75,2.5,4.5,0.35,12013.37,20.1337,6.9393,24.2765,0.4838,0.2858,24,45.4545,0.139833
5,60,10,0.03,0.95,2.5,4.5,0.25,12013.37,20.1337,6.9393,24.2765,0.4838,0.2858,24,45.4545,0.139833
5,60,10,0.03,0.95,2.5,4.5,0.35,12013.37,20.1337,6.9393,24.2765,0.4838,0.2858,24,45.4545,0.139833
20,60,10,0.02,0.5,2.5,3.5,0.25,11012.09,10.1209,3.589,16.0851,0.3866,0.2231,28,46.1538,0.139587
20,60,10,0.02,0.5,2.5,3.5,0.35,11012.09,10.1209,3.589,16.0851,0.3866,0.2231,28,46.1538,0.139587
20,60,10,0.02,0.75,2.5,3.5,0.25,11012.09,10.1209,3.589,16.0851,0.3866,0.2231,28,46.1538,0.139587
20,60,10,0.02,0.75,2.5,3.5,0.35,11012.09,10.1209,3.589,16.0851,0.3866,0.2231,28,46.1538,0.139587
20,60,10,0.02,0.95,2.5,3.5,0.25,11012.09,10.1209,3.589,16.0851,0.3866,0.2231,28,46.1538,0.139587
20,60,10,0.02,0.95,2.5,3.5,0.35,11012.09,10.1209,3.589,16.0851,0.3866,0.2231,28,46.1538,0.139587
20,60,10,0.02,0.5,1.5,4.5,0.15,10935.54,9.3554,3.3251,15.4658,0.3654,0.215,6,33.3333,0.133412
20,60,10,0.02,0.75,1.5,4.5,0.15,10935.54,9.3554,3.3251,15.4658,0.3654,0.215,6,33.3333,0.133412
20,60,10,0.02,0.95,1.5,4.5,0.15,10935.54,9.3554,3.3251,15.4658,0.3654,0.215,6,33.3333,0.133412
5,30,14,0.02,0.5,1.5,3.5,0.15,11186.97,11.8697,4.0095,17.7291,0.4,0.2262,28,50.0,0.128869
5,30,14,0.02,0.75,1.5,3.5,0.15,11186.97,11.8697,4.0095,17.7291,0.4,0.2262,28,50.0,0.128869
5,30,14,0.02,0.95,1.5,3.5,0.15,11186.97,11.8697,4.0095,17.7291,0.4,0.2262,28,50.0,0.128869
5,60,10,0.03,0.5,1.5,4.5,0.35,13676.29,36.7629,12.1321,34.096,0.5658,0.3558,26,41.6667,0.128028
5,60,10,0.03,0.75,1.5,4.5,0.35,13676.29,36.7629,12.1321,34.096,0.5658,0.3558,26,41.6667,0.128028
5,60,10,0.03,0.95,1.5,4.5,0.35,13676.29,36.7629,12.1321,34.096,0.5658,0.3558,26,41.6667,0.128028
10,60,20,0.02,0.5,1.5,4.5,0.15,10922.34,9.2234,3.2794,15.5109,0.3226,0.2114,10,40.0,0.120841
10,60,20,0.02,0.75,1.5,4.5,0.15,10922.34,9.2234,3.2794,15.5109,0.3226,0.2114,10,40.0,0.120841
10,60,20,0.02,0.95,1.5,4.5,0.15,10922.34,9.2234,3.2794,15.5109,0.3226,0.2114,10,40.0,0.120841
20,60,20,0.03,0.5,3.5,3.5,0.25,11180.48,11.8048,4.1656,18.615,0.4154,0.2238,26,58.3333,0.120709
20,60,20,0.03,0.5,3.5,3.5,0.35,11180.48,11.8048,4.1656,18.615,0.4154,0.2238,26,58.3333,0.120709
20,60,20,0.03,0.75,3.5,3.5,0.25,11180.48,11.8048,4.1656,18.615,0.4154,0.2238,26,58.3333,0.120709
20,60,20,0.03,0.75,3.5,3.5,0.35,11180.48,11.8048,4.1656,18.615,0.4154,0.2238,26,58.3333,0.120709
20,60,20,0.03,0.95,3.5,3.5,0.25,11180.48,11.8048,4.1656,18.615,0.4154,0.2238,26,58.3333,0.120709
20,60,20,0.03,0.95,3.5,3.5,0.35,11180.48,11.8048,4.1656,18.615,0.4154,0.2238,26,58.3333,0.120709
20,30,20,0.03,0.5,1.5,3.5,0.15,11151.5,11.515,3.8938,17.3409,0.3176,0.2245,22,63.6364,0.114647
20,30,20,0.03,0.75,1.5,3.5,0.15,11151.5,11.515,3.8938,17.3409,0.3176,0.2245,22,63.6364,0.114647
20,30,20,0.03,0.95,1.5,3.5,0.15,11151.5,11.515,3.8938,17.3409,0.3176,0.2245,22,63.6364,0.114647
5,30,20,0.03,0.5,2.5,2.5,0.15,10875.39,8.7539,2.9849,15.3656,0.3538,0.1943,32,37.5,0.111357
5,30,20,0.03,0.75,2.5,2.5,0.15,10875.39,8.7539,2.9849,15.3656,0.3538,0.1943,32,37.5,0.111357
5,30,20,0.03,0.95,2.5,2.5,0.15,10875.39,8.7539,2.9849,15.3656,0.3538,0.1943,32,37.5,0.111357
5,30,14,0.03,0.5,2.5,2.5,0.15,10875.17,8.7517,2.9841,15.4842,0.3458,0.1927,32,37.5,0.107044
5,30,14,0.03,0.75,2.5,2.5,0.15,10875.17,8.7517,2.9841,15.4842,0.3458,0.1927,32,37.5,0.107044
5,30,14,0.03,0.95,2.5,2.5,0.15,10875.17,8.7517,2.9841,15.4842,0.3458,0.1927,32,37.5,0.107044
20,60,14,0.02,0.5,3.5,3.5,0.15,10618.03,6.1803,2.2176,12.9352,0.3209,0.1714,26,50.0,0.10626
20,60,14,0.02,0.5,3.5,3.5,0.25,10618.03,6.1803,2.2176,12.9352,0.3209,0.1714,26,50.0,0.10626
20,60,14,0.02,0.5,3.5,3.5,0.35,10618.03,6.1803,2.2176,12.9352,0.3209,0.1714,26,50.0,0.10626
20,60,14,0.02,0.75,3.5,3.5,0.15,10618.03,6.1803,2.2176,12.9352,0.3209,0.1714,26,50.0,0.10626
20,60,14,0.02,0.75,3.5,3.5,0.25,10618.03,6.1803,2.2176,12.9352,0.3209,0.1714,26,50.0,0.10626
20,60,14,0.02,0.75,3.5,3.5,0.35,10618.03,6.1803,2.2176,12.9352,0.3209,0.1714,26,50.0,0.10626
20,60,14,0.02,0.95,3.5,3.5,0.15,10618.03,6.1803,2.2176,12.9352,0.3209,0.1714,26,50.0,0.10626
20,60,14,0.02,0.95,3.5,3.5,0.25,10618.03,6.1803,2.2176,12.9352,0.3209,0.1714,26,50.0,0.10626
20,60,14,0.02,0.95,3.5,3.5,0.35,10618.03,6.1803,2.2176,12.9352,0.3209,0.1714,26,50.0,0.10626
20,60,14,0.03,0.5,2.5,4.5,0.15,10813.72,8.1372,2.9026,15.3136,0.3016,0.1895,6,33.3333,0.096725
20,60,14,0.03,0.75,2.5,4.5,0.15,10813.72,8.1372,2.9026,15.3136,0.3016,0.1895,6,33.3333,0.096725
20,60,14,0.03,0.95,2.5,4.5,0.15,10813.72,8.1372,2.9026,15.3136,0.3016,0.1895,6,33.3333,0.096725
20,30,14,0.02,0.5,1.5,3.5,0.15,10815.63,8.1563,2.7862,15.0172,0.294,0.1855,22,63.6364,0.094156
20,30,14,0.02,0.75,1.5,3.5,0.15,10815.63,8.1563,2.7862,15.0172,0.294,0.1855,22,63.6364,0.094156
20,30,14,0.02,0.95,1.5,3.5,0.15,10815.63,8.1563,2.7862,15.0172,0.294,0.1855,22,63.6364,0.094156
5,30,10,0.03,0.5,1.5,3.5,0.25,11972.84,19.7284,6.5141,25.3536,0.4535,0.2569,28,50.0,0.094095
5,30,10,0.03,0.75,1.5,3.5,0.25,11972.84,19.7284,6.5141,25.3536,0.4535,0.2569,28,50.0,0.094095
5,30,10,0.03,0.95,1.5,3.5,0.25,11972.84,19.7284,6.5141,25.3536,0.4535,0.2569,28,50.0,0.094095
5,30,20,0.03,0.5,2.5,3.5,0.15,10795.76,7.9576,2.72,15.2033,0.3219,0.1789,30,40.0,0.091248
5,30,20,0.03,0.75,2.5,3.5,0.15,10795.76,7.9576,2.72,15.2033,0.3219,0.1789,30,40.0,0.091248
5,30,20,0.03,0.95,2.5,3.5,0.15,10795.76,7.9576,2.72,15.2033,0.3219,0.1789,30,40.0,0.091248
20,60,14,0.02,0.5,1.5,4.5,0.15,10915.1,9.151,3.2544,16.7137,0.3118,0.1947,6,33.3333,0.089941
20,60,14,0.02,0.75,1.5,4.5,0.15,10915.1,9.151,3.2544,16.7137,0.3118,0.1947,6,33.3333,0.089941
20,60,14,0.02,0.95,1.5,4.5,0.15,10915.1,9.151,3.2544,16.7137,0.3118,0.1947,6,33.3333,0.089941
20,60,14,0.03,0.5,1.5,3.5,0.35,12974.63,29.7463,9.9928,32.2614,0.5127,0.3097,28,46.1538,0.089672
20,60,14,0.03,0.75,1.5,3.5,0.35,12974.63,29.7463,9.9928,32.2614,0.5127,0.3097,28,46.1538,0.089672
20,60,14,0.03,0.95,1.5,3.5,0.35,12974.63,29.7463,9.9928,32.2614,0.5127,0.3097,28,46.1538,0.089672
20,60,10,0.02,0.5,3.5,3.5,0.15,10561.96,5.6196,2.0198,12.8336,0.2972,0.1574,26,50.0,0.088479
20,60,10,0.02,0.5,3.5,3.5,0.25,10561.96,5.6196,2.0198,12.8336,0.2972,0.1574,26,50.0,0.088479
20,60,10,0.02,0.5,3.5,3.5,0.35,10561.96,5.6196,2.0198,12.8336,0.2972,0.1574,26,50.0,0.088479
20,60,10,0.02,0.75,3.5,3.5,0.15,10561.96,5.6196,2.0198,12.8336,0.2972,0.1574,26,50.0,0.088479
20,60,10,0.02,0.75,3.5,3.5,0.25,10561.96,5.6196,2.0198,12.8336,0.2972,0.1574,26,50.0,0.088479
20,60,10,0.02,0.75,3.5,3.5,0.35,10561.96,5.6196,2.0198,12.8336,0.2972,0.1574,26,50.0,0.088479
20,60,10,0.02,0.95,3.5,3.5,0.15,10561.96,5.6196,2.0198,12.8336,0.2972,0.1574,26,50.0,0.088479
20,60,10,0.02,0.95,3.5,3.5,0.25,10561.96,5.6196,2.0198,12.8336,0.2972,0.1574,26,50.0,0.088479
20,60,10,0.02,0.95,3.5,3.5,0.35,10561.96,5.6196,2.0198,12.8336,0.2972,0.1574,26,50.0,0.088479
10,30,14,0.03,0.5,1.5,3.5,0.15,10972.42,9.7242,3.306,16.7031,0.2862,0.1979,16,50.0,0.088144
10,30,14,0.03,0.75,1.5,3.5,0.15,10972.42,9.7242,3.306,16.7031,0.2862,0.1979,16,50.0,0.088144
10,30,14,0.03,0.95,1.5,3.5,0.15,10972.42,9.7242,3.306,16.7031,0.2862,0.1979,16,50.0,0.088144
20,60,10,0.03,0.5,2.5,3.5,0.25,11534.93,15.3493,5.3615,23.1951,0.4143,0.2311,28,46.1538,0.082053
20,60,10,0.03,0.5,2.5,3.5,0.35,11534.93,15.3493,5.3615,23.1951,0.4143,0.2311,28,46.1538,0.082053
20,60,10,0.03,0.75,2.5,3.5,0.25,11534.93,15.3493,5.3615,23.1951,0.4143,0.2311,28,46.1538,0.082053
20,60,10,0.03,0.75,2.5,3.5,0.35,11534.93,15.3493,5.3615,23.1951,0.4143,0.2311,28,46.1538,0.082053
20,60,10,0.03,0.95,2.5,3.5,0.25,11534.93,15.3493,5.3615,23.1951,0.4143,0.2311,28,46.1538,0.082053
20,60,10,0.03,0.95,2.5,3.5,0.35,11534.93,15.3493,5.3615,23.1951,0.4143,0.2311,28,46.1538,0.082053
5,30,20,0.03,0.5,1.5,4.5,0.25,11922.09,19.2209,6.3556,25.9416,0.4584,0.245,28,42.8571,0.077271
5,30,20,0.03,0.75,1.5,4.5,0.25,11922.09,19.2209,6.3556,25.9416,0.4584,0.245,28,42.8571,0.077271
5,30,20,0.03,0.95,1.5,4.5,0.25,11922.09,19.2209,6.3556,25.9416,0.4584,0.245,28,42.8571,0.077271
20,60,10,0.03,0.5,1.5,2.5,0.15,10840.61,8.4061,2.9961,16.382,0.287,0.1829,16,37.5,0.076474
20,60,10,0.03,0.75,1.5,2.5,0.15,10840.61,8.4061,2.9961,16.382,0.287,0.1829,16,37.5,0.076474
20,60,10,0.03,0.95,1.5,2.5,0.15,10840.61,8.4061,2.9961,16.382,0.287,0.1829,16,37.5,0.076474
20,60,20,0.03,0.5,2.5,4.5,0.15,10800.72,8.0072,2.8573,16.1019,0.2991,0.1775,10,20.0,0.076257
20,60,20,0.03,0.75,2.5,4.5,0.15,10800.72,8.0072,2.8573,16.1019,0.2991,0.1775,10,20.0,0.076257
20,60,20,0.03,0.95,2.5,4.5,0.15,10800.72,8.0072,2.8573,16.1019,0.2991,0.1775,10,20.0,0.076257
5,120,20,0.02,0.5,1.5,3.5,0.15,10637.17,6.3717,2.5056,15.2857,0.3258,0.1639,12,33.3333,0.076225
5,120,20,0.02,0.75,1.5,3.5,0.15,10637.17,6.3717,2.5056,15.2857,0.3258,0.1639,12,33.3333,0.076225
5,120,20,0.02,0.95,1.5,3.5,0.15,10637.17,6.3717,2.5056,15.2857,0.3258,0.1639,12,33.3333,0.076225
5,120,10,0.02,0.5,1.5,3.5,0.15,10639.61,6.3961,2.515,15.0159,0.2799,0.1675,16,50.0,0.073319
5,120,10,0.02,0.75,1.5,3.5,0.15,10639.61,6.3961,2.515,15.0159,0.2799,0.1675,16,50.0,0.073319
5,120,10,0.02,0.95,1.5,3.5,0.15,10639.61,6.3961,2.515,15.0159,0.2799,0.1675,16,50.0,0.073319
20,60,14,0.03,0.5,2.5,3.5,0.25,11484.05,14.8405,5.1913,23.1849,0.403,0.2239,28,46.1538,0.072661
20,60,14,0.03,0.5,2.5,3.5,0.35,11484.05,14.8405,5.1913,23.1849,0.403,0.2239,28,46.1538,0.072661
20,60,14,0.03,0.75,2.5,3.5,0.25,11484.05,14.8405,5.1913,23.1849,0.403,0.2239,28,46.1538,0.072661
20,60,14,0.03,0.75,2.5,3.5,0.35,11484.05,14.8405,5.1913,23.1849,0.403,0.2239,28,46.1538,0.072661
20,60,14,0.03,0.95,2.5,3.5,0.25,11484.05,14.8405,5.1913,23.1849,0.403,0.2239,28,46.1538,0.072661
20,60,14,0.03,0.95,2.5,3.5,0.35,11484.05,14.8405,5.1913,23.1849,0.403,0.2239,28,46.1538,0.072661
20,60,10,0.03,0.5,1.5,3.5,0.35,12869.54,28.6954,9.6661,32.7031,0.5038,0.2956,28,46.1538,0.069292
20,60,10,0.03,0.75,1.5,3.5,0.35,12869.54,28.6954,9.6661,32.7031,0.5038,0.2956,28,46.1538,0.069292
20,60,10,0.03,0.95,1.5,3.5,0.35,12869.54,28.6954,9.6661,32.7031,0.5038,0.2956,28,46.1538,0.069292
10,60,14,0.03,0.5,2.5,4.5,0.15,10761.56,7.6156,2.7208,16.0264,0.284,0.1698,8,25.0,0.066295
10,60,14,0.03,0.75,2.5,4.5,0.15,10761.56,7.6156,2.7208,16.0264,0.284,0.1698,8,25.0,0.066295
10,60,14,0.03,0.95,2.5,4.5,0.15,10761.56,7.6156,2.7208,16.0264,0.284,0.1698,8,25.0,0.066295
10,30,20,0.03,0.5,1.5,3.5,0.15,10741.04,7.4104,2.5372,15.1655,0.242,0.1673,22,36.3636,0.064046
10,30,20,0.03,0.75,1.5,3.5,0.15,10741.04,7.4104,2.5372,15.1655,0.242,0.1673,22,36.3636,0.064046
10,30,20,0.03,0.95,1.5,3.5,0.15,10741.04,7.4104,2.5372,15.1655,0.242,0.1673,22,36.3636,0.064046
5,30,14,0.03,0.5,1.5,3.5,0.25,11733.8,17.338,5.7639,25.2583,0.4197,0.2282,28,50.0,0.05955
5,30,14,0.03,0.75,1.5,3.5,0.25,11733.8,17.338,5.7639,25.2583,0.4197,0.2282,28,50.0,0.05955
5,30,14,0.03,0.95,1.5,3.5,0.25,11733.8,17.338,5.7639,25.2583,0.4197,0.2282,28,50.0,0.05955
20,60,14,0.03,0.5,3.5,3.5,0.25,10926.6,9.266,3.2942,18.658,0.3407,0.1766,26,50.0,0.058124
20,60,14,0.03,0.5,3.5,3.5,0.35,10926.6,9.266,3.2942,18.658,0.3407,0.1766,26,50.0,0.058124
20,60,14,0.03,0.75,3.5,3.5,0.25,10926.6,9.266,3.2942,18.658,0.3407,0.1766,26,50.0,0.058124
20,60,14,0.03,0.75,3.5,3.5,0.35,10926.6,9.266,3.2942,18.658,0.3407,0.1766,26,50.0,0.058124
20,60,14,0.03,0.95,3.5,3.5,0.25,10926.6,9.266,3.2942,18.658,0.3407,0.1766,26,50.0,0.058124
20,60,14,0.03,0.95,3.5,3.5,0.35,10926.6,9.266,3.2942,18.658,0.3407,0.1766,26,50.0,0.058124
10,60,10,0.03,0.5,2.5,4.5,0.15,10675.8,6.758,2.4206,16.0648,0.2618,0.1507,6,33.3333,0.0424
10,60,10,0.03,0.75,2.5,4.5,0.15,10675.8,6.758,2.4206,16.0648,0.2618,0.1507,6,33.3333,0.0424
10,60,10,0.03,0.95,2.5,4.5,0.15,10675.8,6.758,2.4206,16.0648,0.2618,0.1507,6,33.3333,0.0424
20,60,20,0.02,0.5,1.5,2.5,0.15,10580.71,5.8071,2.086,15.2529,0.2581,0.1368,16,37.5,0.035844
20,60,20,0.02,0.75,1.5,2.5,0.15,10580.71,5.8071,2.086,15.2529,0.2581,0.1368,16,37.5,0.035844
20,60,20,0.02,0.95,1.5,2.5,0.15,10580.71,5.8071,2.086,15.2529,0.2581,0.1368,16,37.5,0.035844
5,60,10,0.03,0.5,2.5,4.5,0.15,10569.21,5.6921,2.0454,15.3762,0.2313,0.133,12,50.0,0.025518
5,60,10,0.03,0.75,2.5,4.5,0.15,10569.21,5.6921,2.0454,15.3762,0.2313,0.133,12,50.0,0.025518
5,60,10,0.03,0.95,2.5,4.5,0.15,10569.21,5.6921,2.0454,15.3762,0.2313,0.133,12,50.0,0.025518
10,30,10,0.02,0.5,1.5,4.5,0.15,10636.75,6.3675,2.1871,16.0464,0.2426,0.1363,20,30.0,0.02435
10,30,10,0.02,0.75,1.5,4.5,0.15,10636.75,6.3675,2.1871,16.0464,0.2426,0.1363,20,30.0,0.02435
10,30,10,0.02,0.95,1.5,4.5,0.15,10636.75,6.3675,2.1871,16.0464,0.2426,0.1363,20,30.0,0.02435
20,60,10,0.03,0.5,3.5,3.5,0.25,10798.55,7.9855,2.8498,18.8478,0.3046,0.1512,26,50.0,0.023635
20,60,10,0.03,0.5,3.5,3.5,0.35,10798.55,7.9855,2.8498,18.8478,0.3046,0.1512,26,50.0,0.023635
20,60,10,0.03,0.75,3.5,3.5,0.25,10798.55,7.9855,2.8498,18.8478,0.3046,0.1512,26,50.0,0.023635
20,60,10,0.03,0.75,3.5,3.5,0.35,10798.55,7.9855,2.8498,18.8478,0.3046,0.1512,26,50.0,0.023635
20,60,10,0.03,0.95,3.5,3.5,0.25,10798.55,7.9855,2.8498,18.8478,0.3046,0.1512,26,50.0,0.023635
20,60,10,0.03,0.95,3.5,3.5,0.35,10798.55,7.9855,2.8498,18.8478,0.3046,0.1512,26,50.0,0.023635
10,60,10,0.02,0.5,1.5,4.5,0.15,10639.89,6.3989,2.2945,16.6135,0.2411,0.1381,6,33.3333,0.020197
10,60,10,0.02,0.75,1.5,4.5,0.15,10639.89,6.3989,2.2945,16.6135,0.2411,0.1381,6,33.3333,0.020197
10,60,10,0.02,0.95,1.5,4.5,0.15,10639.89,6.3989,2.2945,16.6135,0.2411,0.1381,6,33.3333,0.020197
5,30,10,0.03,0.5,3.5,3.5,0.15,10511.91,5.1191,1.7652,15.0922,0.2603,0.117,28,42.8571,0.018103
5,30,10,0.03,0.75,3.5,3.5,0.15,10511.91,5.1191,1.7652,15.0922,0.2603,0.117,28,42.8571,0.018103
5,30,10,0.03,0.95,3.5,3.5,0.15,10511.91,5.1191,1.7652,15.0922,0.2603,0.117,28,42.8571,0.018103
5,60,10,0.02,0.5,1.5,4.5,0.15,10622.5,6.225,2.2333,16.7145,0.2359,0.1336,12,50.0,0.013649
5,60,10,0.02,0.75,1.5,4.5,0.15,10622.5,6.225,2.2333,16.7145,0.2359,0.1336,12,50.0,0.013649
5,60,10,0.02,0.95,1.5,4.5,0.15,10622.5,6.225,2.2333,16.7145,0.2359,0.1336,12,50.0,0.013649
20,30,10,0.02,0.5,1.5,3.5,0.15,10624.2,6.242,2.1449,16.5258,0.2379,0.1298,22,63.6364,0.0121
20,30,10,0.02,0.75,1.5,3.5,0.15,10624.2,6.242,2.1449,16.5258,0.2379,0.1298,22,63.6364,0.0121
20,30,10,0.02,0.95,1.5,3.5,0.15,10624.2,6.242,2.1449,16.5258,0.2379,0.1298,22,63.6364,0.0121
5,60,14,0.02,0.5,1.5,4.5,0.15,10661.66,6.6166,2.371,17.5489,0.2459,0.1351,14,42.8571,0.008802
5,60,14,0.02,0.75,1.5,4.5,0.15,10661.66,6.6166,2.371,17.5489,0.2459,0.1351,14,42.8571,0.008802
5,60,14,0.02,0.95,1.5,4.5,0.15,10661.66,6.6166,2.371,17.5489,0.2459,0.1351,14,42.8571,0.008802
10,30,20,0.02,0.5,1.5,4.5,0.15,10493.42,4.9342,1.7024,15.4421,0.2107,0.1102,20,30.0,-0.002038
10,30,20,0.02,0.75,1.5,4.5,0.15,10493.42,4.9342,1.7024,15.4421,0.2107,0.1102,20,30.0,-0.002038
10,30,20,0.02,0.95,1.5,4.5,0.15,10493.42,4.9342,1.7024,15.4421,0.2107,0.1102,20,30.0,-0.002038
10,30,14,0.02,0.5,1.5,4.5,0.15,10523.82,5.2382,1.8056,15.9787,0.2151,0.113,20,30.0,-0.003764
10,30,14,0.02,0.75,1.5,4.5,0.15,10523.82,5.2382,1.8056,15.9787,0.2151,0.113,20,30.0,-0.003764
10,30,14,0.02,0.95,1.5,4.5,0.15,10523.82,5.2382,1.8056,15.9787,0.2151,0.113,20,30.0,-0.003764
5,120,14,0.02,0.5,1.5,2.5,0.15,10434.23,4.3423,1.7176,16.1597,0.2152,0.1063,20,30.0,-0.012275
5,120,14,0.02,0.75,1.5,2.5,0.15,10434.23,4.3423,1.7176,16.1597,0.2152,0.1063,20,30.0,-0.012275
5,120,14,0.02,0.95,1.5,2.5,0.15,10434.23,4.3423,1.7176,16.1597,0.2152,0.1063,20,30.0,-0.012275
5,60,10,0.02,0.5,1.5,2.5,0.15,10401.96,4.0196,1.4518,15.0274,0.1926,0.0966,22,36.3636,-0.015145
5,60,10,0.02,0.75,1.5,2.5,0.15,10401.96,4.0196,1.4518,15.0274,0.1926,0.0966,22,36.3636,-0.015145
5,60,10,0.02,0.95,1.5,2.5,0.15,10401.96,4.0196,1.4518,15.0274,0.1926,0.0966,22,36.3636,-0.015145
20,60,10,0.03,0.5,2.5,4.5,0.15,10443.23,4.4323,1.5989,16.5372,0.2001,0.0967,6,33.3333,-0.028663
20,60,10,0.03,0.75,2.5,4.5,0.15,10443.23,4.4323,1.5989,16.5372,0.2001,0.0967,6,33.3333,-0.028663
20,60,10,0.03,0.95,2.5,4.5,0.15,10443.23,4.4323,1.5989,16.5372,0.2001,0.0967,6,33.3333,-0.028663
5,60,14,0.03,0.5,2.5,4.5,0.15,10490.51,4.9051,1.7668,17.3782,0.2064,0.1017,14,42.8571,-0.030826
5,60,14,0.03,0.75,2.5,4.5,0.15,10490.51,4.9051,1.7668,17.3782,0.2064,0.1017,14,42.8571,-0.030826
5,60,14,0.03,0.95,2.5,4.5,0.15,10490.51,4.9051,1.7668,17.3782,0.2064,0.1017,14,42.8571,-0.030826
10,30,10,0.02,0.5,1.5,2.5,0.15,10429.22,4.2922,1.4839,16.605,0.1913,0.0894,28,42.8571,-0.03842
10,30,10,0.02,0.75,1.5,2.5,0.15,10429.22,4.2922,1.4839,16.605,0.1913,0.0894,28,42.8571,-0.03842
10,30,10,0.02,0.95,1.5,2.5,0.15,10429.22,4.2922,1.4839,16.605,0.1913,0.0894,28,42.8571,-0.03842
5,60,20,0.03,0.5,2.5,4.5,0.15,10417.78,4.1778,1.5082,17.1137,0.1887,0.0881,16,37.5,-0.045263
5,60,20,0.03,0.75,2.5,4.5,0.15,10417.78,4.1778,1.5082,17.1137,0.1887,0.0881,16,37.5,-0.045263
5,60,20,0.03,0.95,2.5,4.5,0.15,10417.78,4.1778,1.5082,17.1137,0.1887,0.0881,16,37.5,-0.045263
10,30,14,0.03,0.5,2.5,4.5,0.15,10342.47,3.4247,1.1872,15.7057,0.1665,0.0756,20,30.0,-0.048157
10,30,14,0.03,0.75,2.5,4.5,0.15,10342.47,3.4247,1.1872,15.7057,0.1665,0.0756,20,30.0,-0.048157
10,30,14,0.03,0.95,2.5,4.5,0.15,10342.47,3.4247,1.1872,15.7057,0.1665,0.0756,20,30.0,-0.048157
5,120,10,0.03,0.5,1.5,4.5,0.25,11119.53,11.1953,4.3431,27.1742,0.3174,0.1598,10,60.0,-0.048431
5,120,10,0.03,0.75,1.5,4.5,0.25,11119.53,11.1953,4.3431,27.1742,0.3174,0.1598,10,60.0,-0.048431
5,120,10,0.03,0.95,1.5,4.5,0.25,11119.53,11.1953,4.3431,27.1742,0.3174,0.1598,10,60.0,-0.048431
5,60,14,0.03,0.5,1.5,2.5,0.15,10539.9,5.399,1.9418,19.5462,0.2037,0.0993,22,36.3636,-0.055374
5,60,14,0.03,0.75,1.5,2.5,0.15,10539.9,5.399,1.9418,19.5462,0.2037,0.0993,22,36.3636,-0.055374
5,60,14,0.03,0.95,1.5,2.5,0.15,10539.9,5.399,1.9418,19.5462,0.2037,0.0993,22,36.3636,-0.055374
20,60,20,0.03,0.5,3.5,4.5,0.15,10266.97,2.6697,0.9683,15.0711,0.1537,0.0642,10,20.0,-0.05573
20,60,20,0.03,0.75,3.5,4.5,0.15,10266.97,2.6697,0.9683,15.0711,0.1537,0.0642,10,20.0,-0.05573
20,60,20,0.03,0.95,3.5,4.5,0.15,10266.97,2.6697,0.9683,15.0711,0.1537,0.0642,10,20.0,-0.05573
5,120,20,0.03,0.5,1.5,4.5,0.25,11062.49,10.6249,4.1284,27.0873,0.3109,0.1524,14,28.5714,-0.056283
5,120,20,0.03,0.75,1.5,4.5,0.25,11062.49,10.6249,4.1284,27.0873,0.3109,0.1524,14,28.5714,-0.056283
5,120,20,0.03,0.95,1.5,4.5,0.25,11062.49,10.6249,4.1284,27.0873,0.3109,0.1524,14,28.5714,-0.056283
20,60,14,0.02,0.5,1.5,3.5,0.15,10318.73,3.1873,1.1542,16.0807,0.16,0.0718,14,28.5714,-0.057029
20,60,14,0.02,0.75,1.5,3.5,0.15,10318.73,3.1873,1.1542,16.0807,0.16,0.0718,14,28.5714,-0.057029
20,60,14,0.02,0.95,1.5,3.5,0.15,10318.73,3.1873,1.1542,16.0807,0.16,0.0718,14,28.5714,-0.057029
10,30,20,0.03,0.5,2.5,4.5,0.15,10302.69,3.0269,1.0506,15.6206,0.1544,0.0673,22,27.2727,-0.058062
10,30,20,0.03,0.75,2.5,4.5,0.15,10302.69,3.0269,1.0506,15.6206,0.1544,0.0673,22,27.2727,-0.058062
10,30,20,0.03,0.95,2.5,4.5,0.15,10302.69,3.0269,1.0506,15.6206,0.1544,0.0673,22,27.2727,-0.058062
10,30,10,0.03,0.5,2.5,4.5,0.15,10354.38,3.5438,1.228,16.6191,0.1678,0.0739,20,30.0,-0.058741
10,30,10,0.03,0.75,2.5,4.5,0.15,10354.38,3.5438,1.228,16.6191,0.1678,0.0739,20,30.0,-0.058741
10,30,10,0.03,0.95,2.5,4.5,0.15,10354.38,3.5438,1.228,16.6191,0.1678,0.0739,20,30.0,-0.058741
5,60,20,0.02,0.5,1.5,4.5,0.15,10450.27,4.5027,1.6239,18.7607,0.1914,0.0866,16,37.5,-0.062767
5,60,20,0.02,0.75,1.5,4.5,0.15,10450.27,4.5027,1.6239,18.7607,0.1914,0.0866,16,37.5,-0.062767
5,60,20,0.02,0.95,1.5,4.5,0.15,10450.27,4.5027,1.6239,18.7607,0.1914,0.0866,16,37.5,-0.062767
10,60,20,0.03,0.5,2.5,4.5,0.15,10396.31,3.9631,1.4317,17.9875,0.181,0.0796,12,33.3333,-0.064075
10,60,20,0.03,0.75,2.5,4.5,0.15,10396.31,3.9631,1.4317,17.9875,0.181,0.0796,12,33.3333,-0.064075
10,60,20,0.03,0.95,2.5,4.5,0.15,10396.31,3.9631,1.4317,17.9875,0.181,0.0796,12,33.3333,-0.064075
5,60,14,0.02,0.5,1.5,2.5,0.15,10251.6,2.516,0.913,15.2446,0.1396,0.0599,22,36.3636,-0.06464
5,60,14,0.02,0.75,1.5,2.5,0.15,10251.6,2.516,0.913,15.2446,0.1396,0.0599,22,36.3636,-0.06464
5,60,14,0.02,0.95,1.5,2.5,0.15,10251.6,2.516,0.913,15.2446,0.1396,0.0599,22,36.3636,-0.06464
5,30,20,0.03,0.5,1.5,3.5,0.25,10990.32,9.9032,3.365,25.5041,0.2882,0.1319,32,43.75,-0.065463
5,30,20,0.03,0.75,1.5,3.5,0.25,10990.32,9.9032,3.365,25.5041,0.2882,0.1319,32,43.75,-0.065463
5,30,20,0.03,0.95,1.5,3.5,0.25,10990.32,9.9032,3.365,25.5041,0.2882,0.1319,32,43.75,-0.065463
10,60,10,0.02,0.5,1.5,2.5,0.15,10290.49,2.9049,1.0528,16.164,0.1536,0.0651,20,30.0,-0.06579
10,60,10,0.02,0.75,1.5,2.5,0.15,10290.49,2.9049,1.0528,16.164,0.1536,0.0651,20,30.0,-0.06579
10,60,10,0.02,0.95,1.5,2.5,0.15,10290.49,2.9049,1.0528,16.164,0.1536,0.0651,20,30.0,-0.06579
5,60,20,0.03,0.5,2.5,2.5,0.15,10258.26,2.5826,0.937,15.6946,0.1462,0.0597,22,36.3636,-0.068005
5,60,20,0.03,0.75,2.5,2.5,0.15,10258.26,2.5826,0.937,15.6946,0.1462,0.0597,22,36.3636,-0.068005
5,60,20,0.03,0.95,2.5,2.5,0.15,10258.26,2.5826,0.937,15.6946,0.1462,0.0597,22,36.3636,-0.068005
20,60,20,0.03,0.5,2.5,2.5,0.15,10252.73,2.5273,0.917,15.8215,0.145,0.058,18,33.3333,-0.071244
20,60,20,0.03,0.75,2.5,2.5,0.15,10252.73,2.5273,0.917,15.8215,0.145,0.058,18,33.3333,-0.071244
20,60,20,0.03,0.95,2.5,2.5,0.15,10252.73,2.5273,0.917,15.8215,0.145,0.058,18,33.3333,-0.071244
10,60,14,0.03,0.5,3.5,4.5,0.15,10211.99,2.1199,0.7702,15.0618,0.1304,0.0511,10,20.0,-0.073408
10,60,14,0.03,0.75,3.5,4.5,0.15,10211.99,2.1199,0.7702,15.0618,0.1304,0.0511,10,20.0,-0.073408
10,60,14,0.03,0.95,3.5,4.5,0.15,10211.99,2.1199,0.7702,15.0618,0.1304,0.0511,10,20.0,-0.073408
20,60,10,0.02,0.5,1.5,3.5,0.15,10239.54,2.3954,0.8695,15.8013,0.1363,0.055,14,28.5714,-0.075719
20,60,10,0.02,0.75,1.5,3.5,0.15,10239.54,2.3954,0.8695,15.8013,0.1363,0.055,14,28.5714,-0.075719
20,60,10,0.02,0.95,1.5,3.5,0.15,10239.54,2.3954,0.8695,15.8013,0.1363,0.055,14,28.5714,-0.075719
5,120,14,0.03,0.5,1.5,4.5,0.25,10989.74,9.8974,3.8535,27.5473,0.296,0.1399,12,33.3333,-0.076382
5,120,14,0.03,0.75,1.5,4.5,0.25,10989.74,9.8974,3.8535,27.5473,0.296,0.1399,12,33.3333,-0.076382
5,120,14,0.03,0.95,1.5,4.5,0.25,10989.74,9.8974,3.8535,27.5473,0.296,0.1399,12,33.3333,-0.076382
20,60,20,0.02,0.5,1.5,3.5,0.15,10226.64,2.2664,0.823,15.6733,0.1308,0.0525,16,37.5,-0.078062
20,60,20,0.02,0.75,1.5,3.5,0.15,10226.64,2.2664,0.823,15.6733,0.1308,0.0525,16,37.5,-0.078062
20,60,20,0.02,0.95,1.5,3.5,0.15,10226.64,2.2664,0.823,15.6733,0.1308,0.0525,16,37.5,-0.078062
5,60,20,0.02,0.5,1.5,2.5,0.15,10288.12,2.8812,1.0443,17.1519,0.1519,0.0609,22,36.3636,-0.080259
5,60,20,0.02,0.75,1.5,2.5,0.15,10288.12,2.8812,1.0443,17.1519,0.1519,0.0609,22,36.3636,-0.080259
5,60,20,0.02,0.95,1.5,2.5,0.15,10288.12,2.8812,1.0443,17.1519,0.1519,0.0609,22,36.3636,-0.080259
5,60,20,0.02,0.5,1.5,3.5,0.15,10217.38,2.1738,0.7896,15.6923,0.1272,0.0503,20,40.0,-0.081166
5,60,20,0.02,0.75,1.5,3.5,0.15,10217.38,2.1738,0.7896,15.6923,0.1272,0.0503,20,40.0,-0.081166
5,60,20,0.02,0.95,1.5,3.5,0.15,10217.38,2.1738,0.7896,15.6923,0.1272,0.0503,20,40.0,-0.081166
20,60,14,0.02,0.5,1.5,2.5,0.15,10204.99,2.0499,0.7449,15.6439,0.1243,0.0476,18,33.3333,-0.083953
20,60,14,0.02,0.75,1.5,2.5,0.15,10204.99,2.0499,0.7449,15.6439,0.1243,0.0476,18,33.3333,-0.083953
20,60,14,0.02,0.95,1.5,2.5,0.15,10204.99,2.0499,0.7449,15.6439,0.1243,0.0476,18,33.3333,-0.083953
10,30,10,0.02,0.5,1.5,3.5,0.15,10222.14,2.2214,0.773,16.0643,0.1249,0.0481,22,36.3636,-0.087538
10,30,10,0.02,0.75,1.5,3.5,0.15,10222.14,2.2214,0.773,16.0643,0.1249,0.0481,22,36.3636,-0.087538
10,30,10,0.02,0.95,1.5,3.5,0.15,10222.14,2.2214,0.773,16.0643,0.1249,0.0481,22,36.3636,-0.087538
20,60,14,0.03,0.5,1.5,4.5,0.25,10879.18,8.7918,3.13,26.0957,0.259,0.1199,8,25.0,-0.089212
20,60,14,0.03,0.75,1.5,4.5,0.25,10879.18,8.7918,3.13,26.0957,0.259,0.1199,8,25.0,-0.089212
20,60,14,0.03,0.95,1.5,4.5,0.25,10879.18,8.7918,3.13,26.0957,0.259,0.1199,8,25.0,-0.089212
10,60,14,0.03,0.5,2.5,2.5,0.15,10157.86,1.5786,0.5745,15.1916,0.1078,0.0378,20,30.0,-0.092536
10,60,14,0.03,0.75,2.5,2.5,0.15,10157.86,1.5786,0.5745,15.1916,0.1078,0.0378,20,30.0,-0.092536
10,60,14,0.03,0.95,2.5,2.5,0.15,10157.86,1.5786,0.5745,15.1916,0.1078,0.0378,20,30.0,-0.092536
20,60,10,0.03,0.5,1.5,4.5,0.25,10759.44,7.5944,2.7134,25.2741,0.2423,0.1074,6,33.3333,-0.096923
20,60,10,0.03,0.75,1.5,4.5,0.25,10759.44,7.5944,2.7134,25.2741,0.2423,0.1074,6,33.3333,-0.096923
20,60,10,0.03,0.95,1.5,4.5,0.25,10759.44,7.5944,2.7134,25.2741,0.2423,0.1074,6,33.3333,-0.096923
10,60,14,0.02,0.5,2.5,4.5,0.15,10133.86,1.3386,0.4875,15.0635,0.1,0.0324,12,16.6667,-0.098272
10,60,14,0.02,0.75,2.5,4.5,0.15,10133.86,1.3386,0.4875,15.0635,0.1,0.0324,12,16.6667,-0.098272
10,60,14,0.02,0.95,2.5,4.5,0.15,10133.86,1.3386,0.4875,15.0635,0.1,0.0324,12,16.6667,-0.098272
20,60,14,0.03,0.5,2.5,3.5,0.15,10140.5,1.405,0.5116,15.3269,0.1012,0.0334,12,33.3333,-0.099643
20,60,14,0.03,0.75,2.5,3.5,0.15,10140.5,1.405,0.5116,15.3269,0.1012,0.0334,12,33.3333,-0.099643
20,60,14,0.03,0.95,2.5,3.5,0.15,10140.5,1.405,0.5116,15.3269,0.1012,0.0334,12,33.3333,-0.099643
5,60,10,0.03,0.5,2.5,2.5,0.15,10146.64,1.4664,0.5339,15.5776,0.1039,0.0343,24,33.3333,-0.100731
5,60,10,0.03,0.75,2.5,2.5,0.15,10146.64,1.4664,0.5339,15.5776,0.1039,0.0343,24,33.3333,-0.100731
5,60,10,0.03,0.95,2.5,2.5,0.15,10146.64,1.4664,0.5339,15.5776,0.1039,0.0343,24,33.3333,-0.100731
20,60,20,0.02,0.5,2.5,4.5,0.15,10104.06,1.0406,0.3793,15.0616,0.0872,0.0252,12,16.6667,-0.107993
20,60,20,0.02,0.75,2.5,4.5,0.15,10104.06,1.0406,0.3793,15.0616,0.0872,0.0252,12,16.6667,-0.107993
20,60,20,0.02,0.95,2.5,4.5,0.15,10104.06,1.0406,0.3793,15.0616,0.0872,0.0252,12,16.6667,-0.107993
5,60,14,0.03,0.5,3.5,4.5,0.15,10113.3,1.133,0.4129,15.5392,0.0909,0.0266,16,37.5,-0.110637
5,60,14,0.03,0.75,3.5,4.5,0.15,10113.3,1.133,0.4129,15.5392,0.0909,0.0266,16,37.5,-0.110637
5,60,14,0.03,0.95,3.5,4.5,0.15,10113.3,1.133,0.4129,15.5392,0.0909,0.0266,16,37.5,-0.110637
10,60,20,0.03,0.5,2.5,2.5,0.15,10157.69,1.5769,0.5739,17.0603,0.1078,0.0336,20,30.0,-0.115412
10,60,20,0.03,0.75,2.5,2.5,0.15,10157.69,1.5769,0.5739,17.0603,0.1078,0.0336,20,30.0,-0.115412
10,60,20,0.03,0.95,2.5,2.5,0.15,10157.69,1.5769,0.5739,17.0603,0.1078,0.0336,20,30.0,-0.115412
20,60,20,0.03,0.5,1.5,4.5,0.25,10750.49,7.5049,2.6821,26.5724,0.2365,0.1009,12,16.6667,-0.117484
20,60,20,0.03,0.75,1.5,4.5,0.25,10750.49,7.5049,2.6821,26.5724,0.2365,0.1009,12,16.6667,-0.117484
20,60,20,0.03,0.95,1.5,4.5,0.25,10750.49,7.5049,2.6821,26.5724,0.2365,0.1009,12,16.6667,-0.117484
5,60,20,0.03,0.5,3.5,4.5,0.15,10075.07,0.7507,0.2739,15.0879,0.0747,0.0182,18,33.3333,-0.117793
5,60,20,0.03,0.75,3.5,4.5,0.15,10075.07,0.7507,0.2739,15.0879,0.0747,0.0182,18,33.3333,-0.117793
5,60,20,0.03,0.95,3.5,4.5,0.15,10075.07,0.7507,0.2739,15.0879,0.0747,0.0182,18,33.3333,-0.117793
5,60,14,0.03,0.5,1.5,4.5,0.25,10684.53,6.8453,2.4512,25.7816,0.2235,0.0951,14,42.8571,-0.11804
5,60,14,0.03,0.75,1.5,4.5,0.25,10684.53,6.8453,2.4512,25.7816,0.2235,0.0951,14,42.8571,-0.11804
5,60,14,0.03,0.95,1.5,4.5,0.25,10684.53,6.8453,2.4512,25.7816,0.2235,0.0951,14,42.8571,-0.11804
10,30,20,0.02,0.5,1.5,2.5,0.15,10108.72,1.0872,0.3797,16.4608,0.0885,0.0231,28,42.8571,-0.123842
10,30,20,0.02,0.75,1.5,2.5,0.15,10108.72,1.0872,0.3797,16.4608,0.0885,0.0231,28,42.8571,-0.123842
10,30,20,0.02,0.95,1.5,2.5,0.15,10108.72,1.0872,0.3797,16.4608,0.0885,0.0231,28,42.8571,-0.123842
10,30,10,0.03,0.5,2.5,3.5,0.15,10082.29,0.8229,0.2876,15.9119,0.08,0.0181,22,36.3636,-0.12504
10,30,10,0.03,0.75,2.5,3.5,0.15,10082.29,0.8229,0.2876,15.9119,0.08,0.0181,22,36.3636,-0.12504
10,30,10,0.03,0.95,2.5,3.5,0.15,10082.29,0.8229,0.2876,15.9119,0.08,0.0181,22,36.3636,-0.12504
5,60,14,0.03,0.5,2.5,3.5,0.15,10069.04,0.6904,0.252,16.2264,0.0766,0.0155,20,40.0,-0.131414
5,60,14,0.03,0.75,2.5,3.5,0.15,10069.04,0.6904,0.252,16.2264,0.0766,0.0155,20,40.0,-0.131414
5,60,14,0.03,0.95,2.5,3.5,0.15,10069.04,0.6904,0.252,16.2264,0.0766,0.0155,20,40.0,-0.131414
10,60,10,0.03,0.5,2.5,2.5,0.15,10068.72,0.6872,0.2508,16.1923,0.0735,0.0155,22,27.2727,-0.13173
10,60,10,0.03,0.75,2.5,2.5,0.15,10068.72,0.6872,0.2508,16.1923,0.0735,0.0155,22,27.2727,-0.13173
10,60,10,0.03,0.95,2.5,2.5,0.15,10068.72,0.6872,0.2508,16.1923,0.0735,0.0155,22,27.2727,-0.13173
10,30,14,0.02,0.5,1.5,3.5,0.15,10076.15,0.7615,0.2662,16.5826,0.0798,0.0161,22,36.3636,-0.133817
10,30,14,0.02,0.75,1.5,3.5,0.15,10076.15,0.7615,0.2662,16.5826,0.0798,0.0161,22,36.3636,-0.133817
10,30,14,0.02,0.95,1.5,3.5,0.15,10076.15,0.7615,0.2662,16.5826,0.0798,0.0161,22,36.3636,-0.133817
20,60,10,0.03,0.5,3.5,4.5,0.15,10037.09,0.3709,0.1355,15.4544,0.0578,0.0088,8,25.0,-0.134212
20,60,10,0.03,0.75,3.5,4.5,0.15,10037.09,0.3709,0.1355,15.4544,0.0578,0.0088,8,25.0,-0.134212
20,60,10,0.03,0.95,3.5,4.5,0.15,10037.09,0.3709,0.1355,15.4544,0.0578,0.0088,8,25.0,-0.134212
5,60,14,0.03,0.5,2.5,2.5,0.15,10038.29,0.3829,0.1399,15.6665,0.0624,0.0089,24,33.3333,-0.135256
5,60,14,0.03,0.75,2.5,2.5,0.15,10038.29,0.3829,0.1399,15.6665,0.0624,0.0089,24,33.3333,-0.135256
5,60,14,0.03,0.95,2.5,2.5,0.15,10038.29,0.3829,0.1399,15.6665,0.0624,0.0089,24,33.3333,-0.135256
5,60,20,0.03,0.5,1.5,4.5,0.25,10559.61,5.5961,2.0115,25.6618,0.2014,0.0784,16,37.5,-0.137962
5,60,20,0.03,0.75,1.5,4.5,0.25,10559.61,5.5961,2.0115,25.6618,0.2014,0.0784,16,37.5,-0.137962
5,60,20,0.03,0.95,1.5,4.5,0.25,10559.61,5.5961,2.0115,25.6618,0.2014,0.0784,16,37.5,-0.137962
10,60,20,0.02,0.5,1.5,3.5,0.15,10075.03,0.7503,0.2738,17.0429,0.0801,0.0161,16,37.5,-0.13835
10,60,20,0.02,0.75,1.5,3.5,0.15,10075.03,0.7503,0.2738,17.0429,0.0801,0.0161,16,37.5,-0.13835
10,60,20,0.02,0.95,1.5,3.5,0.15,10075.03,0.7503,0.2738,17.0429,0.0801,0.0161,16,37.5,-0.13835
10,60,14,0.02,0.5,1.5,3.5,0.15,10080.27,0.8027,0.2928,17.6833,0.0831,0.0166,16,37.5,-0.14366
10,60,14,0.02,0.75,1.5,3.5,0.15,10080.27,0.8027,0.2928,17.6833,0.0831,0.0166,16,37.5,-0.14366
10,60,14,0.02,0.95,1.5,3.5,0.15,10080.27,0.8027,0.2928,17.6833,0.0831,0.0166,16,37.5,-0.14366
5,60,14,0.02,0.5,2.5,4.5,0.15,9990.04,-0.0996,-0.0364,15.1398,0.0369,-0.0024,18,33.3333,-0.146425
5,60,14,0.02,0.75,2.5,4.5,0.15,9990.04,-0.0996,-0.0364,15.1398,0.0369,-0.0024,18,33.3333,-0.146425
5,60,14,0.02,0.95,2.5,4.5,0.15,9990.04,-0.0996,-0.0364,15.1398,0.0369,-0.0024,18,33.3333,-0.146425
10,60,14,0.02,0.5,1.5,2.5,0.15,10046.01,0.4601,0.168,17.1264,0.0687,0.0098,20,30.0,-0.147705
10,60,14,0.02,0.75,1.5,2.5,0.15,10046.01,0.4601,0.168,17.1264,0.0687,0.0098,20,30.0,-0.147705
10,60,14,0.02,0.95,1.5,2.5,0.15,10046.01,0.4601,0.168,17.1264,0.0687,0.0098,20,30.0,-0.147705
5,60,14,0.02,0.5,1.5,3.5,0.15,10057.92,0.5792,0.2115,17.8621,0.0763,0.0118,20,40.0,-0.151523
5,60,14,0.02,0.75,1.5,3.5,0.15,10057.92,0.5792,0.2115,17.8621,0.0763,0.0118,20,40.0,-0.151523
5,60,14,0.02,0.95,1.5,3.5,0.15,10057.92,0.5792,0.2115,17.8621,0.0763,0.0118,20,40.0,-0.151523
20,60,14,0.03,0.5,3.5,4.5,0.15,10017.4,0.174,0.0636,16.5817,0.0518,0.0038,10,20.0,-0.151613
20,60,14,0.03,0.75,3.5,4.5,0.15,10017.4,0.174,0.0636,16.5817,0.0518,0.0038,10,20.0,-0.151613
20,60,14,0.03,0.95,3.5,4.5,0.15,10017.4,0.174,0.0636,16.5817,0.0518,0.0038,10,20.0,-0.151613
10,60,10,0.02,0.5,2.5,4.5,0.15,9967.99,-0.3201,-0.1172,15.0895,0.0283,-0.0078,10,20.0,-0.152999
10,60,10,0.02,0.75,2.5,4.5,0.15,9967.99,-0.3201,-0.1172,15.0895,0.0283,-0.0078,10,20.0,-0.152999
10,60,10,0.02,0.95,2.5,4.5,0.15,9967.99,-0.3201,-0.1172,15.0895,0.0283,-0.0078,10,20.0,-0.152999
10,60,10,0.03,0.5,1.5,4.5,0.25,10481.21,4.8121,1.7338,25.7573,0.1862,0.0673,8,25.0,-0.153011
10,60,10,0.03,0.75,1.5,4.5,0.25,10481.21,4.8121,1.7338,25.7573,0.1862,0.0673,8,25.0,-0.153011
10,60,10,0.03,0.95,1.5,4.5,0.25,10481.21,4.8121,1.7338,25.7573,0.1862,0.0673,8,25.0,-0.153011
10,60,20,0.02,0.5,1.5,2.5,0.15,10094.45,0.9445,0.3444,18.891,0.0856,0.0182,20,30.0,-0.153557
10,60,20,0.02,0.75,1.5,2.5,0.15,10094.45,0.9445,0.3444,18.891,0.0856,0.0182,20,30.0,-0.153557
10,60,20,0.02,0.95,1.5,2.5,0.15,10094.45,0.9445,0.3444,18.891,0.0856,0.0182,20,30.0,-0.153557
5,60,20,0.03,0.5,2.5,3.5,0.15,9992.85,-0.0715,-0.0262,16.1671,0.0469,-0.0016,20,40.0,-0.153909
5,60,20,0.03,0.75,2.5,3.5,0.15,9992.85,-0.0715,-0.0262,16.1671,0.0469,-0.0016,20,40.0,-0.153909
5,60,20,0.03,0.95,2.5,3.5,0.15,9992.85,-0.0715,-0.0262,16.1671,0.0469,-0.0016,20,40.0,-0.153909
5,60,10,0.03,0.5,2.5,3.5,0.15,9987.39,-0.1261,-0.0461,16.4336,0.0495,-0.0028,20,40.0,-0.157237
5,60,10,0.03,0.75,2.5,3.5,0.15,9987.39,-0.1261,-0.0461,16.4336,0.0495,-0.0028,20,40.0,-0.157237
5,60,10,0.03,0.95,2.5,3.5,0.15,9987.39,-0.1261,-0.0461,16.4336,0.0495,-0.0028,20,40.0,-0.157237
20,60,14,0.02,0.5,2.5,4.5,0.15,9978.11,-0.2189,-0.0801,16.1128,0.0335,-0.005,12,16.6667,-0.159407
20,60,14,0.02,0.75,2.5,4.5,0.15,9978.11,-0.2189,-0.0801,16.1128,0.0335,-0.005,12,16.6667,-0.159407
20,60,14,0.02,0.95,2.5,4.5,0.15,9978.11,-0.2189,-0.0801,16.1128,0.0335,-0.005,12,16.6667,-0.159407
5,60,10,0.03,0.5,3.5,4.5,0.15,9954.62,-0.4538,-0.1662,15.4942,0.0258,-0.0107,16,37.5,-0.160502
5,60,10,0.03,0.75,3.5,4.5,0.15,9954.62,-0.4538,-0.1662,15.4942,0.0258,-0.0107,16,37.5,-0.160502
5,60,10,0.03,0.95,3.5,4.5,0.15,9954.62,-0.4538,-0.1662,15.4942,0.0258,-0.0107,16,37.5,-0.160502
10,60,10,0.03,0.5,3.5,4.5,0.15,9966.95,-0.3305,-0.121,15.9563,0.0316,-0.0076,10,20.0,-0.160829
10,60,10,0.03,0.75,3.5,4.5,0.15,9966.95,-0.3305,-0.121,15.9563,0.0316,-0.0076,10,20.0,-0.160829
10,60,10,0.03,0.95,3.5,4.5,0.15,9966.95,-0.3305,-0.121,15.9563,0.0316,-0.0076,10,20.0,-0.160829
10,60,20,0.03,0.5,2.5,3.5,0.15,9965.78,-0.3422,-0.1253,16.9361,0.0379,-0.0074,16,37.5,-0.169186
10,60,20,0.03,0.75,2.5,3.5,0.15,9965.78,-0.3422,-0.1253,16.9361,0.0379,-0.0074,16,37.5,-0.169186
10,60,20,0.03,0.95,2.5,3.5,0.15,9965.78,-0.3422,-0.1253,16.9361,0.0379,-0.0074,16,37.5,-0.169186
10,60,10,0.03,0.5,2.5,3.5,0.15,9951.02,-0.4898,-0.1794,17.0057,0.0364,-0.0106,16,37.5,-0.173333
10,60,10,0.03,0.75,2.5,3.5,0.15,9951.02,-0.4898,-0.1794,17.0057,0.0364,-0.0106,16,37.5,-0.173333
10,60,10,0.03,0.95,2.5,3.5,0.15,9951.02,-0.4898,-0.1794,17.0057,0.0364,-0.0106,16,37.5,-0.173333
10,60,14,0.03,0.5,2.5,3.5,0.15,9975.4,-0.246,-0.09,17.7444,0.0448,-0.0051,16,37.5,-0.173555
10,60,14,0.03,0.75,2.5,3.5,0.15,9975.4,-0.246,-0.09,17.7444,0.0448,-0.0051,16,37.5,-0.173555
10,60,14,0.03,0.95,2.5,3.5,0.15,9975.4,-0.246,-0.09,17.7444,0.0448,-0.0051,16,37.5,-0.173555
5,60,10,0.02,0.5,1.5,3.5,0.15,9971.3,-0.287,-0.1051,17.9196,0.05,-0.0059,20,40.0,-0.175057
5,60,10,0.02,0.75,1.5,3.5,0.15,9971.3,-0.287,-0.1051,17.9196,0.05,-0.0059,20,40.0,-0.175057
5,60,10,0.02,0.95,1.5,3.5,0.15,9971.3,-0.287,-0.1051,17.9196,0.05,-0.0059,20,40.0,-0.175057
10,30,14,0.02,0.5,1.5,2.5,0.15,9958.63,-0.4137,-0.1452,17.4961,0.0395,-0.0083,28,42.8571,-0.175359
10,30,14,0.02,0.75,1.5,2.5,0.15,9958.63,-0.4137,-0.1452,17.4961,0.0395,-0.0083,28,42.8571,-0.175359
10,30,14,0.02,0.95,1.5,2.5,0.15,9958.63,-0.4137,-0.1452,17.4961,0.0395,-0.0083,28,42.8571,-0.175359
10,60,10,0.02,0.5,1.5,3.5,0.15,9942.16,-0.5784,-0.2119,18.409,0.0409,-0.0115,16,37.5,-0.18743
10,60,10,0.02,0.75,1.5,3.5,0.15,9942.16,-0.5784,-0.2119,18.409,0.0409,-0.0115,16,37.5,-0.18743
10,60,10,0.02,0.95,1.5,3.5,0.15,9942.16,-0.5784,-0.2119,18.409,0.0409,-0.0115,16,37.5,-0.18743
10,60,10,0.03,0.5,1.5,2.5,0.25,10221.81,2.2181,0.8056,25.1209,0.129,0.0321,22,27.2727,-0.193334
10,60,10,0.03,0.75,1.5,2.5,0.25,10221.81,2.2181,0.8056,25.1209,0.129,0.0321,22,27.2727,-0.193334
10,60,10,0.03,0.95,1.5,2.5,0.25,10221.81,2.2181,0.8056,25.1209,0.129,0.0321,22,27.2727,-0.193334
5,60,20,0.02,0.5,2.5,4.5,0.15,9858.73,-1.4127,-0.519,15.7936,-0.0266,-0.0329,20,30.0,-0.196125
5,60,20,0.02,0.75,2.5,4.5,0.15,9858.73,-1.4127,-0.519,15.7936,-0.0266,-0.0329,20,30.0,-0.196125
5,60,20,0.02,0.95,2.5,4.5,0.15,9858.73,-1.4127,-0.519,15.7936,-0.0266,-0.0329,20,30.0,-0.196125
10,60,20,0.03,0.5,1.5,4.5,0.25,10357.73,3.5773,1.2938,27.5895,0.1622,0.0469,12,33.3333,-0.196551
10,60,20,0.03,0.75,1.5,4.5,0.25,10357.73,3.5773,1.2938,27.5895,0.1622,0.0469,12,33.3333,-0.196551
10,60,20,0.03,0.95,1.5,4.5,0.25,10357.73,3.5773,1.2938,27.5895,0.1622,0.0469,12,33.3333,-0.196551
20,60,10,0.03,0.5,2.5,3.5,0.15,9882.55,-1.1745,-0.4312,17.243,0.0015,-0.025,14,28.5714,-0.197131
20,60,10,0.03,0.75,2.5,3.5,0.15,9882.55,-1.1745,-0.4312,17.243,0.0015,-0.025,14,28.5714,-0.197131
20,60,10,0.03,0.95,2.5,3.5,0.15,9882.55,-1.1745,-0.4312,17.243,0.0015,-0.025,14,28.5714,-0.197131
5,60,20,0.03,0.5,3.5,2.5,0.15,9837.86,-1.6214,-0.5961,15.3024,-0.0514,-0.039,26,30.7692,-0.202259
5,60,20,0.03,0.75,3.5,2.5,0.15,9837.86,-1.6214,-0.5961,15.3024,-0.0514,-0.039,26,30.7692,-0.202259
5,60,20,0.03,0.95,3.5,2.5,0.15,9837.86,-1.6214,-0.5961,15.3024,-0.0514,-0.039,26,30.7692,-0.202259
10,30,14,0.03,0.5,2.5,3.5,0.15,9819.96,-1.8004,-0.6347,17.3819,-0.0097,-0.0365,24,33.3333,-0.212267
10,30,14,0.03,0.75,2.5,3.5,0.15,9819.96,-1.8004,-0.6347,17.3819,-0.0097,-0.0365,24,33.3333,-0.212267
10,30,14,0.03,0.95,2.5,3.5,0.15,9819.96,-1.8004,-0.6347,17.3819,-0.0097,-0.0365,24,33.3333,-0.212267
5,60,10,0.02,0.5,2.5,4.5,0.15,9797.79,-2.0221,-0.7444,15.8503,-0.0478,-0.047,16,37.5,-0.215023
5,60,10,0.02,0.75,2.5,4.5,0.15,9797.79,-2.0221,-0.7444,15.8503,-0.0478,-0.047,16,37.5,-0.215023
5,60,10,0.02,0.95,2.5,4.5,0.15,9797.79,-2.0221,-0.7444,15.8503,-0.0478,-0.047,16,37.5,-0.215023
20,60,14,0.03,0.5,2.5,2.5,0.15,9791.02,-2.0898,-0.7695,17.3948,-0.0359,-0.0442,20,30.0,-0.225356
20,60,14,0.03,0.75,2.5,2.5,0.15,9791.02,-2.0898,-0.7695,17.3948,-0.0359,-0.0442,20,30.0,-0.225356
20,60,14,0.03,0.95,2.5,2.5,0.15,9791.02,-2.0898,-0.7695,17.3948,-0.0359,-0.0442,20,30.0,-0.225356
5,60,14,0.03,0.5,1.5,3.5,0.25,10015.71,0.1571,0.0574,25.1581,0.0881,0.0023,20,40.0,-0.231671
5,60,14,0.03,0.75,1.5,3.5,0.25,10015.71,0.1571,0.0574,25.1581,0.0881,0.0023,20,40.0,-0.231671
5,60,14,0.03,0.95,1.5,3.5,0.25,10015.71,0.1571,0.0574,25.1581,0.0881,0.0023,20,40.0,-0.231671
20,60,14,0.03,0.5,1.5,3.5,0.25,10011.04,0.1104,0.0404,25.2314,0.0838,0.0016,16,25.0,-0.233946
20,60,14,0.03,0.75,1.5,3.5,0.25,10011.04,0.1104,0.0404,25.2314,0.0838,0.0016,16,25.0,-0.233946
20,60,14,0.03,0.95,1.5,3.5,0.25,10011.04,0.1104,0.0404,25.2314,0.0838,0.0016,16,25.0,-0.233946
5,60,20,0.03,0.5,1.5,2.5,0.25,10054.71,0.5471,0.1998,26.1439,0.0899,0.0076,24,33.3333,-0.235814
5,60,20,0.03,0.75,1.5,2.5,0.25,10054.71,0.5471,0.1998,26.1439,0.0899,0.0076,24,33.3333,-0.235814
5,60,20,0.03,0.95,1.5,2.5,0.25,10054.71,0.5471,0.1998,26.1439,0.0899,0.0076,24,33.3333,-0.235814
10,30,20,0.03,0.5,1.5,4.5,0.25,10077.24,0.7724,0.27,26.6923,0.0987,0.0101,22,27.2727,-0.237075
10,30,20,0.03,0.75,1.5,4.5,0.25,10077.24,0.7724,0.27,26.6923,0.0987,0.0101,22,27.2727,-0.237075
10,30,20,0.03,0.95,1.5,4.5,0.25,10077.24,0.7724,0.27,26.6923,0.0987,0.0101,22,27.2727,-0.237075
20,60,20,0.03,0.5,3.5,2.5,0.15,9741.61,-2.5839,-0.9529,15.5657,-0.1031,-0.0612,22,27.2727,-0.237486
20,60,20,0.03,0.75,3.5,2.5,0.15,9741.61,-2.5839,-0.9529,15.5657,-0.1031,-0.0612,22,27.2727,-0.237486
20,60,20,0.03,0.95,3.5,2.5,0.15,9741.61,-2.5839,-0.9529,15.5657,-0.1031,-0.0612,22,27.2727,-0.237486
10,60,20,0.03,0.5,1.5,2.5,0.25,10050.55,0.5055,0.1846,26.6036,0.0897,0.0069,20,30.0,-0.241156
10,60,20,0.03,0.75,1.5,2.5,0.25,10050.55,0.5055,0.1846,26.6036,0.0897,0.0069,20,30.0,-0.241156
10,60,20,0.03,0.95,1.5,2.5,0.25,10050.55,0.5055,0.1846,26.6036,0.0897,0.0069,20,30.0,-0.241156
10,30,20,0.02,0.5,1.5,3.5,0.15,9702.4,-2.976,-1.0533,17.2543,-0.0445,-0.061,26,30.7692,-0.242485
10,30,20,0.02,0.75,1.5,3.5,0.15,9702.4,-2.976,-1.0533,17.2543,-0.0445,-0.061,26,30.7692,-0.242485
10,30,20,0.02,0.95,1.5,3.5,0.15,9702.4,-2.976,-1.0533,17.2543,-0.0445,-0.061,26,30.7692,-0.242485
10,30,10,0.03,0.5,1.5,4.5,0.25,10140.04,1.4004,0.4886,28.3394,0.1169,0.0172,22,27.2727,-0.242778
10,30,10,0.03,0.75,1.5,4.5,0.25,10140.04,1.4004,0.4886,28.3394,0.1169,0.0172,22,27.2727,-0.242778
10,30,10,0.03,0.95,1.5,4.5,0.25,10140.04,1.4004,0.4886,28.3394,0.1169,0.0172,22,27.2727,-0.242778
20,60,10,0.03,0.5,2.5,2.5,0.15,9720.11,-2.7989,-1.0329,17.1424,-0.0712,-0.0603,20,30.0,-0.24592
20,60,10,0.03,0.75,2.5,2.5,0.15,9720.11,-2.7989,-1.0329,17.1424,-0.0712,-0.0603,20,30.0,-0.24592
20,60,10,0.03,0.95,2.5,2.5,0.15,9720.11,-2.7989,-1.0329,17.1424,-0.0712,-0.0603,20,30.0,-0.24592
20,60,20,0.03,0.5,2.5,3.5,0.15,9727.63,-2.7237,-1.0049,18.1462,-0.0538,-0.0554,16,37.5,-0.247604
20,60,20,0.03,0.75,2.5,3.5,0.15,9727.63,-2.7237,-1.0049,18.1462,-0.0538,-0.0554,16,37.5,-0.247604
20,60,20,0.03,0.95,2.5,3.5,0.15,9727.63,-2.7237,-1.0049,18.1462,-0.0538,-0.0554,16,37.5,-0.247604
10,60,14,0.03,0.5,1.5,4.5,0.25,10179.11,1.7911,0.6514,29.6249,0.1303,0.022,10,20.0,-0.248199
10,60,14,0.03,0.75,1.5,4.5,0.25,10179.11,1.7911,0.6514,29.6249,0.1303,0.022,10,20.0,-0.248199
10,60,14,0.03,0.95,1.5,4.5,0.25,10179.11,1.7911,0.6514,29.6249,0.1303,0.022,10,20.0,-0.248199
20,60,10,0.02,0.5,2.5,4.5,0.15,9717.5,-2.825,-1.0426,16.967,-0.0929,-0.0615,12,16.6667,-0.2497
20,60,10,0.02,0.75,2.5,4.5,0.15,9717.5,-2.825,-1.0426,16.967,-0.0929,-0.0615,12,16.6667,-0.2497
20,60,10,0.02,0.95,2.5,4.5,0.15,9717.5,-2.825,-1.0426,16.967,-0.0929,-0.0615,12,16.6667,-0.2497
20,60,10,0.02,0.5,1.5,2.5,0.15,9713.86,-2.8614,-1.0562,18.553,-0.0587,-0.0569,20,30.0,-0.254208
20,60,10,0.02,0.75,1.5,2.5,0.15,9713.86,-2.8614,-1.0562,18.553,-0.0587,-0.0569,20,30.0,-0.254208
20,60,10,0.02,0.95,1.5,2.5,0.15,9713.86,-2.8614,-1.0562,18.553,-0.0587,-0.0569,20,30.0,-0.254208
5,60,10,0.03,0.5,3.5,3.5,0.15,9671.59,-3.2841,-1.2139,15.1984,-0.1174,-0.0799,22,36.3636,-0.255324
5,60,10,0.03,0.75,3.5,3.5,0.15,9671.59,-3.2841,-1.2139,15.1984,-0.1174,-0.0799,22,36.3636,-0.255324
5,60,10,0.03,0.95,3.5,3.5,0.15,9671.59,-3.2841,-1.2139,15.1984,-0.1174,-0.0799,22,36.3636,-0.255324
5,60,10,0.03,0.5,1.5,4.5,0.25,10055.43,0.5543,0.2024,28.3695,0.1061,0.0071,14,42.8571,-0.255344
5,60,10,0.03,0.75,1.5,4.5,0.25,10055.43,0.5543,0.2024,28.3695,0.1061,0.0071,14,42.8571,-0.255344
5,60,10,0.03,0.95,1.5,4.5,0.25,10055.43,0.5543,0.2024,28.3695,0.1061,0.0071,14,42.8571,-0.255344
10,30,14,0.03,0.5,1.5,2.5,0.25,9871.5,-1.285,-0.4523,25.0582,0.0494,-0.018,28,42.8571,-0.258755
10,30,14,0.03,0.75,1.5,2.5,0.25,9871.5,-1.285,-0.4523,25.0582,0.0494,-0.018,28,42.8571,-0.258755
10,30,14,0.03,0.95,1.5,2.5,0.25,9871.5,-1.285,-0.4523,25.0582,0.0494,-0.018,28,42.8571,-0.258755
20,60,14,0.03,0.5,3.5,3.5,0.15,9670.98,-3.2902,-1.2162,15.6062,-0.1259,-0.0779,14,28.5714,-0.259173
20,60,14,0.03,0.75,3.5,3.5,0.15,9670.98,-3.2902,-1.2162,15.6062,-0.1259,-0.0779,14,28.5714,-0.259173
20,60,14,0.03,0.95,3.5,3.5,0.15,9670.98,-3.2902,-1.2162,15.6062,-0.1259,-0.0779,14,28.5714,-0.259173
20,60,10,0.03,0.5,1.5,3.5,0.25,9878.57,-1.2143,-0.4458,25.0695,0.0459,-0.0178,16,25.0,-0.259309
20,60,10,0.03,0.75,1.5,3.5,0.25,9878.57,-1.2143,-0.4458,25.0695,0.0459,-0.0178,16,25.0,-0.259309
20,60,10,0.03,0.95,1.5,3.5,0.25,9878.57,-1.2143,-0.4458,25.0695,0.0459,-0.0178,16,25.0,-0.259309
20,60,10,0.01,0.5,1.5,4.5,0.15,9680.81,-3.1919,-1.1795,15.3809,-0.1448,-0.0767,14,14.2857,-0.259449
20,60,10,0.01,0.75,1.5,4.5,0.15,9680.81,-3.1919,-1.1795,15.3809,-0.1448,-0.0767,14,14.2857,-0.259449
20,60,10,0.01,0.95,1.5,4.5,0.15,9680.81,-3.1919,-1.1795,15.3809,-0.1448,-0.0767,14,14.2857,-0.259449
5,60,10,0.03,0.5,1.5,3.5,0.25,9882.79,-1.1721,-0.4303,25.5423,0.0613,-0.0168,20,40.0,-0.260004
5,60,10,0.03,0.75,1.5,3.5,0.25,9882.79,-1.1721,-0.4303,25.5423,0.0613,-0.0168,20,40.0,-0.260004
5,60,10,0.03,0.95,1.5,3.5,0.25,9882.79,-1.1721,-0.4303,25.5423,0.0613,-0.0168,20,40.0,-0.260004
5,60,14,0.03,0.5,3.5,3.5,0.15,9662.36,-3.3764,-1.2484,15.5157,-0.1236,-0.0805,24,33.3333,-0.260334
5,60,14,0.03,0.75,3.5,3.5,0.15,9662.36,-3.3764,-1.2484,15.5157,-0.1236,-0.0805,24,33.3333,-0.260334
5,60,14,0.03,0.95,3.5,3.5,0.15,9662.36,-3.3764,-1.2484,15.5157,-0.1236,-0.0805,24,33.3333,-0.260334
5,60,10,0.03,0.5,1.5,2.5,0.25,9893.23,-1.0677,-0.3918,26.1044,0.0502,-0.015,26,30.7692,-0.266022
5,60,10,0.03,0.75,1.5,2.5,0.25,9893.23,-1.0677,-0.3918,26.1044,0.0502,-0.015,26,30.7692,-0.266022
5,60,10,0.03,0.95,1.5,2.5,0.25,9893.23,-1.0677,-0.3918,26.1044,0.0502,-0.015,26,30.7692,-0.266022
10,60,10,0.03,0.5,1.5,3.5,0.25,9846.28,-1.5372,-0.565,26.0876,0.0527,-0.0217,16,37.5,-0.271998
10,60,10,0.03,0.75,1.5,3.5,0.25,9846.28,-1.5372,-0.565,26.0876,0.0527,-0.0217,16,37.5,-0.271998
10,60,10,0.03,0.95,1.5,3.5,0.25,9846.28,-1.5372,-0.565,26.0876,0.0527,-0.0217,16,37.5,-0.271998
20,60,14,0.02,0.5,1.5,4.5,0.25,9825.25,-1.7475,-0.6427,25.1878,0.0201,-0.0255,12,16.6667,-0.273377
20,60,14,0.02,0.75,1.5,4.5,0.25,9825.25,-1.7475,-0.6427,25.1878,0.0201,-0.0255,12,16.6667,-0.273377
20,60,14,0.02,0.95,1.5,4.5,0.25,9825.25,-1.7475,-0.6427,25.1878,0.0201,-0.0255,12,16.6667,-0.273377
5,60,10,0.02,0.5,2.5,3.5,0.15,9622.62,-3.7738,-1.3971,15.0102,-0.1561,-0.0931,24,33.3333,-0.2744
5,60,10,0.02,0.75,2.5,3.5,0.15,9622.62,-3.7738,-1.3971,15.0102,-0.1561,-0.0931,24,33.3333,-0.2744
5,60,10,0.02,0.95,2.5,3.5,0.15,9622.62,-3.7738,-1.3971,15.0102,-0.1561,-0.0931,24,33.3333,-0.2744
10,60,14,0.03,0.5,1.5,3.5,0.25,9840.73,-1.5927,-0.5855,26.6772,0.0506,-0.0219,16,37.5,-0.278599
10,60,14,0.03,0.75,1.5,3.5,0.25,9840.73,-1.5927,-0.5855,26.6772,0.0506,-0.0219,16,37.5,-0.278599
10,60,14,0.03,0.95,1.5,3.5,0.25,9840.73,-1.5927,-0.5855,26.6772,0.0506,-0.0219,16,37.5,-0.278599
5,60,20,0.03,0.5,1.5,3.5,0.25,9736.98,-2.6302,-0.9701,25.7616,0.0185,-0.0377,22,36.3636,-0.291569
5,60,20,0.03,0.75,1.5,3.5,0.25,9736.98,-2.6302,-0.9701,25.7616,0.0185,-0.0377,22,36.3636,-0.291569
5,60,20,0.03,0.95,1.5,3.5,0.25,9736.98,-2.6302,-0.9701,25.7616,0.0185,-0.0377,22,36.3636,-0.291569
10,30,14,0.03,0.5,1.5,4.5,0.25,9877.75,-1.2225,-0.4302,29.1817,0.0613,-0.0147,22,27.2727,-0.294302
10,30,14,0.03,0.75,1.5,4.5,0.25,9877.75,-1.2225,-0.4302,29.1817,0.0613,-0.0147,22,27.2727,-0.294302
10,30,14,0.03,0.95,1.5,4.5,0.25,9877.75,-1.2225,-0.4302,29.1817,0.0613,-0.0147,22,27.2727,-0.294302
20,60,14,0.02,0.5,2.5,3.5,0.15,9570.32,-4.2968,-1.5935,15.5034,-0.1895,-0.1028,18,22.2222,-0.295725
20,60,14,0.02,0.75,2.5,3.5,0.15,9570.32,-4.2968,-1.5935,15.5034,-0.1895,-0.1028,18,22.2222,-0.295725
20,60,14,0.02,0.95,2.5,3.5,0.15,9570.32,-4.2968,-1.5935,15.5034,-0.1895,-0.1028,18,22.2222,-0.295725
5,60,14,0.03,0.5,1.5,2.5,0.25,9720.87,-2.7913,-1.0301,25.7981,0.01,-0.0399,26,30.7692,-0.295913
5,60,14,0.03,0.75,1.5,2.5,0.25,9720.87,-2.7913,-1.0301,25.7981,0.01,-0.0399,26,30.7692,-0.295913
5,60,14,0.03,0.95,1.5,2.5,0.25,9720.87,-2.7913,-1.0301,25.7981,0.01,-0.0399,26,30.7692,-0.295913
10,30,10,0.03,0.5,1.5,3.5,0.25,9730.54,-2.6946,-0.9528,27.4166,0.032,-0.0348,24,33.3333,-0.30252
10,30,10,0.03,0.75,1.5,3.5,0.25,9730.54,-2.6946,-0.9528,27.4166,0.032,-0.0348,24,33.3333,-0.30252
10,30,10,0.03,0.95,1.5,3.5,0.25,9730.54,-2.6946,-0.9528,27.4166,0.032,-0.0348,24,33.3333,-0.30252
5,60,20,0.03,0.5,3.5,3.5,0.15,9542.51,-4.5749,-1.6982,15.8482,-0.2012,-0.1072,24,33.3333,-0.305877
5,60,20,0.03,0.75,3.5,3.5,0.15,9542.51,-4.5749,-1.6982,15.8482,-0.2012,-0.1072,24,33.3333,-0.305877
5,60,20,0.03,0.95,3.5,3.5,0.15,9542.51,-4.5749,-1.6982,15.8482,-0.2012,-0.1072,24,33.3333,-0.305877
20,60,10,0.03,0.5,3.5,3.5,0.15,9541.57,-4.5843,-1.7017,15.415,-0.2107,-0.1104,14,28.5714,-0.306684
20,60,10,0.03,0.75,3.5,3.5,0.15,9541.57,-4.5843,-1.7017,15.415,-0.2107,-0.1104,14,28.5714,-0.306684
20,60,10,0.03,0.95,3.5,3.5,0.15,9541.57,-4.5843,-1.7017,15.415,-0.2107,-0.1104,14,28.5714,-0.306684
10,60,20,0.03,0.5,1.5,3.5,0.25,9648.7,-3.513,-1.2995,27.1128,0.0002,-0.0479,18,33.3333,-0.319022
10,60,20,0.03,0.75,1.5,3.5,0.25,9648.7,-3.513,-1.2995,27.1128,0.0002,-0.0479,18,33.3333,-0.319022
10,60,20,0.03,0.95,1.5,3.5,0.25,9648.7,-3.513,-1.2995,27.1128,0.0002,-0.0479,18,33.3333,-0.319022
20,60,10,0.02,0.5,2.5,3.5,0.15,9507.01,-4.9299,-1.8321,15.5217,-0.2435,-0.118,18,22.2222,-0.321958
20,60,10,0.02,0.75,2.5,3.5,0.15,9507.01,-4.9299,-1.8321,15.5217,-0.2435,-0.118,18,22.2222,-0.321958
20,60,10,0.02,0.95,2.5,3.5,0.15,9507.01,-4.9299,-1.8321,15.5217,-0.2435,-0.118,18,22.2222,-0.321958
10,60,14,0.03,0.5,1.5,2.5,0.25,9623.68,-3.7632,-1.3932,26.9149,-0.0119,-0.0518,22,27.2727,-0.323298
10,60,14,0.03,0.75,1.5,2.5,0.25,9623.68,-3.7632,-1.3932,26.9149,-0.0119,-0.0518,22,27.2727,-0.323298
10,60,14,0.03,0.95,1.5,2.5,0.25,9623.68,-3.7632,-1.3932,26.9149,-0.0119,-0.0518,22,27.2727,-0.323298
20,60,20,0.03,0.5,1.5,2.5,0.25,9690.69,-3.0931,-1.1426,28.7432,-0.0015,-0.0398,20,30.0,-0.327485
20,60,20,0.03,0.75,1.5,2.5,0.25,9690.69,-3.0931,-1.1426,28.7432,-0.0015,-0.0398,20,30.0,-0.327485
20,60,20,0.03,0.95,1.5,2.5,0.25,9690.69,-3.0931,-1.1426,28.7432,-0.0015,-0.0398,20,30.0,-0.327485
5,60,10,0.02,0.5,1.5,4.5,0.25,9504.16,-4.9584,-1.8428,25.1938,-0.0723,-0.0731,20,30.0,-0.339546
5,60,10,0.02,0.75,1.5,4.5,0.25,9504.16,-4.9584,-1.8428,25.1938,-0.0723,-0.0731,20,30.0,-0.339546
5,60,10,0.02,0.95,1.5,4.5,0.25,9504.16,-4.9584,-1.8428,25.1938,-0.0723,-0.0731,20,30.0,-0.339546
20,60,10,0.03,0.5,1.5,2.5,0.25,9490.6,-5.094,-1.8941,26.2927,-0.0595,-0.072,20,30.0,-0.346861
20,60,10,0.03,0.75,1.5,2.5,0.25,9490.6,-5.094,-1.8941,26.2927,-0.0595,-0.072,20,30.0,-0.346861
20,60,10,0.03,0.95,1.5,2.5,0.25,9490.6,-5.094,-1.8941,26.2927,-0.0595,-0.072,20,30.0,-0.346861
10,30,14,0.03,0.5,1.5,3.5,0.25,9469.85,-5.3015,-1.8911,28.3567,-0.0294,-0.0667,24,33.3333,-0.356136
10,30,14,0.03,0.75,1.5,3.5,0.25,9469.85,-5.3015,-1.8911,28.3567,-0.0294,-0.0667,24,33.3333,-0.356136
10,30,14,0.03,0.95,1.5,3.5,0.25,9469.85,-5.3015,-1.8911,28.3567,-0.0294,-0.0667,24,33.3333,-0.356136
20,60,20,0.03,0.5,3.5,3.5,0.15,9398.04,-6.0196,-2.2451,17.1804,-0.2765,-0.1307,16,37.5,-0.357789
20,60,20,0.03,0.75,3.5,3.5,0.15,9398.04,-6.0196,-2.2451,17.1804,-0.2765,-0.1307,16,37.5,-0.357789
20,60,20,0.03,0.95,3.5,3.5,0.15,9398.04,-6.0196,-2.2451,17.1804,-0.2765,-0.1307,16,37.5,-0.357789
20,60,14,0.03,0.5,1.5,2.5,0.25,9437.22,-5.6278,-2.0963,28.1493,-0.0639,-0.0745,20,30.0,-0.36875
20,60,14,0.03,0.75,1.5,2.5,0.25,9437.22,-5.6278,-2.0963,28.1493,-0.0639,-0.0745,20,30.0,-0.36875
20,60,14,0.03,0.95,1.5,2.5,0.25,9437.22,-5.6278,-2.0963,28.1493,-0.0639,-0.0745,20,30.0,-0.36875
20,60,10,0.02,0.5,1.5,4.5,0.25,9421.08,-5.7892,-2.1575,26.664,-0.1092,-0.0809,12,16.6667,-0.369386
20,60,10,0.02,0.75,1.5,4.5,0.25,9421.08,-5.7892,-2.1575,26.664,-0.1092,-0.0809,12,16.6667,-0.369386
20,60,10,0.02,0.95,1.5,4.5,0.25,9421.08,-5.7892,-2.1575,26.664,-0.1092,-0.0809,12,16.6667,-0.369386
20,60,20,0.03,0.5,1.5,3.5,0.25,9388.99,-6.1101,-2.2796,28.8544,-0.0633,-0.079,18,33.3333,-0.380196
20,60,20,0.03,0.75,1.5,3.5,0.25,9388.99,-6.1101,-2.2796,28.8544,-0.0633,-0.079,18,33.3333,-0.380196
20,60,20,0.03,0.95,1.5,3.5,0.25,9388.99,-6.1101,-2.2796,28.8544,-0.0633,-0.079,18,33.3333,-0.380196
20,60,14,0.03,0.5,1.5,4.5,0.35,9418.53,-5.8147,-2.1672,35.3924,-0.0165,-0.0612,14,14.2857,-0.418466
20,60,14,0.03,0.75,1.5,4.5,0.35,9418.53,-5.8147,-2.1672,35.3924,-0.0165,-0.0612,14,14.2857,-0.418466
20,60,14,0.03,0.95,1.5,4.5,0.35,9418.53,-5.8147,-2.1672,35.3924,-0.0165,-0.0612,14,14.2857,-0.418466
20,60,10,0.03,0.5,1.5,4.5,0.35,9064.5,-9.355,-3.5286,36.219,-0.1066,-0.0974,12,16.6667,-0.48094
20,60,10,0.03,0.75,1.5,4.5,0.35,9064.5,-9.355,-3.5286,36.219,-0.1066,-0.0974,12,16.6667,-0.48094
20,60,10,0.03,0.95,1.5,4.5,0.35,9064.5,-9.355,-3.5286,36.219,-0.1066,-0.0974,12,16.6667,-0.48094
