fast,slow,rsi_w,rsi_os,rsi_ob,vol_th,sl,tp,pos,trades,sharpe,total_return,annual_return,max_dd_pct,win_rate,bars
5,20,14,25.0,65.0,1.0,0.03,0.1,0.3,108,1.4252,219.4469,112.2969,-19.8817,0.0000,3271
5,20,14,25.0,65.0,1.0,0.03,0.15,0.3,97,1.3973,139.1677,71.2159,-25.2155,0.0000,3271
5,20,14,25.0,65.0,1.0,0.03,0.2,0.3,173,0.7088,77.7533,39.7885,-37.7358,0.0000,3271
5,20,14,25.0,65.0,1.0,0.05,0.1,0.3,223,1.2084,190.6684,97.5702,-28.3573,0.0000,3271
5,20,14,25.0,65.0,1.0,0.05,0.15,0.3,164,0.8700,103.4173,52.9214,-41.5383,0.0000,3271
5,20,14,25.0,65.0,1.0,0.05,0.2,0.3,165,0.7356,75.0717,38.4162,-32.9160,0.0000,3271
5,20,14,25.0,65.0,1.3,0.03,0.1,0.3,88,1.4179,123.0200,62.9526,-18.8448,0.0000,3271
5,20,14,25.0,65.0,1.3,0.03,0.15,0.3,79,0.8093,51.1986,26.1997,-23.2279,0.0000,3271
5,20,14,25.0,65.0,1.3,0.03,0.2,0.3,140,0.7479,65.1360,33.3319,-24.4211,0.0000,3271
5,20,14,25.0,65.0,1.3,0.05,0.1,0.3,177,1.3347,129.8825,66.4644,-21.6809,0.0000,3271
5,20,14,25.0,65.0,1.3,0.05,0.15,0.3,141,0.8466,71.2873,36.4796,-29.9931,0.0000,3271
5,20,14,25.0,65.0,1.3,0.05,0.2,0.3,120,0.7307,49.4875,25.3241,-32.2202,0.0000,3271
5,20,14,25.0,65.0,1.6,0.03,0.1,0.3,83,1.4599,305.5884,156.3779,-35.7469,0.0000,3271
5,20,14,25.0,65.0,1.6,0.03,0.15,0.3,84,1.2456,280.6787,143.6309,-40.5116,0.0000,3271
5,20,14,25.0,65.0,1.6,0.03,0.2,0.3,61,1.3281,286.4561,146.5873,-39.2968,0.0000,3271
5,20,14,25.0,65.0,1.6,0.05,0.1,0.3,107,1.2143,89.5672,45.8340,-18.3301,0.0000,3271
5,20,14,25.0,65.0,1.6,0.05,0.15,0.3,75,0.9908,71.0310,36.3485,-21.2429,0.0000,3271
5,20,14,25.0,65.0,1.6,0.05,0.2,0.3,80,1.1288,71.8546,36.7699,-18.9050,0.0000,3271
5,20,14,25.0,70.0,1.0,0.03,0.1,0.3,108,1.4252,219.4469,112.2969,-19.8817,0.0000,3271
5,20,14,25.0,70.0,1.0,0.03,0.15,0.3,97,1.3973,139.1677,71.2159,-25.2155,0.0000,3271
5,20,14,25.0,70.0,1.0,0.03,0.2,0.3,173,0.7088,77.7533,39.7885,-37.7358,0.0000,3271
5,20,14,25.0,70.0,1.0,0.05,0.1,0.3,223,1.2084,190.6684,97.5702,-28.3573,0.0000,3271
5,20,14,25.0,70.0,1.0,0.05,0.15,0.3,164,0.8700,103.4173,52.9214,-41.5383,0.0000,3271
5,20,14,25.0,70.0,1.0,0.05,0.2,0.3,165,0.7356,75.0717,38.4162,-32.9160,0.0000,3271
5,20,14,25.0,70.0,1.3,0.03,0.1,0.3,88,1.4179,123.0200,62.9526,-18.8448,0.0000,3271
5,20,14,25.0,70.0,1.3,0.03,0.15,0.3,79,0.8093,51.1986,26.1997,-23.2279,0.0000,3271
5,20,14,25.0,70.0,1.3,0.03,0.2,0.3,140,0.7479,65.1360,33.3319,-24.4211,0.0000,3271
5,20,14,25.0,70.0,1.3,0.05,0.1,0.3,177,1.3347,129.8825,66.4644,-21.6809,0.0000,3271
5,20,14,25.0,70.0,1.3,0.05,0.15,0.3,141,0.8466,71.2873,36.4796,-29.9931,0.0000,3271
5,20,14,25.0,70.0,1.3,0.05,0.2,0.3,120,0.7307,49.4875,25.3241,-32.2202,0.0000,3271
5,20,14,25.0,70.0,1.6,0.03,0.1,0.3,83,1.4599,305.5884,156.3779,-35.7469,0.0000,3271
5,20,14,25.0,70.0,1.6,0.03,0.15,0.3,84,1.2456,280.6787,143.6309,-40.5116,0.0000,3271
5,20,14,25.0,70.0,1.6,0.03,0.2,0.3,61,1.3281,286.4561,146.5873,-39.2968,0.0000,3271
5,20,14,25.0,70.0,1.6,0.05,0.1,0.3,107,1.2143,89.5672,45.8340,-18.3301,0.0000,3271
5,20,14,25.0,70.0,1.6,0.05,0.15,0.3,75,0.9908,71.0310,36.3485,-21.2429,0.0000,3271
5,20,14,25.0,70.0,1.6,0.05,0.2,0.3,80,1.1288,71.8546,36.7699,-18.9050,0.0000,3271
5,20,14,25.0,75.0,1.0,0.03,0.1,0.3,108,1.4252,219.4469,112.2969,-19.8817,0.0000,3271
5,20,14,25.0,75.0,1.0,0.03,0.15,0.3,97,1.3973,139.1677,71.2159,-25.2155,0.0000,3271
5,20,14,25.0,75.0,1.0,0.03,0.2,0.3,173,0.7088,77.7533,39.7885,-37.7358,0.0000,3271
5,20,14,25.0,75.0,1.0,0.05,0.1,0.3,223,1.2084,190.6684,97.5702,-28.3573,0.0000,3271
5,20,14,25.0,75.0,1.0,0.05,0.15,0.3,164,0.8700,103.4173,52.9214,-41.5383,0.0000,3271
5,20,14,25.0,75.0,1.0,0.05,0.2,0.3,165,0.7356,75.0717,38.4162,-32.9160,0.0000,3271
5,20,14,25.0,75.0,1.3,0.03,0.1,0.3,88,1.4179,123.0200,62.9526,-18.8448,0.0000,3271
5,20,14,25.0,75.0,1.3,0.03,0.15,0.3,79,0.8093,51.1986,26.1997,-23.2279,0.0000,3271
5,20,14,25.0,75.0,1.3,0.03,0.2,0.3,140,0.7479,65.1360,33.3319,-24.4211,0.0000,3271
5,20,14,25.0,75.0,1.3,0.05,0.1,0.3,177,1.3347,129.8825,66.4644,-21.6809,0.0000,3271
5,20,14,25.0,75.0,1.3,0.05,0.15,0.3,141,0.8466,71.2873,36.4796,-29.9931,0.0000,3271
5,20,14,25.0,75.0,1.3,0.05,0.2,0.3,120,0.7307,49.4875,25.3241,-32.2202,0.0000,3271
5,20,14,25.0,75.0,1.6,0.03,0.1,0.3,83,1.4599,305.5884,156.3779,-35.7469,0.0000,3271
5,20,14,25.0,75.0,1.6,0.03,0.15,0.3,84,1.2456,280.6787,143.6309,-40.5116,0.0000,3271
5,20,14,25.0,75.0,1.6,0.03,0.2,0.3,61,1.3281,286.4561,146.5873,-39.2968,0.0000,3271
5,20,14,25.0,75.0,1.6,0.05,0.1,0.3,107,1.2143,89.5672,45.8340,-18.3301,0.0000,3271
5,20,14,25.0,75.0,1.6,0.05,0.15,0.3,75,0.9908,71.0310,36.3485,-21.2429,0.0000,3271
5,20,14,25.0,75.0,1.6,0.05,0.2,0.3,80,1.1288,71.8546,36.7699,-18.9050,0.0000,3271
5,20,14,30.0,65.0,1.0,0.03,0.1,0.3,108,1.4252,219.4469,112.2969,-19.8817,0.0000,3271
5,20,14,30.0,65.0,1.0,0.03,0.15,0.3,97,1.3973,139.1677,71.2159,-25.2155,0.0000,3271
5,20,14,30.0,65.0,1.0,0.03,0.2,0.3,173,0.7088,77.7533,39.7885,-37.7358,0.0000,3271
5,20,14,30.0,65.0,1.0,0.05,0.1,0.3,223,1.2084,190.6684,97.5702,-28.3573,0.0000,3271
5,20,14,30.0,65.0,1.0,0.05,0.15,0.3,164,0.8700,103.4173,52.9214,-41.5383,0.0000,3271
5,20,14,30.0,65.0,1.0,0.05,0.2,0.3,165,0.7356,75.0717,38.4162,-32.9160,0.0000,3271
5,20,14,30.0,65.0,1.3,0.03,0.1,0.3,88,1.4179,123.0200,62.9526,-18.8448,0.0000,3271
5,20,14,30.0,65.0,1.3,0.03,0.15,0.3,79,0.8093,51.1986,26.1997,-23.2279,0.0000,3271
5,20,14,30.0,65.0,1.3,0.03,0.2,0.3,140,0.7479,65.1360,33.3319,-24.4211,0.0000,3271
5,20,14,30.0,65.0,1.3,0.05,0.1,0.3,177,1.3347,129.8825,66.4644,-21.6809,0.0000,3271
5,20,14,30.0,65.0,1.3,0.05,0.15,0.3,141,0.8466,71.2873,36.4796,-29.9931,0.0000,3271
5,20,14,30.0,65.0,1.3,0.05,0.2,0.3,120,0.7307,49.4875,25.3241,-32.2202,0.0000,3271
5,20,14,30.0,65.0,1.6,0.03,0.1,0.3,83,1.4599,305.5884,156.3779,-35.7469,0.0000,3271
5,20,14,30.0,65.0,1.6,0.03,0.15,0.3,84,1.2456,280.6787,143.6309,-40.5116,0.0000,3271
5,20,14,30.0,65.0,1.6,0.03,0.2,0.3,61,1.3281,286.4561,146.5873,-39.2968,0.0000,3271
5,20,14,30.0,65.0,1.6,0.05,0.1,0.3,107,1.2143,89.5672,45.8340,-18.3301,0.0000,3271
5,20,14,30.0,65.0,1.6,0.05,0.15,0.3,75,0.9908,71.0310,36.3485,-21.2429,0.0000,3271
5,20,14,30.0,65.0,1.6,0.05,0.2,0.3,80,1.1288,71.8546,36.7699,-18.9050,0.0000,3271
5,20,14,30.0,70.0,1.0,0.03,0.1,0.3,108,1.4252,219.4469,112.2969,-19.8817,0.0000,3271
5,20,14,30.0,70.0,1.0,0.03,0.15,0.3,97,1.3973,139.1677,71.2159,-25.2155,0.0000,3271
5,20,14,30.0,70.0,1.0,0.03,0.2,0.3,173,0.7088,77.7533,39.7885,-37.7358,0.0000,3271
5,20,14,30.0,70.0,1.0,0.05,0.1,0.3,223,1.2084,190.6684,97.5702,-28.3573,0.0000,3271
5,20,14,30.0,70.0,1.0,0.05,0.15,0.3,164,0.8700,103.4173,52.9214,-41.5383,0.0000,3271
5,20,14,30.0,70.0,1.0,0.05,0.2,0.3,165,0.7356,75.0717,38.4162,-32.9160,0.0000,3271
5,20,14,30.0,70.0,1.3,0.03,0.1,0.3,88,1.4179,123.0200,62.9526,-18.8448,0.0000,3271
5,20,14,30.0,70.0,1.3,0.03,0.15,0.3,79,0.8093,51.1986,26.1997,-23.2279,0.0000,3271
5,20,14,30.0,70.0,1.3,0.03,0.2,0.3,140,0.7479,65.1360,33.3319,-24.4211,0.0000,3271
5,20,14,30.0,70.0,1.3,0.05,0.1,0.3,177,1.3347,129.8825,66.4644,-21.6809,0.0000,3271
5,20,14,30.0,70.0,1.3,0.05,0.15,0.3,141,0.8466,71.2873,36.4796,-29.9931,0.0000,3271
5,20,14,30.0,70.0,1.3,0.05,0.2,0.3,120,0.7307,49.4875,25.3241,-32.2202,0.0000,3271
5,20,14,30.0,70.0,1.6,0.03,0.1,0.3,83,1.4599,305.5884,156.3779,-35.7469,0.0000,3271
5,20,14,30.0,70.0,1.6,0.03,0.15,0.3,84,1.2456,280.6787,143.6309,-40.5116,0.0000,3271
5,20,14,30.0,70.0,1.6,0.03,0.2,0.3,61,1.3281,286.4561,146.5873,-39.2968,0.0000,3271
5,20,14,30.0,70.0,1.6,0.05,0.1,0.3,107,1.2143,89.5672,45.8340,-18.3301,0.0000,3271
5,20,14,30.0,70.0,1.6,0.05,0.15,0.3,75,0.9908,71.0310,36.3485,-21.2429,0.0000,3271
5,20,14,30.0,70.0,1.6,0.05,0.2,0.3,80,1.1288,71.8546,36.7699,-18.9050,0.0000,3271
5,20,14,30.0,75.0,1.0,0.03,0.1,0.3,108,1.4252,219.4469,112.2969,-19.8817,0.0000,3271
5,20,14,30.0,75.0,1.0,0.03,0.15,0.3,97,1.3973,139.1677,71.2159,-25.2155,0.0000,3271
5,20,14,30.0,75.0,1.0,0.03,0.2,0.3,173,0.7088,77.7533,39.7885,-37.7358,0.0000,3271
5,20,14,30.0,75.0,1.0,0.05,0.1,0.3,223,1.2084,190.6684,97.5702,-28.3573,0.0000,3271
5,20,14,30.0,75.0,1.0,0.05,0.15,0.3,164,0.8700,103.4173,52.9214,-41.5383,0.0000,3271
5,20,14,30.0,75.0,1.0,0.05,0.2,0.3,165,0.7356,75.0717,38.4162,-32.9160,0.0000,3271
5,20,14,30.0,75.0,1.3,0.03,0.1,0.3,88,1.4179,123.0200,62.9526,-18.8448,0.0000,3271
5,20,14,30.0,75.0,1.3,0.03,0.15,0.3,79,0.8093,51.1986,26.1997,-23.2279,0.0000,3271
5,20,14,30.0,75.0,1.3,0.03,0.2,0.3,140,0.7479,65.1360,33.3319,-24.4211,0.0000,3271
5,20,14,30.0,75.0,1.3,0.05,0.1,0.3,177,1.3347,129.8825,66.4644,-21.6809,0.0000,3271
5,20,14,30.0,75.0,1.3,0.05,0.15,0.3,141,0.8466,71.2873,36.4796,-29.9931,0.0000,3271
5,20,14,30.0,75.0,1.3,0.05,0.2,0.3,120,0.7307,49.4875,25.3241,-32.2202,0.0000,3271
5,20,14,30.0,75.0,1.6,0.03,0.1,0.3,83,1.4599,305.5884,156.3779,-35.7469,0.0000,3271
5,20,14,30.0,75.0,1.6,0.03,0.15,0.3,84,1.2456,280.6787,143.6309,-40.5116,0.0000,3271
5,20,14,30.0,75.0,1.6,0.03,0.2,0.3,61,1.3281,286.4561,146.5873,-39.2968,0.0000,3271
5,20,14,30.0,75.0,1.6,0.05,0.1,0.3,107,1.2143,89.5672,45.8340,-18.3301,0.0000,3271
5,20,14,30.0,75.0,1.6,0.05,0.15,0.3,75,0.9908,71.0310,36.3485,-21.2429,0.0000,3271
5,20,14,30.0,75.0,1.6,0.05,0.2,0.3,80,1.1288,71.8546,36.7699,-18.9050,0.0000,3271
5,20,14,35.0,65.0,1.0,0.03,0.1,0.3,108,1.4252,219.4469,112.2969,-19.8817,0.0000,3271
5,20,14,35.0,65.0,1.0,0.03,0.15,0.3,97,1.3973,139.1677,71.2159,-25.2155,0.0000,3271
5,20,14,35.0,65.0,1.0,0.03,0.2,0.3,173,0.7088,77.7533,39.7885,-37.7358,0.0000,3271
5,20,14,35.0,65.0,1.0,0.05,0.1,0.3,223,1.2084,190.6684,97.5702,-28.3573,0.0000,3271
5,20,14,35.0,65.0,1.0,0.05,0.15,0.3,164,0.8700,103.4173,52.9214,-41.5383,0.0000,3271
5,20,14,35.0,65.0,1.0,0.05,0.2,0.3,165,0.7356,75.0717,38.4162,-32.9160,0.0000,3271
5,20,14,35.0,65.0,1.3,0.03,0.1,0.3,88,1.4179,123.0200,62.9526,-18.8448,0.0000,3271
5,20,14,35.0,65.0,1.3,0.03,0.15,0.3,79,0.8093,51.1986,26.1997,-23.2279,0.0000,3271
5,20,14,35.0,65.0,1.3,0.03,0.2,0.3,140,0.7479,65.1360,33.3319,-24.4211,0.0000,3271
5,20,14,35.0,65.0,1.3,0.05,0.1,0.3,177,1.3347,129.8825,66.4644,-21.6809,0.0000,3271
5,20,14,35.0,65.0,1.3,0.05,0.15,0.3,141,0.8466,71.2873,36.4796,-29.9931,0.0000,3271
5,20,14,35.0,65.0,1.3,0.05,0.2,0.3,120,0.7307,49.4875,25.3241,-32.2202,0.0000,3271
5,20,14,35.0,65.0,1.6,0.03,0.1,0.3,83,1.4599,305.5884,156.3779,-35.7469,0.0000,3271
5,20,14,35.0,65.0,1.6,0.03,0.15,0.3,84,1.2456,280.6787,143.6309,-40.5116,0.0000,3271
5,20,14,35.0,65.0,1.6,0.03,0.2,0.3,61,1.3281,286.4561,146.5873,-39.2968,0.0000,3271
5,20,14,35.0,65.0,1.6,0.05,0.1,0.3,107,1.2143,89.5672,45.8340,-18.3301,0.0000,3271
5,20,14,35.0,65.0,1.6,0.05,0.15,0.3,75,0.9908,71.0310,36.3485,-21.2429,0.0000,3271
5,20,14,35.0,65.0,1.6,0.05,0.2,0.3,80,1.1288,71.8546,36.7699,-18.9050,0.0000,3271
5,20,14,35.0,70.0,1.0,0.03,0.1,0.3,108,1.4252,219.4469,112.2969,-19.8817,0.0000,3271
5,20,14,35.0,70.0,1.0,0.03,0.15,0.3,97,1.3973,139.1677,71.2159,-25.2155,0.0000,3271
5,20,14,35.0,70.0,1.0,0.03,0.2,0.3,173,0.7088,77.7533,39.7885,-37.7358,0.0000,3271
5,20,14,35.0,70.0,1.0,0.05,0.1,0.3,223,1.2084,190.6684,97.5702,-28.3573,0.0000,3271
5,20,14,35.0,70.0,1.0,0.05,0.15,0.3,164,0.8700,103.4173,52.9214,-41.5383,0.0000,3271
5,20,14,35.0,70.0,1.0,0.05,0.2,0.3,165,0.7356,75.0717,38.4162,-32.9160,0.0000,3271
5,20,14,35.0,70.0,1.3,0.03,0.1,0.3,88,1.4179,123.0200,62.9526,-18.8448,0.0000,3271
5,20,14,35.0,70.0,1.3,0.03,0.15,0.3,79,0.8093,51.1986,26.1997,-23.2279,0.0000,3271
5,20,14,35.0,70.0,1.3,0.03,0.2,0.3,140,0.7479,65.1360,33.3319,-24.4211,0.0000,3271
5,20,14,35.0,70.0,1.3,0.05,0.1,0.3,177,1.3347,129.8825,66.4644,-21.6809,0.0000,3271
5,20,14,35.0,70.0,1.3,0.05,0.15,0.3,141,0.8466,71.2873,36.4796,-29.9931,0.0000,3271
5,20,14,35.0,70.0,1.3,0.05,0.2,0.3,120,0.7307,49.4875,25.3241,-32.2202,0.0000,3271
5,20,14,35.0,70.0,1.6,0.03,0.1,0.3,83,1.4599,305.5884,156.3779,-35.7469,0.0000,3271
5,20,14,35.0,70.0,1.6,0.03,0.15,0.3,84,1.2456,280.6787,143.6309,-40.5116,0.0000,3271
5,20,14,35.0,70.0,1.6,0.03,0.2,0.3,61,1.3281,286.4561,146.5873,-39.2968,0.0000,3271
5,20,14,35.0,70.0,1.6,0.05,0.1,0.3,107,1.2143,89.5672,45.8340,-18.3301,0.0000,3271
5,20,14,35.0,70.0,1.6,0.05,0.15,0.3,75,0.9908,71.0310,36.3485,-21.2429,0.0000,3271
5,20,14,35.0,70.0,1.6,0.05,0.2,0.3,80,1.1288,71.8546,36.7699,-18.9050,0.0000,3271
5,20,14,35.0,75.0,1.0,0.03,0.1,0.3,108,1.4252,219.4469,112.2969,-19.8817,0.0000,3271
5,20,14,35.0,75.0,1.0,0.03,0.15,0.3,97,1.3973,139.1677,71.2159,-25.2155,0.0000,3271
5,20,14,35.0,75.0,1.0,0.03,0.2,0.3,173,0.7088,77.7533,39.7885,-37.7358,0.0000,3271
5,20,14,35.0,75.0,1.0,0.05,0.1,0.3,223,1.2084,190.6684,97.5702,-28.3573,0.0000,3271
5,20,14,35.0,75.0,1.0,0.05,0.15,0.3,164,0.8700,103.4173,52.9214,-41.5383,0.0000,3271
5,20,14,35.0,75.0,1.0,0.05,0.2,0.3,165,0.7356,75.0717,38.4162,-32.9160,0.0000,3271
5,20,14,35.0,75.0,1.3,0.03,0.1,0.3,88,1.4179,123.0200,62.9526,-18.8448,0.0000,3271
5,20,14,35.0,75.0,1.3,0.03,0.15,0.3,79,0.8093,51.1986,26.1997,-23.2279,0.0000,3271
5,20,14,35.0,75.0,1.3,0.03,0.2,0.3,140,0.7479,65.1360,33.3319,-24.4211,0.0000,3271
5,20,14,35.0,75.0,1.3,0.05,0.1,0.3,177,1.3347,129.8825,66.4644,-21.6809,0.0000,3271
5,20,14,35.0,75.0,1.3,0.05,0.15,0.3,141,0.8466,71.2873,36.4796,-29.9931,0.0000,3271
5,20,14,35.0,75.0,1.3,0.05,0.2,0.3,120,0.7307,49.4875,25.3241,-32.2202,0.0000,3271
5,20,14,35.0,75.0,1.6,0.03,0.1,0.3,83,1.4599,305.5884,156.3779,-35.7469,0.0000,3271
5,20,14,35.0,75.0,1.6,0.03,0.15,0.3,84,1.2456,280.6787,143.6309,-40.5116,0.0000,3271
5,20,14,35.0,75.0,1.6,0.03,0.2,0.3,61,1.3281,286.4561,146.5873,-39.2968,0.0000,3271
5,20,14,35.0,75.0,1.6,0.05,0.1,0.3,107,1.2143,89.5672,45.8340,-18.3301,0.0000,3271
5,20,14,35.0,75.0,1.6,0.05,0.15,0.3,75,0.9908,71.0310,36.3485,-21.2429,0.0000,3271
5,20,14,35.0,75.0,1.6,0.05,0.2,0.3,80,1.1288,71.8546,36.7699,-18.9050,0.0000,3271
5,30,14,25.0,65.0,1.0,0.03,0.1,0.3,21,1.1011,152.6703,78.1255,-22.6976,0.0000,3271
5,30,14,25.0,65.0,1.0,0.03,0.15,0.3,257,0.4579,89.8226,45.9646,-52.9004,0.0000,3271
5,30,14,25.0,65.0,1.0,0.03,0.2,0.3,252,0.4596,74.7351,38.2440,-49.4478,0.0000,3271
5,30,14,25.0,65.0,1.0,0.05,0.1,0.3,116,1.4465,463.9337,237.4074,-29.5235,0.0000,3271
5,30,14,25.0,65.0,1.0,0.05,0.15,0.3,79,1.2627,312.5712,159.9511,-40.6088,0.0000,3271
5,30,14,25.0,65.0,1.0,0.05,0.2,0.3,72,1.4488,339.2232,173.5897,-36.0458,0.0000,3271
5,30,14,25.0,65.0,1.3,0.03,0.1,0.3,15,1.1592,86.0276,44.0226,-14.5598,0.0000,3271
5,30,14,25.0,65.0,1.3,0.03,0.15,0.3,35,1.3292,106.9382,54.7232,-22.6706,0.0000,3271
5,30,14,25.0,65.0,1.3,0.03,0.2,0.3,35,1.4552,121.7534,62.3045,-20.9009,0.0000,3271
5,30,14,25.0,65.0,1.3,0.05,0.1,0.3,85,1.3226,211.5794,108.2709,-27.4752,0.0000,3271
5,30,14,25.0,65.0,1.3,0.05,0.15,0.3,58,1.1600,160.5159,82.1403,-35.1676,0.0000,3271
5,30,14,25.0,65.0,1.3,0.05,0.2,0.3,57,1.4132,196.3725,100.4891,-29.3896,0.0000,3271
5,30,14,25.0,65.0,1.6,0.03,0.1,0.3,44,1.3560,77.2646,39.5384,-12.2975,0.0000,3271
5,30,14,25.0,65.0,1.6,0.03,0.15,0.3,35,1.5048,67.6433,34.6149,-13.0777,0.0000,3271
5,30,14,25.0,65.0,1.6,0.03,0.2,0.3,34,1.5142,79.3750,40.6183,-12.1387,0.0000,3271
5,30,14,25.0,65.0,1.6,0.05,0.1,0.3,70,1.3277,138.7947,71.0250,-23.2916,0.0000,3271
5,30,14,25.0,65.0,1.6,0.05,0.15,0.3,51,1.1937,108.6120,55.5797,-27.4057,0.0000,3271
5,30,14,25.0,65.0,1.6,0.05,0.2,0.3,46,1.3777,129.5703,66.3047,-24.4116,0.0000,3271
5,30,14,25.0,70.0,1.0,0.03,0.1,0.3,21,1.1011,152.6703,78.1255,-22.6976,0.0000,3271
5,30,14,25.0,70.0,1.0,0.03,0.15,0.3,257,0.4579,89.8226,45.9646,-52.9004,0.0000,3271
5,30,14,25.0,70.0,1.0,0.03,0.2,0.3,252,0.4596,74.7351,38.2440,-49.4478,0.0000,3271
5,30,14,25.0,70.0,1.0,0.05,0.1,0.3,116,1.4465,463.9337,237.4074,-29.5235,0.0000,3271
5,30,14,25.0,70.0,1.0,0.05,0.15,0.3,79,1.2627,312.5712,159.9511,-40.6088,0.0000,3271
5,30,14,25.0,70.0,1.0,0.05,0.2,0.3,72,1.4488,339.2232,173.5897,-36.0458,0.0000,3271
5,30,14,25.0,70.0,1.3,0.03,0.1,0.3,15,1.1592,86.0276,44.0226,-14.5598,0.0000,3271
5,30,14,25.0,70.0,1.3,0.03,0.15,0.3,35,1.3292,106.9382,54.7232,-22.6706,0.0000,3271
5,30,14,25.0,70.0,1.3,0.03,0.2,0.3,35,1.4552,121.7534,62.3045,-20.9009,0.0000,3271
5,30,14,25.0,70.0,1.3,0.05,0.1,0.3,85,1.3226,211.5794,108.2709,-27.4752,0.0000,3271
5,30,14,25.0,70.0,1.3,0.05,0.15,0.3,58,1.1600,160.5159,82.1403,-35.1676,0.0000,3271
5,30,14,25.0,70.0,1.3,0.05,0.2,0.3,57,1.4132,196.3725,100.4891,-29.3896,0.0000,3271
5,30,14,25.0,70.0,1.6,0.03,0.1,0.3,44,1.3560,77.2646,39.5384,-12.2975,0.0000,3271
5,30,14,25.0,70.0,1.6,0.03,0.15,0.3,35,1.5048,67.6433,34.6149,-13.0777,0.0000,3271
5,30,14,25.0,70.0,1.6,0.03,0.2,0.3,34,1.5142,79.3750,40.6183,-12.1387,0.0000,3271
5,30,14,25.0,70.0,1.6,0.05,0.1,0.3,70,1.3277,138.7947,71.0250,-23.2916,0.0000,3271
5,30,14,25.0,70.0,1.6,0.05,0.15,0.3,51,1.1937,108.6120,55.5797,-27.4057,0.0000,3271
5,30,14,25.0,70.0,1.6,0.05,0.2,0.3,46,1.3777,129.5703,66.3047,-24.4116,0.0000,3271
5,30,14,25.0,75.0,1.0,0.03,0.1,0.3,21,1.1011,152.6703,78.1255,-22.6976,0.0000,3271
5,30,14,25.0,75.0,1.0,0.03,0.15,0.3,257,0.4579,89.8226,45.9646,-52.9004,0.0000,3271
5,30,14,25.0,75.0,1.0,0.03,0.2,0.3,252,0.4596,74.7351,38.2440,-49.4478,0.0000,3271
5,30,14,25.0,75.0,1.0,0.05,0.1,0.3,116,1.4465,463.9337,237.4074,-29.5235,0.0000,3271
5,30,14,25.0,75.0,1.0,0.05,0.15,0.3,79,1.2627,312.5712,159.9511,-40.6088,0.0000,3271
5,30,14,25.0,75.0,1.0,0.05,0.2,0.3,72,1.4488,339.2232,173.5897,-36.0458,0.0000,3271
5,30,14,25.0,75.0,1.3,0.03,0.1,0.3,15,1.1592,86.0276,44.0226,-14.5598,0.0000,3271
5,30,14,25.0,75.0,1.3,0.03,0.15,0.3,35,1.3292,106.9382,54.7232,-22.6706,0.0000,3271
5,30,14,25.0,75.0,1.3,0.03,0.2,0.3,35,1.4552,121.7534,62.3045,-20.9009,0.0000,3271
5,30,14,25.0,75.0,1.3,0.05,0.1,0.3,85,1.3226,211.5794,108.2709,-27.4752,0.0000,3271
5,30,14,25.0,75.0,1.3,0.05,0.15,0.3,58,1.1600,160.5159,82.1403,-35.1676,0.0000,3271
5,30,14,25.0,75.0,1.3,0.05,0.2,0.3,57,1.4132,196.3725,100.4891,-29.3896,0.0000,3271
5,30,14,25.0,75.0,1.6,0.03,0.1,0.3,44,1.3560,77.2646,39.5384,-12.2975,0.0000,3271
5,30,14,25.0,75.0,1.6,0.03,0.15,0.3,35,1.5048,67.6433,34.6149,-13.0777,0.0000,3271
5,30,14,25.0,75.0,1.6,0.03,0.2,0.3,34,1.5142,79.3750,40.6183,-12.1387,0.0000,3271
5,30,14,25.0,75.0,1.6,0.05,0.1,0.3,70,1.3277,138.7947,71.0250,-23.2916,0.0000,3271
5,30,14,25.0,75.0,1.6,0.05,0.15,0.3,51,1.1937,108.6120,55.5797,-27.4057,0.0000,3271
5,30,14,25.0,75.0,1.6,0.05,0.2,0.3,46,1.3777,129.5703,66.3047,-24.4116,0.0000,3271
5,30,14,30.0,65.0,1.0,0.03,0.1,0.3,21,1.1011,152.6703,78.1255,-22.6976,0.0000,3271
5,30,14,30.0,65.0,1.0,0.03,0.15,0.3,257,0.4579,89.8226,45.9646,-52.9004,0.0000,3271
5,30,14,30.0,65.0,1.0,0.03,0.2,0.3,252,0.4596,74.7351,38.2440,-49.4478,0.0000,3271
5,30,14,30.0,65.0,1.0,0.05,0.1,0.3,116,1.4465,463.9337,237.4074,-29.5235,0.0000,3271
5,30,14,30.0,65.0,1.0,0.05,0.15,0.3,79,1.2627,312.5712,159.9511,-40.6088,0.0000,3271
5,30,14,30.0,65.0,1.0,0.05,0.2,0.3,72,1.4488,339.2232,173.5897,-36.0458,0.0000,3271
5,30,14,30.0,65.0,1.3,0.03,0.1,0.3,15,1.1592,86.0276,44.0226,-14.5598,0.0000,3271
5,30,14,30.0,65.0,1.3,0.03,0.15,0.3,35,1.3292,106.9382,54.7232,-22.6706,0.0000,3271
5,30,14,30.0,65.0,1.3,0.03,0.2,0.3,35,1.4552,121.7534,62.3045,-20.9009,0.0000,3271
5,30,14,30.0,65.0,1.3,0.05,0.1,0.3,85,1.3226,211.5794,108.2709,-27.4752,0.0000,3271
5,30,14,30.0,65.0,1.3,0.05,0.15,0.3,58,1.1600,160.5159,82.1403,-35.1676,0.0000,3271
5,30,14,30.0,65.0,1.3,0.05,0.2,0.3,57,1.4132,196.3725,100.4891,-29.3896,0.0000,3271
5,30,14,30.0,65.0,1.6,0.03,0.1,0.3,44,1.3560,77.2646,39.5384,-12.2975,0.0000,3271
5,30,14,30.0,65.0,1.6,0.03,0.15,0.3,35,1.5048,67.6433,34.6149,-13.0777,0.0000,3271
5,30,14,30.0,65.0,1.6,0.03,0.2,0.3,34,1.5142,79.3750,40.6183,-12.1387,0.0000,3271
5,30,14,30.0,65.0,1.6,0.05,0.1,0.3,70,1.3277,138.7947,71.0250,-23.2916,0.0000,3271
5,30,14,30.0,65.0,1.6,0.05,0.15,0.3,51,1.1937,108.6120,55.5797,-27.4057,0.0000,3271
5,30,14,30.0,65.0,1.6,0.05,0.2,0.3,46,1.3777,129.5703,66.3047,-24.4116,0.0000,3271
5,30,14,30.0,70.0,1.0,0.03,0.1,0.3,21,1.1011,152.6703,78.1255,-22.6976,0.0000,3271
5,30,14,30.0,70.0,1.0,0.03,0.15,0.3,257,0.4579,89.8226,45.9646,-52.9004,0.0000,3271
5,30,14,30.0,70.0,1.0,0.03,0.2,0.3,252,0.4596,74.7351,38.2440,-49.4478,0.0000,3271
5,30,14,30.0,70.0,1.0,0.05,0.1,0.3,116,1.4465,463.9337,237.4074,-29.5235,0.0000,3271
5,30,14,30.0,70.0,1.0,0.05,0.15,0.3,79,1.2627,312.5712,159.9511,-40.6088,0.0000,3271
5,30,14,30.0,70.0,1.0,0.05,0.2,0.3,72,1.4488,339.2232,173.5897,-36.0458,0.0000,3271
5,30,14,30.0,70.0,1.3,0.03,0.1,0.3,15,1.1592,86.0276,44.0226,-14.5598,0.0000,3271
5,30,14,30.0,70.0,1.3,0.03,0.15,0.3,35,1.3292,106.9382,54.7232,-22.6706,0.0000,3271
5,30,14,30.0,70.0,1.3,0.03,0.2,0.3,35,1.4552,121.7534,62.3045,-20.9009,0.0000,3271
5,30,14,30.0,70.0,1.3,0.05,0.1,0.3,85,1.3226,211.5794,108.2709,-27.4752,0.0000,3271
5,30,14,30.0,70.0,1.3,0.05,0.15,0.3,58,1.1600,160.5159,82.1403,-35.1676,0.0000,3271
5,30,14,30.0,70.0,1.3,0.05,0.2,0.3,57,1.4132,196.3725,100.4891,-29.3896,0.0000,3271
5,30,14,30.0,70.0,1.6,0.03,0.1,0.3,44,1.3560,77.2646,39.5384,-12.2975,0.0000,3271
5,30,14,30.0,70.0,1.6,0.03,0.15,0.3,35,1.5048,67.6433,34.6149,-13.0777,0.0000,3271
5,30,14,30.0,70.0,1.6,0.03,0.2,0.3,34,1.5142,79.3750,40.6183,-12.1387,0.0000,3271
5,30,14,30.0,70.0,1.6,0.05,0.1,0.3,70,1.3277,138.7947,71.0250,-23.2916,0.0000,3271
5,30,14,30.0,70.0,1.6,0.05,0.15,0.3,51,1.1937,108.6120,55.5797,-27.4057,0.0000,3271
5,30,14,30.0,70.0,1.6,0.05,0.2,0.3,46,1.3777,129.5703,66.3047,-24.4116,0.0000,3271
5,30,14,30.0,75.0,1.0,0.03,0.1,0.3,21,1.1011,152.6703,78.1255,-22.6976,0.0000,3271
5,30,14,30.0,75.0,1.0,0.03,0.15,0.3,257,0.4579,89.8226,45.9646,-52.9004,0.0000,3271
5,30,14,30.0,75.0,1.0,0.03,0.2,0.3,252,0.4596,74.7351,38.2440,-49.4478,0.0000,3271
5,30,14,30.0,75.0,1.0,0.05,0.1,0.3,116,1.4465,463.9337,237.4074,-29.5235,0.0000,3271
5,30,14,30.0,75.0,1.0,0.05,0.15,0.3,79,1.2627,312.5712,159.9511,-40.6088,0.0000,3271
5,30,14,30.0,75.0,1.0,0.05,0.2,0.3,72,1.4488,339.2232,173.5897,-36.0458,0.0000,3271
5,30,14,30.0,75.0,1.3,0.03,0.1,0.3,15,1.1592,86.0276,44.0226,-14.5598,0.0000,3271
5,30,14,30.0,75.0,1.3,0.03,0.15,0.3,35,1.3292,106.9382,54.7232,-22.6706,0.0000,3271
5,30,14,30.0,75.0,1.3,0.03,0.2,0.3,35,1.4552,121.7534,62.3045,-20.9009,0.0000,3271
5,30,14,30.0,75.0,1.3,0.05,0.1,0.3,85,1.3226,211.5794,108.2709,-27.4752,0.0000,3271
5,30,14,30.0,75.0,1.3,0.05,0.15,0.3,58,1.1600,160.5159,82.1403,-35.1676,0.0000,3271
5,30,14,30.0,75.0,1.3,0.05,0.2,0.3,57,1.4132,196.3725,100.4891,-29.3896,0.0000,3271
5,30,14,30.0,75.0,1.6,0.03,0.1,0.3,44,1.3560,77.2646,39.5384,-12.2975,0.0000,3271
5,30,14,30.0,75.0,1.6,0.03,0.15,0.3,35,1.5048,67.6433,34.6149,-13.0777,0.0000,3271
5,30,14,30.0,75.0,1.6,0.03,0.2,0.3,34,1.5142,79.3750,40.6183,-12.1387,0.0000,3271
5,30,14,30.0,75.0,1.6,0.05,0.1,0.3,70,1.3277,138.7947,71.0250,-23.2916,0.0000,3271
5,30,14,30.0,75.0,1.6,0.05,0.15,0.3,51,1.1937,108.6120,55.5797,-27.4057,0.0000,3271
5,30,14,30.0,75.0,1.6,0.05,0.2,0.3,46,1.3777,129.5703,66.3047,-24.4116,0.0000,3271
5,30,14,35.0,65.0,1.0,0.03,0.1,0.3,21,1.1011,152.6703,78.1255,-22.6976,0.0000,3271
5,30,14,35.0,65.0,1.0,0.03,0.15,0.3,257,0.4579,89.8226,45.9646,-52.9004,0.0000,3271
5,30,14,35.0,65.0,1.0,0.03,0.2,0.3,252,0.4596,74.7351,38.2440,-49.4478,0.0000,3271
5,30,14,35.0,65.0,1.0,0.05,0.1,0.3,116,1.4465,463.9337,237.4074,-29.5235,0.0000,3271
5,30,14,35.0,65.0,1.0,0.05,0.15,0.3,79,1.2627,312.5712,159.9511,-40.6088,0.0000,3271
5,30,14,35.0,65.0,1.0,0.05,0.2,0.3,72,1.4488,339.2232,173.5897,-36.0458,0.0000,3271
5,30,14,35.0,65.0,1.3,0.03,0.1,0.3,15,1.1592,86.0276,44.0226,-14.5598,0.0000,3271
5,30,14,35.0,65.0,1.3,0.03,0.15,0.3,35,1.3292,106.9382,54.7232,-22.6706,0.0000,3271
5,30,14,35.0,65.0,1.3,0.03,0.2,0.3,35,1.4552,121.7534,62.3045,-20.9009,0.0000,3271
5,30,14,35.0,65.0,1.3,0.05,0.1,0.3,85,1.3226,211.5794,108.2709,-27.4752,0.0000,3271
5,30,14,35.0,65.0,1.3,0.05,0.15,0.3,58,1.1600,160.5159,82.1403,-35.1676,0.0000,3271
5,30,14,35.0,65.0,1.3,0.05,0.2,0.3,57,1.4132,196.3725,100.4891,-29.3896,0.0000,3271
5,30,14,35.0,65.0,1.6,0.03,0.1,0.3,44,1.3560,77.2646,39.5384,-12.2975,0.0000,3271
5,30,14,35.0,65.0,1.6,0.03,0.15,0.3,35,1.5048,67.6433,34.6149,-13.0777,0.0000,3271
5,30,14,35.0,65.0,1.6,0.03,0.2,0.3,34,1.5142,79.3750,40.6183,-12.1387,0.0000,3271
5,30,14,35.0,65.0,1.6,0.05,0.1,0.3,70,1.3277,138.7947,71.0250,-23.2916,0.0000,3271
5,30,14,35.0,65.0,1.6,0.05,0.15,0.3,51,1.1937,108.6120,55.5797,-27.4057,0.0000,3271
5,30,14,35.0,65.0,1.6,0.05,0.2,0.3,46,1.3777,129.5703,66.3047,-24.4116,0.0000,3271
5,30,14,35.0,70.0,1.0,0.03,0.1,0.3,21,1.1011,152.6703,78.1255,-22.6976,0.0000,3271
5,30,14,35.0,70.0,1.0,0.03,0.15,0.3,257,0.4579,89.8226,45.9646,-52.9004,0.0000,3271
5,30,14,35.0,70.0,1.0,0.03,0.2,0.3,252,0.4596,74.7351,38.2440,-49.4478,0.0000,3271
5,30,14,35.0,70.0,1.0,0.05,0.1,0.3,116,1.4465,463.9337,237.4074,-29.5235,0.0000,3271
5,30,14,35.0,70.0,1.0,0.05,0.15,0.3,79,1.2627,312.5712,159.9511,-40.6088,0.0000,3271
5,30,14,35.0,70.0,1.0,0.05,0.2,0.3,72,1.4488,339.2232,173.5897,-36.0458,0.0000,3271
5,30,14,35.0,70.0,1.3,0.03,0.1,0.3,15,1.1592,86.0276,44.0226,-14.5598,0.0000,3271
5,30,14,35.0,70.0,1.3,0.03,0.15,0.3,35,1.3292,106.9382,54.7232,-22.6706,0.0000,3271
5,30,14,35.0,70.0,1.3,0.03,0.2,0.3,35,1.4552,121.7534,62.3045,-20.9009,0.0000,3271
5,30,14,35.0,70.0,1.3,0.05,0.1,0.3,85,1.3226,211.5794,108.2709,-27.4752,0.0000,3271
5,30,14,35.0,70.0,1.3,0.05,0.15,0.3,58,1.1600,160.5159,82.1403,-35.1676,0.0000,3271
5,30,14,35.0,70.0,1.3,0.05,0.2,0.3,57,1.4132,196.3725,100.4891,-29.3896,0.0000,3271
5,30,14,35.0,70.0,1.6,0.03,0.1,0.3,44,1.3560,77.2646,39.5384,-12.2975,0.0000,3271
5,30,14,35.0,70.0,1.6,0.03,0.15,0.3,35,1.5048,67.6433,34.6149,-13.0777,0.0000,3271
5,30,14,35.0,70.0,1.6,0.03,0.2,0.3,34,1.5142,79.3750,40.6183,-12.1387,0.0000,3271
5,30,14,35.0,70.0,1.6,0.05,0.1,0.3,70,1.3277,138.7947,71.0250,-23.2916,0.0000,3271
5,30,14,35.0,70.0,1.6,0.05,0.15,0.3,51,1.1937,108.6120,55.5797,-27.4057,0.0000,3271
5,30,14,35.0,70.0,1.6,0.05,0.2,0.3,46,1.3777,129.5703,66.3047,-24.4116,0.0000,3271
5,30,14,35.0,75.0,1.0,0.03,0.1,0.3,21,1.1011,152.6703,78.1255,-22.6976,0.0000,3271
5,30,14,35.0,75.0,1.0,0.03,0.15,0.3,257,0.4579,89.8226,45.9646,-52.9004,0.0000,3271
5,30,14,35.0,75.0,1.0,0.03,0.2,0.3,252,0.4596,74.7351,38.2440,-49.4478,0.0000,3271
5,30,14,35.0,75.0,1.0,0.05,0.1,0.3,116,1.4465,463.9337,237.4074,-29.5235,0.0000,3271
5,30,14,35.0,75.0,1.0,0.05,0.15,0.3,79,1.2627,312.5712,159.9511,-40.6088,0.0000,3271
5,30,14,35.0,75.0,1.0,0.05,0.2,0.3,72,1.4488,339.2232,173.5897,-36.0458,0.0000,3271
5,30,14,35.0,75.0,1.3,0.03,0.1,0.3,15,1.1592,86.0276,44.0226,-14.5598,0.0000,3271
5,30,14,35.0,75.0,1.3,0.03,0.15,0.3,35,1.3292,106.9382,54.7232,-22.6706,0.0000,3271
5,30,14,35.0,75.0,1.3,0.03,0.2,0.3,35,1.4552,121.7534,62.3045,-20.9009,0.0000,3271
5,30,14,35.0,75.0,1.3,0.05,0.1,0.3,85,1.3226,211.5794,108.2709,-27.4752,0.0000,3271
5,30,14,35.0,75.0,1.3,0.05,0.15,0.3,58,1.1600,160.5159,82.1403,-35.1676,0.0000,3271
5,30,14,35.0,75.0,1.3,0.05,0.2,0.3,57,1.4132,196.3725,100.4891,-29.3896,0.0000,3271
5,30,14,35.0,75.0,1.6,0.03,0.1,0.3,44,1.3560,77.2646,39.5384,-12.2975,0.0000,3271
5,30,14,35.0,75.0,1.6,0.03,0.15,0.3,35,1.5048,67.6433,34.6149,-13.0777,0.0000,3271
5,30,14,35.0,75.0,1.6,0.03,0.2,0.3,34,1.5142,79.3750,40.6183,-12.1387,0.0000,3271
5,30,14,35.0,75.0,1.6,0.05,0.1,0.3,70,1.3277,138.7947,71.0250,-23.2916,0.0000,3271
5,30,14,35.0,75.0,1.6,0.05,0.15,0.3,51,1.1937,108.6120,55.5797,-27.4057,0.0000,3271
5,30,14,35.0,75.0,1.6,0.05,0.2,0.3,46,1.3777,129.5703,66.3047,-24.4116,0.0000,3271
5,50,14,25.0,65.0,1.0,0.03,0.1,0.3,418,0.7560,204.2837,104.5375,-47.4874,0.0000,3271
5,50,14,25.0,65.0,1.0,0.03,0.15,0.3,389,0.5159,123.2380,63.0642,-56.1878,0.0000,3271
5,50,14,25.0,65.0,1.0,0.03,0.2,0.3,301,0.2064,43.4156,22.2169,-72.9650,0.0000,3271
5,50,14,25.0,65.0,1.0,0.05,0.1,0.3,343,0.4719,108.1858,55.3616,-57.3946,0.0000,3271
5,50,14,25.0,65.0,1.0,0.05,0.15,0.3,311,0.2752,83.9155,42.9418,-79.8838,0.0000,3271
5,50,14,25.0,65.0,1.0,0.05,0.2,0.3,236,0.0506,28.2867,14.4751,-97.6934,0.0000,3271
5,50,14,25.0,65.0,1.3,0.03,0.1,0.3,299,0.5485,98.6550,50.4844,-42.3868,0.0000,3271
5,50,14,25.0,65.0,1.3,0.03,0.15,0.3,245,0.6131,102.9419,52.6781,-48.1110,0.0000,3271
5,50,14,25.0,65.0,1.3,0.03,0.2,0.3,208,0.4364,67.4508,34.5164,-56.3361,0.0000,3271
5,50,14,25.0,65.0,1.3,0.05,0.1,0.3,256,0.3634,56.7693,29.0504,-47.8104,0.0000,3271
5,50,14,25.0,65.0,1.3,0.05,0.15,0.3,198,0.3757,81.4191,41.6644,-60.7583,0.0000,3271
5,50,14,25.0,65.0,1.3,0.05,0.2,0.3,165,0.2310,45.3663,23.2152,-67.1986,0.0000,3271
5,50,14,25.0,65.0,1.6,0.03,0.1,0.3,27,1.0255,629.1457,321.9509,-61.2942,0.0000,3271
5,50,14,25.0,65.0,1.6,0.03,0.15,0.3,27,1.0255,629.1457,321.9509,-61.2942,0.0000,3271
5,50,14,25.0,65.0,1.6,0.03,0.2,0.3,27,1.0255,629.1457,321.9509,-61.2942,0.0000,3271
5,50,14,25.0,65.0,1.6,0.05,0.1,0.3,197,0.5866,73.3727,37.5468,-34.1438,0.0000,3271
5,50,14,25.0,65.0,1.6,0.05,0.15,0.3,151,0.6186,89.4369,45.7673,-40.0161,0.0000,3271
5,50,14,25.0,65.0,1.6,0.05,0.2,0.3,126,0.5128,66.8291,34.1983,-42.4924,0.0000,3271
5,50,14,25.0,70.0,1.0,0.03,0.1,0.3,418,0.7560,204.2837,104.5375,-47.4874,0.0000,3271
5,50,14,25.0,70.0,1.0,0.03,0.15,0.3,389,0.5159,123.2380,63.0642,-56.1878,0.0000,3271
5,50,14,25.0,70.0,1.0,0.03,0.2,0.3,301,0.2064,43.4156,22.2169,-72.9650,0.0000,3271
5,50,14,25.0,70.0,1.0,0.05,0.1,0.3,343,0.4719,108.1858,55.3616,-57.3946,0.0000,3271
5,50,14,25.0,70.0,1.0,0.05,0.15,0.3,311,0.2752,83.9155,42.9418,-79.8838,0.0000,3271
5,50,14,25.0,70.0,1.0,0.05,0.2,0.3,236,0.0506,28.2867,14.4751,-97.6934,0.0000,3271
5,50,14,25.0,70.0,1.3,0.03,0.1,0.3,299,0.5485,98.6550,50.4844,-42.3868,0.0000,3271
5,50,14,25.0,70.0,1.3,0.03,0.15,0.3,245,0.6131,102.9419,52.6781,-48.1110,0.0000,3271
5,50,14,25.0,70.0,1.3,0.03,0.2,0.3,208,0.4364,67.4508,34.5164,-56.3361,0.0000,3271
5,50,14,25.0,70.0,1.3,0.05,0.1,0.3,256,0.3634,56.7693,29.0504,-47.8104,0.0000,3271
5,50,14,25.0,70.0,1.3,0.05,0.15,0.3,198,0.3757,81.4191,41.6644,-60.7583,0.0000,3271
5,50,14,25.0,70.0,1.3,0.05,0.2,0.3,165,0.2310,45.3663,23.2152,-67.1986,0.0000,3271
5,50,14,25.0,70.0,1.6,0.03,0.1,0.3,27,1.0255,629.1457,321.9509,-61.2942,0.0000,3271
5,50,14,25.0,70.0,1.6,0.03,0.15,0.3,27,1.0255,629.1457,321.9509,-61.2942,0.0000,3271
5,50,14,25.0,70.0,1.6,0.03,0.2,0.3,27,1.0255,629.1457,321.9509,-61.2942,0.0000,3271
5,50,14,25.0,70.0,1.6,0.05,0.1,0.3,197,0.5866,73.3727,37.5468,-34.1438,0.0000,3271
5,50,14,25.0,70.0,1.6,0.05,0.15,0.3,151,0.6186,89.4369,45.7673,-40.0161,0.0000,3271
5,50,14,25.0,70.0,1.6,0.05,0.2,0.3,126,0.5128,66.8291,34.1983,-42.4924,0.0000,3271
5,50,14,25.0,75.0,1.0,0.03,0.1,0.3,418,0.7560,204.2837,104.5375,-47.4874,0.0000,3271
5,50,14,25.0,75.0,1.0,0.03,0.15,0.3,389,0.5159,123.2380,63.0642,-56.1878,0.0000,3271
5,50,14,25.0,75.0,1.0,0.03,0.2,0.3,301,0.2064,43.4156,22.2169,-72.9650,0.0000,3271
5,50,14,25.0,75.0,1.0,0.05,0.1,0.3,343,0.4719,108.1858,55.3616,-57.3946,0.0000,3271
5,50,14,25.0,75.0,1.0,0.05,0.15,0.3,311,0.2752,83.9155,42.9418,-79.8838,0.0000,3271
5,50,14,25.0,75.0,1.0,0.05,0.2,0.3,236,0.0506,28.2867,14.4751,-97.6934,0.0000,3271
5,50,14,25.0,75.0,1.3,0.03,0.1,0.3,299,0.5485,98.6550,50.4844,-42.3868,0.0000,3271
5,50,14,25.0,75.0,1.3,0.03,0.15,0.3,245,0.6131,102.9419,52.6781,-48.1110,0.0000,3271
5,50,14,25.0,75.0,1.3,0.03,0.2,0.3,208,0.4364,67.4508,34.5164,-56.3361,0.0000,3271
5,50,14,25.0,75.0,1.3,0.05,0.1,0.3,256,0.3634,56.7693,29.0504,-47.8104,0.0000,3271
5,50,14,25.0,75.0,1.3,0.05,0.15,0.3,198,0.3757,81.4191,41.6644,-60.7583,0.0000,3271
5,50,14,25.0,75.0,1.3,0.05,0.2,0.3,165,0.2310,45.3663,23.2152,-67.1986,0.0000,3271
5,50,14,25.0,75.0,1.6,0.03,0.1,0.3,27,1.0255,629.1457,321.9509,-61.2942,0.0000,3271
5,50,14,25.0,75.0,1.6,0.03,0.15,0.3,27,1.0255,629.1457,321.9509,-61.2942,0.0000,3271
5,50,14,25.0,75.0,1.6,0.03,0.2,0.3,27,1.0255,629.1457,321.9509,-61.2942,0.0000,3271
5,50,14,25.0,75.0,1.6,0.05,0.1,0.3,197,0.5866,73.3727,37.5468,-34.1438,0.0000,3271
5,50,14,25.0,75.0,1.6,0.05,0.15,0.3,151,0.6186,89.4369,45.7673,-40.0161,0.0000,3271
5,50,14,25.0,75.0,1.6,0.05,0.2,0.3,126,0.5128,66.8291,34.1983,-42.4924,0.0000,3271
5,50,14,30.0,65.0,1.0,0.03,0.1,0.3,418,0.7560,204.2837,104.5375,-47.4874,0.0000,3271
5,50,14,30.0,65.0,1.0,0.03,0.15,0.3,389,0.5159,123.2380,63.0642,-56.1878,0.0000,3271
5,50,14,30.0,65.0,1.0,0.03,0.2,0.3,301,0.2064,43.4156,22.2169,-72.9650,0.0000,3271
5,50,14,30.0,65.0,1.0,0.05,0.1,0.3,343,0.4719,108.1858,55.3616,-57.3946,0.0000,3271
5,50,14,30.0,65.0,1.0,0.05,0.15,0.3,311,0.2752,83.9155,42.9418,-79.8838,0.0000,3271
5,50,14,30.0,65.0,1.0,0.05,0.2,0.3,236,0.0506,28.2867,14.4751,-97.6934,0.0000,3271
5,50,14,30.0,65.0,1.3,0.03,0.1,0.3,299,0.5485,98.6550,50.4844,-42.3868,0.0000,3271
5,50,14,30.0,65.0,1.3,0.03,0.15,0.3,245,0.6131,102.9419,52.6781,-48.1110,0.0000,3271
5,50,14,30.0,65.0,1.3,0.03,0.2,0.3,208,0.4364,67.4508,34.5164,-56.3361,0.0000,3271
5,50,14,30.0,65.0,1.3,0.05,0.1,0.3,256,0.3634,56.7693,29.0504,-47.8104,0.0000,3271
5,50,14,30.0,65.0,1.3,0.05,0.15,0.3,198,0.3757,81.4191,41.6644,-60.7583,0.0000,3271
5,50,14,30.0,65.0,1.3,0.05,0.2,0.3,165,0.2310,45.3663,23.2152,-67.1986,0.0000,3271
5,50,14,30.0,65.0,1.6,0.03,0.1,0.3,27,1.0255,629.1457,321.9509,-61.2942,0.0000,3271
5,50,14,30.0,65.0,1.6,0.03,0.15,0.3,27,1.0255,629.1457,321.9509,-61.2942,0.0000,3271
5,50,14,30.0,65.0,1.6,0.03,0.2,0.3,27,1.0255,629.1457,321.9509,-61.2942,0.0000,3271
5,50,14,30.0,65.0,1.6,0.05,0.1,0.3,197,0.5866,73.3727,37.5468,-34.1438,0.0000,3271
5,50,14,30.0,65.0,1.6,0.05,0.15,0.3,151,0.6186,89.4369,45.7673,-40.0161,0.0000,3271
5,50,14,30.0,65.0,1.6,0.05,0.2,0.3,126,0.5128,66.8291,34.1983,-42.4924,0.0000,3271
5,50,14,30.0,70.0,1.0,0.03,0.1,0.3,418,0.7560,204.2837,104.5375,-47.4874,0.0000,3271
5,50,14,30.0,70.0,1.0,0.03,0.15,0.3,389,0.5159,123.2380,63.0642,-56.1878,0.0000,3271
5,50,14,30.0,70.0,1.0,0.03,0.2,0.3,301,0.2064,43.4156,22.2169,-72.9650,0.0000,3271
5,50,14,30.0,70.0,1.0,0.05,0.1,0.3,343,0.4719,108.1858,55.3616,-57.3946,0.0000,3271
5,50,14,30.0,70.0,1.0,0.05,0.15,0.3,311,0.2752,83.9155,42.9418,-79.8838,0.0000,3271
5,50,14,30.0,70.0,1.0,0.05,0.2,0.3,236,0.0506,28.2867,14.4751,-97.6934,0.0000,3271
5,50,14,30.0,70.0,1.3,0.03,0.1,0.3,299,0.5485,98.6550,50.4844,-42.3868,0.0000,3271
5,50,14,30.0,70.0,1.3,0.03,0.15,0.3,245,0.6131,102.9419,52.6781,-48.1110,0.0000,3271
5,50,14,30.0,70.0,1.3,0.03,0.2,0.3,208,0.4364,67.4508,34.5164,-56.3361,0.0000,3271
5,50,14,30.0,70.0,1.3,0.05,0.1,0.3,256,0.3634,56.7693,29.0504,-47.8104,0.0000,3271
5,50,14,30.0,70.0,1.3,0.05,0.15,0.3,198,0.3757,81.4191,41.6644,-60.7583,0.0000,3271
5,50,14,30.0,70.0,1.3,0.05,0.2,0.3,165,0.2310,45.3663,23.2152,-67.1986,0.0000,3271
5,50,14,30.0,70.0,1.6,0.03,0.1,0.3,27,1.0255,629.1457,321.9509,-61.2942,0.0000,3271
5,50,14,30.0,70.0,1.6,0.03,0.15,0.3,27,1.0255,629.1457,321.9509,-61.2942,0.0000,3271
5,50,14,30.0,70.0,1.6,0.03,0.2,0.3,27,1.0255,629.1457,321.9509,-61.2942,0.0000,3271
5,50,14,30.0,70.0,1.6,0.05,0.1,0.3,197,0.5866,73.3727,37.5468,-34.1438,0.0000,3271
5,50,14,30.0,70.0,1.6,0.05,0.15,0.3,151,0.6186,89.4369,45.7673,-40.0161,0.0000,3271
5,50,14,30.0,70.0,1.6,0.05,0.2,0.3,126,0.5128,66.8291,34.1983,-42.4924,0.0000,3271
5,50,14,30.0,75.0,1.0,0.03,0.1,0.3,418,0.7560,204.2837,104.5375,-47.4874,0.0000,3271
5,50,14,30.0,75.0,1.0,0.03,0.15,0.3,389,0.5159,123.2380,63.0642,-56.1878,0.0000,3271
5,50,14,30.0,75.0,1.0,0.03,0.2,0.3,301,0.2064,43.4156,22.2169,-72.9650,0.0000,3271
5,50,14,30.0,75.0,1.0,0.05,0.1,0.3,343,0.4719,108.1858,55.3616,-57.3946,0.0000,3271
5,50,14,30.0,75.0,1.0,0.05,0.15,0.3,311,0.2752,83.9155,42.9418,-79.8838,0.0000,3271
5,50,14,30.0,75.0,1.0,0.05,0.2,0.3,236,0.0506,28.2867,14.4751,-97.6934,0.0000,3271
5,50,14,30.0,75.0,1.3,0.03,0.1,0.3,299,0.5485,98.6550,50.4844,-42.3868,0.0000,3271
5,50,14,30.0,75.0,1.3,0.03,0.15,0.3,245,0.6131,102.9419,52.6781,-48.1110,0.0000,3271
5,50,14,30.0,75.0,1.3,0.03,0.2,0.3,208,0.4364,67.4508,34.5164,-56.3361,0.0000,3271
5,50,14,30.0,75.0,1.3,0.05,0.1,0.3,256,0.3634,56.7693,29.0504,-47.8104,0.0000,3271
5,50,14,30.0,75.0,1.3,0.05,0.15,0.3,198,0.3757,81.4191,41.6644,-60.7583,0.0000,3271
5,50,14,30.0,75.0,1.3,0.05,0.2,0.3,165,0.2310,45.3663,23.2152,-67.1986,0.0000,3271
5,50,14,30.0,75.0,1.6,0.03,0.1,0.3,27,1.0255,629.1457,321.9509,-61.2942,0.0000,3271
5,50,14,30.0,75.0,1.6,0.03,0.15,0.3,27,1.0255,629.1457,321.9509,-61.2942,0.0000,3271
5,50,14,30.0,75.0,1.6,0.03,0.2,0.3,27,1.0255,629.1457,321.9509,-61.2942,0.0000,3271
5,50,14,30.0,75.0,1.6,0.05,0.1,0.3,197,0.5866,73.3727,37.5468,-34.1438,0.0000,3271
5,50,14,30.0,75.0,1.6,0.05,0.15,0.3,151,0.6186,89.4369,45.7673,-40.0161,0.0000,3271
5,50,14,30.0,75.0,1.6,0.05,0.2,0.3,126,0.5128,66.8291,34.1983,-42.4924,0.0000,3271
5,50,14,35.0,65.0,1.0,0.03,0.1,0.3,418,0.7560,204.2837,104.5375,-47.4874,0.0000,3271
5,50,14,35.0,65.0,1.0,0.03,0.15,0.3,389,0.5159,123.2380,63.0642,-56.1878,0.0000,3271
5,50,14,35.0,65.0,1.0,0.03,0.2,0.3,301,0.2064,43.4156,22.2169,-72.9650,0.0000,3271
5,50,14,35.0,65.0,1.0,0.05,0.1,0.3,343,0.4719,108.1858,55.3616,-57.3946,0.0000,3271
5,50,14,35.0,65.0,1.0,0.05,0.15,0.3,311,0.2752,83.9155,42.9418,-79.8838,0.0000,3271
5,50,14,35.0,65.0,1.0,0.05,0.2,0.3,236,0.0506,28.2867,14.4751,-97.6934,0.0000,3271
5,50,14,35.0,65.0,1.3,0.03,0.1,0.3,299,0.5485,98.6550,50.4844,-42.3868,0.0000,3271
5,50,14,35.0,65.0,1.3,0.03,0.15,0.3,245,0.6131,102.9419,52.6781,-48.1110,0.0000,3271
5,50,14,35.0,65.0,1.3,0.03,0.2,0.3,208,0.4364,67.4508,34.5164,-56.3361,0.0000,3271
5,50,14,35.0,65.0,1.3,0.05,0.1,0.3,256,0.3634,56.7693,29.0504,-47.8104,0.0000,3271
5,50,14,35.0,65.0,1.3,0.05,0.15,0.3,198,0.3757,81.4191,41.6644,-60.7583,0.0000,3271
5,50,14,35.0,65.0,1.3,0.05,0.2,0.3,165,0.2310,45.3663,23.2152,-67.1986,0.0000,3271
5,50,14,35.0,65.0,1.6,0.03,0.1,0.3,27,1.0255,629.1457,321.9509,-61.2942,0.0000,3271
5,50,14,35.0,65.0,1.6,0.03,0.15,0.3,27,1.0255,629.1457,321.9509,-61.2942,0.0000,3271
5,50,14,35.0,65.0,1.6,0.03,0.2,0.3,27,1.0255,629.1457,321.9509,-61.2942,0.0000,3271
5,50,14,35.0,65.0,1.6,0.05,0.1,0.3,197,0.5866,73.3727,37.5468,-34.1438,0.0000,3271
5,50,14,35.0,65.0,1.6,0.05,0.15,0.3,151,0.6186,89.4369,45.7673,-40.0161,0.0000,3271
5,50,14,35.0,65.0,1.6,0.05,0.2,0.3,126,0.5128,66.8291,34.1983,-42.4924,0.0000,3271
5,50,14,35.0,70.0,1.0,0.03,0.1,0.3,418,0.7560,204.2837,104.5375,-47.4874,0.0000,3271
5,50,14,35.0,70.0,1.0,0.03,0.15,0.3,389,0.5159,123.2380,63.0642,-56.1878,0.0000,3271
5,50,14,35.0,70.0,1.0,0.03,0.2,0.3,301,0.2064,43.4156,22.2169,-72.9650,0.0000,3271
5,50,14,35.0,70.0,1.0,0.05,0.1,0.3,343,0.4719,108.1858,55.3616,-57.3946,0.0000,3271
5,50,14,35.0,70.0,1.0,0.05,0.15,0.3,311,0.2752,83.9155,42.9418,-79.8838,0.0000,3271
5,50,14,35.0,70.0,1.0,0.05,0.2,0.3,236,0.0506,28.2867,14.4751,-97.6934,0.0000,3271
5,50,14,35.0,70.0,1.3,0.03,0.1,0.3,299,0.5485,98.6550,50.4844,-42.3868,0.0000,3271
5,50,14,35.0,70.0,1.3,0.03,0.15,0.3,245,0.6131,102.9419,52.6781,-48.1110,0.0000,3271
5,50,14,35.0,70.0,1.3,0.03,0.2,0.3,208,0.4364,67.4508,34.5164,-56.3361,0.0000,3271
5,50,14,35.0,70.0,1.3,0.05,0.1,0.3,256,0.3634,56.7693,29.0504,-47.8104,0.0000,3271
5,50,14,35.0,70.0,1.3,0.05,0.15,0.3,198,0.3757,81.4191,41.6644,-60.7583,0.0000,3271
5,50,14,35.0,70.0,1.3,0.05,0.2,0.3,165,0.2310,45.3663,23.2152,-67.1986,0.0000,3271
5,50,14,35.0,70.0,1.6,0.03,0.1,0.3,27,1.0255,629.1457,321.9509,-61.2942,0.0000,3271
5,50,14,35.0,70.0,1.6,0.03,0.15,0.3,27,1.0255,629.1457,321.9509,-61.2942,0.0000,3271
5,50,14,35.0,70.0,1.6,0.03,0.2,0.3,27,1.0255,629.1457,321.9509,-61.2942,0.0000,3271
5,50,14,35.0,70.0,1.6,0.05,0.1,0.3,197,0.5866,73.3727,37.5468,-34.1438,0.0000,3271
5,50,14,35.0,70.0,1.6,0.05,0.15,0.3,151,0.6186,89.4369,45.7673,-40.0161,0.0000,3271
5,50,14,35.0,70.0,1.6,0.05,0.2,0.3,126,0.5128,66.8291,34.1983,-42.4924,0.0000,3271
5,50,14,35.0,75.0,1.0,0.03,0.1,0.3,418,0.7560,204.2837,104.5375,-47.4874,0.0000,3271
5,50,14,35.0,75.0,1.0,0.03,0.15,0.3,389,0.5159,123.2380,63.0642,-56.1878,0.0000,3271
5,50,14,35.0,75.0,1.0,0.03,0.2,0.3,301,0.2064,43.4156,22.2169,-72.9650,0.0000,3271
5,50,14,35.0,75.0,1.0,0.05,0.1,0.3,343,0.4719,108.1858,55.3616,-57.3946,0.0000,3271
5,50,14,35.0,75.0,1.0,0.05,0.15,0.3,311,0.2752,83.9155,42.9418,-79.8838,0.0000,3271
5,50,14,35.0,75.0,1.0,0.05,0.2,0.3,236,0.0506,28.2867,14.4751,-97.6934,0.0000,3271
5,50,14,35.0,75.0,1.3,0.03,0.1,0.3,299,0.5485,98.6550,50.4844,-42.3868,0.0000,3271
5,50,14,35.0,75.0,1.3,0.03,0.15,0.3,245,0.6131,102.9419,52.6781,-48.1110,0.0000,3271
5,50,14,35.0,75.0,1.3,0.03,0.2,0.3,208,0.4364,67.4508,34.5164,-56.3361,0.0000,3271
5,50,14,35.0,75.0,1.3,0.05,0.1,0.3,256,0.3634,56.7693,29.0504,-47.8104,0.0000,3271
5,50,14,35.0,75.0,1.3,0.05,0.15,0.3,198,0.3757,81.4191,41.6644,-60.7583,0.0000,3271
5,50,14,35.0,75.0,1.3,0.05,0.2,0.3,165,0.2310,45.3663,23.2152,-67.1986,0.0000,3271
5,50,14,35.0,75.0,1.6,0.03,0.1,0.3,27,1.0255,629.1457,321.9509,-61.2942,0.0000,3271
5,50,14,35.0,75.0,1.6,0.03,0.15,0.3,27,1.0255,629.1457,321.9509,-61.2942,0.0000,3271
5,50,14,35.0,75.0,1.6,0.03,0.2,0.3,27,1.0255,629.1457,321.9509,-61.2942,0.0000,3271
5,50,14,35.0,75.0,1.6,0.05,0.1,0.3,197,0.5866,73.3727,37.5468,-34.1438,0.0000,3271
5,50,14,35.0,75.0,1.6,0.05,0.15,0.3,151,0.6186,89.4369,45.7673,-40.0161,0.0000,3271
5,50,14,35.0,75.0,1.6,0.05,0.2,0.3,126,0.5128,66.8291,34.1983,-42.4924,0.0000,3271
8,20,14,25.0,65.0,1.0,0.03,0.1,0.3,109,1.4664,215.2781,110.1636,-20.2715,0.0000,3271
8,20,14,25.0,65.0,1.0,0.03,0.15,0.3,102,1.3721,146.4547,74.9448,-24.0857,0.0000,3271
8,20,14,25.0,65.0,1.0,0.03,0.2,0.3,167,0.8751,108.2432,55.3910,-41.7990,0.0000,3271
8,20,14,25.0,65.0,1.0,0.05,0.1,0.3,224,1.2946,204.9670,104.8872,-28.8543,0.0000,3271
8,20,14,25.0,65.0,1.0,0.05,0.15,0.3,173,0.9185,123.0558,62.9710,-40.5382,0.0000,3271
8,20,14,25.0,65.0,1.0,0.05,0.2,0.3,166,0.8649,93.9690,48.0865,-31.8210,0.0000,3271
8,20,14,25.0,65.0,1.3,0.03,0.1,0.3,89,1.4654,113.1329,57.8932,-20.2289,0.0000,3271
8,20,14,25.0,65.0,1.3,0.03,0.15,0.3,84,0.8159,58.3087,29.8381,-22.4179,0.0000,3271
8,20,14,25.0,65.0,1.3,0.03,0.2,0.3,148,1.0082,104.2291,53.3369,-22.5685,0.0000,3271
8,20,14,25.0,65.0,1.3,0.05,0.1,0.3,179,1.4377,143.8320,73.6027,-25.1669,0.0000,3271
8,20,14,25.0,65.0,1.3,0.05,0.15,0.3,154,0.7472,87.2384,44.6423,-32.7997,0.0000,3271
8,20,14,25.0,65.0,1.3,0.05,0.2,0.3,125,0.6213,59.7789,30.5905,-35.0345,0.0000,3271
8,20,14,25.0,65.0,1.6,0.03,0.1,0.3,88,1.3577,346.9916,177.5650,-39.7661,0.0000,3271
8,20,14,25.0,65.0,1.6,0.03,0.15,0.3,88,1.2404,339.0125,173.4819,-41.4429,0.0000,3271
8,20,14,25.0,65.0,1.6,0.03,0.2,0.3,64,1.1987,329.3592,168.5420,-43.6707,0.0000,3271
8,20,14,25.0,65.0,1.6,0.05,0.1,0.3,112,1.3518,137.2084,70.2132,-26.1125,0.0000,3271
8,20,14,25.0,65.0,1.6,0.05,0.15,0.3,90,1.0185,128.8692,65.9459,-25.0741,0.0000,3271
8,20,14,25.0,65.0,1.6,0.05,0.2,0.3,88,1.0943,123.1644,63.0266,-25.1010,0.0000,3271
8,20,14,25.0,70.0,1.0,0.03,0.1,0.3,109,1.4664,215.2781,110.1636,-20.2715,0.0000,3271
8,20,14,25.0,70.0,1.0,0.03,0.15,0.3,102,1.3721,146.4547,74.9448,-24.0857,0.0000,3271
8,20,14,25.0,70.0,1.0,0.03,0.2,0.3,167,0.8751,108.2432,55.3910,-41.7990,0.0000,3271
8,20,14,25.0,70.0,1.0,0.05,0.1,0.3,224,1.2946,204.9670,104.8872,-28.8543,0.0000,3271
8,20,14,25.0,70.0,1.0,0.05,0.15,0.3,173,0.9185,123.0558,62.9710,-40.5382,0.0000,3271
8,20,14,25.0,70.0,1.0,0.05,0.2,0.3,166,0.8649,93.9690,48.0865,-31.8210,0.0000,3271
8,20,14,25.0,70.0,1.3,0.03,0.1,0.3,89,1.4654,113.1329,57.8932,-20.2289,0.0000,3271
8,20,14,25.0,70.0,1.3,0.03,0.15,0.3,84,0.8159,58.3087,29.8381,-22.4179,0.0000,3271
8,20,14,25.0,70.0,1.3,0.03,0.2,0.3,148,1.0082,104.2291,53.3369,-22.5685,0.0000,3271
8,20,14,25.0,70.0,1.3,0.05,0.1,0.3,179,1.4377,143.8320,73.6027,-25.1669,0.0000,3271
8,20,14,25.0,70.0,1.3,0.05,0.15,0.3,154,0.7472,87.2384,44.6423,-32.7997,0.0000,3271
8,20,14,25.0,70.0,1.3,0.05,0.2,0.3,125,0.6213,59.7789,30.5905,-35.0345,0.0000,3271
8,20,14,25.0,70.0,1.6,0.03,0.1,0.3,88,1.3577,346.9916,177.5650,-39.7661,0.0000,3271
8,20,14,25.0,70.0,1.6,0.03,0.15,0.3,88,1.2404,339.0125,173.4819,-41.4429,0.0000,3271
8,20,14,25.0,70.0,1.6,0.03,0.2,0.3,64,1.1987,329.3592,168.5420,-43.6707,0.0000,3271
8,20,14,25.0,70.0,1.6,0.05,0.1,0.3,112,1.3518,137.2084,70.2132,-26.1125,0.0000,3271
8,20,14,25.0,70.0,1.6,0.05,0.15,0.3,90,1.0185,128.8692,65.9459,-25.0741,0.0000,3271
8,20,14,25.0,70.0,1.6,0.05,0.2,0.3,88,1.0943,123.1644,63.0266,-25.1010,0.0000,3271
8,20,14,25.0,75.0,1.0,0.03,0.1,0.3,109,1.4664,215.2781,110.1636,-20.2715,0.0000,3271
8,20,14,25.0,75.0,1.0,0.03,0.15,0.3,102,1.3721,146.4547,74.9448,-24.0857,0.0000,3271
8,20,14,25.0,75.0,1.0,0.03,0.2,0.3,167,0.8751,108.2432,55.3910,-41.7990,0.0000,3271
8,20,14,25.0,75.0,1.0,0.05,0.1,0.3,224,1.2946,204.9670,104.8872,-28.8543,0.0000,3271
8,20,14,25.0,75.0,1.0,0.05,0.15,0.3,173,0.9185,123.0558,62.9710,-40.5382,0.0000,3271
8,20,14,25.0,75.0,1.0,0.05,0.2,0.3,166,0.8649,93.9690,48.0865,-31.8210,0.0000,3271
8,20,14,25.0,75.0,1.3,0.03,0.1,0.3,89,1.4654,113.1329,57.8932,-20.2289,0.0000,3271
8,20,14,25.0,75.0,1.3,0.03,0.15,0.3,84,0.8159,58.3087,29.8381,-22.4179,0.0000,3271
8,20,14,25.0,75.0,1.3,0.03,0.2,0.3,148,1.0082,104.2291,53.3369,-22.5685,0.0000,3271
8,20,14,25.0,75.0,1.3,0.05,0.1,0.3,179,1.4377,143.8320,73.6027,-25.1669,0.0000,3271
8,20,14,25.0,75.0,1.3,0.05,0.15,0.3,154,0.7472,87.2384,44.6423,-32.7997,0.0000,3271
8,20,14,25.0,75.0,1.3,0.05,0.2,0.3,125,0.6213,59.7789,30.5905,-35.0345,0.0000,3271
8,20,14,25.0,75.0,1.6,0.03,0.1,0.3,88,1.3577,346.9916,177.5650,-39.7661,0.0000,3271
8,20,14,25.0,75.0,1.6,0.03,0.15,0.3,88,1.2404,339.0125,173.4819,-41.4429,0.0000,3271
8,20,14,25.0,75.0,1.6,0.03,0.2,0.3,64,1.1987,329.3592,168.5420,-43.6707,0.0000,3271
8,20,14,25.0,75.0,1.6,0.05,0.1,0.3,112,1.3518,137.2084,70.2132,-26.1125,0.0000,3271
8,20,14,25.0,75.0,1.6,0.05,0.15,0.3,90,1.0185,128.8692,65.9459,-25.0741,0.0000,3271
8,20,14,25.0,75.0,1.6,0.05,0.2,0.3,88,1.0943,123.1644,63.0266,-25.1010,0.0000,3271
8,20,14,30.0,65.0,1.0,0.03,0.1,0.3,109,1.4664,215.2781,110.1636,-20.2715,0.0000,3271
8,20,14,30.0,65.0,1.0,0.03,0.15,0.3,102,1.3721,146.4547,74.9448,-24.0857,0.0000,3271
8,20,14,30.0,65.0,1.0,0.03,0.2,0.3,167,0.8751,108.2432,55.3910,-41.7990,0.0000,3271
8,20,14,30.0,65.0,1.0,0.05,0.1,0.3,224,1.2946,204.9670,104.8872,-28.8543,0.0000,3271
8,20,14,30.0,65.0,1.0,0.05,0.15,0.3,173,0.9185,123.0558,62.9710,-40.5382,0.0000,3271
8,20,14,30.0,65.0,1.0,0.05,0.2,0.3,166,0.8649,93.9690,48.0865,-31.8210,0.0000,3271
8,20,14,30.0,65.0,1.3,0.03,0.1,0.3,89,1.4654,113.1329,57.8932,-20.2289,0.0000,3271
8,20,14,30.0,65.0,1.3,0.03,0.15,0.3,84,0.8159,58.3087,29.8381,-22.4179,0.0000,3271
8,20,14,30.0,65.0,1.3,0.03,0.2,0.3,148,1.0082,104.2291,53.3369,-22.5685,0.0000,3271
8,20,14,30.0,65.0,1.3,0.05,0.1,0.3,179,1.4377,143.8320,73.6027,-25.1669,0.0000,3271
8,20,14,30.0,65.0,1.3,0.05,0.15,0.3,154,0.7472,87.2384,44.6423,-32.7997,0.0000,3271
8,20,14,30.0,65.0,1.3,0.05,0.2,0.3,125,0.6213,59.7789,30.5905,-35.0345,0.0000,3271
8,20,14,30.0,65.0,1.6,0.03,0.1,0.3,88,1.3577,346.9916,177.5650,-39.7661,0.0000,3271
8,20,14,30.0,65.0,1.6,0.03,0.15,0.3,88,1.2404,339.0125,173.4819,-41.4429,0.0000,3271
8,20,14,30.0,65.0,1.6,0.03,0.2,0.3,64,1.1987,329.3592,168.5420,-43.6707,0.0000,3271
8,20,14,30.0,65.0,1.6,0.05,0.1,0.3,112,1.3518,137.2084,70.2132,-26.1125,0.0000,3271
8,20,14,30.0,65.0,1.6,0.05,0.15,0.3,90,1.0185,128.8692,65.9459,-25.0741,0.0000,3271
8,20,14,30.0,65.0,1.6,0.05,0.2,0.3,88,1.0943,123.1644,63.0266,-25.1010,0.0000,3271
8,20,14,30.0,70.0,1.0,0.03,0.1,0.3,109,1.4664,215.2781,110.1636,-20.2715,0.0000,3271
8,20,14,30.0,70.0,1.0,0.03,0.15,0.3,102,1.3721,146.4547,74.9448,-24.0857,0.0000,3271
8,20,14,30.0,70.0,1.0,0.03,0.2,0.3,167,0.8751,108.2432,55.3910,-41.7990,0.0000,3271
8,20,14,30.0,70.0,1.0,0.05,0.1,0.3,224,1.2946,204.9670,104.8872,-28.8543,0.0000,3271
8,20,14,30.0,70.0,1.0,0.05,0.15,0.3,173,0.9185,123.0558,62.9710,-40.5382,0.0000,3271
8,20,14,30.0,70.0,1.0,0.05,0.2,0.3,166,0.8649,93.9690,48.0865,-31.8210,0.0000,3271
8,20,14,30.0,70.0,1.3,0.03,0.1,0.3,89,1.4654,113.1329,57.8932,-20.2289,0.0000,3271
8,20,14,30.0,70.0,1.3,0.03,0.15,0.3,84,0.8159,58.3087,29.8381,-22.4179,0.0000,3271
8,20,14,30.0,70.0,1.3,0.03,0.2,0.3,148,1.0082,104.2291,53.3369,-22.5685,0.0000,3271
8,20,14,30.0,70.0,1.3,0.05,0.1,0.3,179,1.4377,143.8320,73.6027,-25.1669,0.0000,3271
8,20,14,30.0,70.0,1.3,0.05,0.15,0.3,154,0.7472,87.2384,44.6423,-32.7997,0.0000,3271
8,20,14,30.0,70.0,1.3,0.05,0.2,0.3,125,0.6213,59.7789,30.5905,-35.0345,0.0000,3271
8,20,14,30.0,70.0,1.6,0.03,0.1,0.3,88,1.3577,346.9916,177.5650,-39.7661,0.0000,3271
8,20,14,30.0,70.0,1.6,0.03,0.15,0.3,88,1.2404,339.0125,173.4819,-41.4429,0.0000,3271
8,20,14,30.0,70.0,1.6,0.03,0.2,0.3,64,1.1987,329.3592,168.5420,-43.6707,0.0000,3271
8,20,14,30.0,70.0,1.6,0.05,0.1,0.3,112,1.3518,137.2084,70.2132,-26.1125,0.0000,3271
8,20,14,30.0,70.0,1.6,0.05,0.15,0.3,90,1.0185,128.8692,65.9459,-25.0741,0.0000,3271
8,20,14,30.0,70.0,1.6,0.05,0.2,0.3,88,1.0943,123.1644,63.0266,-25.1010,0.0000,3271
8,20,14,30.0,75.0,1.0,0.03,0.1,0.3,109,1.4664,215.2781,110.1636,-20.2715,0.0000,3271
8,20,14,30.0,75.0,1.0,0.03,0.15,0.3,102,1.3721,146.4547,74.9448,-24.0857,0.0000,3271
8,20,14,30.0,75.0,1.0,0.03,0.2,0.3,167,0.8751,108.2432,55.3910,-41.7990,0.0000,3271
8,20,14,30.0,75.0,1.0,0.05,0.1,0.3,224,1.2946,204.9670,104.8872,-28.8543,0.0000,3271
8,20,14,30.0,75.0,1.0,0.05,0.15,0.3,173,0.9185,123.0558,62.9710,-40.5382,0.0000,3271
8,20,14,30.0,75.0,1.0,0.05,0.2,0.3,166,0.8649,93.9690,48.0865,-31.8210,0.0000,3271
8,20,14,30.0,75.0,1.3,0.03,0.1,0.3,89,1.4654,113.1329,57.8932,-20.2289,0.0000,3271
8,20,14,30.0,75.0,1.3,0.03,0.15,0.3,84,0.8159,58.3087,29.8381,-22.4179,0.0000,3271
8,20,14,30.0,75.0,1.3,0.03,0.2,0.3,148,1.0082,104.2291,53.3369,-22.5685,0.0000,3271
8,20,14,30.0,75.0,1.3,0.05,0.1,0.3,179,1.4377,143.8320,73.6027,-25.1669,0.0000,3271
8,20,14,30.0,75.0,1.3,0.05,0.15,0.3,154,0.7472,87.2384,44.6423,-32.7997,0.0000,3271
8,20,14,30.0,75.0,1.3,0.05,0.2,0.3,125,0.6213,59.7789,30.5905,-35.0345,0.0000,3271
8,20,14,30.0,75.0,1.6,0.03,0.1,0.3,88,1.3577,346.9916,177.5650,-39.7661,0.0000,3271
8,20,14,30.0,75.0,1.6,0.03,0.15,0.3,88,1.2404,339.0125,173.4819,-41.4429,0.0000,3271
8,20,14,30.0,75.0,1.6,0.03,0.2,0.3,64,1.1987,329.3592,168.5420,-43.6707,0.0000,3271
8,20,14,30.0,75.0,1.6,0.05,0.1,0.3,112,1.3518,137.2084,70.2132,-26.1125,0.0000,3271
8,20,14,30.0,75.0,1.6,0.05,0.15,0.3,90,1.0185,128.8692,65.9459,-25.0741,0.0000,3271
8,20,14,30.0,75.0,1.6,0.05,0.2,0.3,88,1.0943,123.1644,63.0266,-25.1010,0.0000,3271
8,20,14,35.0,65.0,1.0,0.03,0.1,0.3,109,1.4664,215.2781,110.1636,-20.2715,0.0000,3271
8,20,14,35.0,65.0,1.0,0.03,0.15,0.3,102,1.3721,146.4547,74.9448,-24.0857,0.0000,3271
8,20,14,35.0,65.0,1.0,0.03,0.2,0.3,167,0.8751,108.2432,55.3910,-41.7990,0.0000,3271
8,20,14,35.0,65.0,1.0,0.05,0.1,0.3,224,1.2946,204.9670,104.8872,-28.8543,0.0000,3271
8,20,14,35.0,65.0,1.0,0.05,0.15,0.3,173,0.9185,123.0558,62.9710,-40.5382,0.0000,3271
8,20,14,35.0,65.0,1.0,0.05,0.2,0.3,166,0.8649,93.9690,48.0865,-31.8210,0.0000,3271
8,20,14,35.0,65.0,1.3,0.03,0.1,0.3,89,1.4654,113.1329,57.8932,-20.2289,0.0000,3271
8,20,14,35.0,65.0,1.3,0.03,0.15,0.3,84,0.8159,58.3087,29.8381,-22.4179,0.0000,3271
8,20,14,35.0,65.0,1.3,0.03,0.2,0.3,148,1.0082,104.2291,53.3369,-22.5685,0.0000,3271
8,20,14,35.0,65.0,1.3,0.05,0.1,0.3,179,1.4377,143.8320,73.6027,-25.1669,0.0000,3271
8,20,14,35.0,65.0,1.3,0.05,0.15,0.3,154,0.7472,87.2384,44.6423,-32.7997,0.0000,3271
8,20,14,35.0,65.0,1.3,0.05,0.2,0.3,125,0.6213,59.7789,30.5905,-35.0345,0.0000,3271
8,20,14,35.0,65.0,1.6,0.03,0.1,0.3,88,1.3577,346.9916,177.5650,-39.7661,0.0000,3271
8,20,14,35.0,65.0,1.6,0.03,0.15,0.3,88,1.2404,339.0125,173.4819,-41.4429,0.0000,3271
8,20,14,35.0,65.0,1.6,0.03,0.2,0.3,64,1.1987,329.3592,168.5420,-43.6707,0.0000,3271
8,20,14,35.0,65.0,1.6,0.05,0.1,0.3,112,1.3518,137.2084,70.2132,-26.1125,0.0000,3271
8,20,14,35.0,65.0,1.6,0.05,0.15,0.3,90,1.0185,128.8692,65.9459,-25.0741,0.0000,3271
8,20,14,35.0,65.0,1.6,0.05,0.2,0.3,88,1.0943,123.1644,63.0266,-25.1010,0.0000,3271
8,20,14,35.0,70.0,1.0,0.03,0.1,0.3,109,1.4664,215.2781,110.1636,-20.2715,0.0000,3271
8,20,14,35.0,70.0,1.0,0.03,0.15,0.3,102,1.3721,146.4547,74.9448,-24.0857,0.0000,3271
8,20,14,35.0,70.0,1.0,0.03,0.2,0.3,167,0.8751,108.2432,55.3910,-41.7990,0.0000,3271
8,20,14,35.0,70.0,1.0,0.05,0.1,0.3,224,1.2946,204.9670,104.8872,-28.8543,0.0000,3271
8,20,14,35.0,70.0,1.0,0.05,0.15,0.3,173,0.9185,123.0558,62.9710,-40.5382,0.0000,3271
8,20,14,35.0,70.0,1.0,0.05,0.2,0.3,166,0.8649,93.9690,48.0865,-31.8210,0.0000,3271
8,20,14,35.0,70.0,1.3,0.03,0.1,0.3,89,1.4654,113.1329,57.8932,-20.2289,0.0000,3271
8,20,14,35.0,70.0,1.3,0.03,0.15,0.3,84,0.8159,58.3087,29.8381,-22.4179,0.0000,3271
8,20,14,35.0,70.0,1.3,0.03,0.2,0.3,148,1.0082,104.2291,53.3369,-22.5685,0.0000,3271
8,20,14,35.0,70.0,1.3,0.05,0.1,0.3,179,1.4377,143.8320,73.6027,-25.1669,0.0000,3271
8,20,14,35.0,70.0,1.3,0.05,0.15,0.3,154,0.7472,87.2384,44.6423,-32.7997,0.0000,3271
8,20,14,35.0,70.0,1.3,0.05,0.2,0.3,125,0.6213,59.7789,30.5905,-35.0345,0.0000,3271
8,20,14,35.0,70.0,1.6,0.03,0.1,0.3,88,1.3577,346.9916,177.5650,-39.7661,0.0000,3271
8,20,14,35.0,70.0,1.6,0.03,0.15,0.3,88,1.2404,339.0125,173.4819,-41.4429,0.0000,3271
8,20,14,35.0,70.0,1.6,0.03,0.2,0.3,64,1.1987,329.3592,168.5420,-43.6707,0.0000,3271
8,20,14,35.0,70.0,1.6,0.05,0.1,0.3,112,1.3518,137.2084,70.2132,-26.1125,0.0000,3271
8,20,14,35.0,70.0,1.6,0.05,0.15,0.3,90,1.0185,128.8692,65.9459,-25.0741,0.0000,3271
8,20,14,35.0,70.0,1.6,0.05,0.2,0.3,88,1.0943,123.1644,63.0266,-25.1010,0.0000,3271
8,20,14,35.0,75.0,1.0,0.03,0.1,0.3,109,1.4664,215.2781,110.1636,-20.2715,0.0000,3271
8,20,14,35.0,75.0,1.0,0.03,0.15,0.3,102,1.3721,146.4547,74.9448,-24.0857,0.0000,3271
8,20,14,35.0,75.0,1.0,0.03,0.2,0.3,167,0.8751,108.2432,55.3910,-41.7990,0.0000,3271
8,20,14,35.0,75.0,1.0,0.05,0.1,0.3,224,1.2946,204.9670,104.8872,-28.8543,0.0000,3271
8,20,14,35.0,75.0,1.0,0.05,0.15,0.3,173,0.9185,123.0558,62.9710,-40.5382,0.0000,3271
8,20,14,35.0,75.0,1.0,0.05,0.2,0.3,166,0.8649,93.9690,48.0865,-31.8210,0.0000,3271
8,20,14,35.0,75.0,1.3,0.03,0.1,0.3,89,1.4654,113.1329,57.8932,-20.2289,0.0000,3271
8,20,14,35.0,75.0,1.3,0.03,0.15,0.3,84,0.8159,58.3087,29.8381,-22.4179,0.0000,3271
8,20,14,35.0,75.0,1.3,0.03,0.2,0.3,148,1.0082,104.2291,53.3369,-22.5685,0.0000,3271
8,20,14,35.0,75.0,1.3,0.05,0.1,0.3,179,1.4377,143.8320,73.6027,-25.1669,0.0000,3271
8,20,14,35.0,75.0,1.3,0.05,0.15,0.3,154,0.7472,87.2384,44.6423,-32.7997,0.0000,3271
8,20,14,35.0,75.0,1.3,0.05,0.2,0.3,125,0.6213,59.7789,30.5905,-35.0345,0.0000,3271
8,20,14,35.0,75.0,1.6,0.03,0.1,0.3,88,1.3577,346.9916,177.5650,-39.7661,0.0000,3271
8,20,14,35.0,75.0,1.6,0.03,0.15,0.3,88,1.2404,339.0125,173.4819,-41.4429,0.0000,3271
8,20,14,35.0,75.0,1.6,0.03,0.2,0.3,64,1.1987,329.3592,168.5420,-43.6707,0.0000,3271
8,20,14,35.0,75.0,1.6,0.05,0.1,0.3,112,1.3518,137.2084,70.2132,-26.1125,0.0000,3271
8,20,14,35.0,75.0,1.6,0.05,0.15,0.3,90,1.0185,128.8692,65.9459,-25.0741,0.0000,3271
8,20,14,35.0,75.0,1.6,0.05,0.2,0.3,88,1.0943,123.1644,63.0266,-25.1010,0.0000,3271
8,30,14,25.0,65.0,1.0,0.03,0.1,0.3,20,1.2234,155.1056,79.3717,-22.4417,0.0000,3271
8,30,14,25.0,65.0,1.0,0.03,0.15,0.3,238,0.4833,88.7608,45.4213,-51.2694,0.0000,3271
8,30,14,25.0,65.0,1.0,0.03,0.2,0.3,256,0.5612,86.5376,44.2837,-46.2633,0.0000,3271
8,30,14,25.0,65.0,1.0,0.05,0.1,0.3,115,1.4947,480.8729,246.0757,-31.2438,0.0000,3271
8,30,14,25.0,65.0,1.0,0.05,0.15,0.3,91,1.3538,354.2091,181.2584,-38.8348,0.0000,3271
8,30,14,25.0,65.0,1.0,0.05,0.2,0.3,75,1.5309,381.3323,195.1381,-34.6355,0.0000,3271
8,30,14,25.0,65.0,1.3,0.03,0.1,0.3,51,1.5984,150.1954,76.8591,-18.1768,0.0000,3271
8,30,14,25.0,65.0,1.3,0.03,0.15,0.3,37,1.6072,125.7628,64.3562,-20.4685,0.0000,3271
8,30,14,25.0,65.0,1.3,0.03,0.2,0.3,34,1.4881,128.4019,65.7067,-20.1935,0.0000,3271
8,30,14,25.0,65.0,1.3,0.05,0.1,0.3,89,1.5329,267.5782,136.9270,-28.6359,0.0000,3271
8,30,14,25.0,65.0,1.3,0.05,0.15,0.3,77,1.4330,251.6337,128.7678,-30.7350,0.0000,3271
8,30,14,25.0,65.0,1.3,0.05,0.2,0.3,58,1.4950,257.9229,131.9861,-29.8713,0.0000,3271
8,30,14,25.0,65.0,1.6,0.03,0.1,0.3,46,1.7530,93.4081,47.7994,-11.1786,0.0000,3271
8,30,14,25.0,65.0,1.6,0.03,0.15,0.3,36,1.8127,83.3844,42.6701,-11.8479,0.0000,3271
8,30,14,25.0,65.0,1.6,0.03,0.2,0.3,33,1.5175,86.0235,44.0206,-11.6640,0.0000,3271
8,30,14,25.0,65.0,1.6,0.05,0.1,0.3,76,1.5307,190.6560,97.5638,-25.1573,0.0000,3271
8,30,14,25.0,65.0,1.6,0.05,0.15,0.3,65,1.4208,181.7674,93.0153,-26.3464,0.0000,3271
8,30,14,25.0,65.0,1.6,0.05,0.2,0.3,49,1.4525,187.3470,95.8706,-25.5872,0.0000,3271
8,30,14,25.0,70.0,1.0,0.03,0.1,0.3,20,1.2234,155.1056,79.3717,-22.4417,0.0000,3271
8,30,14,25.0,70.0,1.0,0.03,0.15,0.3,238,0.4833,88.7608,45.4213,-51.2694,0.0000,3271
8,30,14,25.0,70.0,1.0,0.03,0.2,0.3,256,0.5612,86.5376,44.2837,-46.2633,0.0000,3271
8,30,14,25.0,70.0,1.0,0.05,0.1,0.3,115,1.4947,480.8729,246.0757,-31.2438,0.0000,3271
8,30,14,25.0,70.0,1.0,0.05,0.15,0.3,91,1.3538,354.2091,181.2584,-38.8348,0.0000,3271
8,30,14,25.0,70.0,1.0,0.05,0.2,0.3,75,1.5309,381.3323,195.1381,-34.6355,0.0000,3271
8,30,14,25.0,70.0,1.3,0.03,0.1,0.3,51,1.5984,150.1954,76.8591,-18.1768,0.0000,3271
8,30,14,25.0,70.0,1.3,0.03,0.15,0.3,37,1.6072,125.7628,64.3562,-20.4685,0.0000,3271
8,30,14,25.0,70.0,1.3,0.03,0.2,0.3,34,1.4881,128.4019,65.7067,-20.1935,0.0000,3271
8,30,14,25.0,70.0,1.3,0.05,0.1,0.3,89,1.5329,267.5782,136.9270,-28.6359,0.0000,3271
8,30,14,25.0,70.0,1.3,0.05,0.15,0.3,77,1.4330,251.6337,128.7678,-30.7350,0.0000,3271
8,30,14,25.0,70.0,1.3,0.05,0.2,0.3,58,1.4950,257.9229,131.9861,-29.8713,0.0000,3271
8,30,14,25.0,70.0,1.6,0.03,0.1,0.3,46,1.7530,93.4081,47.7994,-11.1786,0.0000,3271
8,30,14,25.0,70.0,1.6,0.03,0.15,0.3,36,1.8127,83.3844,42.6701,-11.8479,0.0000,3271
8,30,14,25.0,70.0,1.6,0.03,0.2,0.3,33,1.5175,86.0235,44.0206,-11.6640,0.0000,3271
8,30,14,25.0,70.0,1.6,0.05,0.1,0.3,76,1.5307,190.6560,97.5638,-25.1573,0.0000,3271
8,30,14,25.0,70.0,1.6,0.05,0.15,0.3,65,1.4208,181.7674,93.0153,-26.3464,0.0000,3271
8,30,14,25.0,70.0,1.6,0.05,0.2,0.3,49,1.4525,187.3470,95.8706,-25.5872,0.0000,3271
8,30,14,25.0,75.0,1.0,0.03,0.1,0.3,20,1.2234,155.1056,79.3717,-22.4417,0.0000,3271
8,30,14,25.0,75.0,1.0,0.03,0.15,0.3,238,0.4833,88.7608,45.4213,-51.2694,0.0000,3271
8,30,14,25.0,75.0,1.0,0.03,0.2,0.3,256,0.5612,86.5376,44.2837,-46.2633,0.0000,3271
8,30,14,25.0,75.0,1.0,0.05,0.1,0.3,115,1.4947,480.8729,246.0757,-31.2438,0.0000,3271
8,30,14,25.0,75.0,1.0,0.05,0.15,0.3,91,1.3538,354.2091,181.2584,-38.8348,0.0000,3271
8,30,14,25.0,75.0,1.0,0.05,0.2,0.3,75,1.5309,381.3323,195.1381,-34.6355,0.0000,3271
8,30,14,25.0,75.0,1.3,0.03,0.1,0.3,51,1.5984,150.1954,76.8591,-18.1768,0.0000,3271
8,30,14,25.0,75.0,1.3,0.03,0.15,0.3,37,1.6072,125.7628,64.3562,-20.4685,0.0000,3271
8,30,14,25.0,75.0,1.3,0.03,0.2,0.3,34,1.4881,128.4019,65.7067,-20.1935,0.0000,3271
8,30,14,25.0,75.0,1.3,0.05,0.1,0.3,89,1.5329,267.5782,136.9270,-28.6359,0.0000,3271
8,30,14,25.0,75.0,1.3,0.05,0.15,0.3,77,1.4330,251.6337,128.7678,-30.7350,0.0000,3271
8,30,14,25.0,75.0,1.3,0.05,0.2,0.3,58,1.4950,257.9229,131.9861,-29.8713,0.0000,3271
8,30,14,25.0,75.0,1.6,0.03,0.1,0.3,46,1.7530,93.4081,47.7994,-11.1786,0.0000,3271
8,30,14,25.0,75.0,1.6,0.03,0.15,0.3,36,1.8127,83.3844,42.6701,-11.8479,0.0000,3271
8,30,14,25.0,75.0,1.6,0.03,0.2,0.3,33,1.5175,86.0235,44.0206,-11.6640,0.0000,3271
8,30,14,25.0,75.0,1.6,0.05,0.1,0.3,76,1.5307,190.6560,97.5638,-25.1573,0.0000,3271
8,30,14,25.0,75.0,1.6,0.05,0.15,0.3,65,1.4208,181.7674,93.0153,-26.3464,0.0000,3271
8,30,14,25.0,75.0,1.6,0.05,0.2,0.3,49,1.4525,187.3470,95.8706,-25.5872,0.0000,3271
8,30,14,30.0,65.0,1.0,0.03,0.1,0.3,20,1.2234,155.1056,79.3717,-22.4417,0.0000,3271
8,30,14,30.0,65.0,1.0,0.03,0.15,0.3,238,0.4833,88.7608,45.4213,-51.2694,0.0000,3271
8,30,14,30.0,65.0,1.0,0.03,0.2,0.3,256,0.5612,86.5376,44.2837,-46.2633,0.0000,3271
8,30,14,30.0,65.0,1.0,0.05,0.1,0.3,115,1.4947,480.8729,246.0757,-31.2438,0.0000,3271
8,30,14,30.0,65.0,1.0,0.05,0.15,0.3,91,1.3538,354.2091,181.2584,-38.8348,0.0000,3271
8,30,14,30.0,65.0,1.0,0.05,0.2,0.3,75,1.5309,381.3323,195.1381,-34.6355,0.0000,3271
8,30,14,30.0,65.0,1.3,0.03,0.1,0.3,51,1.5984,150.1954,76.8591,-18.1768,0.0000,3271
8,30,14,30.0,65.0,1.3,0.03,0.15,0.3,37,1.6072,125.7628,64.3562,-20.4685,0.0000,3271
8,30,14,30.0,65.0,1.3,0.03,0.2,0.3,34,1.4881,128.4019,65.7067,-20.1935,0.0000,3271
8,30,14,30.0,65.0,1.3,0.05,0.1,0.3,89,1.5329,267.5782,136.9270,-28.6359,0.0000,3271
8,30,14,30.0,65.0,1.3,0.05,0.15,0.3,77,1.4330,251.6337,128.7678,-30.7350,0.0000,3271
8,30,14,30.0,65.0,1.3,0.05,0.2,0.3,58,1.4950,257.9229,131.9861,-29.8713,0.0000,3271
8,30,14,30.0,65.0,1.6,0.03,0.1,0.3,46,1.7530,93.4081,47.7994,-11.1786,0.0000,3271
8,30,14,30.0,65.0,1.6,0.03,0.15,0.3,36,1.8127,83.3844,42.6701,-11.8479,0.0000,3271
8,30,14,30.0,65.0,1.6,0.03,0.2,0.3,33,1.5175,86.0235,44.0206,-11.6640,0.0000,3271
8,30,14,30.0,65.0,1.6,0.05,0.1,0.3,76,1.5307,190.6560,97.5638,-25.1573,0.0000,3271
8,30,14,30.0,65.0,1.6,0.05,0.15,0.3,65,1.4208,181.7674,93.0153,-26.3464,0.0000,3271
8,30,14,30.0,65.0,1.6,0.05,0.2,0.3,49,1.4525,187.3470,95.8706,-25.5872,0.0000,3271
8,30,14,30.0,70.0,1.0,0.03,0.1,0.3,20,1.2234,155.1056,79.3717,-22.4417,0.0000,3271
8,30,14,30.0,70.0,1.0,0.03,0.15,0.3,238,0.4833,88.7608,45.4213,-51.2694,0.0000,3271
8,30,14,30.0,70.0,1.0,0.03,0.2,0.3,256,0.5612,86.5376,44.2837,-46.2633,0.0000,3271
8,30,14,30.0,70.0,1.0,0.05,0.1,0.3,115,1.4947,480.8729,246.0757,-31.2438,0.0000,3271
8,30,14,30.0,70.0,1.0,0.05,0.15,0.3,91,1.3538,354.2091,181.2584,-38.8348,0.0000,3271
8,30,14,30.0,70.0,1.0,0.05,0.2,0.3,75,1.5309,381.3323,195.1381,-34.6355,0.0000,3271
8,30,14,30.0,70.0,1.3,0.03,0.1,0.3,51,1.5984,150.1954,76.8591,-18.1768,0.0000,3271
8,30,14,30.0,70.0,1.3,0.03,0.15,0.3,37,1.6072,125.7628,64.3562,-20.4685,0.0000,3271
8,30,14,30.0,70.0,1.3,0.03,0.2,0.3,34,1.4881,128.4019,65.7067,-20.1935,0.0000,3271
8,30,14,30.0,70.0,1.3,0.05,0.1,0.3,89,1.5329,267.5782,136.9270,-28.6359,0.0000,3271
8,30,14,30.0,70.0,1.3,0.05,0.15,0.3,77,1.4330,251.6337,128.7678,-30.7350,0.0000,3271
8,30,14,30.0,70.0,1.3,0.05,0.2,0.3,58,1.4950,257.9229,131.9861,-29.8713,0.0000,3271
8,30,14,30.0,70.0,1.6,0.03,0.1,0.3,46,1.7530,93.4081,47.7994,-11.1786,0.0000,3271
8,30,14,30.0,70.0,1.6,0.03,0.15,0.3,36,1.8127,83.3844,42.6701,-11.8479,0.0000,3271
8,30,14,30.0,70.0,1.6,0.03,0.2,0.3,33,1.5175,86.0235,44.0206,-11.6640,0.0000,3271
8,30,14,30.0,70.0,1.6,0.05,0.1,0.3,76,1.5307,190.6560,97.5638,-25.1573,0.0000,3271
8,30,14,30.0,70.0,1.6,0.05,0.15,0.3,65,1.4208,181.7674,93.0153,-26.3464,0.0000,3271
8,30,14,30.0,70.0,1.6,0.05,0.2,0.3,49,1.4525,187.3470,95.8706,-25.5872,0.0000,3271
8,30,14,30.0,75.0,1.0,0.03,0.1,0.3,20,1.2234,155.1056,79.3717,-22.4417,0.0000,3271
8,30,14,30.0,75.0,1.0,0.03,0.15,0.3,238,0.4833,88.7608,45.4213,-51.2694,0.0000,3271
8,30,14,30.0,75.0,1.0,0.03,0.2,0.3,256,0.5612,86.5376,44.2837,-46.2633,0.0000,3271
8,30,14,30.0,75.0,1.0,0.05,0.1,0.3,115,1.4947,480.8729,246.0757,-31.2438,0.0000,3271
8,30,14,30.0,75.0,1.0,0.05,0.15,0.3,91,1.3538,354.2091,181.2584,-38.8348,0.0000,3271
8,30,14,30.0,75.0,1.0,0.05,0.2,0.3,75,1.5309,381.3323,195.1381,-34.6355,0.0000,3271
8,30,14,30.0,75.0,1.3,0.03,0.1,0.3,51,1.5984,150.1954,76.8591,-18.1768,0.0000,3271
8,30,14,30.0,75.0,1.3,0.03,0.15,0.3,37,1.6072,125.7628,64.3562,-20.4685,0.0000,3271
8,30,14,30.0,75.0,1.3,0.03,0.2,0.3,34,1.4881,128.4019,65.7067,-20.1935,0.0000,3271
8,30,14,30.0,75.0,1.3,0.05,0.1,0.3,89,1.5329,267.5782,136.9270,-28.6359,0.0000,3271
8,30,14,30.0,75.0,1.3,0.05,0.15,0.3,77,1.4330,251.6337,128.7678,-30.7350,0.0000,3271
8,30,14,30.0,75.0,1.3,0.05,0.2,0.3,58,1.4950,257.9229,131.9861,-29.8713,0.0000,3271
8,30,14,30.0,75.0,1.6,0.03,0.1,0.3,46,1.7530,93.4081,47.7994,-11.1786,0.0000,3271
8,30,14,30.0,75.0,1.6,0.03,0.15,0.3,36,1.8127,83.3844,42.6701,-11.8479,0.0000,3271
8,30,14,30.0,75.0,1.6,0.03,0.2,0.3,33,1.5175,86.0235,44.0206,-11.6640,0.0000,3271
8,30,14,30.0,75.0,1.6,0.05,0.1,0.3,76,1.5307,190.6560,97.5638,-25.1573,0.0000,3271
8,30,14,30.0,75.0,1.6,0.05,0.15,0.3,65,1.4208,181.7674,93.0153,-26.3464,0.0000,3271
8,30,14,30.0,75.0,1.6,0.05,0.2,0.3,49,1.4525,187.3470,95.8706,-25.5872,0.0000,3271
8,30,14,35.0,65.0,1.0,0.03,0.1,0.3,20,1.2234,155.1056,79.3717,-22.4417,0.0000,3271
8,30,14,35.0,65.0,1.0,0.03,0.15,0.3,238,0.4833,88.7608,45.4213,-51.2694,0.0000,3271
8,30,14,35.0,65.0,1.0,0.03,0.2,0.3,256,0.5612,86.5376,44.2837,-46.2633,0.0000,3271
8,30,14,35.0,65.0,1.0,0.05,0.1,0.3,115,1.4947,480.8729,246.0757,-31.2438,0.0000,3271
8,30,14,35.0,65.0,1.0,0.05,0.15,0.3,91,1.3538,354.2091,181.2584,-38.8348,0.0000,3271
8,30,14,35.0,65.0,1.0,0.05,0.2,0.3,75,1.5309,381.3323,195.1381,-34.6355,0.0000,3271
8,30,14,35.0,65.0,1.3,0.03,0.1,0.3,51,1.5984,150.1954,76.8591,-18.1768,0.0000,3271
8,30,14,35.0,65.0,1.3,0.03,0.15,0.3,37,1.6072,125.7628,64.3562,-20.4685,0.0000,3271
8,30,14,35.0,65.0,1.3,0.03,0.2,0.3,34,1.4881,128.4019,65.7067,-20.1935,0.0000,3271
8,30,14,35.0,65.0,1.3,0.05,0.1,0.3,89,1.5329,267.5782,136.9270,-28.6359,0.0000,3271
8,30,14,35.0,65.0,1.3,0.05,0.15,0.3,77,1.4330,251.6337,128.7678,-30.7350,0.0000,3271
8,30,14,35.0,65.0,1.3,0.05,0.2,0.3,58,1.4950,257.9229,131.9861,-29.8713,0.0000,3271
8,30,14,35.0,65.0,1.6,0.03,0.1,0.3,46,1.7530,93.4081,47.7994,-11.1786,0.0000,3271
8,30,14,35.0,65.0,1.6,0.03,0.15,0.3,36,1.8127,83.3844,42.6701,-11.8479,0.0000,3271
8,30,14,35.0,65.0,1.6,0.03,0.2,0.3,33,1.5175,86.0235,44.0206,-11.6640,0.0000,3271
8,30,14,35.0,65.0,1.6,0.05,0.1,0.3,76,1.5307,190.6560,97.5638,-25.1573,0.0000,3271
8,30,14,35.0,65.0,1.6,0.05,0.15,0.3,65,1.4208,181.7674,93.0153,-26.3464,0.0000,3271
8,30,14,35.0,65.0,1.6,0.05,0.2,0.3,49,1.4525,187.3470,95.8706,-25.5872,0.0000,3271
8,30,14,35.0,70.0,1.0,0.03,0.1,0.3,20,1.2234,155.1056,79.3717,-22.4417,0.0000,3271
8,30,14,35.0,70.0,1.0,0.03,0.15,0.3,238,0.4833,88.7608,45.4213,-51.2694,0.0000,3271
8,30,14,35.0,70.0,1.0,0.03,0.2,0.3,256,0.5612,86.5376,44.2837,-46.2633,0.0000,3271
8,30,14,35.0,70.0,1.0,0.05,0.1,0.3,115,1.4947,480.8729,246.0757,-31.2438,0.0000,3271
8,30,14,35.0,70.0,1.0,0.05,0.15,0.3,91,1.3538,354.2091,181.2584,-38.8348,0.0000,3271
8,30,14,35.0,70.0,1.0,0.05,0.2,0.3,75,1.5309,381.3323,195.1381,-34.6355,0.0000,3271
8,30,14,35.0,70.0,1.3,0.03,0.1,0.3,51,1.5984,150.1954,76.8591,-18.1768,0.0000,3271
8,30,14,35.0,70.0,1.3,0.03,0.15,0.3,37,1.6072,125.7628,64.3562,-20.4685,0.0000,3271
8,30,14,35.0,70.0,1.3,0.03,0.2,0.3,34,1.4881,128.4019,65.7067,-20.1935,0.0000,3271
8,30,14,35.0,70.0,1.3,0.05,0.1,0.3,89,1.5329,267.5782,136.9270,-28.6359,0.0000,3271
8,30,14,35.0,70.0,1.3,0.05,0.15,0.3,77,1.4330,251.6337,128.7678,-30.7350,0.0000,3271
8,30,14,35.0,70.0,1.3,0.05,0.2,0.3,58,1.4950,257.9229,131.9861,-29.8713,0.0000,3271
8,30,14,35.0,70.0,1.6,0.03,0.1,0.3,46,1.7530,93.4081,47.7994,-11.1786,0.0000,3271
8,30,14,35.0,70.0,1.6,0.03,0.15,0.3,36,1.8127,83.3844,42.6701,-11.8479,0.0000,3271
8,30,14,35.0,70.0,1.6,0.03,0.2,0.3,33,1.5175,86.0235,44.0206,-11.6640,0.0000,3271
8,30,14,35.0,70.0,1.6,0.05,0.1,0.3,76,1.5307,190.6560,97.5638,-25.1573,0.0000,3271
8,30,14,35.0,70.0,1.6,0.05,0.15,0.3,65,1.4208,181.7674,93.0153,-26.3464,0.0000,3271
8,30,14,35.0,70.0,1.6,0.05,0.2,0.3,49,1.4525,187.3470,95.8706,-25.5872,0.0000,3271
8,30,14,35.0,75.0,1.0,0.03,0.1,0.3,20,1.2234,155.1056,79.3717,-22.4417,0.0000,3271
8,30,14,35.0,75.0,1.0,0.03,0.15,0.3,238,0.4833,88.7608,45.4213,-51.2694,0.0000,3271
8,30,14,35.0,75.0,1.0,0.03,0.2,0.3,256,0.5612,86.5376,44.2837,-46.2633,0.0000,3271
8,30,14,35.0,75.0,1.0,0.05,0.1,0.3,115,1.4947,480.8729,246.0757,-31.2438,0.0000,3271
8,30,14,35.0,75.0,1.0,0.05,0.15,0.3,91,1.3538,354.2091,181.2584,-38.8348,0.0000,3271
8,30,14,35.0,75.0,1.0,0.05,0.2,0.3,75,1.5309,381.3323,195.1381,-34.6355,0.0000,3271
8,30,14,35.0,75.0,1.3,0.03,0.1,0.3,51,1.5984,150.1954,76.8591,-18.1768,0.0000,3271
8,30,14,35.0,75.0,1.3,0.03,0.15,0.3,37,1.6072,125.7628,64.3562,-20.4685,0.0000,3271
8,30,14,35.0,75.0,1.3,0.03,0.2,0.3,34,1.4881,128.4019,65.7067,-20.1935,0.0000,3271
8,30,14,35.0,75.0,1.3,0.05,0.1,0.3,89,1.5329,267.5782,136.9270,-28.6359,0.0000,3271
8,30,14,35.0,75.0,1.3,0.05,0.15,0.3,77,1.4330,251.6337,128.7678,-30.7350,0.0000,3271
8,30,14,35.0,75.0,1.3,0.05,0.2,0.3,58,1.4950,257.9229,131.9861,-29.8713,0.0000,3271
8,30,14,35.0,75.0,1.6,0.03,0.1,0.3,46,1.7530,93.4081,47.7994,-11.1786,0.0000,3271
8,30,14,35.0,75.0,1.6,0.03,0.15,0.3,36,1.8127,83.3844,42.6701,-11.8479,0.0000,3271
8,30,14,35.0,75.0,1.6,0.03,0.2,0.3,33,1.5175,86.0235,44.0206,-11.6640,0.0000,3271
8,30,14,35.0,75.0,1.6,0.05,0.1,0.3,76,1.5307,190.6560,97.5638,-25.1573,0.0000,3271
8,30,14,35.0,75.0,1.6,0.05,0.15,0.3,65,1.4208,181.7674,93.0153,-26.3464,0.0000,3271
8,30,14,35.0,75.0,1.6,0.05,0.2,0.3,49,1.4525,187.3470,95.8706,-25.5872,0.0000,3271
8,50,14,25.0,65.0,1.0,0.03,0.1,0.3,445,0.7354,203.9062,104.3443,-49.8872,0.0000,3271
8,50,14,25.0,65.0,1.0,0.03,0.15,0.3,397,0.4543,107.4203,54.9699,-62.4925,0.0000,3271
8,50,14,25.0,65.0,1.0,0.03,0.2,0.3,325,0.2038,42.2147,21.6024,-73.5230,0.0000,3271
8,50,14,25.0,65.0,1.0,0.05,0.1,0.3,346,0.4873,117.9558,60.3612,-58.0148,0.0000,3271
8,50,14,25.0,65.0,1.0,0.05,0.15,0.3,300,0.1817,44.7448,22.8971,-80.7533,0.0000,3271
8,50,14,25.0,65.0,1.0,0.05,0.2,0.3,0,0.0000,0.0000,0.0000,0.0000,0.0000,3271
8,50,14,25.0,65.0,1.3,0.03,0.1,0.3,311,0.5160,96.3147,49.2868,-44.8218,0.0000,3271
8,50,14,25.0,65.0,1.3,0.03,0.15,0.3,256,0.5397,96.0592,49.1561,-52.2227,0.0000,3271
8,50,14,25.0,65.0,1.3,0.03,0.2,0.3,231,0.4431,72.5452,37.1233,-54.7571,0.0000,3271
8,50,14,25.0,65.0,1.3,0.05,0.1,0.3,258,0.4310,71.0785,36.3728,-46.5059,0.0000,3271
8,50,14,25.0,65.0,1.3,0.05,0.15,0.3,203,0.4180,94.4546,48.3350,-59.6161,0.0000,3271
8,50,14,25.0,65.0,1.3,0.05,0.2,0.3,169,0.2846,58.0214,29.6911,-65.3796,0.0000,3271
8,50,14,25.0,65.0,1.6,0.03,0.1,0.3,27,1.0280,629.6703,322.2193,-61.2284,0.0000,3271
8,50,14,25.0,65.0,1.6,0.03,0.15,0.3,27,1.0280,629.6703,322.2193,-61.2284,0.0000,3271
8,50,14,25.0,65.0,1.6,0.03,0.2,0.3,27,1.0280,629.6703,322.2193,-61.2284,0.0000,3271
8,50,14,25.0,65.0,1.6,0.05,0.1,0.3,198,0.6600,87.6267,44.8409,-34.7426,0.0000,3271
8,50,14,25.0,65.0,1.6,0.05,0.15,0.3,159,0.6402,96.8956,49.5841,-38.3686,0.0000,3271
8,50,14,25.0,65.0,1.6,0.05,0.2,0.3,129,0.5815,79.5769,40.7216,-40.2111,0.0000,3271
8,50,14,25.0,70.0,1.0,0.03,0.1,0.3,445,0.7354,203.9062,104.3443,-49.8872,0.0000,3271
8,50,14,25.0,70.0,1.0,0.03,0.15,0.3,397,0.4543,107.4203,54.9699,-62.4925,0.0000,3271
8,50,14,25.0,70.0,1.0,0.03,0.2,0.3,325,0.2038,42.2147,21.6024,-73.5230,0.0000,3271
8,50,14,25.0,70.0,1.0,0.05,0.1,0.3,346,0.4873,117.9558,60.3612,-58.0148,0.0000,3271
8,50,14,25.0,70.0,1.0,0.05,0.15,0.3,300,0.1817,44.7448,22.8971,-80.7533,0.0000,3271
8,50,14,25.0,70.0,1.0,0.05,0.2,0.3,0,0.0000,0.0000,0.0000,0.0000,0.0000,3271
8,50,14,25.0,70.0,1.3,0.03,0.1,0.3,311,0.5160,96.3147,49.2868,-44.8218,0.0000,3271
8,50,14,25.0,70.0,1.3,0.03,0.15,0.3,256,0.5397,96.0592,49.1561,-52.2227,0.0000,3271
8,50,14,25.0,70.0,1.3,0.03,0.2,0.3,231,0.4431,72.5452,37.1233,-54.7571,0.0000,3271
8,50,14,25.0,70.0,1.3,0.05,0.1,0.3,258,0.4310,71.0785,36.3728,-46.5059,0.0000,3271
8,50,14,25.0,70.0,1.3,0.05,0.15,0.3,203,0.4180,94.4546,48.3350,-59.6161,0.0000,3271
8,50,14,25.0,70.0,1.3,0.05,0.2,0.3,169,0.2846,58.0214,29.6911,-65.3796,0.0000,3271
8,50,14,25.0,70.0,1.6,0.03,0.1,0.3,27,1.0280,629.6703,322.2193,-61.2284,0.0000,3271
8,50,14,25.0,70.0,1.6,0.03,0.15,0.3,27,1.0280,629.6703,322.2193,-61.2284,0.0000,3271
8,50,14,25.0,70.0,1.6,0.03,0.2,0.3,27,1.0280,629.6703,322.2193,-61.2284,0.0000,3271
8,50,14,25.0,70.0,1.6,0.05,0.1,0.3,198,0.6600,87.6267,44.8409,-34.7426,0.0000,3271
8,50,14,25.0,70.0,1.6,0.05,0.15,0.3,159,0.6402,96.8956,49.5841,-38.3686,0.0000,3271
8,50,14,25.0,70.0,1.6,0.05,0.2,0.3,129,0.5815,79.5769,40.7216,-40.2111,0.0000,3271
8,50,14,25.0,75.0,1.0,0.03,0.1,0.3,445,0.7354,203.9062,104.3443,-49.8872,0.0000,3271
8,50,14,25.0,75.0,1.0,0.03,0.15,0.3,397,0.4543,107.4203,54.9699,-62.4925,0.0000,3271
8,50,14,25.0,75.0,1.0,0.03,0.2,0.3,325,0.2038,42.2147,21.6024,-73.5230,0.0000,3271
8,50,14,25.0,75.0,1.0,0.05,0.1,0.3,346,0.4873,117.9558,60.3612,-58.0148,0.0000,3271
8,50,14,25.0,75.0,1.0,0.05,0.15,0.3,300,0.1817,44.7448,22.8971,-80.7533,0.0000,3271
8,50,14,25.0,75.0,1.0,0.05,0.2,0.3,0,0.0000,0.0000,0.0000,0.0000,0.0000,3271
8,50,14,25.0,75.0,1.3,0.03,0.1,0.3,311,0.5160,96.3147,49.2868,-44.8218,0.0000,3271
8,50,14,25.0,75.0,1.3,0.03,0.15,0.3,256,0.5397,96.0592,49.1561,-52.2227,0.0000,3271
8,50,14,25.0,75.0,1.3,0.03,0.2,0.3,231,0.4431,72.5452,37.1233,-54.7571,0.0000,3271
8,50,14,25.0,75.0,1.3,0.05,0.1,0.3,258,0.4310,71.0785,36.3728,-46.5059,0.0000,3271
8,50,14,25.0,75.0,1.3,0.05,0.15,0.3,203,0.4180,94.4546,48.3350,-59.6161,0.0000,3271
8,50,14,25.0,75.0,1.3,0.05,0.2,0.3,169,0.2846,58.0214,29.6911,-65.3796,0.0000,3271
8,50,14,25.0,75.0,1.6,0.03,0.1,0.3,27,1.0280,629.6703,322.2193,-61.2284,0.0000,3271
8,50,14,25.0,75.0,1.6,0.03,0.15,0.3,27,1.0280,629.6703,322.2193,-61.2284,0.0000,3271
8,50,14,25.0,75.0,1.6,0.03,0.2,0.3,27,1.0280,629.6703,322.2193,-61.2284,0.0000,3271
8,50,14,25.0,75.0,1.6,0.05,0.1,0.3,198,0.6600,87.6267,44.8409,-34.7426,0.0000,3271
8,50,14,25.0,75.0,1.6,0.05,0.15,0.3,159,0.6402,96.8956,49.5841,-38.3686,0.0000,3271
8,50,14,25.0,75.0,1.6,0.05,0.2,0.3,129,0.5815,79.5769,40.7216,-40.2111,0.0000,3271
8,50,14,30.0,65.0,1.0,0.03,0.1,0.3,445,0.7354,203.9062,104.3443,-49.8872,0.0000,3271
8,50,14,30.0,65.0,1.0,0.03,0.15,0.3,397,0.4543,107.4203,54.9699,-62.4925,0.0000,3271
8,50,14,30.0,65.0,1.0,0.03,0.2,0.3,325,0.2038,42.2147,21.6024,-73.5230,0.0000,3271
8,50,14,30.0,65.0,1.0,0.05,0.1,0.3,346,0.4873,117.9558,60.3612,-58.0148,0.0000,3271
8,50,14,30.0,65.0,1.0,0.05,0.15,0.3,300,0.1817,44.7448,22.8971,-80.7533,0.0000,3271
8,50,14,30.0,65.0,1.0,0.05,0.2,0.3,0,0.0000,0.0000,0.0000,0.0000,0.0000,3271
8,50,14,30.0,65.0,1.3,0.03,0.1,0.3,311,0.5160,96.3147,49.2868,-44.8218,0.0000,3271
8,50,14,30.0,65.0,1.3,0.03,0.15,0.3,256,0.5397,96.0592,49.1561,-52.2227,0.0000,3271
8,50,14,30.0,65.0,1.3,0.03,0.2,0.3,231,0.4431,72.5452,37.1233,-54.7571,0.0000,3271
8,50,14,30.0,65.0,1.3,0.05,0.1,0.3,258,0.4310,71.0785,36.3728,-46.5059,0.0000,3271
8,50,14,30.0,65.0,1.3,0.05,0.15,0.3,203,0.4180,94.4546,48.3350,-59.6161,0.0000,3271
8,50,14,30.0,65.0,1.3,0.05,0.2,0.3,169,0.2846,58.0214,29.6911,-65.3796,0.0000,3271
8,50,14,30.0,65.0,1.6,0.03,0.1,0.3,27,1.0280,629.6703,322.2193,-61.2284,0.0000,3271
8,50,14,30.0,65.0,1.6,0.03,0.15,0.3,27,1.0280,629.6703,322.2193,-61.2284,0.0000,3271
8,50,14,30.0,65.0,1.6,0.03,0.2,0.3,27,1.0280,629.6703,322.2193,-61.2284,0.0000,3271
8,50,14,30.0,65.0,1.6,0.05,0.1,0.3,198,0.6600,87.6267,44.8409,-34.7426,0.0000,3271
8,50,14,30.0,65.0,1.6,0.05,0.15,0.3,159,0.6402,96.8956,49.5841,-38.3686,0.0000,3271
8,50,14,30.0,65.0,1.6,0.05,0.2,0.3,129,0.5815,79.5769,40.7216,-40.2111,0.0000,3271
8,50,14,30.0,70.0,1.0,0.03,0.1,0.3,445,0.7354,203.9062,104.3443,-49.8872,0.0000,3271
8,50,14,30.0,70.0,1.0,0.03,0.15,0.3,397,0.4543,107.4203,54.9699,-62.4925,0.0000,3271
8,50,14,30.0,70.0,1.0,0.03,0.2,0.3,325,0.2038,42.2147,21.6024,-73.5230,0.0000,3271
8,50,14,30.0,70.0,1.0,0.05,0.1,0.3,346,0.4873,117.9558,60.3612,-58.0148,0.0000,3271
8,50,14,30.0,70.0,1.0,0.05,0.15,0.3,300,0.1817,44.7448,22.8971,-80.7533,0.0000,3271
8,50,14,30.0,70.0,1.0,0.05,0.2,0.3,0,0.0000,0.0000,0.0000,0.0000,0.0000,3271
8,50,14,30.0,70.0,1.3,0.03,0.1,0.3,311,0.5160,96.3147,49.2868,-44.8218,0.0000,3271
8,50,14,30.0,70.0,1.3,0.03,0.15,0.3,256,0.5397,96.0592,49.1561,-52.2227,0.0000,3271
8,50,14,30.0,70.0,1.3,0.03,0.2,0.3,231,0.4431,72.5452,37.1233,-54.7571,0.0000,3271
8,50,14,30.0,70.0,1.3,0.05,0.1,0.3,258,0.4310,71.0785,36.3728,-46.5059,0.0000,3271
8,50,14,30.0,70.0,1.3,0.05,0.15,0.3,203,0.4180,94.4546,48.3350,-59.6161,0.0000,3271
8,50,14,30.0,70.0,1.3,0.05,0.2,0.3,169,0.2846,58.0214,29.6911,-65.3796,0.0000,3271
8,50,14,30.0,70.0,1.6,0.03,0.1,0.3,27,1.0280,629.6703,322.2193,-61.2284,0.0000,3271
8,50,14,30.0,70.0,1.6,0.03,0.15,0.3,27,1.0280,629.6703,322.2193,-61.2284,0.0000,3271
8,50,14,30.0,70.0,1.6,0.03,0.2,0.3,27,1.0280,629.6703,322.2193,-61.2284,0.0000,3271
8,50,14,30.0,70.0,1.6,0.05,0.1,0.3,198,0.6600,87.6267,44.8409,-34.7426,0.0000,3271
8,50,14,30.0,70.0,1.6,0.05,0.15,0.3,159,0.6402,96.8956,49.5841,-38.3686,0.0000,3271
8,50,14,30.0,70.0,1.6,0.05,0.2,0.3,129,0.5815,79.5769,40.7216,-40.2111,0.0000,3271
8,50,14,30.0,75.0,1.0,0.03,0.1,0.3,445,0.7354,203.9062,104.3443,-49.8872,0.0000,3271
8,50,14,30.0,75.0,1.0,0.03,0.15,0.3,397,0.4543,107.4203,54.9699,-62.4925,0.0000,3271
8,50,14,30.0,75.0,1.0,0.03,0.2,0.3,325,0.2038,42.2147,21.6024,-73.5230,0.0000,3271
8,50,14,30.0,75.0,1.0,0.05,0.1,0.3,346,0.4873,117.9558,60.3612,-58.0148,0.0000,3271
8,50,14,30.0,75.0,1.0,0.05,0.15,0.3,300,0.1817,44.7448,22.8971,-80.7533,0.0000,3271
8,50,14,30.0,75.0,1.0,0.05,0.2,0.3,0,0.0000,0.0000,0.0000,0.0000,0.0000,3271
8,50,14,30.0,75.0,1.3,0.03,0.1,0.3,311,0.5160,96.3147,49.2868,-44.8218,0.0000,3271
8,50,14,30.0,75.0,1.3,0.03,0.15,0.3,256,0.5397,96.0592,49.1561,-52.2227,0.0000,3271
8,50,14,30.0,75.0,1.3,0.03,0.2,0.3,231,0.4431,72.5452,37.1233,-54.7571,0.0000,3271
8,50,14,30.0,75.0,1.3,0.05,0.1,0.3,258,0.4310,71.0785,36.3728,-46.5059,0.0000,3271
8,50,14,30.0,75.0,1.3,0.05,0.15,0.3,203,0.4180,94.4546,48.3350,-59.6161,0.0000,3271
8,50,14,30.0,75.0,1.3,0.05,0.2,0.3,169,0.2846,58.0214,29.6911,-65.3796,0.0000,3271
8,50,14,30.0,75.0,1.6,0.03,0.1,0.3,27,1.0280,629.6703,322.2193,-61.2284,0.0000,3271
8,50,14,30.0,75.0,1.6,0.03,0.15,0.3,27,1.0280,629.6703,322.2193,-61.2284,0.0000,3271
8,50,14,30.0,75.0,1.6,0.03,0.2,0.3,27,1.0280,629.6703,322.2193,-61.2284,0.0000,3271
8,50,14,30.0,75.0,1.6,0.05,0.1,0.3,198,0.6600,87.6267,44.8409,-34.7426,0.0000,3271
8,50,14,30.0,75.0,1.6,0.05,0.15,0.3,159,0.6402,96.8956,49.5841,-38.3686,0.0000,3271
8,50,14,30.0,75.0,1.6,0.05,0.2,0.3,129,0.5815,79.5769,40.7216,-40.2111,0.0000,3271
8,50,14,35.0,65.0,1.0,0.03,0.1,0.3,445,0.7354,203.9062,104.3443,-49.8872,0.0000,3271
8,50,14,35.0,65.0,1.0,0.03,0.15,0.3,397,0.4543,107.4203,54.9699,-62.4925,0.0000,3271
8,50,14,35.0,65.0,1.0,0.03,0.2,0.3,325,0.2038,42.2147,21.6024,-73.5230,0.0000,3271
8,50,14,35.0,65.0,1.0,0.05,0.1,0.3,346,0.4873,117.9558,60.3612,-58.0148,0.0000,3271
8,50,14,35.0,65.0,1.0,0.05,0.15,0.3,300,0.1817,44.7448,22.8971,-80.7533,0.0000,3271
8,50,14,35.0,65.0,1.0,0.05,0.2,0.3,0,0.0000,0.0000,0.0000,0.0000,0.0000,3271
8,50,14,35.0,65.0,1.3,0.03,0.1,0.3,311,0.5160,96.3147,49.2868,-44.8218,0.0000,3271
8,50,14,35.0,65.0,1.3,0.03,0.15,0.3,256,0.5397,96.0592,49.1561,-52.2227,0.0000,3271
8,50,14,35.0,65.0,1.3,0.03,0.2,0.3,231,0.4431,72.5452,37.1233,-54.7571,0.0000,3271
8,50,14,35.0,65.0,1.3,0.05,0.1,0.3,258,0.4310,71.0785,36.3728,-46.5059,0.0000,3271
8,50,14,35.0,65.0,1.3,0.05,0.15,0.3,203,0.4180,94.4546,48.3350,-59.6161,0.0000,3271
8,50,14,35.0,65.0,1.3,0.05,0.2,0.3,169,0.2846,58.0214,29.6911,-65.3796,0.0000,3271
8,50,14,35.0,65.0,1.6,0.03,0.1,0.3,27,1.0280,629.6703,322.2193,-61.2284,0.0000,3271
8,50,14,35.0,65.0,1.6,0.03,0.15,0.3,27,1.0280,629.6703,322.2193,-61.2284,0.0000,3271
8,50,14,35.0,65.0,1.6,0.03,0.2,0.3,27,1.0280,629.6703,322.2193,-61.2284,0.0000,3271
8,50,14,35.0,65.0,1.6,0.05,0.1,0.3,198,0.6600,87.6267,44.8409,-34.7426,0.0000,3271
8,50,14,35.0,65.0,1.6,0.05,0.15,0.3,159,0.6402,96.8956,49.5841,-38.3686,0.0000,3271
8,50,14,35.0,65.0,1.6,0.05,0.2,0.3,129,0.5815,79.5769,40.7216,-40.2111,0.0000,3271
8,50,14,35.0,70.0,1.0,0.03,0.1,0.3,445,0.7354,203.9062,104.3443,-49.8872,0.0000,3271
8,50,14,35.0,70.0,1.0,0.03,0.15,0.3,397,0.4543,107.4203,54.9699,-62.4925,0.0000,3271
8,50,14,35.0,70.0,1.0,0.03,0.2,0.3,325,0.2038,42.2147,21.6024,-73.5230,0.0000,3271
8,50,14,35.0,70.0,1.0,0.05,0.1,0.3,346,0.4873,117.9558,60.3612,-58.0148,0.0000,3271
8,50,14,35.0,70.0,1.0,0.05,0.15,0.3,300,0.1817,44.7448,22.8971,-80.7533,0.0000,3271
8,50,14,35.0,70.0,1.0,0.05,0.2,0.3,0,0.0000,0.0000,0.0000,0.0000,0.0000,3271
8,50,14,35.0,70.0,1.3,0.03,0.1,0.3,311,0.5160,96.3147,49.2868,-44.8218,0.0000,3271
8,50,14,35.0,70.0,1.3,0.03,0.15,0.3,256,0.5397,96.0592,49.1561,-52.2227,0.0000,3271
8,50,14,35.0,70.0,1.3,0.03,0.2,0.3,231,0.4431,72.5452,37.1233,-54.7571,0.0000,3271
8,50,14,35.0,70.0,1.3,0.05,0.1,0.3,258,0.4310,71.0785,36.3728,-46.5059,0.0000,3271
8,50,14,35.0,70.0,1.3,0.05,0.15,0.3,203,0.4180,94.4546,48.3350,-59.6161,0.0000,3271
8,50,14,35.0,70.0,1.3,0.05,0.2,0.3,169,0.2846,58.0214,29.6911,-65.3796,0.0000,3271
8,50,14,35.0,70.0,1.6,0.03,0.1,0.3,27,1.0280,629.6703,322.2193,-61.2284,0.0000,3271
8,50,14,35.0,70.0,1.6,0.03,0.15,0.3,27,1.0280,629.6703,322.2193,-61.2284,0.0000,3271
8,50,14,35.0,70.0,1.6,0.03,0.2,0.3,27,1.0280,629.6703,322.2193,-61.2284,0.0000,3271
8,50,14,35.0,70.0,1.6,0.05,0.1,0.3,198,0.6600,87.6267,44.8409,-34.7426,0.0000,3271
8,50,14,35.0,70.0,1.6,0.05,0.15,0.3,159,0.6402,96.8956,49.5841,-38.3686,0.0000,3271
8,50,14,35.0,70.0,1.6,0.05,0.2,0.3,129,0.5815,79.5769,40.7216,-40.2111,0.0000,3271
8,50,14,35.0,75.0,1.0,0.03,0.1,0.3,445,0.7354,203.9062,104.3443,-49.8872,0.0000,3271
8,50,14,35.0,75.0,1.0,0.03,0.15,0.3,397,0.4543,107.4203,54.9699,-62.4925,0.0000,3271
8,50,14,35.0,75.0,1.0,0.03,0.2,0.3,325,0.2038,42.2147,21.6024,-73.5230,0.0000,3271
8,50,14,35.0,75.0,1.0,0.05,0.1,0.3,346,0.4873,117.9558,60.3612,-58.0148,0.0000,3271
8,50,14,35.0,75.0,1.0,0.05,0.15,0.3,300,0.1817,44.7448,22.8971,-80.7533,0.0000,3271
8,50,14,35.0,75.0,1.0,0.05,0.2,0.3,0,0.0000,0.0000,0.0000,0.0000,0.0000,3271
8,50,14,35.0,75.0,1.3,0.03,0.1,0.3,311,0.5160,96.3147,49.2868,-44.8218,0.0000,3271
8,50,14,35.0,75.0,1.3,0.03,0.15,0.3,256,0.5397,96.0592,49.1561,-52.2227,0.0000,3271
8,50,14,35.0,75.0,1.3,0.03,0.2,0.3,231,0.4431,72.5452,37.1233,-54.7571,0.0000,3271
8,50,14,35.0,75.0,1.3,0.05,0.1,0.3,258,0.4310,71.0785,36.3728,-46.5059,0.0000,3271
8,50,14,35.0,75.0,1.3,0.05,0.15,0.3,203,0.4180,94.4546,48.3350,-59.6161,0.0000,3271
8,50,14,35.0,75.0,1.3,0.05,0.2,0.3,169,0.2846,58.0214,29.6911,-65.3796,0.0000,3271
8,50,14,35.0,75.0,1.6,0.03,0.1,0.3,27,1.0280,629.6703,322.2193,-61.2284,0.0000,3271
8,50,14,35.0,75.0,1.6,0.03,0.15,0.3,27,1.0280,629.6703,322.2193,-61.2284,0.0000,3271
8,50,14,35.0,75.0,1.6,0.03,0.2,0.3,27,1.0280,629.6703,322.2193,-61.2284,0.0000,3271
8,50,14,35.0,75.0,1.6,0.05,0.1,0.3,198,0.6600,87.6267,44.8409,-34.7426,0.0000,3271
8,50,14,35.0,75.0,1.6,0.05,0.15,0.3,159,0.6402,96.8956,49.5841,-38.3686,0.0000,3271
8,50,14,35.0,75.0,1.6,0.05,0.2,0.3,129,0.5815,79.5769,40.7216,-40.2111,0.0000,3271
10,20,14,25.0,65.0,1.0,0.03,0.1,0.3,309,1.1717,218.1073,111.6114,-24.9336,0.0000,3271
10,20,14,25.0,65.0,1.0,0.03,0.15,0.3,278,0.6287,122.9625,62.9232,-41.4887,0.0000,3271
10,20,14,25.0,65.0,1.0,0.03,0.2,0.3,174,0.6597,95.5388,48.8898,-46.1837,0.0000,3271
10,20,14,25.0,65.0,1.0,0.05,0.1,0.3,223,1.3993,222.4031,113.8097,-23.9700,0.0000,3271
10,20,14,25.0,65.0,1.0,0.05,0.15,0.3,172,1.0642,139.9364,71.6093,-34.1090,0.0000,3271
10,20,14,25.0,65.0,1.0,0.05,0.2,0.3,166,1.0376,110.5551,56.5740,-26.2675,0.0000,3271
10,20,14,25.0,65.0,1.3,0.03,0.1,0.3,236,1.1805,133.4518,68.2909,-21.2035,0.0000,3271
10,20,14,25.0,65.0,1.3,0.03,0.15,0.3,212,0.8009,103.2956,52.8592,-29.5834,0.0000,3271
10,20,14,25.0,65.0,1.3,0.03,0.2,0.3,132,1.0513,96.5323,49.3982,-25.5056,0.0000,3271
10,20,14,25.0,65.0,1.3,0.05,0.1,0.3,170,1.8700,178.0602,91.1182,-15.9893,0.0000,3271
10,20,14,25.0,65.0,1.3,0.05,0.15,0.3,152,1.2381,118.6870,60.7354,-19.8980,0.0000,3271
10,20,14,25.0,65.0,1.3,0.05,0.2,0.3,119,1.4521,99.4472,50.8898,-16.2370,0.0000,3271
10,20,14,25.0,65.0,1.6,0.03,0.1,0.3,216,1.3281,116.9399,59.8413,-19.9212,0.0000,3271
10,20,14,25.0,65.0,1.6,0.03,0.15,0.3,200,1.0155,102.4593,52.4312,-25.5238,0.0000,3271
10,20,14,25.0,65.0,1.6,0.03,0.2,0.3,139,1.1370,92.8599,47.5189,-21.6945,0.0000,3271
10,20,14,25.0,65.0,1.6,0.05,0.1,0.3,132,1.8112,126.6124,64.7910,-16.3551,0.0000,3271
10,20,14,25.0,65.0,1.6,0.05,0.15,0.3,127,1.4872,125.5103,64.2270,-12.6168,0.0000,3271
10,20,14,25.0,65.0,1.6,0.05,0.2,0.3,109,1.7998,111.8980,57.2612,-12.5886,0.0000,3271
10,20,14,25.0,70.0,1.0,0.03,0.1,0.3,309,1.1717,218.1073,111.6114,-24.9336,0.0000,3271
10,20,14,25.0,70.0,1.0,0.03,0.15,0.3,278,0.6287,122.9625,62.9232,-41.4887,0.0000,3271
10,20,14,25.0,70.0,1.0,0.03,0.2,0.3,174,0.6597,95.5388,48.8898,-46.1837,0.0000,3271
10,20,14,25.0,70.0,1.0,0.05,0.1,0.3,223,1.3993,222.4031,113.8097,-23.9700,0.0000,3271
10,20,14,25.0,70.0,1.0,0.05,0.15,0.3,172,1.0642,139.9364,71.6093,-34.1090,0.0000,3271
10,20,14,25.0,70.0,1.0,0.05,0.2,0.3,166,1.0376,110.5551,56.5740,-26.2675,0.0000,3271
10,20,14,25.0,70.0,1.3,0.03,0.1,0.3,236,1.1805,133.4518,68.2909,-21.2035,0.0000,3271
10,20,14,25.0,70.0,1.3,0.03,0.15,0.3,212,0.8009,103.2956,52.8592,-29.5834,0.0000,3271
10,20,14,25.0,70.0,1.3,0.03,0.2,0.3,132,1.0513,96.5323,49.3982,-25.5056,0.0000,3271
10,20,14,25.0,70.0,1.3,0.05,0.1,0.3,170,1.8700,178.0602,91.1182,-15.9893,0.0000,3271
10,20,14,25.0,70.0,1.3,0.05,0.15,0.3,152,1.2381,118.6870,60.7354,-19.8980,0.0000,3271
10,20,14,25.0,70.0,1.3,0.05,0.2,0.3,119,1.4521,99.4472,50.8898,-16.2370,0.0000,3271
10,20,14,25.0,70.0,1.6,0.03,0.1,0.3,216,1.3281,116.9399,59.8413,-19.9212,0.0000,3271
10,20,14,25.0,70.0,1.6,0.03,0.15,0.3,200,1.0155,102.4593,52.4312,-25.5238,0.0000,3271
10,20,14,25.0,70.0,1.6,0.03,0.2,0.3,139,1.1370,92.8599,47.5189,-21.6945,0.0000,3271
10,20,14,25.0,70.0,1.6,0.05,0.1,0.3,132,1.8112,126.6124,64.7910,-16.3551,0.0000,3271
10,20,14,25.0,70.0,1.6,0.05,0.15,0.3,127,1.4872,125.5103,64.2270,-12.6168,0.0000,3271
10,20,14,25.0,70.0,1.6,0.05,0.2,0.3,109,1.7998,111.8980,57.2612,-12.5886,0.0000,3271
10,20,14,25.0,75.0,1.0,0.03,0.1,0.3,309,1.1717,218.1073,111.6114,-24.9336,0.0000,3271
10,20,14,25.0,75.0,1.0,0.03,0.15,0.3,278,0.6287,122.9625,62.9232,-41.4887,0.0000,3271
10,20,14,25.0,75.0,1.0,0.03,0.2,0.3,174,0.6597,95.5388,48.8898,-46.1837,0.0000,3271
10,20,14,25.0,75.0,1.0,0.05,0.1,0.3,223,1.3993,222.4031,113.8097,-23.9700,0.0000,3271
10,20,14,25.0,75.0,1.0,0.05,0.15,0.3,172,1.0642,139.9364,71.6093,-34.1090,0.0000,3271
10,20,14,25.0,75.0,1.0,0.05,0.2,0.3,166,1.0376,110.5551,56.5740,-26.2675,0.0000,3271
10,20,14,25.0,75.0,1.3,0.03,0.1,0.3,236,1.1805,133.4518,68.2909,-21.2035,0.0000,3271
10,20,14,25.0,75.0,1.3,0.03,0.15,0.3,212,0.8009,103.2956,52.8592,-29.5834,0.0000,3271
10,20,14,25.0,75.0,1.3,0.03,0.2,0.3,132,1.0513,96.5323,49.3982,-25.5056,0.0000,3271
10,20,14,25.0,75.0,1.3,0.05,0.1,0.3,170,1.8700,178.0602,91.1182,-15.9893,0.0000,3271
10,20,14,25.0,75.0,1.3,0.05,0.15,0.3,152,1.2381,118.6870,60.7354,-19.8980,0.0000,3271
10,20,14,25.0,75.0,1.3,0.05,0.2,0.3,119,1.4521,99.4472,50.8898,-16.2370,0.0000,3271
10,20,14,25.0,75.0,1.6,0.03,0.1,0.3,216,1.3281,116.9399,59.8413,-19.9212,0.0000,3271
10,20,14,25.0,75.0,1.6,0.03,0.15,0.3,200,1.0155,102.4593,52.4312,-25.5238,0.0000,3271
10,20,14,25.0,75.0,1.6,0.03,0.2,0.3,139,1.1370,92.8599,47.5189,-21.6945,0.0000,3271
10,20,14,25.0,75.0,1.6,0.05,0.1,0.3,132,1.8112,126.6124,64.7910,-16.3551,0.0000,3271
10,20,14,25.0,75.0,1.6,0.05,0.15,0.3,127,1.4872,125.5103,64.2270,-12.6168,0.0000,3271
10,20,14,25.0,75.0,1.6,0.05,0.2,0.3,109,1.7998,111.8980,57.2612,-12.5886,0.0000,3271
10,20,14,30.0,65.0,1.0,0.03,0.1,0.3,309,1.1717,218.1073,111.6114,-24.9336,0.0000,3271
10,20,14,30.0,65.0,1.0,0.03,0.15,0.3,278,0.6287,122.9625,62.9232,-41.4887,0.0000,3271
10,20,14,30.0,65.0,1.0,0.03,0.2,0.3,174,0.6597,95.5388,48.8898,-46.1837,0.0000,3271
10,20,14,30.0,65.0,1.0,0.05,0.1,0.3,223,1.3993,222.4031,113.8097,-23.9700,0.0000,3271
10,20,14,30.0,65.0,1.0,0.05,0.15,0.3,172,1.0642,139.9364,71.6093,-34.1090,0.0000,3271
10,20,14,30.0,65.0,1.0,0.05,0.2,0.3,166,1.0376,110.5551,56.5740,-26.2675,0.0000,3271
10,20,14,30.0,65.0,1.3,0.03,0.1,0.3,236,1.1805,133.4518,68.2909,-21.2035,0.0000,3271
10,20,14,30.0,65.0,1.3,0.03,0.15,0.3,212,0.8009,103.2956,52.8592,-29.5834,0.0000,3271
10,20,14,30.0,65.0,1.3,0.03,0.2,0.3,132,1.0513,96.5323,49.3982,-25.5056,0.0000,3271
10,20,14,30.0,65.0,1.3,0.05,0.1,0.3,170,1.8700,178.0602,91.1182,-15.9893,0.0000,3271
10,20,14,30.0,65.0,1.3,0.05,0.15,0.3,152,1.2381,118.6870,60.7354,-19.8980,0.0000,3271
10,20,14,30.0,65.0,1.3,0.05,0.2,0.3,119,1.4521,99.4472,50.8898,-16.2370,0.0000,3271
10,20,14,30.0,65.0,1.6,0.03,0.1,0.3,216,1.3281,116.9399,59.8413,-19.9212,0.0000,3271
10,20,14,30.0,65.0,1.6,0.03,0.15,0.3,200,1.0155,102.4593,52.4312,-25.5238,0.0000,3271
10,20,14,30.0,65.0,1.6,0.03,0.2,0.3,139,1.1370,92.8599,47.5189,-21.6945,0.0000,3271
10,20,14,30.0,65.0,1.6,0.05,0.1,0.3,132,1.8112,126.6124,64.7910,-16.3551,0.0000,3271
10,20,14,30.0,65.0,1.6,0.05,0.15,0.3,127,1.4872,125.5103,64.2270,-12.6168,0.0000,3271
10,20,14,30.0,65.0,1.6,0.05,0.2,0.3,109,1.7998,111.8980,57.2612,-12.5886,0.0000,3271
10,20,14,30.0,70.0,1.0,0.03,0.1,0.3,309,1.1717,218.1073,111.6114,-24.9336,0.0000,3271
10,20,14,30.0,70.0,1.0,0.03,0.15,0.3,278,0.6287,122.9625,62.9232,-41.4887,0.0000,3271
10,20,14,30.0,70.0,1.0,0.03,0.2,0.3,174,0.6597,95.5388,48.8898,-46.1837,0.0000,3271
10,20,14,30.0,70.0,1.0,0.05,0.1,0.3,223,1.3993,222.4031,113.8097,-23.9700,0.0000,3271
10,20,14,30.0,70.0,1.0,0.05,0.15,0.3,172,1.0642,139.9364,71.6093,-34.1090,0.0000,3271
10,20,14,30.0,70.0,1.0,0.05,0.2,0.3,166,1.0376,110.5551,56.5740,-26.2675,0.0000,3271
10,20,14,30.0,70.0,1.3,0.03,0.1,0.3,236,1.1805,133.4518,68.2909,-21.2035,0.0000,3271
10,20,14,30.0,70.0,1.3,0.03,0.15,0.3,212,0.8009,103.2956,52.8592,-29.5834,0.0000,3271
10,20,14,30.0,70.0,1.3,0.03,0.2,0.3,132,1.0513,96.5323,49.3982,-25.5056,0.0000,3271
10,20,14,30.0,70.0,1.3,0.05,0.1,0.3,170,1.8700,178.0602,91.1182,-15.9893,0.0000,3271
10,20,14,30.0,70.0,1.3,0.05,0.15,0.3,152,1.2381,118.6870,60.7354,-19.8980,0.0000,3271
10,20,14,30.0,70.0,1.3,0.05,0.2,0.3,119,1.4521,99.4472,50.8898,-16.2370,0.0000,3271
10,20,14,30.0,70.0,1.6,0.03,0.1,0.3,216,1.3281,116.9399,59.8413,-19.9212,0.0000,3271
10,20,14,30.0,70.0,1.6,0.03,0.15,0.3,200,1.0155,102.4593,52.4312,-25.5238,0.0000,3271
10,20,14,30.0,70.0,1.6,0.03,0.2,0.3,139,1.1370,92.8599,47.5189,-21.6945,0.0000,3271
10,20,14,30.0,70.0,1.6,0.05,0.1,0.3,132,1.8112,126.6124,64.7910,-16.3551,0.0000,3271
10,20,14,30.0,70.0,1.6,0.05,0.15,0.3,127,1.4872,125.5103,64.2270,-12.6168,0.0000,3271
10,20,14,30.0,70.0,1.6,0.05,0.2,0.3,109,1.7998,111.8980,57.2612,-12.5886,0.0000,3271
10,20,14,30.0,75.0,1.0,0.03,0.1,0.3,309,1.1717,218.1073,111.6114,-24.9336,0.0000,3271
10,20,14,30.0,75.0,1.0,0.03,0.15,0.3,278,0.6287,122.9625,62.9232,-41.4887,0.0000,3271
10,20,14,30.0,75.0,1.0,0.03,0.2,0.3,174,0.6597,95.5388,48.8898,-46.1837,0.0000,3271
10,20,14,30.0,75.0,1.0,0.05,0.1,0.3,223,1.3993,222.4031,113.8097,-23.9700,0.0000,3271
10,20,14,30.0,75.0,1.0,0.05,0.15,0.3,172,1.0642,139.9364,71.6093,-34.1090,0.0000,3271
10,20,14,30.0,75.0,1.0,0.05,0.2,0.3,166,1.0376,110.5551,56.5740,-26.2675,0.0000,3271
10,20,14,30.0,75.0,1.3,0.03,0.1,0.3,236,1.1805,133.4518,68.2909,-21.2035,0.0000,3271
10,20,14,30.0,75.0,1.3,0.03,0.15,0.3,212,0.8009,103.2956,52.8592,-29.5834,0.0000,3271
10,20,14,30.0,75.0,1.3,0.03,0.2,0.3,132,1.0513,96.5323,49.3982,-25.5056,0.0000,3271
10,20,14,30.0,75.0,1.3,0.05,0.1,0.3,170,1.8700,178.0602,91.1182,-15.9893,0.0000,3271
10,20,14,30.0,75.0,1.3,0.05,0.15,0.3,152,1.2381,118.6870,60.7354,-19.8980,0.0000,3271
10,20,14,30.0,75.0,1.3,0.05,0.2,0.3,119,1.4521,99.4472,50.8898,-16.2370,0.0000,3271
10,20,14,30.0,75.0,1.6,0.03,0.1,0.3,216,1.3281,116.9399,59.8413,-19.9212,0.0000,3271
10,20,14,30.0,75.0,1.6,0.03,0.15,0.3,200,1.0155,102.4593,52.4312,-25.5238,0.0000,3271
10,20,14,30.0,75.0,1.6,0.03,0.2,0.3,139,1.1370,92.8599,47.5189,-21.6945,0.0000,3271
10,20,14,30.0,75.0,1.6,0.05,0.1,0.3,132,1.8112,126.6124,64.7910,-16.3551,0.0000,3271
10,20,14,30.0,75.0,1.6,0.05,0.15,0.3,127,1.4872,125.5103,64.2270,-12.6168,0.0000,3271
10,20,14,30.0,75.0,1.6,0.05,0.2,0.3,109,1.7998,111.8980,57.2612,-12.5886,0.0000,3271
10,20,14,35.0,65.0,1.0,0.03,0.1,0.3,309,1.1717,218.1073,111.6114,-24.9336,0.0000,3271
10,20,14,35.0,65.0,1.0,0.03,0.15,0.3,278,0.6287,122.9625,62.9232,-41.4887,0.0000,3271
10,20,14,35.0,65.0,1.0,0.03,0.2,0.3,174,0.6597,95.5388,48.8898,-46.1837,0.0000,3271
10,20,14,35.0,65.0,1.0,0.05,0.1,0.3,223,1.3993,222.4031,113.8097,-23.9700,0.0000,3271
10,20,14,35.0,65.0,1.0,0.05,0.15,0.3,172,1.0642,139.9364,71.6093,-34.1090,0.0000,3271
10,20,14,35.0,65.0,1.0,0.05,0.2,0.3,166,1.0376,110.5551,56.5740,-26.2675,0.0000,3271
10,20,14,35.0,65.0,1.3,0.03,0.1,0.3,236,1.1805,133.4518,68.2909,-21.2035,0.0000,3271
10,20,14,35.0,65.0,1.3,0.03,0.15,0.3,212,0.8009,103.2956,52.8592,-29.5834,0.0000,3271
10,20,14,35.0,65.0,1.3,0.03,0.2,0.3,132,1.0513,96.5323,49.3982,-25.5056,0.0000,3271
10,20,14,35.0,65.0,1.3,0.05,0.1,0.3,170,1.8700,178.0602,91.1182,-15.9893,0.0000,3271
10,20,14,35.0,65.0,1.3,0.05,0.15,0.3,152,1.2381,118.6870,60.7354,-19.8980,0.0000,3271
10,20,14,35.0,65.0,1.3,0.05,0.2,0.3,119,1.4521,99.4472,50.8898,-16.2370,0.0000,3271
10,20,14,35.0,65.0,1.6,0.03,0.1,0.3,216,1.3281,116.9399,59.8413,-19.9212,0.0000,3271
10,20,14,35.0,65.0,1.6,0.03,0.15,0.3,200,1.0155,102.4593,52.4312,-25.5238,0.0000,3271
10,20,14,35.0,65.0,1.6,0.03,0.2,0.3,139,1.1370,92.8599,47.5189,-21.6945,0.0000,3271
10,20,14,35.0,65.0,1.6,0.05,0.1,0.3,132,1.8112,126.6124,64.7910,-16.3551,0.0000,3271
10,20,14,35.0,65.0,1.6,0.05,0.15,0.3,127,1.4872,125.5103,64.2270,-12.6168,0.0000,3271
10,20,14,35.0,65.0,1.6,0.05,0.2,0.3,109,1.7998,111.8980,57.2612,-12.5886,0.0000,3271
10,20,14,35.0,70.0,1.0,0.03,0.1,0.3,309,1.1717,218.1073,111.6114,-24.9336,0.0000,3271
10,20,14,35.0,70.0,1.0,0.03,0.15,0.3,278,0.6287,122.9625,62.9232,-41.4887,0.0000,3271
10,20,14,35.0,70.0,1.0,0.03,0.2,0.3,174,0.6597,95.5388,48.8898,-46.1837,0.0000,3271
10,20,14,35.0,70.0,1.0,0.05,0.1,0.3,223,1.3993,222.4031,113.8097,-23.9700,0.0000,3271
10,20,14,35.0,70.0,1.0,0.05,0.15,0.3,172,1.0642,139.9364,71.6093,-34.1090,0.0000,3271
10,20,14,35.0,70.0,1.0,0.05,0.2,0.3,166,1.0376,110.5551,56.5740,-26.2675,0.0000,3271
10,20,14,35.0,70.0,1.3,0.03,0.1,0.3,236,1.1805,133.4518,68.2909,-21.2035,0.0000,3271
10,20,14,35.0,70.0,1.3,0.03,0.15,0.3,212,0.8009,103.2956,52.8592,-29.5834,0.0000,3271
10,20,14,35.0,70.0,1.3,0.03,0.2,0.3,132,1.0513,96.5323,49.3982,-25.5056,0.0000,3271
10,20,14,35.0,70.0,1.3,0.05,0.1,0.3,170,1.8700,178.0602,91.1182,-15.9893,0.0000,3271
10,20,14,35.0,70.0,1.3,0.05,0.15,0.3,152,1.2381,118.6870,60.7354,-19.8980,0.0000,3271
10,20,14,35.0,70.0,1.3,0.05,0.2,0.3,119,1.4521,99.4472,50.8898,-16.2370,0.0000,3271
10,20,14,35.0,70.0,1.6,0.03,0.1,0.3,216,1.3281,116.9399,59.8413,-19.9212,0.0000,3271
10,20,14,35.0,70.0,1.6,0.03,0.15,0.3,200,1.0155,102.4593,52.4312,-25.5238,0.0000,3271
10,20,14,35.0,70.0,1.6,0.03,0.2,0.3,139,1.1370,92.8599,47.5189,-21.6945,0.0000,3271
10,20,14,35.0,70.0,1.6,0.05,0.1,0.3,132,1.8112,126.6124,64.7910,-16.3551,0.0000,3271
10,20,14,35.0,70.0,1.6,0.05,0.15,0.3,127,1.4872,125.5103,64.2270,-12.6168,0.0000,3271
10,20,14,35.0,70.0,1.6,0.05,0.2,0.3,109,1.7998,111.8980,57.2612,-12.5886,0.0000,3271
10,20,14,35.0,75.0,1.0,0.03,0.1,0.3,309,1.1717,218.1073,111.6114,-24.9336,0.0000,3271
10,20,14,35.0,75.0,1.0,0.03,0.15,0.3,278,0.6287,122.9625,62.9232,-41.4887,0.0000,3271
10,20,14,35.0,75.0,1.0,0.03,0.2,0.3,174,0.6597,95.5388,48.8898,-46.1837,0.0000,3271
10,20,14,35.0,75.0,1.0,0.05,0.1,0.3,223,1.3993,222.4031,113.8097,-23.9700,0.0000,3271
10,20,14,35.0,75.0,1.0,0.05,0.15,0.3,172,1.0642,139.9364,71.6093,-34.1090,0.0000,3271
10,20,14,35.0,75.0,1.0,0.05,0.2,0.3,166,1.0376,110.5551,56.5740,-26.2675,0.0000,3271
10,20,14,35.0,75.0,1.3,0.03,0.1,0.3,236,1.1805,133.4518,68.2909,-21.2035,0.0000,3271
10,20,14,35.0,75.0,1.3,0.03,0.15,0.3,212,0.8009,103.2956,52.8592,-29.5834,0.0000,3271
10,20,14,35.0,75.0,1.3,0.03,0.2,0.3,132,1.0513,96.5323,49.3982,-25.5056,0.0000,3271
10,20,14,35.0,75.0,1.3,0.05,0.1,0.3,170,1.8700,178.0602,91.1182,-15.9893,0.0000,3271
10,20,14,35.0,75.0,1.3,0.05,0.15,0.3,152,1.2381,118.6870,60.7354,-19.8980,0.0000,3271
10,20,14,35.0,75.0,1.3,0.05,0.2,0.3,119,1.4521,99.4472,50.8898,-16.2370,0.0000,3271
10,20,14,35.0,75.0,1.6,0.03,0.1,0.3,216,1.3281,116.9399,59.8413,-19.9212,0.0000,3271
10,20,14,35.0,75.0,1.6,0.03,0.15,0.3,200,1.0155,102.4593,52.4312,-25.5238,0.0000,3271
10,20,14,35.0,75.0,1.6,0.03,0.2,0.3,139,1.1370,92.8599,47.5189,-21.6945,0.0000,3271
10,20,14,35.0,75.0,1.6,0.05,0.1,0.3,132,1.8112,126.6124,64.7910,-16.3551,0.0000,3271
10,20,14,35.0,75.0,1.6,0.05,0.15,0.3,127,1.4872,125.5103,64.2270,-12.6168,0.0000,3271
10,20,14,35.0,75.0,1.6,0.05,0.2,0.3,109,1.7998,111.8980,57.2612,-12.5886,0.0000,3271
10,30,14,25.0,65.0,1.0,0.03,0.1,0.3,20,1.2234,155.1056,79.3717,-22.4417,0.0000,3271
10,30,14,25.0,65.0,1.0,0.03,0.15,0.3,212,1.2328,154.8764,79.2544,-26.8255,0.0000,3271
10,30,14,25.0,65.0,1.0,0.03,0.2,0.3,223,1.1781,136.9744,70.0935,-27.7830,0.0000,3271
10,30,14,25.0,65.0,1.0,0.05,0.1,0.3,114,1.4964,506.8449,259.3663,-31.9008,0.0000,3271
10,30,14,25.0,65.0,1.0,0.05,0.15,0.3,91,1.3507,380.8711,194.9020,-39.5825,0.0000,3271
10,30,14,25.0,65.0,1.0,0.05,0.2,0.3,74,1.5261,407.3789,208.4668,-35.3748,0.0000,3271
10,30,14,25.0,65.0,1.3,0.03,0.1,0.3,51,1.6271,153.1476,78.3698,-17.9342,0.0000,3271
10,30,14,25.0,65.0,1.3,0.03,0.15,0.3,37,1.6493,128.7150,65.8670,-20.1613,0.0000,3271
10,30,14,25.0,65.0,1.3,0.03,0.2,0.3,34,1.5233,131.3541,67.2175,-19.8945,0.0000,3271
10,30,14,25.0,65.0,1.3,0.05,0.1,0.3,88,1.5456,293.6248,150.2558,-29.3925,0.0000,3271
10,30,14,25.0,65.0,1.3,0.05,0.15,0.3,77,1.4444,278.2957,142.4115,-31.4721,0.0000,3271
10,30,14,25.0,65.0,1.3,0.05,0.2,0.3,57,1.5059,283.9695,145.3149,-30.6690,0.0000,3271
10,30,14,25.0,65.0,1.6,0.03,0.1,0.3,46,1.7354,91.9046,47.0301,-11.2741,0.0000,3271
10,30,14,25.0,65.0,1.6,0.03,0.15,0.3,35,1.8167,81.4802,41.6956,-11.9842,0.0000,3271
10,30,14,25.0,65.0,1.6,0.03,0.2,0.3,32,1.5981,81.6538,41.7845,-11.9717,0.0000,3271
10,30,14,25.0,65.0,1.6,0.05,0.1,0.3,76,1.4653,210.1681,107.5487,-26.9294,0.0000,3271
10,30,14,25.0,65.0,1.6,0.05,0.15,0.3,65,1.3528,201.1303,102.9238,-28.2823,0.0000,3271
10,30,14,25.0,65.0,1.6,0.05,0.2,0.3,48,1.3922,203.6290,104.2025,-27.8949,0.0000,3271
10,30,14,25.0,70.0,1.0,0.03,0.1,0.3,20,1.2234,155.1056,79.3717,-22.4417,0.0000,3271
10,30,14,25.0,70.0,1.0,0.03,0.15,0.3,212,1.2328,154.8764,79.2544,-26.8255,0.0000,3271
10,30,14,25.0,70.0,1.0,0.03,0.2,0.3,223,1.1781,136.9744,70.0935,-27.7830,0.0000,3271
10,30,14,25.0,70.0,1.0,0.05,0.1,0.3,114,1.4964,506.8449,259.3663,-31.9008,0.0000,3271
10,30,14,25.0,70.0,1.0,0.05,0.15,0.3,91,1.3507,380.8711,194.9020,-39.5825,0.0000,3271
10,30,14,25.0,70.0,1.0,0.05,0.2,0.3,74,1.5261,407.3789,208.4668,-35.3748,0.0000,3271
10,30,14,25.0,70.0,1.3,0.03,0.1,0.3,51,1.6271,153.1476,78.3698,-17.9342,0.0000,3271
10,30,14,25.0,70.0,1.3,0.03,0.15,0.3,37,1.6493,128.7150,65.8670,-20.1613,0.0000,3271
10,30,14,25.0,70.0,1.3,0.03,0.2,0.3,34,1.5233,131.3541,67.2175,-19.8945,0.0000,3271
10,30,14,25.0,70.0,1.3,0.05,0.1,0.3,88,1.5456,293.6248,150.2558,-29.3925,0.0000,3271
10,30,14,25.0,70.0,1.3,0.05,0.15,0.3,77,1.4444,278.2957,142.4115,-31.4721,0.0000,3271
10,30,14,25.0,70.0,1.3,0.05,0.2,0.3,57,1.5059,283.9695,145.3149,-30.6690,0.0000,3271
10,30,14,25.0,70.0,1.6,0.03,0.1,0.3,46,1.7354,91.9046,47.0301,-11.2741,0.0000,3271
10,30,14,25.0,70.0,1.6,0.03,0.15,0.3,35,1.8167,81.4802,41.6956,-11.9842,0.0000,3271
10,30,14,25.0,70.0,1.6,0.03,0.2,0.3,32,1.5981,81.6538,41.7845,-11.9717,0.0000,3271
10,30,14,25.0,70.0,1.6,0.05,0.1,0.3,76,1.4653,210.1681,107.5487,-26.9294,0.0000,3271
10,30,14,25.0,70.0,1.6,0.05,0.15,0.3,65,1.3528,201.1303,102.9238,-28.2823,0.0000,3271
10,30,14,25.0,70.0,1.6,0.05,0.2,0.3,48,1.3922,203.6290,104.2025,-27.8949,0.0000,3271
10,30,14,25.0,75.0,1.0,0.03,0.1,0.3,20,1.2234,155.1056,79.3717,-22.4417,0.0000,3271
10,30,14,25.0,75.0,1.0,0.03,0.15,0.3,212,1.2328,154.8764,79.2544,-26.8255,0.0000,3271
10,30,14,25.0,75.0,1.0,0.03,0.2,0.3,223,1.1781,136.9744,70.0935,-27.7830,0.0000,3271
10,30,14,25.0,75.0,1.0,0.05,0.1,0.3,114,1.4964,506.8449,259.3663,-31.9008,0.0000,3271
10,30,14,25.0,75.0,1.0,0.05,0.15,0.3,91,1.3507,380.8711,194.9020,-39.5825,0.0000,3271
10,30,14,25.0,75.0,1.0,0.05,0.2,0.3,74,1.5261,407.3789,208.4668,-35.3748,0.0000,3271
10,30,14,25.0,75.0,1.3,0.03,0.1,0.3,51,1.6271,153.1476,78.3698,-17.9342,0.0000,3271
10,30,14,25.0,75.0,1.3,0.03,0.15,0.3,37,1.6493,128.7150,65.8670,-20.1613,0.0000,3271
10,30,14,25.0,75.0,1.3,0.03,0.2,0.3,34,1.5233,131.3541,67.2175,-19.8945,0.0000,3271
10,30,14,25.0,75.0,1.3,0.05,0.1,0.3,88,1.5456,293.6248,150.2558,-29.3925,0.0000,3271
10,30,14,25.0,75.0,1.3,0.05,0.15,0.3,77,1.4444,278.2957,142.4115,-31.4721,0.0000,3271
10,30,14,25.0,75.0,1.3,0.05,0.2,0.3,57,1.5059,283.9695,145.3149,-30.6690,0.0000,3271
10,30,14,25.0,75.0,1.6,0.03,0.1,0.3,46,1.7354,91.9046,47.0301,-11.2741,0.0000,3271
10,30,14,25.0,75.0,1.6,0.03,0.15,0.3,35,1.8167,81.4802,41.6956,-11.9842,0.0000,3271
10,30,14,25.0,75.0,1.6,0.03,0.2,0.3,32,1.5981,81.6538,41.7845,-11.9717,0.0000,3271
10,30,14,25.0,75.0,1.6,0.05,0.1,0.3,76,1.4653,210.1681,107.5487,-26.9294,0.0000,3271
10,30,14,25.0,75.0,1.6,0.05,0.15,0.3,65,1.3528,201.1303,102.9238,-28.2823,0.0000,3271
10,30,14,25.0,75.0,1.6,0.05,0.2,0.3,48,1.3922,203.6290,104.2025,-27.8949,0.0000,3271
10,30,14,30.0,65.0,1.0,0.03,0.1,0.3,20,1.2234,155.1056,79.3717,-22.4417,0.0000,3271
10,30,14,30.0,65.0,1.0,0.03,0.15,0.3,212,1.2328,154.8764,79.2544,-26.8255,0.0000,3271
10,30,14,30.0,65.0,1.0,0.03,0.2,0.3,223,1.1781,136.9744,70.0935,-27.7830,0.0000,3271
10,30,14,30.0,65.0,1.0,0.05,0.1,0.3,114,1.4964,506.8449,259.3663,-31.9008,0.0000,3271
10,30,14,30.0,65.0,1.0,0.05,0.15,0.3,91,1.3507,380.8711,194.9020,-39.5825,0.0000,3271
10,30,14,30.0,65.0,1.0,0.05,0.2,0.3,74,1.5261,407.3789,208.4668,-35.3748,0.0000,3271
10,30,14,30.0,65.0,1.3,0.03,0.1,0.3,51,1.6271,153.1476,78.3698,-17.9342,0.0000,3271
10,30,14,30.0,65.0,1.3,0.03,0.15,0.3,37,1.6493,128.7150,65.8670,-20.1613,0.0000,3271
10,30,14,30.0,65.0,1.3,0.03,0.2,0.3,34,1.5233,131.3541,67.2175,-19.8945,0.0000,3271
10,30,14,30.0,65.0,1.3,0.05,0.1,0.3,88,1.5456,293.6248,150.2558,-29.3925,0.0000,3271
10,30,14,30.0,65.0,1.3,0.05,0.15,0.3,77,1.4444,278.2957,142.4115,-31.4721,0.0000,3271
10,30,14,30.0,65.0,1.3,0.05,0.2,0.3,57,1.5059,283.9695,145.3149,-30.6690,0.0000,3271
10,30,14,30.0,65.0,1.6,0.03,0.1,0.3,46,1.7354,91.9046,47.0301,-11.2741,0.0000,3271
10,30,14,30.0,65.0,1.6,0.03,0.15,0.3,35,1.8167,81.4802,41.6956,-11.9842,0.0000,3271
10,30,14,30.0,65.0,1.6,0.03,0.2,0.3,32,1.5981,81.6538,41.7845,-11.9717,0.0000,3271
10,30,14,30.0,65.0,1.6,0.05,0.1,0.3,76,1.4653,210.1681,107.5487,-26.9294,0.0000,3271
10,30,14,30.0,65.0,1.6,0.05,0.15,0.3,65,1.3528,201.1303,102.9238,-28.2823,0.0000,3271
10,30,14,30.0,65.0,1.6,0.05,0.2,0.3,48,1.3922,203.6290,104.2025,-27.8949,0.0000,3271
10,30,14,30.0,70.0,1.0,0.03,0.1,0.3,20,1.2234,155.1056,79.3717,-22.4417,0.0000,3271
10,30,14,30.0,70.0,1.0,0.03,0.15,0.3,212,1.2328,154.8764,79.2544,-26.8255,0.0000,3271
10,30,14,30.0,70.0,1.0,0.03,0.2,0.3,223,1.1781,136.9744,70.0935,-27.7830,0.0000,3271
10,30,14,30.0,70.0,1.0,0.05,0.1,0.3,114,1.4964,506.8449,259.3663,-31.9008,0.0000,3271
10,30,14,30.0,70.0,1.0,0.05,0.15,0.3,91,1.3507,380.8711,194.9020,-39.5825,0.0000,3271
10,30,14,30.0,70.0,1.0,0.05,0.2,0.3,74,1.5261,407.3789,208.4668,-35.3748,0.0000,3271
10,30,14,30.0,70.0,1.3,0.03,0.1,0.3,51,1.6271,153.1476,78.3698,-17.9342,0.0000,3271
10,30,14,30.0,70.0,1.3,0.03,0.15,0.3,37,1.6493,128.7150,65.8670,-20.1613,0.0000,3271
10,30,14,30.0,70.0,1.3,0.03,0.2,0.3,34,1.5233,131.3541,67.2175,-19.8945,0.0000,3271
10,30,14,30.0,70.0,1.3,0.05,0.1,0.3,88,1.5456,293.6248,150.2558,-29.3925,0.0000,3271
10,30,14,30.0,70.0,1.3,0.05,0.15,0.3,77,1.4444,278.2957,142.4115,-31.4721,0.0000,3271
10,30,14,30.0,70.0,1.3,0.05,0.2,0.3,57,1.5059,283.9695,145.3149,-30.6690,0.0000,3271
10,30,14,30.0,70.0,1.6,0.03,0.1,0.3,46,1.7354,91.9046,47.0301,-11.2741,0.0000,3271
10,30,14,30.0,70.0,1.6,0.03,0.15,0.3,35,1.8167,81.4802,41.6956,-11.9842,0.0000,3271
10,30,14,30.0,70.0,1.6,0.03,0.2,0.3,32,1.5981,81.6538,41.7845,-11.9717,0.0000,3271
10,30,14,30.0,70.0,1.6,0.05,0.1,0.3,76,1.4653,210.1681,107.5487,-26.9294,0.0000,3271
10,30,14,30.0,70.0,1.6,0.05,0.15,0.3,65,1.3528,201.1303,102.9238,-28.2823,0.0000,3271
10,30,14,30.0,70.0,1.6,0.05,0.2,0.3,48,1.3922,203.6290,104.2025,-27.8949,0.0000,3271
10,30,14,30.0,75.0,1.0,0.03,0.1,0.3,20,1.2234,155.1056,79.3717,-22.4417,0.0000,3271
10,30,14,30.0,75.0,1.0,0.03,0.15,0.3,212,1.2328,154.8764,79.2544,-26.8255,0.0000,3271
10,30,14,30.0,75.0,1.0,0.03,0.2,0.3,223,1.1781,136.9744,70.0935,-27.7830,0.0000,3271
10,30,14,30.0,75.0,1.0,0.05,0.1,0.3,114,1.4964,506.8449,259.3663,-31.9008,0.0000,3271
10,30,14,30.0,75.0,1.0,0.05,0.15,0.3,91,1.3507,380.8711,194.9020,-39.5825,0.0000,3271
10,30,14,30.0,75.0,1.0,0.05,0.2,0.3,74,1.5261,407.3789,208.4668,-35.3748,0.0000,3271
10,30,14,30.0,75.0,1.3,0.03,0.1,0.3,51,1.6271,153.1476,78.3698,-17.9342,0.0000,3271
10,30,14,30.0,75.0,1.3,0.03,0.15,0.3,37,1.6493,128.7150,65.8670,-20.1613,0.0000,3271
10,30,14,30.0,75.0,1.3,0.03,0.2,0.3,34,1.5233,131.3541,67.2175,-19.8945,0.0000,3271
10,30,14,30.0,75.0,1.3,0.05,0.1,0.3,88,1.5456,293.6248,150.2558,-29.3925,0.0000,3271
10,30,14,30.0,75.0,1.3,0.05,0.15,0.3,77,1.4444,278.2957,142.4115,-31.4721,0.0000,3271
10,30,14,30.0,75.0,1.3,0.05,0.2,0.3,57,1.5059,283.9695,145.3149,-30.6690,0.0000,3271
10,30,14,30.0,75.0,1.6,0.03,0.1,0.3,46,1.7354,91.9046,47.0301,-11.2741,0.0000,3271
10,30,14,30.0,75.0,1.6,0.03,0.15,0.3,35,1.8167,81.4802,41.6956,-11.9842,0.0000,3271
10,30,14,30.0,75.0,1.6,0.03,0.2,0.3,32,1.5981,81.6538,41.7845,-11.9717,0.0000,3271
10,30,14,30.0,75.0,1.6,0.05,0.1,0.3,76,1.4653,210.1681,107.5487,-26.9294,0.0000,3271
10,30,14,30.0,75.0,1.6,0.05,0.15,0.3,65,1.3528,201.1303,102.9238,-28.2823,0.0000,3271
10,30,14,30.0,75.0,1.6,0.05,0.2,0.3,48,1.3922,203.6290,104.2025,-27.8949,0.0000,3271
10,30,14,35.0,65.0,1.0,0.03,0.1,0.3,20,1.2234,155.1056,79.3717,-22.4417,0.0000,3271
10,30,14,35.0,65.0,1.0,0.03,0.15,0.3,212,1.2328,154.8764,79.2544,-26.8255,0.0000,3271
10,30,14,35.0,65.0,1.0,0.03,0.2,0.3,223,1.1781,136.9744,70.0935,-27.7830,0.0000,3271
10,30,14,35.0,65.0,1.0,0.05,0.1,0.3,114,1.4964,506.8449,259.3663,-31.9008,0.0000,3271
10,30,14,35.0,65.0,1.0,0.05,0.15,0.3,91,1.3507,380.8711,194.9020,-39.5825,0.0000,3271
10,30,14,35.0,65.0,1.0,0.05,0.2,0.3,74,1.5261,407.3789,208.4668,-35.3748,0.0000,3271
10,30,14,35.0,65.0,1.3,0.03,0.1,0.3,51,1.6271,153.1476,78.3698,-17.9342,0.0000,3271
10,30,14,35.0,65.0,1.3,0.03,0.15,0.3,37,1.6493,128.7150,65.8670,-20.1613,0.0000,3271
10,30,14,35.0,65.0,1.3,0.03,0.2,0.3,34,1.5233,131.3541,67.2175,-19.8945,0.0000,3271
10,30,14,35.0,65.0,1.3,0.05,0.1,0.3,88,1.5456,293.6248,150.2558,-29.3925,0.0000,3271
10,30,14,35.0,65.0,1.3,0.05,0.15,0.3,77,1.4444,278.2957,142.4115,-31.4721,0.0000,3271
10,30,14,35.0,65.0,1.3,0.05,0.2,0.3,57,1.5059,283.9695,145.3149,-30.6690,0.0000,3271
10,30,14,35.0,65.0,1.6,0.03,0.1,0.3,46,1.7354,91.9046,47.0301,-11.2741,0.0000,3271
10,30,14,35.0,65.0,1.6,0.03,0.15,0.3,35,1.8167,81.4802,41.6956,-11.9842,0.0000,3271
10,30,14,35.0,65.0,1.6,0.03,0.2,0.3,32,1.5981,81.6538,41.7845,-11.9717,0.0000,3271
10,30,14,35.0,65.0,1.6,0.05,0.1,0.3,76,1.4653,210.1681,107.5487,-26.9294,0.0000,3271
10,30,14,35.0,65.0,1.6,0.05,0.15,0.3,65,1.3528,201.1303,102.9238,-28.2823,0.0000,3271
10,30,14,35.0,65.0,1.6,0.05,0.2,0.3,48,1.3922,203.6290,104.2025,-27.8949,0.0000,3271
10,30,14,35.0,70.0,1.0,0.03,0.1,0.3,20,1.2234,155.1056,79.3717,-22.4417,0.0000,3271
10,30,14,35.0,70.0,1.0,0.03,0.15,0.3,212,1.2328,154.8764,79.2544,-26.8255,0.0000,3271
10,30,14,35.0,70.0,1.0,0.03,0.2,0.3,223,1.1781,136.9744,70.0935,-27.7830,0.0000,3271
10,30,14,35.0,70.0,1.0,0.05,0.1,0.3,114,1.4964,506.8449,259.3663,-31.9008,0.0000,3271
10,30,14,35.0,70.0,1.0,0.05,0.15,0.3,91,1.3507,380.8711,194.9020,-39.5825,0.0000,3271
10,30,14,35.0,70.0,1.0,0.05,0.2,0.3,74,1.5261,407.3789,208.4668,-35.3748,0.0000,3271
10,30,14,35.0,70.0,1.3,0.03,0.1,0.3,51,1.6271,153.1476,78.3698,-17.9342,0.0000,3271
10,30,14,35.0,70.0,1.3,0.03,0.15,0.3,37,1.6493,128.7150,65.8670,-20.1613,0.0000,3271
10,30,14,35.0,70.0,1.3,0.03,0.2,0.3,34,1.5233,131.3541,67.2175,-19.8945,0.0000,3271
10,30,14,35.0,70.0,1.3,0.05,0.1,0.3,88,1.5456,293.6248,150.2558,-29.3925,0.0000,3271
10,30,14,35.0,70.0,1.3,0.05,0.15,0.3,77,1.4444,278.2957,142.4115,-31.4721,0.0000,3271
10,30,14,35.0,70.0,1.3,0.05,0.2,0.3,57,1.5059,283.9695,145.3149,-30.6690,0.0000,3271
10,30,14,35.0,70.0,1.6,0.03,0.1,0.3,46,1.7354,91.9046,47.0301,-11.2741,0.0000,3271
10,30,14,35.0,70.0,1.6,0.03,0.15,0.3,35,1.8167,81.4802,41.6956,-11.9842,0.0000,3271
10,30,14,35.0,70.0,1.6,0.03,0.2,0.3,32,1.5981,81.6538,41.7845,-11.9717,0.0000,3271
10,30,14,35.0,70.0,1.6,0.05,0.1,0.3,76,1.4653,210.1681,107.5487,-26.9294,0.0000,3271
10,30,14,35.0,70.0,1.6,0.05,0.15,0.3,65,1.3528,201.1303,102.9238,-28.2823,0.0000,3271
10,30,14,35.0,70.0,1.6,0.05,0.2,0.3,48,1.3922,203.6290,104.2025,-27.8949,0.0000,3271
10,30,14,35.0,75.0,1.0,0.03,0.1,0.3,20,1.2234,155.1056,79.3717,-22.4417,0.0000,3271
10,30,14,35.0,75.0,1.0,0.03,0.15,0.3,212,1.2328,154.8764,79.2544,-26.8255,0.0000,3271
10,30,14,35.0,75.0,1.0,0.03,0.2,0.3,223,1.1781,136.9744,70.0935,-27.7830,0.0000,3271
10,30,14,35.0,75.0,1.0,0.05,0.1,0.3,114,1.4964,506.8449,259.3663,-31.9008,0.0000,3271
10,30,14,35.0,75.0,1.0,0.05,0.15,0.3,91,1.3507,380.8711,194.9020,-39.5825,0.0000,3271
10,30,14,35.0,75.0,1.0,0.05,0.2,0.3,74,1.5261,407.3789,208.4668,-35.3748,0.0000,3271
10,30,14,35.0,75.0,1.3,0.03,0.1,0.3,51,1.6271,153.1476,78.3698,-17.9342,0.0000,3271
10,30,14,35.0,75.0,1.3,0.03,0.15,0.3,37,1.6493,128.7150,65.8670,-20.1613,0.0000,3271
10,30,14,35.0,75.0,1.3,0.03,0.2,0.3,34,1.5233,131.3541,67.2175,-19.8945,0.0000,3271
10,30,14,35.0,75.0,1.3,0.05,0.1,0.3,88,1.5456,293.6248,150.2558,-29.3925,0.0000,3271
10,30,14,35.0,75.0,1.3,0.05,0.15,0.3,77,1.4444,278.2957,142.4115,-31.4721,0.0000,3271
10,30,14,35.0,75.0,1.3,0.05,0.2,0.3,57,1.5059,283.9695,145.3149,-30.6690,0.0000,3271
10,30,14,35.0,75.0,1.6,0.03,0.1,0.3,46,1.7354,91.9046,47.0301,-11.2741,0.0000,3271
10,30,14,35.0,75.0,1.6,0.03,0.15,0.3,35,1.8167,81.4802,41.6956,-11.9842,0.0000,3271
10,30,14,35.0,75.0,1.6,0.03,0.2,0.3,32,1.5981,81.6538,41.7845,-11.9717,0.0000,3271
10,30,14,35.0,75.0,1.6,0.05,0.1,0.3,76,1.4653,210.1681,107.5487,-26.9294,0.0000,3271
10,30,14,35.0,75.0,1.6,0.05,0.15,0.3,65,1.3528,201.1303,102.9238,-28.2823,0.0000,3271
10,30,14,35.0,75.0,1.6,0.05,0.2,0.3,48,1.3922,203.6290,104.2025,-27.8949,0.0000,3271
10,50,14,25.0,65.0,1.0,0.03,0.1,0.3,446,0.6946,198.5596,101.6083,-52.3066,0.0000,3271
10,50,14,25.0,65.0,1.0,0.03,0.15,0.3,397,0.4019,96.3743,49.3174,-65.7921,0.0000,3271
10,50,14,25.0,65.0,1.0,0.03,0.2,0.3,325,0.2000,41.2318,21.0994,-73.8712,0.0000,3271
10,50,14,25.0,65.0,1.0,0.05,0.1,0.3,347,0.4259,106.1797,54.3350,-62.5703,0.0000,3271
10,50,14,25.0,65.0,1.0,0.05,0.15,0.3,300,0.1072,28.8369,14.7566,-86.8347,0.0000,3271
10,50,14,25.0,65.0,1.0,0.05,0.2,0.3,0,0.0000,0.0000,0.0000,0.0000,0.0000,3271
10,50,14,25.0,65.0,1.3,0.03,0.1,0.3,314,0.3710,66.8724,34.2204,-52.3681,0.0000,3271
10,50,14,25.0,65.0,1.3,0.03,0.15,0.3,256,0.4540,76.8348,39.3184,-54.6738,0.0000,3271
10,50,14,25.0,65.0,1.3,0.03,0.2,0.3,231,0.3298,50.9436,26.0692,-57.7738,0.0000,3271
10,50,14,25.0,65.0,1.3,0.05,0.1,0.3,259,0.3462,59.7159,30.5583,-52.1949,0.0000,3271
10,50,14,25.0,65.0,1.3,0.05,0.15,0.3,203,0.3635,85.8624,43.9381,-64.3888,0.0000,3271
10,50,14,25.0,65.0,1.3,0.05,0.2,0.3,169,0.2148,47.0521,24.0778,-71.3168,0.0000,3271
10,50,14,25.0,65.0,1.6,0.03,0.1,0.3,28,1.0308,630.2551,322.5186,-61.1552,0.0000,3271
10,50,14,25.0,65.0,1.6,0.03,0.15,0.3,28,1.0308,630.2551,322.5186,-61.1552,0.0000,3271
10,50,14,25.0,65.0,1.6,0.03,0.2,0.3,28,1.0308,630.2551,322.5186,-61.1552,0.0000,3271
10,50,14,25.0,65.0,1.6,0.05,0.1,0.3,201,0.5325,76.4573,39.1253,-40.0040,0.0000,3271
10,50,14,25.0,65.0,1.6,0.05,0.15,0.3,161,0.5496,88.4967,45.2861,-42.8740,0.0000,3271
10,50,14,25.0,65.0,1.6,0.05,0.2,0.3,131,0.4691,68.8008,35.2072,-45.6796,0.0000,3271
10,50,14,25.0,70.0,1.0,0.03,0.1,0.3,446,0.6946,198.5596,101.6083,-52.3066,0.0000,3271
10,50,14,25.0,70.0,1.0,0.03,0.15,0.3,397,0.4019,96.3743,49.3174,-65.7921,0.0000,3271
10,50,14,25.0,70.0,1.0,0.03,0.2,0.3,325,0.2000,41.2318,21.0994,-73.8712,0.0000,3271
10,50,14,25.0,70.0,1.0,0.05,0.1,0.3,347,0.4259,106.1797,54.3350,-62.5703,0.0000,3271
10,50,14,25.0,70.0,1.0,0.05,0.15,0.3,300,0.1072,28.8369,14.7566,-86.8347,0.0000,3271
10,50,14,25.0,70.0,1.0,0.05,0.2,0.3,0,0.0000,0.0000,0.0000,0.0000,0.0000,3271
10,50,14,25.0,70.0,1.3,0.03,0.1,0.3,314,0.3710,66.8724,34.2204,-52.3681,0.0000,3271
10,50,14,25.0,70.0,1.3,0.03,0.15,0.3,256,0.4540,76.8348,39.3184,-54.6738,0.0000,3271
10,50,14,25.0,70.0,1.3,0.03,0.2,0.3,231,0.3298,50.9436,26.0692,-57.7738,0.0000,3271
10,50,14,25.0,70.0,1.3,0.05,0.1,0.3,259,0.3462,59.7159,30.5583,-52.1949,0.0000,3271
10,50,14,25.0,70.0,1.3,0.05,0.15,0.3,203,0.3635,85.8624,43.9381,-64.3888,0.0000,3271
10,50,14,25.0,70.0,1.3,0.05,0.2,0.3,169,0.2148,47.0521,24.0778,-71.3168,0.0000,3271
10,50,14,25.0,70.0,1.6,0.03,0.1,0.3,28,1.0308,630.2551,322.5186,-61.1552,0.0000,3271
10,50,14,25.0,70.0,1.6,0.03,0.15,0.3,28,1.0308,630.2551,322.5186,-61.1552,0.0000,3271
10,50,14,25.0,70.0,1.6,0.03,0.2,0.3,28,1.0308,630.2551,322.5186,-61.1552,0.0000,3271
10,50,14,25.0,70.0,1.6,0.05,0.1,0.3,201,0.5325,76.4573,39.1253,-40.0040,0.0000,3271
10,50,14,25.0,70.0,1.6,0.05,0.15,0.3,161,0.5496,88.4967,45.2861,-42.8740,0.0000,3271
10,50,14,25.0,70.0,1.6,0.05,0.2,0.3,131,0.4691,68.8008,35.2072,-45.6796,0.0000,3271
10,50,14,25.0,75.0,1.0,0.03,0.1,0.3,446,0.6946,198.5596,101.6083,-52.3066,0.0000,3271
10,50,14,25.0,75.0,1.0,0.03,0.15,0.3,397,0.4019,96.3743,49.3174,-65.7921,0.0000,3271
10,50,14,25.0,75.0,1.0,0.03,0.2,0.3,325,0.2000,41.2318,21.0994,-73.8712,0.0000,3271
10,50,14,25.0,75.0,1.0,0.05,0.1,0.3,347,0.4259,106.1797,54.3350,-62.5703,0.0000,3271
10,50,14,25.0,75.0,1.0,0.05,0.15,0.3,300,0.1072,28.8369,14.7566,-86.8347,0.0000,3271
10,50,14,25.0,75.0,1.0,0.05,0.2,0.3,0,0.0000,0.0000,0.0000,0.0000,0.0000,3271
10,50,14,25.0,75.0,1.3,0.03,0.1,0.3,314,0.3710,66.8724,34.2204,-52.3681,0.0000,3271
10,50,14,25.0,75.0,1.3,0.03,0.15,0.3,256,0.4540,76.8348,39.3184,-54.6738,0.0000,3271
10,50,14,25.0,75.0,1.3,0.03,0.2,0.3,231,0.3298,50.9436,26.0692,-57.7738,0.0000,3271
10,50,14,25.0,75.0,1.3,0.05,0.1,0.3,259,0.3462,59.7159,30.5583,-52.1949,0.0000,3271
10,50,14,25.0,75.0,1.3,0.05,0.15,0.3,203,0.3635,85.8624,43.9381,-64.3888,0.0000,3271
10,50,14,25.0,75.0,1.3,0.05,0.2,0.3,169,0.2148,47.0521,24.0778,-71.3168,0.0000,3271
10,50,14,25.0,75.0,1.6,0.03,0.1,0.3,28,1.0308,630.2551,322.5186,-61.1552,0.0000,3271
10,50,14,25.0,75.0,1.6,0.03,0.15,0.3,28,1.0308,630.2551,322.5186,-61.1552,0.0000,3271
10,50,14,25.0,75.0,1.6,0.03,0.2,0.3,28,1.0308,630.2551,322.5186,-61.1552,0.0000,3271
10,50,14,25.0,75.0,1.6,0.05,0.1,0.3,201,0.5325,76.4573,39.1253,-40.0040,0.0000,3271
10,50,14,25.0,75.0,1.6,0.05,0.15,0.3,161,0.5496,88.4967,45.2861,-42.8740,0.0000,3271
10,50,14,25.0,75.0,1.6,0.05,0.2,0.3,131,0.4691,68.8008,35.2072,-45.6796,0.0000,3271
10,50,14,30.0,65.0,1.0,0.03,0.1,0.3,446,0.6946,198.5596,101.6083,-52.3066,0.0000,3271
10,50,14,30.0,65.0,1.0,0.03,0.15,0.3,397,0.4019,96.3743,49.3174,-65.7921,0.0000,3271
10,50,14,30.0,65.0,1.0,0.03,0.2,0.3,325,0.2000,41.2318,21.0994,-73.8712,0.0000,3271
10,50,14,30.0,65.0,1.0,0.05,0.1,0.3,347,0.4259,106.1797,54.3350,-62.5703,0.0000,3271
10,50,14,30.0,65.0,1.0,0.05,0.15,0.3,300,0.1072,28.8369,14.7566,-86.8347,0.0000,3271
10,50,14,30.0,65.0,1.0,0.05,0.2,0.3,0,0.0000,0.0000,0.0000,0.0000,0.0000,3271
10,50,14,30.0,65.0,1.3,0.03,0.1,0.3,314,0.3710,66.8724,34.2204,-52.3681,0.0000,3271
10,50,14,30.0,65.0,1.3,0.03,0.15,0.3,256,0.4540,76.8348,39.3184,-54.6738,0.0000,3271
10,50,14,30.0,65.0,1.3,0.03,0.2,0.3,231,0.3298,50.9436,26.0692,-57.7738,0.0000,3271
10,50,14,30.0,65.0,1.3,0.05,0.1,0.3,259,0.3462,59.7159,30.5583,-52.1949,0.0000,3271
10,50,14,30.0,65.0,1.3,0.05,0.15,0.3,203,0.3635,85.8624,43.9381,-64.3888,0.0000,3271
10,50,14,30.0,65.0,1.3,0.05,0.2,0.3,169,0.2148,47.0521,24.0778,-71.3168,0.0000,3271
10,50,14,30.0,65.0,1.6,0.03,0.1,0.3,28,1.0308,630.2551,322.5186,-61.1552,0.0000,3271
10,50,14,30.0,65.0,1.6,0.03,0.15,0.3,28,1.0308,630.2551,322.5186,-61.1552,0.0000,3271
10,50,14,30.0,65.0,1.6,0.03,0.2,0.3,28,1.0308,630.2551,322.5186,-61.1552,0.0000,3271
10,50,14,30.0,65.0,1.6,0.05,0.1,0.3,201,0.5325,76.4573,39.1253,-40.0040,0.0000,3271
10,50,14,30.0,65.0,1.6,0.05,0.15,0.3,161,0.5496,88.4967,45.2861,-42.8740,0.0000,3271
10,50,14,30.0,65.0,1.6,0.05,0.2,0.3,131,0.4691,68.8008,35.2072,-45.6796,0.0000,3271
10,50,14,30.0,70.0,1.0,0.03,0.1,0.3,446,0.6946,198.5596,101.6083,-52.3066,0.0000,3271
10,50,14,30.0,70.0,1.0,0.03,0.15,0.3,397,0.4019,96.3743,49.3174,-65.7921,0.0000,3271
10,50,14,30.0,70.0,1.0,0.03,0.2,0.3,325,0.2000,41.2318,21.0994,-73.8712,0.0000,3271
10,50,14,30.0,70.0,1.0,0.05,0.1,0.3,347,0.4259,106.1797,54.3350,-62.5703,0.0000,3271
10,50,14,30.0,70.0,1.0,0.05,0.15,0.3,300,0.1072,28.8369,14.7566,-86.8347,0.0000,3271
10,50,14,30.0,70.0,1.0,0.05,0.2,0.3,0,0.0000,0.0000,0.0000,0.0000,0.0000,3271
10,50,14,30.0,70.0,1.3,0.03,0.1,0.3,314,0.3710,66.8724,34.2204,-52.3681,0.0000,3271
10,50,14,30.0,70.0,1.3,0.03,0.15,0.3,256,0.4540,76.8348,39.3184,-54.6738,0.0000,3271
10,50,14,30.0,70.0,1.3,0.03,0.2,0.3,231,0.3298,50.9436,26.0692,-57.7738,0.0000,3271
10,50,14,30.0,70.0,1.3,0.05,0.1,0.3,259,0.3462,59.7159,30.5583,-52.1949,0.0000,3271
10,50,14,30.0,70.0,1.3,0.05,0.15,0.3,203,0.3635,85.8624,43.9381,-64.3888,0.0000,3271
10,50,14,30.0,70.0,1.3,0.05,0.2,0.3,169,0.2148,47.0521,24.0778,-71.3168,0.0000,3271
10,50,14,30.0,70.0,1.6,0.03,0.1,0.3,28,1.0308,630.2551,322.5186,-61.1552,0.0000,3271
10,50,14,30.0,70.0,1.6,0.03,0.15,0.3,28,1.0308,630.2551,322.5186,-61.1552,0.0000,3271
10,50,14,30.0,70.0,1.6,0.03,0.2,0.3,28,1.0308,630.2551,322.5186,-61.1552,0.0000,3271
10,50,14,30.0,70.0,1.6,0.05,0.1,0.3,201,0.5325,76.4573,39.1253,-40.0040,0.0000,3271
10,50,14,30.0,70.0,1.6,0.05,0.15,0.3,161,0.5496,88.4967,45.2861,-42.8740,0.0000,3271
10,50,14,30.0,70.0,1.6,0.05,0.2,0.3,131,0.4691,68.8008,35.2072,-45.6796,0.0000,3271
10,50,14,30.0,75.0,1.0,0.03,0.1,0.3,446,0.6946,198.5596,101.6083,-52.3066,0.0000,3271
10,50,14,30.0,75.0,1.0,0.03,0.15,0.3,397,0.4019,96.3743,49.3174,-65.7921,0.0000,3271
10,50,14,30.0,75.0,1.0,0.03,0.2,0.3,325,0.2000,41.2318,21.0994,-73.8712,0.0000,3271
10,50,14,30.0,75.0,1.0,0.05,0.1,0.3,347,0.4259,106.1797,54.3350,-62.5703,0.0000,3271
10,50,14,30.0,75.0,1.0,0.05,0.15,0.3,300,0.1072,28.8369,14.7566,-86.8347,0.0000,3271
10,50,14,30.0,75.0,1.0,0.05,0.2,0.3,0,0.0000,0.0000,0.0000,0.0000,0.0000,3271
10,50,14,30.0,75.0,1.3,0.03,0.1,0.3,314,0.3710,66.8724,34.2204,-52.3681,0.0000,3271
10,50,14,30.0,75.0,1.3,0.03,0.15,0.3,256,0.4540,76.8348,39.3184,-54.6738,0.0000,3271
10,50,14,30.0,75.0,1.3,0.03,0.2,0.3,231,0.3298,50.9436,26.0692,-57.7738,0.0000,3271
10,50,14,30.0,75.0,1.3,0.05,0.1,0.3,259,0.3462,59.7159,30.5583,-52.1949,0.0000,3271
10,50,14,30.0,75.0,1.3,0.05,0.15,0.3,203,0.3635,85.8624,43.9381,-64.3888,0.0000,3271
10,50,14,30.0,75.0,1.3,0.05,0.2,0.3,169,0.2148,47.0521,24.0778,-71.3168,0.0000,3271
10,50,14,30.0,75.0,1.6,0.03,0.1,0.3,28,1.0308,630.2551,322.5186,-61.1552,0.0000,3271
10,50,14,30.0,75.0,1.6,0.03,0.15,0.3,28,1.0308,630.2551,322.5186,-61.1552,0.0000,3271
10,50,14,30.0,75.0,1.6,0.03,0.2,0.3,28,1.0308,630.2551,322.5186,-61.1552,0.0000,3271
10,50,14,30.0,75.0,1.6,0.05,0.1,0.3,201,0.5325,76.4573,39.1253,-40.0040,0.0000,3271
10,50,14,30.0,75.0,1.6,0.05,0.15,0.3,161,0.5496,88.4967,45.2861,-42.8740,0.0000,3271
10,50,14,30.0,75.0,1.6,0.05,0.2,0.3,131,0.4691,68.8008,35.2072,-45.6796,0.0000,3271
10,50,14,35.0,65.0,1.0,0.03,0.1,0.3,446,0.6946,198.5596,101.6083,-52.3066,0.0000,3271
10,50,14,35.0,65.0,1.0,0.03,0.15,0.3,397,0.4019,96.3743,49.3174,-65.7921,0.0000,3271
10,50,14,35.0,65.0,1.0,0.03,0.2,0.3,325,0.2000,41.2318,21.0994,-73.8712,0.0000,3271
10,50,14,35.0,65.0,1.0,0.05,0.1,0.3,347,0.4259,106.1797,54.3350,-62.5703,0.0000,3271
10,50,14,35.0,65.0,1.0,0.05,0.15,0.3,300,0.1072,28.8369,14.7566,-86.8347,0.0000,3271
10,50,14,35.0,65.0,1.0,0.05,0.2,0.3,0,0.0000,0.0000,0.0000,0.0000,0.0000,3271
10,50,14,35.0,65.0,1.3,0.03,0.1,0.3,314,0.3710,66.8724,34.2204,-52.3681,0.0000,3271
10,50,14,35.0,65.0,1.3,0.03,0.15,0.3,256,0.4540,76.8348,39.3184,-54.6738,0.0000,3271
10,50,14,35.0,65.0,1.3,0.03,0.2,0.3,231,0.3298,50.9436,26.0692,-57.7738,0.0000,3271
10,50,14,35.0,65.0,1.3,0.05,0.1,0.3,259,0.3462,59.7159,30.5583,-52.1949,0.0000,3271
10,50,14,35.0,65.0,1.3,0.05,0.15,0.3,203,0.3635,85.8624,43.9381,-64.3888,0.0000,3271
10,50,14,35.0,65.0,1.3,0.05,0.2,0.3,169,0.2148,47.0521,24.0778,-71.3168,0.0000,3271
10,50,14,35.0,65.0,1.6,0.03,0.1,0.3,28,1.0308,630.2551,322.5186,-61.1552,0.0000,3271
10,50,14,35.0,65.0,1.6,0.03,0.15,0.3,28,1.0308,630.2551,322.5186,-61.1552,0.0000,3271
10,50,14,35.0,65.0,1.6,0.03,0.2,0.3,28,1.0308,630.2551,322.5186,-61.1552,0.0000,3271
10,50,14,35.0,65.0,1.6,0.05,0.1,0.3,201,0.5325,76.4573,39.1253,-40.0040,0.0000,3271
10,50,14,35.0,65.0,1.6,0.05,0.15,0.3,161,0.5496,88.4967,45.2861,-42.8740,0.0000,3271
10,50,14,35.0,65.0,1.6,0.05,0.2,0.3,131,0.4691,68.8008,35.2072,-45.6796,0.0000,3271
10,50,14,35.0,70.0,1.0,0.03,0.1,0.3,446,0.6946,198.5596,101.6083,-52.3066,0.0000,3271
10,50,14,35.0,70.0,1.0,0.03,0.15,0.3,397,0.4019,96.3743,49.3174,-65.7921,0.0000,3271
10,50,14,35.0,70.0,1.0,0.03,0.2,0.3,325,0.2000,41.2318,21.0994,-73.8712,0.0000,3271
10,50,14,35.0,70.0,1.0,0.05,0.1,0.3,347,0.4259,106.1797,54.3350,-62.5703,0.0000,3271
10,50,14,35.0,70.0,1.0,0.05,0.15,0.3,300,0.1072,28.8369,14.7566,-86.8347,0.0000,3271
10,50,14,35.0,70.0,1.0,0.05,0.2,0.3,0,0.0000,0.0000,0.0000,0.0000,0.0000,3271
10,50,14,35.0,70.0,1.3,0.03,0.1,0.3,314,0.3710,66.8724,34.2204,-52.3681,0.0000,3271
10,50,14,35.0,70.0,1.3,0.03,0.15,0.3,256,0.4540,76.8348,39.3184,-54.6738,0.0000,3271
10,50,14,35.0,70.0,1.3,0.03,0.2,0.3,231,0.3298,50.9436,26.0692,-57.7738,0.0000,3271
10,50,14,35.0,70.0,1.3,0.05,0.1,0.3,259,0.3462,59.7159,30.5583,-52.1949,0.0000,3271
10,50,14,35.0,70.0,1.3,0.05,0.15,0.3,203,0.3635,85.8624,43.9381,-64.3888,0.0000,3271
10,50,14,35.0,70.0,1.3,0.05,0.2,0.3,169,0.2148,47.0521,24.0778,-71.3168,0.0000,3271
10,50,14,35.0,70.0,1.6,0.03,0.1,0.3,28,1.0308,630.2551,322.5186,-61.1552,0.0000,3271
10,50,14,35.0,70.0,1.6,0.03,0.15,0.3,28,1.0308,630.2551,322.5186,-61.1552,0.0000,3271
10,50,14,35.0,70.0,1.6,0.03,0.2,0.3,28,1.0308,630.2551,322.5186,-61.1552,0.0000,3271
10,50,14,35.0,70.0,1.6,0.05,0.1,0.3,201,0.5325,76.4573,39.1253,-40.0040,0.0000,3271
10,50,14,35.0,70.0,1.6,0.05,0.15,0.3,161,0.5496,88.4967,45.2861,-42.8740,0.0000,3271
10,50,14,35.0,70.0,1.6,0.05,0.2,0.3,131,0.4691,68.8008,35.2072,-45.6796,0.0000,3271
10,50,14,35.0,75.0,1.0,0.03,0.1,0.3,446,0.6946,198.5596,101.6083,-52.3066,0.0000,3271
10,50,14,35.0,75.0,1.0,0.03,0.15,0.3,397,0.4019,96.3743,49.3174,-65.7921,0.0000,3271
10,50,14,35.0,75.0,1.0,0.03,0.2,0.3,325,0.2000,41.2318,21.0994,-73.8712,0.0000,3271
10,50,14,35.0,75.0,1.0,0.05,0.1,0.3,347,0.4259,106.1797,54.3350,-62.5703,0.0000,3271
10,50,14,35.0,75.0,1.0,0.05,0.15,0.3,300,0.1072,28.8369,14.7566,-86.8347,0.0000,3271
10,50,14,35.0,75.0,1.0,0.05,0.2,0.3,0,0.0000,0.0000,0.0000,0.0000,0.0000,3271
10,50,14,35.0,75.0,1.3,0.03,0.1,0.3,314,0.3710,66.8724,34.2204,-52.3681,0.0000,3271
10,50,14,35.0,75.0,1.3,0.03,0.15,0.3,256,0.4540,76.8348,39.3184,-54.6738,0.0000,3271
10,50,14,35.0,75.0,1.3,0.03,0.2,0.3,231,0.3298,50.9436,26.0692,-57.7738,0.0000,3271
10,50,14,35.0,75.0,1.3,0.05,0.1,0.3,259,0.3462,59.7159,30.5583,-52.1949,0.0000,3271
10,50,14,35.0,75.0,1.3,0.05,0.15,0.3,203,0.3635,85.8624,43.9381,-64.3888,0.0000,3271
10,50,14,35.0,75.0,1.3,0.05,0.2,0.3,169,0.2148,47.0521,24.0778,-71.3168,0.0000,3271
10,50,14,35.0,75.0,1.6,0.03,0.1,0.3,28,1.0308,630.2551,322.5186,-61.1552,0.0000,3271
10,50,14,35.0,75.0,1.6,0.03,0.15,0.3,28,1.0308,630.2551,322.5186,-61.1552,0.0000,3271
10,50,14,35.0,75.0,1.6,0.03,0.2,0.3,28,1.0308,630.2551,322.5186,-61.1552,0.0000,3271
10,50,14,35.0,75.0,1.6,0.05,0.1,0.3,201,0.5325,76.4573,39.1253,-40.0040,0.0000,3271
10,50,14,35.0,75.0,1.6,0.05,0.15,0.3,161,0.5496,88.4967,45.2861,-42.8740,0.0000,3271
10,50,14,35.0,75.0,1.6,0.05,0.2,0.3,131,0.4691,68.8008,35.2072,-45.6796,0.0000,3271
